alpha_theory,control_distribution,epsilon,eta,expected_slope,horizon,intercept,mass_lower,mass_upper,model,n_points,purpose,r_squared,reason,replicate,sample_kind,sample_size,seed,slope,source,steps,target,target_nu,task_kind,valid,window
1.5,,0.5,0.5,0.16666666666666674,2.0,-0.06818400897827927,0.002,0.02,stable,10,primary,0.9081567735774688,,0,block,65536,1000,0.09557812538159456,SOURCE_RUN\raw\task-0000-dynamic-stable-nu1p2-N80-s1000-primary-8b8772925f\arrays.npz,80,student_t,1.2,dynamic,True,broad
1.5,,0.5,0.5,0.16666666666666674,2.0,0.12391103433801136,0.001,0.005,stable,7,primary,0.9337659060772342,,0,block,65536,1000,0.12643453103652852,SOURCE_RUN\raw\task-0000-dynamic-stable-nu1p2-N80-s1000-primary-8b8772925f\arrays.npz,80,student_t,1.2,dynamic,True,extreme
1.5,,0.5,0.5,0.16666666666666674,2.0,-0.05758421263174759,0.001,0.01,stable,10,primary,0.9185471224604798,,0,block,65536,1000,0.09777284483087814,SOURCE_RUN\raw\task-0000-dynamic-stable-nu1p2-N80-s1000-primary-8b8772925f\arrays.npz,80,student_t,1.2,dynamic,True,primary
1.5,,0.5,0.5,0.16666666666666674,2.0,-0.1888700114734249,0.002,0.02,stable,10,primary,0.9276033485468148,,1,block,65536,1000,0.07768733417004568,SOURCE_RUN\raw\task-0000-dynamic-stable-nu1p2-N80-s1000-primary-8b8772925f\arrays.npz,80,student_t,1.2,dynamic,True,broad
1.5,,0.5,0.5,0.16666666666666674,2.0,-0.06271501686745855,0.001,0.005,stable,7,primary,0.8568713542789245,,1,block,65536,1000,0.10010554722541119,SOURCE_RUN\raw\task-0000-dynamic-stable-nu1p2-N80-s1000-primary-8b8772925f\arrays.npz,80,student_t,1.2,dynamic,True,extreme
1.5,,0.5,0.5,0.16666666666666674,2.0,-0.12386649239349565,0.001,0.01,stable,10,primary,0.9237441911664162,,1,block,65536,1000,0.09051566396827176,SOURCE_RUN\raw\task-0000-dynamic-stable-nu1p2-N80-s1000-primary-8b8772925f\arrays.npz,80,student_t,1.2,dynamic,True,primary
1.5,,0.5,0.5,0.16666666666666674,2.0,-0.07617609563407382,0.002,0.02,stable,10,primary,0.9789542472259986,,2,block,65536,1000,0.10074367925776238,SOURCE_RUN\raw\task-0000-dynamic-stable-nu1p2-N80-s1000-primary-8b8772925f\arrays.npz,80,student_t,1.2,dynamic,True,broad
1.5,,0.5,0.5,0.16666666666666674,2.0,0.15154446323027035,0.001,0.005,stable,7,primary,0.9034793729960648,,2,block,65536,1000,0.13936936758770566,SOURCE_RUN\raw\task-0000-dynamic-stable-nu1p2-N80-s1000-primary-8b8772925f\arrays.npz,80,student_t,1.2,dynamic,True,extreme
1.5,,0.5,0.5,0.16666666666666674,2.0,0.02373319860425873,0.001,0.01,stable,10,primary,0.9387095832083283,,2,block,65536,1000,0.11927720823517349,SOURCE_RUN\raw\task-0000-dynamic-stable-nu1p2-N80-s1000-primary-8b8772925f\arrays.npz,80,student_t,1.2,dynamic,True,primary
1.5,,0.5,0.5,0.16666666666666674,2.0,-0.15776539526779607,0.002,0.02,stable,10,primary,0.9457844977823286,,3,block,65536,1000,0.08160753967056338,SOURCE_RUN\raw\task-0000-dynamic-stable-nu1p2-N80-s1000-primary-8b8772925f\arrays.npz,80,student_t,1.2,dynamic,True,broad
1.5,,0.5,0.5,0.16666666666666674,2.0,-0.4090690693895976,0.001,0.005,stable,7,primary,0.33927470520182845,,3,block,65536,1000,0.0358380174042791,SOURCE_RUN\raw\task-0000-dynamic-stable-nu1p2-N80-s1000-primary-8b8772925f\arrays.npz,80,student_t,1.2,dynamic,True,extreme
1.5,,0.5,0.5,0.16666666666666674,2.0,-0.3483710877679466,0.001,0.01,stable,10,primary,0.6839172008598899,,3,block,65536,1000,0.0454269340069436,SOURCE_RUN\raw\task-0000-dynamic-stable-nu1p2-N80-s1000-primary-8b8772925f\arrays.npz,80,student_t,1.2,dynamic,True,primary
1.5,,0.5,0.5,0.16666666666666674,2.0,-0.1300377441809439,0.002,0.02,stable,10,primary,0.9853345807925761,,-1,full,262144,1000,0.0872474715331844,SOURCE_RUN\raw\task-0000-dynamic-stable-nu1p2-N80-s1000-primary-8b8772925f\arrays.npz,80,student_t,1.2,dynamic,True,broad
1.5,,0.5,0.5,0.16666666666666674,2.0,-0.02177738976590072,0.001,0.005,stable,7,primary,0.9792429278430375,,-1,full,262144,1000,0.10498715605396931,SOURCE_RUN\raw\task-0000-dynamic-stable-nu1p2-N80-s1000-primary-8b8772925f\arrays.npz,80,student_t,1.2,dynamic,True,extreme
1.5,,0.5,0.5,0.16666666666666674,2.0,-0.1122916289549134,0.001,0.01,stable,10,primary,0.9781581726098115,,-1,full,262144,1000,0.09073102859835004,SOURCE_RUN\raw\task-0000-dynamic-stable-nu1p2-N80-s1000-primary-8b8772925f\arrays.npz,80,student_t,1.2,dynamic,True,primary
1.5,,0.5,0.5,0.16666666666666674,2.0,-0.1403665869262639,0.002,0.02,stable,10,primary,0.9598283465757487,,-1,nested,131072,1000,0.08392632078452426,SOURCE_RUN\raw\task-0000-dynamic-stable-nu1p2-N80-s1000-primary-8b8772925f\arrays.npz,80,student_t,1.2,dynamic,True,broad
1.5,,0.5,0.5,0.16666666666666674,2.0,0.05583826186518777,0.001,0.005,stable,7,primary,0.9827925430353509,,-1,nested,131072,1000,0.11692468597363036,SOURCE_RUN\raw\task-0000-dynamic-stable-nu1p2-N80-s1000-primary-8b8772925f\arrays.npz,80,student_t,1.2,dynamic,True,extreme
1.5,,0.5,0.5,0.16666666666666674,2.0,-0.08555689705570628,0.001,0.01,stable,10,primary,0.9608575050846152,,-1,nested,131072,1000,0.09462661805065589,SOURCE_RUN\raw\task-0000-dynamic-stable-nu1p2-N80-s1000-primary-8b8772925f\arrays.npz,80,student_t,1.2,dynamic,True,primary
1.5,,0.5,0.5,0.16666666666666674,2.0,-0.06818400897827927,0.002,0.02,stable,10,primary,0.9081567735774688,,-1,nested,65536,1000,0.09557812538159456,SOURCE_RUN\raw\task-0000-dynamic-stable-nu1p2-N80-s1000-primary-8b8772925f\arrays.npz,80,student_t,1.2,dynamic,True,broad
1.5,,0.5,0.5,0.16666666666666674,2.0,0.12391103433801136,0.001,0.005,stable,7,primary,0.9337659060772342,,-1,nested,65536,1000,0.12643453103652852,SOURCE_RUN\raw\task-0000-dynamic-stable-nu1p2-N80-s1000-primary-8b8772925f\arrays.npz,80,student_t,1.2,dynamic,True,extreme
1.5,,0.5,0.5,0.16666666666666674,2.0,-0.05758421263174759,0.001,0.01,stable,10,primary,0.9185471224604798,,-1,nested,65536,1000,0.09777284483087814,SOURCE_RUN\raw\task-0000-dynamic-stable-nu1p2-N80-s1000-primary-8b8772925f\arrays.npz,80,student_t,1.2,dynamic,True,primary
1.5,,0.5,0.5,0.16666666666666674,2.0,-0.1151327968040562,0.002,0.02,stable,10,primary,0.9906859653436084,,0,block,65536,1001,0.08444144859011185,SOURCE_RUN\raw\task-0001-dynamic-stable-nu1p2-N80-s1001-primary-c05ec0b1f8\arrays.npz,80,student_t,1.2,dynamic,True,broad
1.5,,0.5,0.5,0.16666666666666674,2.0,-0.5070372847800775,0.001,0.005,stable,7,primary,0.12542449928566202,,0,block,65536,1001,0.015979402395448775,SOURCE_RUN\raw\task-0001-dynamic-stable-nu1p2-N80-s1001-primary-c05ec0b1f8\arrays.npz,80,student_t,1.2,dynamic,True,extreme
1.5,,0.5,0.5,0.16666666666666674,2.0,-0.3196615824046876,0.001,0.01,stable,10,primary,0.6530711704554208,,0,block,65536,1001,0.04551044701089774,SOURCE_RUN\raw\task-0001-dynamic-stable-nu1p2-N80-s1001-primary-c05ec0b1f8\arrays.npz,80,student_t,1.2,dynamic,True,primary
1.5,,0.5,0.5,0.16666666666666674,2.0,0.14666624065969794,0.002,0.02,stable,10,primary,0.9900813184085636,,1,block,65536,1001,0.14019300537339446,SOURCE_RUN\raw\task-0001-dynamic-stable-nu1p2-N80-s1001-primary-c05ec0b1f8\arrays.npz,80,student_t,1.2,dynamic,True,broad
1.5,,0.5,0.5,0.16666666666666674,2.0,0.23908711424066728,0.001,0.005,stable,7,primary,0.98283839452615,,1,block,65536,1001,0.15733158281659781,SOURCE_RUN\raw\task-0001-dynamic-stable-nu1p2-N80-s1001-primary-c05ec0b1f8\arrays.npz,80,student_t,1.2,dynamic,True,extreme
1.5,,0.5,0.5,0.16666666666666674,2.0,0.23935078377582625,0.001,0.01,stable,10,primary,0.991225421845402,,1,block,65536,1001,0.1572756243376497,SOURCE_RUN\raw\task-0001-dynamic-stable-nu1p2-N80-s1001-primary-c05ec0b1f8\arrays.npz,80,student_t,1.2,dynamic,True,primary
1.5,,0.5,0.5,0.16666666666666674,2.0,-0.09327964749288409,0.002,0.02,stable,10,primary,0.9677539602511517,,2,block,65536,1001,0.0845927690167083,SOURCE_RUN\raw\task-0001-dynamic-stable-nu1p2-N80-s1001-primary-c05ec0b1f8\arrays.npz,80,student_t,1.2,dynamic,True,broad
1.5,,0.5,0.5,0.16666666666666674,2.0,0.10813269106492239,0.001,0.005,stable,7,primary,0.9538224367786673,,2,block,65536,1001,0.12011301408699616,SOURCE_RUN\raw\task-0001-dynamic-stable-nu1p2-N80-s1001-primary-c05ec0b1f8\arrays.npz,80,student_t,1.2,dynamic,True,extreme
1.5,,0.5,0.5,0.16666666666666674,2.0,0.030931173769246784,0.001,0.01,stable,10,primary,0.9703637004448387,,2,block,65536,1001,0.10786711802879495,SOURCE_RUN\raw\task-0001-dynamic-stable-nu1p2-N80-s1001-primary-c05ec0b1f8\arrays.npz,80,student_t,1.2,dynamic,True,primary
1.5,,0.5,0.5,0.16666666666666674,2.0,0.08280134057026939,0.002,0.02,stable,10,primary,0.967417768766447,,3,block,65536,1001,0.12086794117997195,SOURCE_RUN\raw\task-0001-dynamic-stable-nu1p2-N80-s1001-primary-c05ec0b1f8\arrays.npz,80,student_t,1.2,dynamic,True,broad
1.5,,0.5,0.5,0.16666666666666674,2.0,0.23042371812794618,0.001,0.005,stable,7,primary,0.9825275145194731,,3,block,65536,1001,0.14615312773788863,SOURCE_RUN\raw\task-0001-dynamic-stable-nu1p2-N80-s1001-primary-c05ec0b1f8\arrays.npz,80,student_t,1.2,dynamic,True,extreme
1.5,,0.5,0.5,0.16666666666666674,2.0,0.18894193755114752,0.001,0.01,stable,10,primary,0.9839264180041444,,3,block,65536,1001,0.1395335542384124,SOURCE_RUN\raw\task-0001-dynamic-stable-nu1p2-N80-s1001-primary-c05ec0b1f8\arrays.npz,80,student_t,1.2,dynamic,True,primary
1.5,,0.5,0.5,0.16666666666666674,2.0,-0.001621815198478043,0.002,0.02,stable,10,primary,0.9858032286613014,,-1,full,262144,1001,0.10592770239620991,SOURCE_RUN\raw\task-0001-dynamic-stable-nu1p2-N80-s1001-primary-c05ec0b1f8\arrays.npz,80,student_t,1.2,dynamic,True,broad
1.5,,0.5,0.5,0.16666666666666674,2.0,-0.0063816383614610775,0.001,0.005,stable,7,primary,0.9392757283421577,,-1,full,262144,1001,0.10531869323483364,SOURCE_RUN\raw\task-0001-dynamic-stable-nu1p2-N80-s1001-primary-c05ec0b1f8\arrays.npz,80,student_t,1.2,dynamic,True,extreme
1.5,,0.5,0.5,0.16666666666666674,2.0,0.016094749675885596,0.001,0.01,stable,10,primary,0.9771574951593875,,-1,full,262144,1001,0.1087889482427684,SOURCE_RUN\raw\task-0001-dynamic-stable-nu1p2-N80-s1001-primary-c05ec0b1f8\arrays.npz,80,student_t,1.2,dynamic,True,primary
1.5,,0.5,0.5,0.16666666666666674,2.0,0.018253611853470728,0.002,0.02,stable,10,primary,0.9859260654427041,,-1,nested,131072,1001,0.11305659418936144,SOURCE_RUN\raw\task-0001-dynamic-stable-nu1p2-N80-s1001-primary-c05ec0b1f8\arrays.npz,80,student_t,1.2,dynamic,True,broad
1.5,,0.5,0.5,0.16666666666666674,2.0,-0.15074608001781956,0.001,0.005,stable,7,primary,0.8152152640519279,,-1,nested,131072,1001,0.08410136749637116,SOURCE_RUN\raw\task-0001-dynamic-stable-nu1p2-N80-s1001-primary-c05ec0b1f8\arrays.npz,80,student_t,1.2,dynamic,True,extreme
1.5,,0.5,0.5,0.16666666666666674,2.0,-0.04326679568778699,0.001,0.01,stable,10,primary,0.9361792476254529,,-1,nested,131072,1001,0.10099548128177348,SOURCE_RUN\raw\task-0001-dynamic-stable-nu1p2-N80-s1001-primary-c05ec0b1f8\arrays.npz,80,student_t,1.2,dynamic,True,primary
1.5,,0.5,0.5,0.16666666666666674,2.0,-0.1151327968040562,0.002,0.02,stable,10,primary,0.9906859653436084,,-1,nested,65536,1001,0.08444144859011185,SOURCE_RUN\raw\task-0001-dynamic-stable-nu1p2-N80-s1001-primary-c05ec0b1f8\arrays.npz,80,student_t,1.2,dynamic,True,broad
1.5,,0.5,0.5,0.16666666666666674,2.0,-0.5070372847800775,0.001,0.005,stable,7,primary,0.12542449928566202,,-1,nested,65536,1001,0.015979402395448775,SOURCE_RUN\raw\task-0001-dynamic-stable-nu1p2-N80-s1001-primary-c05ec0b1f8\arrays.npz,80,student_t,1.2,dynamic,True,extreme
1.5,,0.5,0.5,0.16666666666666674,2.0,-0.3196615824046876,0.001,0.01,stable,10,primary,0.6530711704554208,,-1,nested,65536,1001,0.04551044701089774,SOURCE_RUN\raw\task-0001-dynamic-stable-nu1p2-N80-s1001-primary-c05ec0b1f8\arrays.npz,80,student_t,1.2,dynamic,True,primary
1.5,,0.5,0.5,0.16666666666666674,2.0,-0.04178675294197561,0.002,0.02,stable,10,primary,0.9053021598219827,,0,block,65536,1002,0.09326856220036443,SOURCE_RUN\raw\task-0002-dynamic-stable-nu1p2-N80-s1002-primary-349a74073c\arrays.npz,80,student_t,1.2,dynamic,True,broad
1.5,,0.5,0.5,0.16666666666666674,2.0,0.1204002887794838,0.001,0.005,stable,7,primary,0.9123111281740656,,0,block,65536,1002,0.1208006179092927,SOURCE_RUN\raw\task-0002-dynamic-stable-nu1p2-N80-s1002-primary-349a74073c\arrays.npz,80,student_t,1.2,dynamic,True,extreme
1.5,,0.5,0.5,0.16666666666666674,2.0,0.08088495143780385,0.001,0.01,stable,10,primary,0.9614018832932772,,0,block,65536,1002,0.11450385021803546,SOURCE_RUN\raw\task-0002-dynamic-stable-nu1p2-N80-s1002-primary-349a74073c\arrays.npz,80,student_t,1.2,dynamic,True,primary
1.5,,0.5,0.5,0.16666666666666674,2.0,-0.0044333523386488535,0.002,0.02,stable,10,primary,0.9815065893936561,,1,block,65536,1002,0.09265000161248889,SOURCE_RUN\raw\task-0002-dynamic-stable-nu1p2-N80-s1002-primary-349a74073c\arrays.npz,80,student_t,1.2,dynamic,True,broad
1.5,,0.5,0.5,0.16666666666666674,2.0,0.0005753092739655358,0.001,0.005,stable,7,primary,0.9199817582635491,,1,block,65536,1002,0.09377109329884732,SOURCE_RUN\raw\task-0002-dynamic-stable-nu1p2-N80-s1002-primary-349a74073c\arrays.npz,80,student_t,1.2,dynamic,True,extreme
1.5,,0.5,0.5,0.16666666666666674,2.0,0.003492850813978207,0.001,0.01,stable,10,primary,0.9648915722212351,,1,block,65536,1002,0.09412712216888804,SOURCE_RUN\raw\task-0002-dynamic-stable-nu1p2-N80-s1002-primary-349a74073c\arrays.npz,80,student_t,1.2,dynamic,True,primary
1.5,,0.5,0.5,0.16666666666666674,2.0,-0.043506756457784346,0.002,0.02,stable,10,primary,0.961119203256844,,2,block,65536,1002,0.09929850736580602,SOURCE_RUN\raw\task-0002-dynamic-stable-nu1p2-N80-s1002-primary-349a74073c\arrays.npz,80,student_t,1.2,dynamic,True,broad
1.5,,0.5,0.5,0.16666666666666674,2.0,0.2156928916647119,0.001,0.005,stable,7,primary,0.9437224975141624,,2,block,65536,1002,0.14442915499768683,SOURCE_RUN\raw\task-0002-dynamic-stable-nu1p2-N80-s1002-primary-349a74073c\arrays.npz,80,student_t,1.2,dynamic,True,extreme
1.5,,0.5,0.5,0.16666666666666674,2.0,0.09254312629666149,0.001,0.01,stable,10,primary,0.9591752477274006,,2,block,65536,1002,0.12494202141052507,SOURCE_RUN\raw\task-0002-dynamic-stable-nu1p2-N80-s1002-primary-349a74073c\arrays.npz,80,student_t,1.2,dynamic,True,primary
1.5,,0.5,0.5,0.16666666666666674,2.0,-0.042036839574919584,0.002,0.02,stable,10,primary,0.9688834373616406,,3,block,65536,1002,0.10023330683342727,SOURCE_RUN\raw\task-0002-dynamic-stable-nu1p2-N80-s1002-primary-349a74073c\arrays.npz,80,student_t,1.2,dynamic,True,broad
1.5,,0.5,0.5,0.16666666666666674,2.0,0.3888669110384812,0.001,0.005,stable,7,primary,0.9359368119220178,,3,block,65536,1002,0.17484674234895525,SOURCE_RUN\raw\task-0002-dynamic-stable-nu1p2-N80-s1002-primary-349a74073c\arrays.npz,80,student_t,1.2,dynamic,True,extreme
1.5,,0.5,0.5,0.16666666666666674,2.0,0.20275038241856772,0.001,0.01,stable,10,primary,0.9471071941567326,,3,block,65536,1002,0.14562542096827766,SOURCE_RUN\raw\task-0002-dynamic-stable-nu1p2-N80-s1002-primary-349a74073c\arrays.npz,80,student_t,1.2,dynamic,True,primary
1.5,,0.5,0.5,0.16666666666666674,2.0,-0.04070536931899209,0.002,0.02,stable,10,primary,0.9834266496100289,,-1,full,262144,1002,0.09418830328720948,SOURCE_RUN\raw\task-0002-dynamic-stable-nu1p2-N80-s1002-primary-349a74073c\arrays.npz,80,student_t,1.2,dynamic,True,broad
1.5,,0.5,0.5,0.16666666666666674,2.0,0.1886628705943674,0.001,0.005,stable,7,primary,0.9950641836492895,,-1,full,262144,1002,0.13413945301842428,SOURCE_RUN\raw\task-0002-dynamic-stable-nu1p2-N80-s1002-primary-349a74073c\arrays.npz,80,student_t,1.2,dynamic,True,extreme
1.5,,0.5,0.5,0.16666666666666674,2.0,0.0978400537113963,0.001,0.01,stable,10,primary,0.990242866524048,,-1,full,262144,1002,0.11980592930277902,SOURCE_RUN\raw\task-0002-dynamic-stable-nu1p2-N80-s1002-primary-349a74073c\arrays.npz,80,student_t,1.2,dynamic,True,primary
1.5,,0.5,0.5,0.16666666666666674,2.0,-0.03510381573018162,0.002,0.02,stable,10,primary,0.9746391505804798,,-1,nested,131072,1002,0.09005172341061302,SOURCE_RUN\raw\task-0002-dynamic-stable-nu1p2-N80-s1002-primary-349a74073c\arrays.npz,80,student_t,1.2,dynamic,True,broad
1.5,,0.5,0.5,0.16666666666666674,2.0,0.11313769209610194,0.001,0.005,stable,7,primary,0.9797140944745248,,-1,nested,131072,1002,0.11617901602999091,SOURCE_RUN\raw\task-0002-dynamic-stable-nu1p2-N80-s1002-primary-349a74073c\arrays.npz,80,student_t,1.2,dynamic,True,extreme
1.5,,0.5,0.5,0.16666666666666674,2.0,0.06931065528569282,0.001,0.01,stable,10,primary,0.9837950740695429,,-1,nested,131072,1002,0.10915759129800431,SOURCE_RUN\raw\task-0002-dynamic-stable-nu1p2-N80-s1002-primary-349a74073c\arrays.npz,80,student_t,1.2,dynamic,True,primary
1.5,,0.5,0.5,0.16666666666666674,2.0,-0.04178675294197561,0.002,0.02,stable,10,primary,0.9053021598219827,,-1,nested,65536,1002,0.09326856220036443,SOURCE_RUN\raw\task-0002-dynamic-stable-nu1p2-N80-s1002-primary-349a74073c\arrays.npz,80,student_t,1.2,dynamic,True,broad
1.5,,0.5,0.5,0.16666666666666674,2.0,0.1204002887794838,0.001,0.005,stable,7,primary,0.9123111281740656,,-1,nested,65536,1002,0.1208006179092927,SOURCE_RUN\raw\task-0002-dynamic-stable-nu1p2-N80-s1002-primary-349a74073c\arrays.npz,80,student_t,1.2,dynamic,True,extreme
1.5,,0.5,0.5,0.16666666666666674,2.0,0.08088495143780385,0.001,0.01,stable,10,primary,0.9614018832932772,,-1,nested,65536,1002,0.11450385021803546,SOURCE_RUN\raw\task-0002-dynamic-stable-nu1p2-N80-s1002-primary-349a74073c\arrays.npz,80,student_t,1.2,dynamic,True,primary
1.5,,0.5,0.5,0.16666666666666674,2.0,-0.11811429579847713,0.002,0.02,stable,10,primary,0.9376934387090093,,0,block,65536,1003,0.07861367683081918,SOURCE_RUN\raw\task-0003-dynamic-stable-nu1p2-N80-s1003-primary-b5dfbaa1a8\arrays.npz,80,student_t,1.2,dynamic,True,broad
1.5,,0.5,0.5,0.16666666666666674,2.0,0.05839470217996186,0.001,0.005,stable,7,primary,0.9431997424596775,,0,block,65536,1003,0.10800532532808382,SOURCE_RUN\raw\task-0003-dynamic-stable-nu1p2-N80-s1003-primary-b5dfbaa1a8\arrays.npz,80,student_t,1.2,dynamic,True,extreme
1.5,,0.5,0.5,0.16666666666666674,2.0,-0.08565641845047657,0.001,0.01,stable,10,primary,0.9326166697724495,,0,block,65536,1003,0.08526131397005161,SOURCE_RUN\raw\task-0003-dynamic-stable-nu1p2-N80-s1003-primary-b5dfbaa1a8\arrays.npz,80,student_t,1.2,dynamic,True,primary
1.5,,0.5,0.5,0.16666666666666674,2.0,0.03350216740725573,0.002,0.02,stable,10,primary,0.9764843594596868,,1,block,65536,1003,0.12319244086920254,SOURCE_RUN\raw\task-0003-dynamic-stable-nu1p2-N80-s1003-primary-b5dfbaa1a8\arrays.npz,80,student_t,1.2,dynamic,True,broad
1.5,,0.5,0.5,0.16666666666666674,2.0,-0.0019760939408155786,0.001,0.005,stable,7,primary,0.6586106452807452,,1,block,65536,1003,0.11799228179602433,SOURCE_RUN\raw\task-0003-dynamic-stable-nu1p2-N80-s1003-primary-b5dfbaa1a8\arrays.npz,80,student_t,1.2,dynamic,True,extreme
1.5,,0.5,0.5,0.16666666666666674,2.0,0.009877920747397682,0.001,0.01,stable,10,primary,0.8461577028798192,,1,block,65536,1003,0.1196964823826772,SOURCE_RUN\raw\task-0003-dynamic-stable-nu1p2-N80-s1003-primary-b5dfbaa1a8\arrays.npz,80,student_t,1.2,dynamic,True,primary
1.5,,0.5,0.5,0.16666666666666674,2.0,-0.01711379810696278,0.002,0.02,stable,10,primary,0.9463120740520218,,2,block,65536,1003,0.10090281729943809,SOURCE_RUN\raw\task-0003-dynamic-stable-nu1p2-N80-s1003-primary-b5dfbaa1a8\arrays.npz,80,student_t,1.2,dynamic,True,broad
1.5,,0.5,0.5,0.16666666666666674,2.0,-0.3425893433804016,0.001,0.005,stable,7,primary,0.39024999060566046,,2,block,65536,1003,0.04439246973613071,SOURCE_RUN\raw\task-0003-dynamic-stable-nu1p2-N80-s1003-primary-b5dfbaa1a8\arrays.npz,80,student_t,1.2,dynamic,True,extreme
1.5,,0.5,0.5,0.16666666666666674,2.0,-0.12813109661484912,0.001,0.01,stable,10,primary,0.7859321033878564,,2,block,65536,1003,0.07819004533898744,SOURCE_RUN\raw\task-0003-dynamic-stable-nu1p2-N80-s1003-primary-b5dfbaa1a8\arrays.npz,80,student_t,1.2,dynamic,True,primary
1.5,,0.5,0.5,0.16666666666666674,2.0,-0.26871311968919065,0.002,0.02,stable,10,primary,0.8645232792726523,,3,block,65536,1003,0.04586676273425567,SOURCE_RUN\raw\task-0003-dynamic-stable-nu1p2-N80-s1003-primary-b5dfbaa1a8\arrays.npz,80,student_t,1.2,dynamic,True,broad
1.5,,0.5,0.5,0.16666666666666674,2.0,-0.10101729523916464,0.001,0.005,stable,7,primary,0.556467952084521,,3,block,65536,1003,0.0747307772095823,SOURCE_RUN\raw\task-0003-dynamic-stable-nu1p2-N80-s1003-primary-b5dfbaa1a8\arrays.npz,80,student_t,1.2,dynamic,True,extreme
1.5,,0.5,0.5,0.16666666666666674,2.0,-0.23478013688102087,0.001,0.01,stable,10,primary,0.6229518032878045,,3,block,65536,1003,0.053657052550127426,SOURCE_RUN\raw\task-0003-dynamic-stable-nu1p2-N80-s1003-primary-b5dfbaa1a8\arrays.npz,80,student_t,1.2,dynamic,True,primary
1.5,,0.5,0.5,0.16666666666666674,2.0,-0.08287974599940026,0.002,0.02,stable,10,primary,0.98176144454867,,-1,full,262144,1003,0.0893786258969783,SOURCE_RUN\raw\task-0003-dynamic-stable-nu1p2-N80-s1003-primary-b5dfbaa1a8\arrays.npz,80,student_t,1.2,dynamic,True,broad
1.5,,0.5,0.5,0.16666666666666674,2.0,-0.102893372971043,0.001,0.005,stable,7,primary,0.9110488284985094,,-1,full,262144,1003,0.08525692565735143,SOURCE_RUN\raw\task-0003-dynamic-stable-nu1p2-N80-s1003-primary-b5dfbaa1a8\arrays.npz,80,student_t,1.2,dynamic,True,extreme
1.5,,0.5,0.5,0.16666666666666674,2.0,-0.1179140616911666,0.001,0.01,stable,10,primary,0.9641482559401546,,-1,full,262144,1003,0.08286202804318613,SOURCE_RUN\raw\task-0003-dynamic-stable-nu1p2-N80-s1003-primary-b5dfbaa1a8\arrays.npz,80,student_t,1.2,dynamic,True,primary
1.5,,0.5,0.5,0.16666666666666674,2.0,-0.04241395289478614,0.002,0.02,stable,10,primary,0.9633785107802395,,-1,nested,131072,1003,0.10065136049330246,SOURCE_RUN\raw\task-0003-dynamic-stable-nu1p2-N80-s1003-primary-b5dfbaa1a8\arrays.npz,80,student_t,1.2,dynamic,True,broad
1.5,,0.5,0.5,0.16666666666666674,2.0,-0.002072873793075273,0.001,0.005,stable,7,primary,0.821885611570017,,-1,nested,131072,1003,0.10716082847011385,SOURCE_RUN\raw\task-0003-dynamic-stable-nu1p2-N80-s1003-primary-b5dfbaa1a8\arrays.npz,80,student_t,1.2,dynamic,True,extreme
1.5,,0.5,0.5,0.16666666666666674,2.0,-0.058112444472531985,0.001,0.01,stable,10,primary,0.9101158436932223,,-1,nested,131072,1003,0.09824141034946242,SOURCE_RUN\raw\task-0003-dynamic-stable-nu1p2-N80-s1003-primary-b5dfbaa1a8\arrays.npz,80,student_t,1.2,dynamic,True,primary
1.5,,0.5,0.5,0.16666666666666674,2.0,-0.11811429579847713,0.002,0.02,stable,10,primary,0.9376934387090093,,-1,nested,65536,1003,0.07861367683081918,SOURCE_RUN\raw\task-0003-dynamic-stable-nu1p2-N80-s1003-primary-b5dfbaa1a8\arrays.npz,80,student_t,1.2,dynamic,True,broad
1.5,,0.5,0.5,0.16666666666666674,2.0,0.05839470217996186,0.001,0.005,stable,7,primary,0.9431997424596775,,-1,nested,65536,1003,0.10800532532808382,SOURCE_RUN\raw\task-0003-dynamic-stable-nu1p2-N80-s1003-primary-b5dfbaa1a8\arrays.npz,80,student_t,1.2,dynamic,True,extreme
1.5,,0.5,0.5,0.16666666666666674,2.0,-0.08565641845047657,0.001,0.01,stable,10,primary,0.9326166697724495,,-1,nested,65536,1003,0.08526131397005161,SOURCE_RUN\raw\task-0003-dynamic-stable-nu1p2-N80-s1003-primary-b5dfbaa1a8\arrays.npz,80,student_t,1.2,dynamic,True,primary
1.5,,0.5,0.5,0.16666666666666674,2.0,-0.17929991805560982,0.002,0.02,stable,10,primary,0.9862823690520243,,0,block,65536,1004,0.06343821500000736,SOURCE_RUN\raw\task-0004-dynamic-stable-nu1p2-N80-s1004-primary-aaa76c2a44\arrays.npz,80,student_t,1.2,dynamic,True,broad
1.5,,0.5,0.5,0.16666666666666674,2.0,-0.10783836908385057,0.001,0.005,stable,7,primary,0.8710664710509015,,0,block,65536,1004,0.07613025535714647,SOURCE_RUN\raw\task-0004-dynamic-stable-nu1p2-N80-s1004-primary-aaa76c2a44\arrays.npz,80,student_t,1.2,dynamic,True,extreme
1.5,,0.5,0.5,0.16666666666666674,2.0,-0.13532956525902623,0.001,0.01,stable,10,primary,0.9413585391330743,,0,block,65536,1004,0.07173932110047383,SOURCE_RUN\raw\task-0004-dynamic-stable-nu1p2-N80-s1004-primary-aaa76c2a44\arrays.npz,80,student_t,1.2,dynamic,True,primary
1.5,,0.5,0.5,0.16666666666666674,2.0,0.0414082696496221,0.002,0.02,stable,10,primary,0.9884271694418854,,1,block,65536,1004,0.1180940788178746,SOURCE_RUN\raw\task-0004-dynamic-stable-nu1p2-N80-s1004-primary-aaa76c2a44\arrays.npz,80,student_t,1.2,dynamic,True,broad
1.5,,0.5,0.5,0.16666666666666674,2.0,0.29297972987895915,0.001,0.005,stable,7,primary,0.9792319530888837,,1,block,65536,1004,0.1615271038516103,SOURCE_RUN\raw\task-0004-dynamic-stable-nu1p2-N80-s1004-primary-aaa76c2a44\arrays.npz,80,student_t,1.2,dynamic,True,extreme
1.5,,0.5,0.5,0.16666666666666674,2.0,0.14635489604054255,0.001,0.01,stable,10,primary,0.9751640822396151,,1,block,65536,1004,0.13850021420316003,SOURCE_RUN\raw\task-0004-dynamic-stable-nu1p2-N80-s1004-primary-aaa76c2a44\arrays.npz,80,student_t,1.2,dynamic,True,primary
1.5,,0.5,0.5,0.16666666666666674,2.0,-0.0427711124216312,0.002,0.02,stable,10,primary,0.9810949870559222,,2,block,65536,1004,0.09948839757116645,SOURCE_RUN\raw\task-0004-dynamic-stable-nu1p2-N80-s1004-primary-aaa76c2a44\arrays.npz,80,student_t,1.2,dynamic,True,broad
1.5,,0.5,0.5,0.16666666666666674,2.0,0.07421917111548325,0.001,0.005,stable,7,primary,0.9347707841239727,,2,block,65536,1004,0.11956709895601887,SOURCE_RUN\raw\task-0004-dynamic-stable-nu1p2-N80-s1004-primary-aaa76c2a44\arrays.npz,80,student_t,1.2,dynamic,True,extreme
1.5,,0.5,0.5,0.16666666666666674,2.0,-0.0017199877793080862,0.001,0.01,stable,10,primary,0.9627366494943129,,2,block,65536,1004,0.10768885406660175,SOURCE_RUN\raw\task-0004-dynamic-stable-nu1p2-N80-s1004-primary-aaa76c2a44\arrays.npz,80,student_t,1.2,dynamic,True,primary
1.5,,0.5,0.5,0.16666666666666674,2.0,-0.05695503416816166,0.002,0.02,stable,10,primary,0.9665087309431792,,3,block,65536,1004,0.09638224792086127,SOURCE_RUN\raw\task-0004-dynamic-stable-nu1p2-N80-s1004-primary-aaa76c2a44\arrays.npz,80,student_t,1.2,dynamic,True,broad
1.5,,0.5,0.5,0.16666666666666674,2.0,0.07574415511842231,0.001,0.005,stable,7,primary,0.9670892692143042,,3,block,65536,1004,0.11987745984629572,SOURCE_RUN\raw\task-0004-dynamic-stable-nu1p2-N80-s1004-primary-aaa76c2a44\arrays.npz,80,student_t,1.2,dynamic,True,extreme
1.5,,0.5,0.5,0.16666666666666674,2.0,0.06137829388014374,0.001,0.01,stable,10,primary,0.9853434668613674,,3,block,65536,1004,0.11756587952030786,SOURCE_RUN\raw\task-0004-dynamic-stable-nu1p2-N80-s1004-primary-aaa76c2a44\arrays.npz,80,student_t,1.2,dynamic,True,primary
1.5,,0.5,0.5,0.16666666666666674,2.0,-0.051134545443764355,0.002,0.02,stable,10,primary,0.9931740781567445,,-1,full,262144,1004,0.09602536395514466,SOURCE_RUN\raw\task-0004-dynamic-stable-nu1p2-N80-s1004-primary-aaa76c2a44\arrays.npz,80,student_t,1.2,dynamic,True,broad
1.5,,0.5,0.5,0.16666666666666674,2.0,0.06814910145332309,0.001,0.005,stable,7,primary,0.9623524846921495,,-1,full,262144,1004,0.11637868762148469,SOURCE_RUN\raw\task-0004-dynamic-stable-nu1p2-N80-s1004-primary-aaa76c2a44\arrays.npz,80,student_t,1.2,dynamic,True,extreme
1.5,,0.5,0.5,0.16666666666666674,2.0,0.005110844413626863,0.001,0.01,stable,10,primary,0.9797065913884808,,-1,full,262144,1004,0.10647028886654568,SOURCE_RUN\raw\task-0004-dynamic-stable-nu1p2-N80-s1004-primary-aaa76c2a44\arrays.npz,80,student_t,1.2,dynamic,True,primary
1.5,,0.5,0.5,0.16666666666666674,2.0,-0.05281280103899278,0.002,0.02,stable,10,primary,0.9912251896177848,,-1,nested,131072,1004,0.09431914977134298,SOURCE_RUN\raw\task-0004-dynamic-stable-nu1p2-N80-s1004-primary-aaa76c2a44\arrays.npz,80,student_t,1.2,dynamic,True,broad
1.5,,0.5,0.5,0.16666666666666674,2.0,0.059132613920259855,0.001,0.005,stable,7,primary,0.9779793888529484,,-1,nested,131072,1004,0.11342165296372858,SOURCE_RUN\raw\task-0004-dynamic-stable-nu1p2-N80-s1004-primary-aaa76c2a44\arrays.npz,80,student_t,1.2,dynamic,True,extreme
1.5,,0.5,0.5,0.16666666666666674,2.0,-0.008690901528075425,0.001,0.01,stable,10,primary,0.984569285908695,,-1,nested,131072,1004,0.10276060352328488,SOURCE_RUN\raw\task-0004-dynamic-stable-nu1p2-N80-s1004-primary-aaa76c2a44\arrays.npz,80,student_t,1.2,dynamic,True,primary
1.5,,0.5,0.5,0.16666666666666674,2.0,-0.17929991805560982,0.002,0.02,stable,10,primary,0.9862823690520243,,-1,nested,65536,1004,0.06343821500000736,SOURCE_RUN\raw\task-0004-dynamic-stable-nu1p2-N80-s1004-primary-aaa76c2a44\arrays.npz,80,student_t,1.2,dynamic,True,broad
1.5,,0.5,0.5,0.16666666666666674,2.0,-0.10783836908385057,0.001,0.005,stable,7,primary,0.8710664710509015,,-1,nested,65536,1004,0.07613025535714647,SOURCE_RUN\raw\task-0004-dynamic-stable-nu1p2-N80-s1004-primary-aaa76c2a44\arrays.npz,80,student_t,1.2,dynamic,True,extreme
1.5,,0.5,0.5,0.16666666666666674,2.0,-0.13532956525902623,0.001,0.01,stable,10,primary,0.9413585391330743,,-1,nested,65536,1004,0.07173932110047383,SOURCE_RUN\raw\task-0004-dynamic-stable-nu1p2-N80-s1004-primary-aaa76c2a44\arrays.npz,80,student_t,1.2,dynamic,True,primary
1.5,,0.5,0.5,0.16666666666666674,2.0,-0.20192547855191934,0.002,0.02,stable,10,primary,0.9124263537930717,,0,block,65536,1005,0.0568833013570971,SOURCE_RUN\raw\task-0005-dynamic-stable-nu1p2-N80-s1005-primary-5f2a915836\arrays.npz,80,student_t,1.2,dynamic,True,broad
1.5,,0.5,0.5,0.16666666666666674,2.0,-0.016033400598437404,0.001,0.005,stable,7,primary,0.7595810143066255,,0,block,65536,1005,0.08947678137563664,SOURCE_RUN\raw\task-0005-dynamic-stable-nu1p2-N80-s1005-primary-5f2a915836\arrays.npz,80,student_t,1.2,dynamic,True,extreme
1.5,,0.5,0.5,0.16666666666666674,2.0,-0.10909746312592714,0.001,0.01,stable,10,primary,0.8342934570583774,,0,block,65536,1005,0.07465981647841512,SOURCE_RUN\raw\task-0005-dynamic-stable-nu1p2-N80-s1005-primary-5f2a915836\arrays.npz,80,student_t,1.2,dynamic,True,primary
1.5,,0.5,0.5,0.16666666666666674,2.0,-0.13535434790498724,0.002,0.02,stable,10,primary,0.9602381829096895,,1,block,65536,1005,0.07326937786016299,SOURCE_RUN\raw\task-0005-dynamic-stable-nu1p2-N80-s1005-primary-5f2a915836\arrays.npz,80,student_t,1.2,dynamic,True,broad
1.5,,0.5,0.5,0.16666666666666674,2.0,-0.48918164154089006,0.001,0.005,stable,7,primary,0.06468150383580795,,1,block,65536,1005,0.012095808402167955,SOURCE_RUN\raw\task-0005-dynamic-stable-nu1p2-N80-s1005-primary-5f2a915836\arrays.npz,80,student_t,1.2,dynamic,True,extreme
1.5,,0.5,0.5,0.16666666666666674,2.0,-0.3108730529587721,0.001,0.01,stable,10,primary,0.5783243252552772,,1,block,65536,1005,0.040072694440982826,SOURCE_RUN\raw\task-0005-dynamic-stable-nu1p2-N80-s1005-primary-5f2a915836\arrays.npz,80,student_t,1.2,dynamic,True,primary
1.5,,0.5,0.5,0.16666666666666674,2.0,-0.16005297023906967,0.002,0.02,stable,10,primary,0.9752768653856895,,2,block,65536,1005,0.07429136624901243,SOURCE_RUN\raw\task-0005-dynamic-stable-nu1p2-N80-s1005-primary-5f2a915836\arrays.npz,80,student_t,1.2,dynamic,True,broad
1.5,,0.5,0.5,0.16666666666666674,2.0,0.21741168652245307,0.001,0.005,stable,7,primary,0.9345271671946239,,2,block,65536,1005,0.13981800065788058,SOURCE_RUN\raw\task-0005-dynamic-stable-nu1p2-N80-s1005-primary-5f2a915836\arrays.npz,80,student_t,1.2,dynamic,True,extreme
1.5,,0.5,0.5,0.16666666666666674,2.0,0.023824901066435925,0.001,0.01,stable,10,primary,0.9218335223393925,,2,block,65536,1005,0.10922330988062919,SOURCE_RUN\raw\task-0005-dynamic-stable-nu1p2-N80-s1005-primary-5f2a915836\arrays.npz,80,student_t,1.2,dynamic,True,primary
1.5,,0.5,0.5,0.16666666666666674,2.0,0.07185069829301943,0.002,0.02,stable,10,primary,0.9497008770674171,,3,block,65536,1005,0.12520556842664043,SOURCE_RUN\raw\task-0005-dynamic-stable-nu1p2-N80-s1005-primary-5f2a915836\arrays.npz,80,student_t,1.2,dynamic,True,broad
1.5,,0.5,0.5,0.16666666666666674,2.0,-0.07778994667766698,0.001,0.005,stable,7,primary,0.8200387316202027,,3,block,65536,1005,0.10161302152554746,SOURCE_RUN\raw\task-0005-dynamic-stable-nu1p2-N80-s1005-primary-5f2a915836\arrays.npz,80,student_t,1.2,dynamic,True,extreme
1.5,,0.5,0.5,0.16666666666666674,2.0,0.10300501318241366,0.001,0.01,stable,10,primary,0.9282599248754876,,3,block,65536,1005,0.12997675299287859,SOURCE_RUN\raw\task-0005-dynamic-stable-nu1p2-N80-s1005-primary-5f2a915836\arrays.npz,80,student_t,1.2,dynamic,True,primary
1.5,,0.5,0.5,0.16666666666666674,2.0,-0.11392100682745018,0.002,0.02,stable,10,primary,0.9847798195674423,,-1,full,262144,1005,0.08071937169093855,SOURCE_RUN\raw\task-0005-dynamic-stable-nu1p2-N80-s1005-primary-5f2a915836\arrays.npz,80,student_t,1.2,dynamic,True,broad
1.5,,0.5,0.5,0.16666666666666674,2.0,-0.06484670707924726,0.001,0.005,stable,7,primary,0.9571161298344016,,-1,full,262144,1005,0.09003827359876528,SOURCE_RUN\raw\task-0005-dynamic-stable-nu1p2-N80-s1005-primary-5f2a915836\arrays.npz,80,student_t,1.2,dynamic,True,extreme
1.5,,0.5,0.5,0.16666666666666674,2.0,-0.06097849136756887,0.001,0.01,stable,10,primary,0.9760651037900814,,-1,full,262144,1005,0.09052825350132918,SOURCE_RUN\raw\task-0005-dynamic-stable-nu1p2-N80-s1005-primary-5f2a915836\arrays.npz,80,student_t,1.2,dynamic,True,primary
1.5,,0.5,0.5,0.16666666666666674,2.0,-0.17681488879945245,0.002,0.02,stable,10,primary,0.9540818057051793,,-1,nested,131072,1005,0.06307590336199408,SOURCE_RUN\raw\task-0005-dynamic-stable-nu1p2-N80-s1005-primary-5f2a915836\arrays.npz,80,student_t,1.2,dynamic,True,broad
1.5,,0.5,0.5,0.16666666666666674,2.0,-0.253774811000708,0.001,0.005,stable,7,primary,0.7199612899774954,,-1,nested,131072,1005,0.050135680703874794,SOURCE_RUN\raw\task-0005-dynamic-stable-nu1p2-N80-s1005-primary-5f2a915836\arrays.npz,80,student_t,1.2,dynamic,True,extreme
1.5,,0.5,0.5,0.16666666666666674,2.0,-0.20826315612539473,0.001,0.01,stable,10,primary,0.8775051961462296,,-1,nested,131072,1005,0.05716099715228261,SOURCE_RUN\raw\task-0005-dynamic-stable-nu1p2-N80-s1005-primary-5f2a915836\arrays.npz,80,student_t,1.2,dynamic,True,primary
1.5,,0.5,0.5,0.16666666666666674,2.0,-0.20192547855191934,0.002,0.02,stable,10,primary,0.9124263537930717,,-1,nested,65536,1005,0.0568833013570971,SOURCE_RUN\raw\task-0005-dynamic-stable-nu1p2-N80-s1005-primary-5f2a915836\arrays.npz,80,student_t,1.2,dynamic,True,broad
1.5,,0.5,0.5,0.16666666666666674,2.0,-0.016033400598437404,0.001,0.005,stable,7,primary,0.7595810143066255,,-1,nested,65536,1005,0.08947678137563664,SOURCE_RUN\raw\task-0005-dynamic-stable-nu1p2-N80-s1005-primary-5f2a915836\arrays.npz,80,student_t,1.2,dynamic,True,extreme
1.5,,0.5,0.5,0.16666666666666674,2.0,-0.10909746312592714,0.001,0.01,stable,10,primary,0.8342934570583774,,-1,nested,65536,1005,0.07465981647841512,SOURCE_RUN\raw\task-0005-dynamic-stable-nu1p2-N80-s1005-primary-5f2a915836\arrays.npz,80,student_t,1.2,dynamic,True,primary
1.5,,0.5,0.5,0.16666666666666674,2.0,-0.19387127428632892,0.002,0.02,stable,10,primary,0.9618603642787172,,0,block,65536,1006,0.06334287573761363,SOURCE_RUN\raw\task-0006-dynamic-stable-nu1p2-N80-s1006-primary-b3903a63be\arrays.npz,80,student_t,1.2,dynamic,True,broad
1.5,,0.5,0.5,0.16666666666666674,2.0,-0.38427761866384663,0.001,0.005,stable,7,primary,0.5387349671502952,,0,block,65536,1006,0.030484112220821428,SOURCE_RUN\raw\task-0006-dynamic-stable-nu1p2-N80-s1006-primary-b3903a63be\arrays.npz,80,student_t,1.2,dynamic,True,extreme
1.5,,0.5,0.5,0.16666666666666674,2.0,-0.26297616883504565,0.001,0.01,stable,10,primary,0.8340574187805612,,0,block,65536,1006,0.0495807095091353,SOURCE_RUN\raw\task-0006-dynamic-stable-nu1p2-N80-s1006-primary-b3903a63be\arrays.npz,80,student_t,1.2,dynamic,True,primary
1.5,,0.5,0.5,0.16666666666666674,2.0,-0.13978816583267523,0.002,0.02,stable,10,primary,0.9072076001266551,,1,block,65536,1006,0.08017493558297707,SOURCE_RUN\raw\task-0006-dynamic-stable-nu1p2-N80-s1006-primary-b3903a63be\arrays.npz,80,student_t,1.2,dynamic,True,broad
1.5,,0.5,0.5,0.16666666666666674,2.0,0.44836742393421547,0.001,0.005,stable,7,primary,0.9728444416207687,,1,block,65536,1006,0.18093326234432305,SOURCE_RUN\raw\task-0006-dynamic-stable-nu1p2-N80-s1006-primary-b3903a63be\arrays.npz,80,student_t,1.2,dynamic,True,extreme
1.5,,0.5,0.5,0.16666666666666674,2.0,0.09644886544319804,0.001,0.01,stable,10,primary,0.8911749217430371,,1,block,65536,1006,0.12552738228024202,SOURCE_RUN\raw\task-0006-dynamic-stable-nu1p2-N80-s1006-primary-b3903a63be\arrays.npz,80,student_t,1.2,dynamic,True,primary
1.5,,0.5,0.5,0.16666666666666674,2.0,0.0735026942674721,0.002,0.02,stable,10,primary,0.977854363261665,,2,block,65536,1006,0.1383691536392423,SOURCE_RUN\raw\task-0006-dynamic-stable-nu1p2-N80-s1006-primary-b3903a63be\arrays.npz,80,student_t,1.2,dynamic,True,broad
1.5,,0.5,0.5,0.16666666666666674,2.0,-0.28915432633350074,0.001,0.005,stable,7,primary,0.8595520770451901,,2,block,65536,1006,0.0758516551561362,SOURCE_RUN\raw\task-0006-dynamic-stable-nu1p2-N80-s1006-primary-b3903a63be\arrays.npz,80,student_t,1.2,dynamic,True,extreme
1.5,,0.5,0.5,0.16666666666666674,2.0,-0.1055537657901541,0.001,0.01,stable,10,primary,0.9240996540384984,,2,block,65536,1006,0.10480104085032482,SOURCE_RUN\raw\task-0006-dynamic-stable-nu1p2-N80-s1006-primary-b3903a63be\arrays.npz,80,student_t,1.2,dynamic,True,primary
1.5,,0.5,0.5,0.16666666666666674,2.0,-0.2628099809662714,0.002,0.02,stable,10,primary,0.7916646799240094,,3,block,65536,1006,0.053386355112193674,SOURCE_RUN\raw\task-0006-dynamic-stable-nu1p2-N80-s1006-primary-b3903a63be\arrays.npz,80,student_t,1.2,dynamic,True,broad
1.5,,0.5,0.5,0.16666666666666674,2.0,-0.08172122798399797,0.001,0.005,stable,7,primary,0.8282679638784651,,3,block,65536,1006,0.083889222736825,SOURCE_RUN\raw\task-0006-dynamic-stable-nu1p2-N80-s1006-primary-b3903a63be\arrays.npz,80,student_t,1.2,dynamic,True,extreme
1.5,,0.5,0.5,0.16666666666666674,2.0,-0.16126065670434828,0.001,0.01,stable,10,primary,0.8713937532065703,,3,block,65536,1006,0.07119262542633147,SOURCE_RUN\raw\task-0006-dynamic-stable-nu1p2-N80-s1006-primary-b3903a63be\arrays.npz,80,student_t,1.2,dynamic,True,primary
1.5,,0.5,0.5,0.16666666666666674,2.0,-0.16102767380851482,0.002,0.02,stable,10,primary,0.9915124025137221,,-1,full,262144,1006,0.0774737467645381,SOURCE_RUN\raw\task-0006-dynamic-stable-nu1p2-N80-s1006-primary-b3903a63be\arrays.npz,80,student_t,1.2,dynamic,True,broad
1.5,,0.5,0.5,0.16666666666666674,2.0,-0.10411258782516469,0.001,0.005,stable,7,primary,0.9733488779940787,,-1,full,262144,1006,0.0875108549215369,SOURCE_RUN\raw\task-0006-dynamic-stable-nu1p2-N80-s1006-primary-b3903a63be\arrays.npz,80,student_t,1.2,dynamic,True,extreme
1.5,,0.5,0.5,0.16666666666666674,2.0,-0.13150903129147593,0.001,0.01,stable,10,primary,0.9870240547203005,,-1,full,262144,1006,0.08317896956399506,SOURCE_RUN\raw\task-0006-dynamic-stable-nu1p2-N80-s1006-primary-b3903a63be\arrays.npz,80,student_t,1.2,dynamic,True,primary
1.5,,0.5,0.5,0.16666666666666674,2.0,-0.17115397454095813,0.002,0.02,stable,10,primary,0.9857846873625594,,-1,nested,131072,1006,0.07100046713531194,SOURCE_RUN\raw\task-0006-dynamic-stable-nu1p2-N80-s1006-primary-b3903a63be\arrays.npz,80,student_t,1.2,dynamic,True,broad
1.5,,0.5,0.5,0.16666666666666674,2.0,-0.00942202610697347,0.001,0.005,stable,7,primary,0.9426293254786711,,-1,nested,131072,1006,0.0983959465742411,SOURCE_RUN\raw\task-0006-dynamic-stable-nu1p2-N80-s1006-primary-b3903a63be\arrays.npz,80,student_t,1.2,dynamic,True,extreme
1.5,,0.5,0.5,0.16666666666666674,2.0,-0.11300925441991665,0.001,0.01,stable,10,primary,0.952353475749679,,-1,nested,131072,1006,0.08208233858576344,SOURCE_RUN\raw\task-0006-dynamic-stable-nu1p2-N80-s1006-primary-b3903a63be\arrays.npz,80,student_t,1.2,dynamic,True,primary
1.5,,0.5,0.5,0.16666666666666674,2.0,-0.19387127428632892,0.002,0.02,stable,10,primary,0.9618603642787172,,-1,nested,65536,1006,0.06334287573761363,SOURCE_RUN\raw\task-0006-dynamic-stable-nu1p2-N80-s1006-primary-b3903a63be\arrays.npz,80,student_t,1.2,dynamic,True,broad
1.5,,0.5,0.5,0.16666666666666674,2.0,-0.38427761866384663,0.001,0.005,stable,7,primary,0.5387349671502952,,-1,nested,65536,1006,0.030484112220821428,SOURCE_RUN\raw\task-0006-dynamic-stable-nu1p2-N80-s1006-primary-b3903a63be\arrays.npz,80,student_t,1.2,dynamic,True,extreme
1.5,,0.5,0.5,0.16666666666666674,2.0,-0.26297616883504565,0.001,0.01,stable,10,primary,0.8340574187805612,,-1,nested,65536,1006,0.0495807095091353,SOURCE_RUN\raw\task-0006-dynamic-stable-nu1p2-N80-s1006-primary-b3903a63be\arrays.npz,80,student_t,1.2,dynamic,True,primary
1.5,,0.5,0.5,0.16666666666666674,2.0,0.16660238416490286,0.002,0.02,stable,10,primary,0.9819388561730895,,0,block,65536,1007,0.15084100201071388,SOURCE_RUN\raw\task-0007-dynamic-stable-nu1p2-N80-s1007-primary-9075732109\arrays.npz,80,student_t,1.2,dynamic,True,broad
1.5,,0.5,0.5,0.16666666666666674,2.0,0.25048203747070985,0.001,0.005,stable,7,primary,0.9622443487515301,,0,block,65536,1007,0.16523901048049724,SOURCE_RUN\raw\task-0007-dynamic-stable-nu1p2-N80-s1007-primary-9075732109\arrays.npz,80,student_t,1.2,dynamic,True,extreme
1.5,,0.5,0.5,0.16666666666666674,2.0,0.2059468364195947,0.001,0.01,stable,10,primary,0.9798103763679525,,0,block,65536,1007,0.15807082858435242,SOURCE_RUN\raw\task-0007-dynamic-stable-nu1p2-N80-s1007-primary-9075732109\arrays.npz,80,student_t,1.2,dynamic,True,primary
1.5,,0.5,0.5,0.16666666666666674,2.0,-0.12269917431571079,0.002,0.02,stable,10,primary,0.9365032155107194,,1,block,65536,1007,0.0804655081290015,SOURCE_RUN\raw\task-0007-dynamic-stable-nu1p2-N80-s1007-primary-9075732109\arrays.npz,80,student_t,1.2,dynamic,True,broad
1.5,,0.5,0.5,0.16666666666666674,2.0,-0.29099539450488987,0.001,0.005,stable,7,primary,0.7221624773342721,,1,block,65536,1007,0.051294342740961514,SOURCE_RUN\raw\task-0007-dynamic-stable-nu1p2-N80-s1007-primary-9075732109\arrays.npz,80,student_t,1.2,dynamic,True,extreme
1.5,,0.5,0.5,0.16666666666666674,2.0,-0.24584672331004379,0.001,0.01,stable,10,primary,0.8911078405718804,,1,block,65536,1007,0.05850074304954017,SOURCE_RUN\raw\task-0007-dynamic-stable-nu1p2-N80-s1007-primary-9075732109\arrays.npz,80,student_t,1.2,dynamic,True,primary
1.5,,0.5,0.5,0.16666666666666674,2.0,-0.3084102401708836,0.002,0.02,stable,10,primary,0.7686965631752132,,2,block,65536,1007,0.041289822625134386,SOURCE_RUN\raw\task-0007-dynamic-stable-nu1p2-N80-s1007-primary-9075732109\arrays.npz,80,student_t,1.2,dynamic,True,broad
1.5,,0.5,0.5,0.16666666666666674,2.0,-0.11885515327030215,0.001,0.005,stable,7,primary,0.8084868369245242,,2,block,65536,1007,0.07439730239532213,SOURCE_RUN\raw\task-0007-dynamic-stable-nu1p2-N80-s1007-primary-9075732109\arrays.npz,80,student_t,1.2,dynamic,True,extreme
1.5,,0.5,0.5,0.16666666666666674,2.0,-0.2439624429673117,0.001,0.01,stable,10,primary,0.7808533679746957,,2,block,65536,1007,0.054511714051365644,SOURCE_RUN\raw\task-0007-dynamic-stable-nu1p2-N80-s1007-primary-9075732109\arrays.npz,80,student_t,1.2,dynamic,True,primary
1.5,,0.5,0.5,0.16666666666666674,2.0,-0.24074749163249784,0.002,0.02,stable,10,primary,0.7551812867968505,,3,block,65536,1007,0.05587825380369193,SOURCE_RUN\raw\task-0007-dynamic-stable-nu1p2-N80-s1007-primary-9075732109\arrays.npz,80,student_t,1.2,dynamic,True,broad
1.5,,0.5,0.5,0.16666666666666674,2.0,-0.058824928234992954,0.001,0.005,stable,7,primary,0.6892767844489514,,3,block,65536,1007,0.08716395684073722,SOURCE_RUN\raw\task-0007-dynamic-stable-nu1p2-N80-s1007-primary-9075732109\arrays.npz,80,student_t,1.2,dynamic,True,extreme
1.5,,0.5,0.5,0.16666666666666674,2.0,-0.19359444812348856,0.001,0.01,stable,10,primary,0.7221928721174999,,3,block,65536,1007,0.0661878201930857,SOURCE_RUN\raw\task-0007-dynamic-stable-nu1p2-N80-s1007-primary-9075732109\arrays.npz,80,student_t,1.2,dynamic,True,primary
1.5,,0.5,0.5,0.16666666666666674,2.0,-0.11723058399347684,0.002,0.02,stable,10,primary,0.9729017617256513,,-1,full,262144,1007,0.08439178187979245,SOURCE_RUN\raw\task-0007-dynamic-stable-nu1p2-N80-s1007-primary-9075732109\arrays.npz,80,student_t,1.2,dynamic,True,broad
1.5,,0.5,0.5,0.16666666666666674,2.0,-0.1443163013354364,0.001,0.005,stable,7,primary,0.9380496901001304,,-1,full,262144,1007,0.07950851078987207,SOURCE_RUN\raw\task-0007-dynamic-stable-nu1p2-N80-s1007-primary-9075732109\arrays.npz,80,student_t,1.2,dynamic,True,extreme
1.5,,0.5,0.5,0.16666666666666674,2.0,-0.16016068079181292,0.001,0.01,stable,10,primary,0.9755838811919474,,-1,full,262144,1007,0.07703896936279185,SOURCE_RUN\raw\task-0007-dynamic-stable-nu1p2-N80-s1007-primary-9075732109\arrays.npz,80,student_t,1.2,dynamic,True,primary
1.5,,0.5,0.5,0.16666666666666674,2.0,0.008394769916869774,0.002,0.02,stable,10,primary,0.9884365001669584,,-1,nested,131072,1007,0.1129002802019411,SOURCE_RUN\raw\task-0007-dynamic-stable-nu1p2-N80-s1007-primary-9075732109\arrays.npz,80,student_t,1.2,dynamic,True,broad
1.5,,0.5,0.5,0.16666666666666674,2.0,-0.0752278191019511,0.001,0.005,stable,7,primary,0.9586884694907608,,-1,nested,131072,1007,0.09846121425991494,SOURCE_RUN\raw\task-0007-dynamic-stable-nu1p2-N80-s1007-primary-9075732109\arrays.npz,80,student_t,1.2,dynamic,True,extreme
1.5,,0.5,0.5,0.16666666666666674,2.0,-0.051262616787179104,0.001,0.01,stable,10,primary,0.9859343899700599,,-1,nested,131072,1007,0.10223588850161604,SOURCE_RUN\raw\task-0007-dynamic-stable-nu1p2-N80-s1007-primary-9075732109\arrays.npz,80,student_t,1.2,dynamic,True,primary
1.5,,0.5,0.5,0.16666666666666674,2.0,0.16660238416490286,0.002,0.02,stable,10,primary,0.9819388561730895,,-1,nested,65536,1007,0.15084100201071388,SOURCE_RUN\raw\task-0007-dynamic-stable-nu1p2-N80-s1007-primary-9075732109\arrays.npz,80,student_t,1.2,dynamic,True,broad
1.5,,0.5,0.5,0.16666666666666674,2.0,0.25048203747070985,0.001,0.005,stable,7,primary,0.9622443487515301,,-1,nested,65536,1007,0.16523901048049724,SOURCE_RUN\raw\task-0007-dynamic-stable-nu1p2-N80-s1007-primary-9075732109\arrays.npz,80,student_t,1.2,dynamic,True,extreme
1.5,,0.5,0.5,0.16666666666666674,2.0,0.2059468364195947,0.001,0.01,stable,10,primary,0.9798103763679525,,-1,nested,65536,1007,0.15807082858435242,SOURCE_RUN\raw\task-0007-dynamic-stable-nu1p2-N80-s1007-primary-9075732109\arrays.npz,80,student_t,1.2,dynamic,True,primary
1.5,,0.5,0.5,0.16666666666666674,2.0,0.19668410920528215,0.002,0.02,stable,10,primary,0.9858828536329487,,0,block,65536,1008,0.15472465048344988,SOURCE_RUN\raw\task-0008-dynamic-stable-nu1p2-N80-s1008-primary-a14808e87f\arrays.npz,80,student_t,1.2,dynamic,True,broad
1.5,,0.5,0.5,0.16666666666666674,2.0,0.15334309164753882,0.001,0.005,stable,7,primary,0.9480046066952729,,0,block,65536,1008,0.14766730154541127,SOURCE_RUN\raw\task-0008-dynamic-stable-nu1p2-N80-s1008-primary-a14808e87f\arrays.npz,80,student_t,1.2,dynamic,True,extreme
1.5,,0.5,0.5,0.16666666666666674,2.0,0.2122495765008536,0.001,0.01,stable,10,primary,0.9801370201746582,,0,block,65536,1008,0.1569869320834404,SOURCE_RUN\raw\task-0008-dynamic-stable-nu1p2-N80-s1008-primary-a14808e87f\arrays.npz,80,student_t,1.2,dynamic,True,primary
1.5,,0.5,0.5,0.16666666666666674,2.0,-0.23718219960870718,0.002,0.02,stable,10,primary,0.9477040703100711,,1,block,65536,1008,0.051165720817900225,SOURCE_RUN\raw\task-0008-dynamic-stable-nu1p2-N80-s1008-primary-a14808e87f\arrays.npz,80,student_t,1.2,dynamic,True,broad
1.5,,0.5,0.5,0.16666666666666674,2.0,-0.1290964237004055,0.001,0.005,stable,7,primary,0.9514071722801775,,1,block,65536,1008,0.06979410465627349,SOURCE_RUN\raw\task-0008-dynamic-stable-nu1p2-N80-s1008-primary-a14808e87f\arrays.npz,80,student_t,1.2,dynamic,True,extreme
1.5,,0.5,0.5,0.16666666666666674,2.0,-0.1830423410515845,0.001,0.01,stable,10,primary,0.9444372395749835,,1,block,65536,1008,0.06117839975472335,SOURCE_RUN\raw\task-0008-dynamic-stable-nu1p2-N80-s1008-primary-a14808e87f\arrays.npz,80,student_t,1.2,dynamic,True,primary
1.5,,0.5,0.5,0.16666666666666674,2.0,0.10690358574616278,0.002,0.02,stable,10,primary,0.9644423281252498,,2,block,65536,1008,0.13062565452510222,SOURCE_RUN\raw\task-0008-dynamic-stable-nu1p2-N80-s1008-primary-a14808e87f\arrays.npz,80,student_t,1.2,dynamic,True,broad
1.5,,0.5,0.5,0.16666666666666674,2.0,0.1847257004103448,0.001,0.005,stable,7,primary,0.958937887864483,,2,block,65536,1008,0.14554173893204958,SOURCE_RUN\raw\task-0008-dynamic-stable-nu1p2-N80-s1008-primary-a14808e87f\arrays.npz,80,student_t,1.2,dynamic,True,extreme
1.5,,0.5,0.5,0.16666666666666674,2.0,0.23364538367939694,0.001,0.01,stable,10,primary,0.9838086902600116,,2,block,65536,1008,0.15314836029568288,SOURCE_RUN\raw\task-0008-dynamic-stable-nu1p2-N80-s1008-primary-a14808e87f\arrays.npz,80,student_t,1.2,dynamic,True,primary
1.5,,0.5,0.5,0.16666666666666674,2.0,-0.009987658404455868,0.002,0.02,stable,10,primary,0.973671336947407,,3,block,65536,1008,0.09991468403393194,SOURCE_RUN\raw\task-0008-dynamic-stable-nu1p2-N80-s1008-primary-a14808e87f\arrays.npz,80,student_t,1.2,dynamic,True,broad
1.5,,0.5,0.5,0.16666666666666674,2.0,0.4946763327219363,0.001,0.005,stable,7,primary,0.9709333660793648,,3,block,65536,1008,0.1879656884926501,SOURCE_RUN\raw\task-0008-dynamic-stable-nu1p2-N80-s1008-primary-a14808e87f\arrays.npz,80,student_t,1.2,dynamic,True,extreme
1.5,,0.5,0.5,0.16666666666666674,2.0,0.25574292890783146,0.001,0.01,stable,10,primary,0.9529265958662463,,3,block,65536,1008,0.15027478819770462,SOURCE_RUN\raw\task-0008-dynamic-stable-nu1p2-N80-s1008-primary-a14808e87f\arrays.npz,80,student_t,1.2,dynamic,True,primary
1.5,,0.5,0.5,0.16666666666666674,2.0,0.002268890310714617,0.002,0.02,stable,10,primary,0.9933651989627331,,-1,full,262144,1008,0.10671942979890058,SOURCE_RUN\raw\task-0008-dynamic-stable-nu1p2-N80-s1008-primary-a14808e87f\arrays.npz,80,student_t,1.2,dynamic,True,broad
1.5,,0.5,0.5,0.16666666666666674,2.0,0.15559502061093292,0.001,0.005,stable,7,primary,0.9936476725882211,,-1,full,262144,1008,0.1340284747772101,SOURCE_RUN\raw\task-0008-dynamic-stable-nu1p2-N80-s1008-primary-a14808e87f\arrays.npz,80,student_t,1.2,dynamic,True,extreme
1.5,,0.5,0.5,0.16666666666666674,2.0,0.11052302030835438,0.001,0.01,stable,10,primary,0.9953132730154706,,-1,full,262144,1008,0.1268857279853233,SOURCE_RUN\raw\task-0008-dynamic-stable-nu1p2-N80-s1008-primary-a14808e87f\arrays.npz,80,student_t,1.2,dynamic,True,primary
1.5,,0.5,0.5,0.16666666666666674,2.0,-0.0336413004795135,0.002,0.02,stable,10,primary,0.9878375101026327,,-1,nested,131072,1008,0.10022475584679896,SOURCE_RUN\raw\task-0008-dynamic-stable-nu1p2-N80-s1008-primary-a14808e87f\arrays.npz,80,student_t,1.2,dynamic,True,broad
1.5,,0.5,0.5,0.16666666666666674,2.0,0.03293710720708152,0.001,0.005,stable,7,primary,0.9489443104740909,,-1,nested,131072,1008,0.11214191328437281,SOURCE_RUN\raw\task-0008-dynamic-stable-nu1p2-N80-s1008-primary-a14808e87f\arrays.npz,80,student_t,1.2,dynamic,True,extreme
1.5,,0.5,0.5,0.16666666666666674,2.0,0.010923223255646455,0.001,0.01,stable,10,primary,0.9802509211514955,,-1,nested,131072,1008,0.1086561442970249,SOURCE_RUN\raw\task-0008-dynamic-stable-nu1p2-N80-s1008-primary-a14808e87f\arrays.npz,80,student_t,1.2,dynamic,True,primary
1.5,,0.5,0.5,0.16666666666666674,2.0,0.19668410920528215,0.002,0.02,stable,10,primary,0.9858828536329487,,-1,nested,65536,1008,0.15472465048344988,SOURCE_RUN\raw\task-0008-dynamic-stable-nu1p2-N80-s1008-primary-a14808e87f\arrays.npz,80,student_t,1.2,dynamic,True,broad
1.5,,0.5,0.5,0.16666666666666674,2.0,0.15334309164753882,0.001,0.005,stable,7,primary,0.9480046066952729,,-1,nested,65536,1008,0.14766730154541127,SOURCE_RUN\raw\task-0008-dynamic-stable-nu1p2-N80-s1008-primary-a14808e87f\arrays.npz,80,student_t,1.2,dynamic,True,extreme
1.5,,0.5,0.5,0.16666666666666674,2.0,0.2122495765008536,0.001,0.01,stable,10,primary,0.9801370201746582,,-1,nested,65536,1008,0.1569869320834404,SOURCE_RUN\raw\task-0008-dynamic-stable-nu1p2-N80-s1008-primary-a14808e87f\arrays.npz,80,student_t,1.2,dynamic,True,primary
1.5,,0.5,0.5,0.16666666666666674,2.0,0.06337730607122292,0.002,0.02,stable,10,primary,0.975693222406447,,0,block,65536,1009,0.12966144062551088,SOURCE_RUN\raw\task-0009-dynamic-stable-nu1p2-N80-s1009-primary-3e9efb5bba\arrays.npz,80,student_t,1.2,dynamic,True,broad
1.5,,0.5,0.5,0.16666666666666674,2.0,0.16701058249042178,0.001,0.005,stable,7,primary,0.9469524444752919,,0,block,65536,1009,0.15012362250954023,SOURCE_RUN\raw\task-0009-dynamic-stable-nu1p2-N80-s1009-primary-3e9efb5bba\arrays.npz,80,student_t,1.2,dynamic,True,extreme
1.5,,0.5,0.5,0.16666666666666674,2.0,0.21429275433064673,0.001,0.01,stable,10,primary,0.9771583316212484,,0,block,65536,1009,0.15742898049914944,SOURCE_RUN\raw\task-0009-dynamic-stable-nu1p2-N80-s1009-primary-3e9efb5bba\arrays.npz,80,student_t,1.2,dynamic,True,primary
1.5,,0.5,0.5,0.16666666666666674,2.0,-0.06670027193324991,0.002,0.02,stable,10,primary,0.9799233753402786,,1,block,65536,1009,0.09492912744504582,SOURCE_RUN\raw\task-0009-dynamic-stable-nu1p2-N80-s1009-primary-3e9efb5bba\arrays.npz,80,student_t,1.2,dynamic,True,broad
1.5,,0.5,0.5,0.16666666666666674,2.0,-0.33768124771728525,0.001,0.005,stable,7,primary,0.6268763773773282,,1,block,65536,1009,0.04793207372480594,SOURCE_RUN\raw\task-0009-dynamic-stable-nu1p2-N80-s1009-primary-3e9efb5bba\arrays.npz,80,student_t,1.2,dynamic,True,extreme
1.5,,0.5,0.5,0.16666666666666674,2.0,-0.2132482276170973,0.001,0.01,stable,10,primary,0.8540543872720459,,1,block,65536,1009,0.06753462965296086,SOURCE_RUN\raw\task-0009-dynamic-stable-nu1p2-N80-s1009-primary-3e9efb5bba\arrays.npz,80,student_t,1.2,dynamic,True,primary
1.5,,0.5,0.5,0.16666666666666674,2.0,-0.08968984495051699,0.002,0.02,stable,10,primary,0.9804343103256757,,2,block,65536,1009,0.08665632837079816,SOURCE_RUN\raw\task-0009-dynamic-stable-nu1p2-N80-s1009-primary-3e9efb5bba\arrays.npz,80,student_t,1.2,dynamic,True,broad
1.5,,0.5,0.5,0.16666666666666674,2.0,-0.18661856148666203,0.001,0.005,stable,7,primary,0.8466133496712822,,2,block,65536,1009,0.0699893847053959,SOURCE_RUN\raw\task-0009-dynamic-stable-nu1p2-N80-s1009-primary-3e9efb5bba\arrays.npz,80,student_t,1.2,dynamic,True,extreme
1.5,,0.5,0.5,0.16666666666666674,2.0,-0.13682261619350505,0.001,0.01,stable,10,primary,0.9432665571841424,,2,block,65536,1009,0.07790555362085631,SOURCE_RUN\raw\task-0009-dynamic-stable-nu1p2-N80-s1009-primary-3e9efb5bba\arrays.npz,80,student_t,1.2,dynamic,True,primary
1.5,,0.5,0.5,0.16666666666666674,2.0,-0.0637524214448532,0.002,0.02,stable,10,primary,0.9613278994434393,,3,block,65536,1009,0.09898544527989268,SOURCE_RUN\raw\task-0009-dynamic-stable-nu1p2-N80-s1009-primary-3e9efb5bba\arrays.npz,80,student_t,1.2,dynamic,True,broad
1.5,,0.5,0.5,0.16666666666666674,2.0,-0.06823580611117377,0.001,0.005,stable,7,primary,0.8922895907381494,,3,block,65536,1009,0.09758130794962218,SOURCE_RUN\raw\task-0009-dynamic-stable-nu1p2-N80-s1009-primary-3e9efb5bba\arrays.npz,80,student_t,1.2,dynamic,True,extreme
1.5,,0.5,0.5,0.16666666666666674,2.0,-0.05455172604380217,0.001,0.01,stable,10,primary,0.9614233231358161,,3,block,65536,1009,0.09976811705728826,SOURCE_RUN\raw\task-0009-dynamic-stable-nu1p2-N80-s1009-primary-3e9efb5bba\arrays.npz,80,student_t,1.2,dynamic,True,primary
1.5,,0.5,0.5,0.16666666666666674,2.0,-0.04509956470653421,0.002,0.02,stable,10,primary,0.9911775255530051,,-1,full,262144,1009,0.10139655710460639,SOURCE_RUN\raw\task-0009-dynamic-stable-nu1p2-N80-s1009-primary-3e9efb5bba\arrays.npz,80,student_t,1.2,dynamic,True,broad
1.5,,0.5,0.5,0.16666666666666674,2.0,-0.14632284777038576,0.001,0.005,stable,7,primary,0.9184366982027704,,-1,full,262144,1009,0.08397477151943827,SOURCE_RUN\raw\task-0009-dynamic-stable-nu1p2-N80-s1009-primary-3e9efb5bba\arrays.npz,80,student_t,1.2,dynamic,True,extreme
1.5,,0.5,0.5,0.16666666666666674,2.0,-0.0829729674408125,0.001,0.01,stable,10,primary,0.968977433421041,,-1,full,262144,1009,0.09393812840002443,SOURCE_RUN\raw\task-0009-dynamic-stable-nu1p2-N80-s1009-primary-3e9efb5bba\arrays.npz,80,student_t,1.2,dynamic,True,primary
1.5,,0.5,0.5,0.16666666666666674,2.0,0.001239196987806472,0.002,0.02,stable,10,primary,0.9905477717299164,,-1,nested,131072,1009,0.11304322023434565,SOURCE_RUN\raw\task-0009-dynamic-stable-nu1p2-N80-s1009-primary-3e9efb5bba\arrays.npz,80,student_t,1.2,dynamic,True,broad
1.5,,0.5,0.5,0.16666666666666674,2.0,-0.17359951243162153,0.001,0.005,stable,7,primary,0.9175147097050885,,-1,nested,131072,1009,0.08358453401576232,SOURCE_RUN\raw\task-0009-dynamic-stable-nu1p2-N80-s1009-primary-3e9efb5bba\arrays.npz,80,student_t,1.2,dynamic,True,extreme
1.5,,0.5,0.5,0.16666666666666674,2.0,-0.04761962842651929,0.001,0.01,stable,10,primary,0.9587811202026406,,-1,nested,131072,1009,0.10337842600851145,SOURCE_RUN\raw\task-0009-dynamic-stable-nu1p2-N80-s1009-primary-3e9efb5bba\arrays.npz,80,student_t,1.2,dynamic,True,primary
1.5,,0.5,0.5,0.16666666666666674,2.0,0.06337730607122292,0.002,0.02,stable,10,primary,0.975693222406447,,-1,nested,65536,1009,0.12966144062551088,SOURCE_RUN\raw\task-0009-dynamic-stable-nu1p2-N80-s1009-primary-3e9efb5bba\arrays.npz,80,student_t,1.2,dynamic,True,broad
1.5,,0.5,0.5,0.16666666666666674,2.0,0.16701058249042178,0.001,0.005,stable,7,primary,0.9469524444752919,,-1,nested,65536,1009,0.15012362250954023,SOURCE_RUN\raw\task-0009-dynamic-stable-nu1p2-N80-s1009-primary-3e9efb5bba\arrays.npz,80,student_t,1.2,dynamic,True,extreme
1.5,,0.5,0.5,0.16666666666666674,2.0,0.21429275433064673,0.001,0.01,stable,10,primary,0.9771583316212484,,-1,nested,65536,1009,0.15742898049914944,SOURCE_RUN\raw\task-0009-dynamic-stable-nu1p2-N80-s1009-primary-3e9efb5bba\arrays.npz,80,student_t,1.2,dynamic,True,primary
1.5,,0.5,0.5,0.16666666666666674,2.0,-0.0877174963921461,0.002,0.02,stable,10,primary,0.9855445240312156,,0,block,65536,1010,0.09334784739807031,SOURCE_RUN\raw\task-0010-dynamic-stable-nu1p2-N80-s1010-primary-53071ef5eb\arrays.npz,80,student_t,1.2,dynamic,True,broad
1.5,,0.5,0.5,0.16666666666666674,2.0,0.5375165469608237,0.001,0.005,stable,7,primary,0.9089287265787002,,0,block,65536,1010,0.20313624488040055,SOURCE_RUN\raw\task-0010-dynamic-stable-nu1p2-N80-s1010-primary-53071ef5eb\arrays.npz,80,student_t,1.2,dynamic,True,extreme
1.5,,0.5,0.5,0.16666666666666674,2.0,0.22680240393475815,0.001,0.01,stable,10,primary,0.8952071424350648,,0,block,65536,1010,0.15405700427994073,SOURCE_RUN\raw\task-0010-dynamic-stable-nu1p2-N80-s1010-primary-53071ef5eb\arrays.npz,80,student_t,1.2,dynamic,True,primary
1.5,,0.5,0.5,0.16666666666666674,2.0,0.11608591636733914,0.002,0.02,stable,10,primary,0.9582595096275496,,1,block,65536,1010,0.1406025044889613,SOURCE_RUN\raw\task-0010-dynamic-stable-nu1p2-N80-s1010-primary-53071ef5eb\arrays.npz,80,student_t,1.2,dynamic,True,broad
1.5,,0.5,0.5,0.16666666666666674,2.0,0.5951543535336759,0.001,0.005,stable,7,primary,0.9892659502057143,,1,block,65536,1010,0.22342542991403702,SOURCE_RUN\raw\task-0010-dynamic-stable-nu1p2-N80-s1010-primary-53071ef5eb\arrays.npz,80,student_t,1.2,dynamic,True,extreme
1.5,,0.5,0.5,0.16666666666666674,2.0,0.37616091503434496,0.001,0.01,stable,10,primary,0.9673289689623619,,1,block,65536,1010,0.188667132809895,SOURCE_RUN\raw\task-0010-dynamic-stable-nu1p2-N80-s1010-primary-53071ef5eb\arrays.npz,80,student_t,1.2,dynamic,True,primary
1.5,,0.5,0.5,0.16666666666666674,2.0,-0.04632467785992337,0.002,0.02,stable,10,primary,0.9784384508233835,,2,block,65536,1010,0.10025428648302945,SOURCE_RUN\raw\task-0010-dynamic-stable-nu1p2-N80-s1010-primary-53071ef5eb\arrays.npz,80,student_t,1.2,dynamic,True,broad
1.5,,0.5,0.5,0.16666666666666674,2.0,-0.275443879364237,0.001,0.005,stable,7,primary,0.6597344062527388,,2,block,65536,1010,0.06028695677415813,SOURCE_RUN\raw\task-0010-dynamic-stable-nu1p2-N80-s1010-primary-53071ef5eb\arrays.npz,80,student_t,1.2,dynamic,True,extreme
1.5,,0.5,0.5,0.16666666666666674,2.0,-0.1694211874313864,0.001,0.01,stable,10,primary,0.8704208355881184,,2,block,65536,1010,0.07687873531695144,SOURCE_RUN\raw\task-0010-dynamic-stable-nu1p2-N80-s1010-primary-53071ef5eb\arrays.npz,80,student_t,1.2,dynamic,True,primary
1.5,,0.5,0.5,0.16666666666666674,2.0,-0.06759381011631219,0.002,0.02,stable,10,primary,0.9651971542899347,,3,block,65536,1010,0.09290080986023681,SOURCE_RUN\raw\task-0010-dynamic-stable-nu1p2-N80-s1010-primary-53071ef5eb\arrays.npz,80,student_t,1.2,dynamic,True,broad
1.5,,0.5,0.5,0.16666666666666674,2.0,0.039825101917883333,0.001,0.005,stable,7,primary,0.8886495957738307,,3,block,65536,1010,0.11233722102787802,SOURCE_RUN\raw\task-0010-dynamic-stable-nu1p2-N80-s1010-primary-53071ef5eb\arrays.npz,80,student_t,1.2,dynamic,True,extreme
1.5,,0.5,0.5,0.16666666666666674,2.0,-0.02307850720750336,0.001,0.01,stable,10,primary,0.9462465619689318,,3,block,65536,1010,0.10240962191072187,SOURCE_RUN\raw\task-0010-dynamic-stable-nu1p2-N80-s1010-primary-53071ef5eb\arrays.npz,80,student_t,1.2,dynamic,True,primary
1.5,,0.5,0.5,0.16666666666666674,2.0,-0.041551769142317764,0.002,0.02,stable,10,primary,0.9917003770734452,,-1,full,262144,1010,0.10213506589491993,SOURCE_RUN\raw\task-0010-dynamic-stable-nu1p2-N80-s1010-primary-53071ef5eb\arrays.npz,80,student_t,1.2,dynamic,True,broad
1.5,,0.5,0.5,0.16666666666666674,2.0,0.22398746795486224,0.001,0.005,stable,7,primary,0.9660168814533147,,-1,full,262144,1010,0.14903945703478708,SOURCE_RUN\raw\task-0010-dynamic-stable-nu1p2-N80-s1010-primary-53071ef5eb\arrays.npz,80,student_t,1.2,dynamic,True,extreme
1.5,,0.5,0.5,0.16666666666666674,2.0,0.09135599903498606,0.001,0.01,stable,10,primary,0.9646717540888206,,-1,full,262144,1010,0.1280121443814508,SOURCE_RUN\raw\task-0010-dynamic-stable-nu1p2-N80-s1010-primary-53071ef5eb\arrays.npz,80,student_t,1.2,dynamic,True,primary
1.5,,0.5,0.5,0.16666666666666674,2.0,0.01619054126455751,0.002,0.02,stable,10,primary,0.9821067369472865,,-1,nested,131072,1010,0.11720107807855025,SOURCE_RUN\raw\task-0010-dynamic-stable-nu1p2-N80-s1010-primary-53071ef5eb\arrays.npz,80,student_t,1.2,dynamic,True,broad
1.5,,0.5,0.5,0.16666666666666674,2.0,0.5401813818134401,0.001,0.005,stable,7,primary,0.9671245084209759,,-1,nested,131072,1010,0.20841059230464934,SOURCE_RUN\raw\task-0010-dynamic-stable-nu1p2-N80-s1010-primary-53071ef5eb\arrays.npz,80,student_t,1.2,dynamic,True,extreme
1.5,,0.5,0.5,0.16666666666666674,2.0,0.28674191268149757,0.001,0.01,stable,10,primary,0.9473317591344395,,-1,nested,131072,1010,0.16828755176807317,SOURCE_RUN\raw\task-0010-dynamic-stable-nu1p2-N80-s1010-primary-53071ef5eb\arrays.npz,80,student_t,1.2,dynamic,True,primary
1.5,,0.5,0.5,0.16666666666666674,2.0,-0.0877174963921461,0.002,0.02,stable,10,primary,0.9855445240312156,,-1,nested,65536,1010,0.09334784739807031,SOURCE_RUN\raw\task-0010-dynamic-stable-nu1p2-N80-s1010-primary-53071ef5eb\arrays.npz,80,student_t,1.2,dynamic,True,broad
1.5,,0.5,0.5,0.16666666666666674,2.0,0.5375165469608237,0.001,0.005,stable,7,primary,0.9089287265787002,,-1,nested,65536,1010,0.20313624488040055,SOURCE_RUN\raw\task-0010-dynamic-stable-nu1p2-N80-s1010-primary-53071ef5eb\arrays.npz,80,student_t,1.2,dynamic,True,extreme
1.5,,0.5,0.5,0.16666666666666674,2.0,0.22680240393475815,0.001,0.01,stable,10,primary,0.8952071424350648,,-1,nested,65536,1010,0.15405700427994073,SOURCE_RUN\raw\task-0010-dynamic-stable-nu1p2-N80-s1010-primary-53071ef5eb\arrays.npz,80,student_t,1.2,dynamic,True,primary
1.5,,0.5,0.5,0.16666666666666674,2.0,-0.07546407973560612,0.002,0.02,stable,10,primary,0.9864394785756988,,0,block,65536,1011,0.07959400235438269,SOURCE_RUN\raw\task-0011-dynamic-stable-nu1p2-N80-s1011-primary-f245060a3f\arrays.npz,80,student_t,1.2,dynamic,True,broad
1.5,,0.5,0.5,0.16666666666666674,2.0,0.14189089523340712,0.001,0.005,stable,7,primary,0.9576186852055135,,0,block,65536,1011,0.11769388176128892,SOURCE_RUN\raw\task-0011-dynamic-stable-nu1p2-N80-s1011-primary-f245060a3f\arrays.npz,80,student_t,1.2,dynamic,True,extreme
1.5,,0.5,0.5,0.16666666666666674,2.0,0.041935159165773936,0.001,0.01,stable,10,primary,0.967972649429281,,0,block,65536,1011,0.10196741236125662,SOURCE_RUN\raw\task-0011-dynamic-stable-nu1p2-N80-s1011-primary-f245060a3f\arrays.npz,80,student_t,1.2,dynamic,True,primary
1.5,,0.5,0.5,0.16666666666666674,2.0,0.031070290516587194,0.002,0.02,stable,10,primary,0.927357310844834,,1,block,65536,1011,0.11520661247837398,SOURCE_RUN\raw\task-0011-dynamic-stable-nu1p2-N80-s1011-primary-f245060a3f\arrays.npz,80,student_t,1.2,dynamic,True,broad
1.5,,0.5,0.5,0.16666666666666674,2.0,0.3532291471953316,0.001,0.005,stable,7,primary,0.9450780413120122,,1,block,65536,1011,0.17115979444293528,SOURCE_RUN\raw\task-0011-dynamic-stable-nu1p2-N80-s1011-primary-f245060a3f\arrays.npz,80,student_t,1.2,dynamic,True,extreme
1.5,,0.5,0.5,0.16666666666666674,2.0,0.23664512149787928,0.001,0.01,stable,10,primary,0.9643228776664395,,1,block,65536,1011,0.15265981849508148,SOURCE_RUN\raw\task-0011-dynamic-stable-nu1p2-N80-s1011-primary-f245060a3f\arrays.npz,80,student_t,1.2,dynamic,True,primary
1.5,,0.5,0.5,0.16666666666666674,2.0,0.019143236276649378,0.002,0.02,stable,10,primary,0.9939841047844316,,2,block,65536,1011,0.11383439661445104,SOURCE_RUN\raw\task-0011-dynamic-stable-nu1p2-N80-s1011-primary-f245060a3f\arrays.npz,80,student_t,1.2,dynamic,True,broad
1.5,,0.5,0.5,0.16666666666666674,2.0,0.16891792538687742,0.001,0.005,stable,7,primary,0.9710942384012617,,2,block,65536,1011,0.14072958342943423,SOURCE_RUN\raw\task-0011-dynamic-stable-nu1p2-N80-s1011-primary-f245060a3f\arrays.npz,80,student_t,1.2,dynamic,True,extreme
1.5,,0.5,0.5,0.16666666666666674,2.0,0.10436188025157743,0.001,0.01,stable,10,primary,0.9840024565431094,,2,block,65536,1011,0.13053076315775672,SOURCE_RUN\raw\task-0011-dynamic-stable-nu1p2-N80-s1011-primary-f245060a3f\arrays.npz,80,student_t,1.2,dynamic,True,primary
1.5,,0.5,0.5,0.16666666666666674,2.0,-0.05336702267983717,0.002,0.02,stable,10,primary,0.963218923238027,,3,block,65536,1011,0.0908886935658285,SOURCE_RUN\raw\task-0011-dynamic-stable-nu1p2-N80-s1011-primary-f245060a3f\arrays.npz,80,student_t,1.2,dynamic,True,broad
1.5,,0.5,0.5,0.16666666666666674,2.0,0.05382522094783559,0.001,0.005,stable,7,primary,0.9355247054167933,,3,block,65536,1011,0.10814389289082345,SOURCE_RUN\raw\task-0011-dynamic-stable-nu1p2-N80-s1011-primary-f245060a3f\arrays.npz,80,student_t,1.2,dynamic,True,extreme
1.5,,0.5,0.5,0.16666666666666674,2.0,-0.03293277317983588,0.001,0.01,stable,10,primary,0.9579721096496293,,3,block,65536,1011,0.09443917314347816,SOURCE_RUN\raw\task-0011-dynamic-stable-nu1p2-N80-s1011-primary-f245060a3f\arrays.npz,80,student_t,1.2,dynamic,True,primary
1.5,,0.5,0.5,0.16666666666666674,2.0,-0.013537903775086896,0.002,0.02,stable,10,primary,0.990037810666384,,-1,full,262144,1011,0.10114956195515667,SOURCE_RUN\raw\task-0011-dynamic-stable-nu1p2-N80-s1011-primary-f245060a3f\arrays.npz,80,student_t,1.2,dynamic,True,broad
1.5,,0.5,0.5,0.16666666666666674,2.0,0.1546892703531546,0.001,0.005,stable,7,primary,0.9960186549025366,,-1,full,262144,1011,0.1304988436570269,SOURCE_RUN\raw\task-0011-dynamic-stable-nu1p2-N80-s1011-primary-f245060a3f\arrays.npz,80,student_t,1.2,dynamic,True,extreme
1.5,,0.5,0.5,0.16666666666666674,2.0,0.08419050157720233,0.001,0.01,stable,10,primary,0.9919781028935135,,-1,full,262144,1011,0.11933093269435607,SOURCE_RUN\raw\task-0011-dynamic-stable-nu1p2-N80-s1011-primary-f245060a3f\arrays.npz,80,student_t,1.2,dynamic,True,primary
1.5,,0.5,0.5,0.16666666666666674,2.0,-0.018549264800278395,0.002,0.02,stable,10,primary,0.9744302465502367,,-1,nested,131072,1011,0.09821749642528341,SOURCE_RUN\raw\task-0011-dynamic-stable-nu1p2-N80-s1011-primary-f245060a3f\arrays.npz,80,student_t,1.2,dynamic,True,broad
1.5,,0.5,0.5,0.16666666666666674,2.0,0.16351479955064924,0.001,0.005,stable,7,primary,0.9712952249859585,,-1,nested,131072,1011,0.13058618467615873,SOURCE_RUN\raw\task-0011-dynamic-stable-nu1p2-N80-s1011-primary-f245060a3f\arrays.npz,80,student_t,1.2,dynamic,True,extreme
1.5,,0.5,0.5,0.16666666666666674,2.0,0.11340817493416408,0.001,0.01,stable,10,primary,0.9827249712049825,,-1,nested,131072,1011,0.12259208815480298,SOURCE_RUN\raw\task-0011-dynamic-stable-nu1p2-N80-s1011-primary-f245060a3f\arrays.npz,80,student_t,1.2,dynamic,True,primary
1.5,,0.5,0.5,0.16666666666666674,2.0,-0.07546407973560612,0.002,0.02,stable,10,primary,0.9864394785756988,,-1,nested,65536,1011,0.07959400235438269,SOURCE_RUN\raw\task-0011-dynamic-stable-nu1p2-N80-s1011-primary-f245060a3f\arrays.npz,80,student_t,1.2,dynamic,True,broad
1.5,,0.5,0.5,0.16666666666666674,2.0,0.14189089523340712,0.001,0.005,stable,7,primary,0.9576186852055135,,-1,nested,65536,1011,0.11769388176128892,SOURCE_RUN\raw\task-0011-dynamic-stable-nu1p2-N80-s1011-primary-f245060a3f\arrays.npz,80,student_t,1.2,dynamic,True,extreme
1.5,,0.5,0.5,0.16666666666666674,2.0,0.041935159165773936,0.001,0.01,stable,10,primary,0.967972649429281,,-1,nested,65536,1011,0.10196741236125662,SOURCE_RUN\raw\task-0011-dynamic-stable-nu1p2-N80-s1011-primary-f245060a3f\arrays.npz,80,student_t,1.2,dynamic,True,primary
1.5,,0.5,0.5,0.0,2.0,-0.08469729216574023,0.002,0.02,stable,10,primary,0.8808247074629387,,0,block,65536,1000,0.021156842460035272,SOURCE_RUN\raw\task-0012-dynamic-stable-nu1p5-N80-s1000-primary-ecc67c7727\arrays.npz,80,student_t,1.5,dynamic,True,broad
1.5,,0.5,0.5,0.0,2.0,0.3678162611484685,0.001,0.005,stable,7,primary,0.8495578078385273,,0,block,65536,1000,0.10013382672953254,SOURCE_RUN\raw\task-0012-dynamic-stable-nu1p5-N80-s1000-primary-ecc67c7727\arrays.npz,80,student_t,1.5,dynamic,True,extreme
1.5,,0.5,0.5,0.0,2.0,0.13295636699412416,0.001,0.01,stable,10,primary,0.7507261974137719,,0,block,65536,1000,0.06310564632786818,SOURCE_RUN\raw\task-0012-dynamic-stable-nu1p5-N80-s1000-primary-ecc67c7727\arrays.npz,80,student_t,1.5,dynamic,True,primary
1.5,,0.5,0.5,0.0,2.0,-0.09077556976286942,0.002,0.02,stable,10,primary,0.5091964093712544,,1,block,65536,1000,0.015132223965991329,SOURCE_RUN\raw\task-0012-dynamic-stable-nu1p5-N80-s1000-primary-ecc67c7727\arrays.npz,80,student_t,1.5,dynamic,True,broad
1.5,,0.5,0.5,0.0,2.0,0.2982909722038973,0.001,0.005,stable,7,primary,0.9408785502823526,,1,block,65536,1000,0.0823771724882951,SOURCE_RUN\raw\task-0012-dynamic-stable-nu1p5-N80-s1000-primary-ecc67c7727\arrays.npz,80,student_t,1.5,dynamic,True,extreme
1.5,,0.5,0.5,0.0,2.0,0.09420433053025604,0.001,0.01,stable,10,primary,0.7703593837041326,,1,block,65536,1000,0.05012533597351089,SOURCE_RUN\raw\task-0012-dynamic-stable-nu1p5-N80-s1000-primary-ecc67c7727\arrays.npz,80,student_t,1.5,dynamic,True,primary
1.5,,0.5,0.5,0.0,2.0,-0.031327034298526915,0.002,0.02,stable,10,primary,0.8406504322047897,,2,block,65536,1000,0.030612309480846797,SOURCE_RUN\raw\task-0012-dynamic-stable-nu1p5-N80-s1000-primary-ecc67c7727\arrays.npz,80,student_t,1.5,dynamic,True,broad
1.5,,0.5,0.5,0.0,2.0,-0.6233878091177202,0.001,0.005,stable,7,primary,0.5356532692342367,,2,block,65536,1000,-0.07299379249280902,SOURCE_RUN\raw\task-0012-dynamic-stable-nu1p5-N80-s1000-primary-ecc67c7727\arrays.npz,80,student_t,1.5,dynamic,True,extreme
1.5,,0.5,0.5,0.0,2.0,-0.32012600988069606,0.001,0.01,stable,10,primary,0.18133294392044974,,2,block,65536,1000,-0.025111366866284856,SOURCE_RUN\raw\task-0012-dynamic-stable-nu1p5-N80-s1000-primary-ecc67c7727\arrays.npz,80,student_t,1.5,dynamic,True,primary
1.5,,0.5,0.5,0.0,2.0,-0.35059066817479084,0.002,0.02,stable,10,primary,0.6105040424453785,,3,block,65536,1000,-0.04244296123401924,SOURCE_RUN\raw\task-0012-dynamic-stable-nu1p5-N80-s1000-primary-ecc67c7727\arrays.npz,80,student_t,1.5,dynamic,True,broad
1.5,,0.5,0.5,0.0,2.0,-0.7308797320187644,0.001,0.005,stable,7,primary,0.8595491630989013,,3,block,65536,1000,-0.10859585763226104,SOURCE_RUN\raw\task-0012-dynamic-stable-nu1p5-N80-s1000-primary-ecc67c7727\arrays.npz,80,student_t,1.5,dynamic,True,extreme
1.5,,0.5,0.5,0.0,2.0,-0.5857508066391269,0.001,0.01,stable,10,primary,0.885811963113942,,3,block,65536,1000,-0.08569380674730218,SOURCE_RUN\raw\task-0012-dynamic-stable-nu1p5-N80-s1000-primary-ecc67c7727\arrays.npz,80,student_t,1.5,dynamic,True,primary
1.5,,0.5,0.5,0.0,2.0,-0.12712198859797333,0.002,0.02,stable,10,primary,0.8617579534996904,,-1,full,262144,1000,0.008710379253039609,SOURCE_RUN\raw\task-0012-dynamic-stable-nu1p5-N80-s1000-primary-ecc67c7727\arrays.npz,80,student_t,1.5,dynamic,True,broad
1.5,,0.5,0.5,0.0,2.0,-0.1629177336599651,0.001,0.005,stable,7,primary,0.08208457831409333,,-1,full,262144,1000,0.0023923370831346164,SOURCE_RUN\raw\task-0012-dynamic-stable-nu1p5-N80-s1000-primary-ecc67c7727\arrays.npz,80,student_t,1.5,dynamic,True,extreme
1.5,,0.5,0.5,0.0,2.0,-0.15570962745012498,0.001,0.01,stable,10,primary,0.3522450515069594,,-1,full,262144,1000,0.0035189064119771846,SOURCE_RUN\raw\task-0012-dynamic-stable-nu1p5-N80-s1000-primary-ecc67c7727\arrays.npz,80,student_t,1.5,dynamic,True,primary
1.5,,0.5,0.5,0.0,2.0,-0.08968086803184794,0.002,0.02,stable,10,primary,0.7348268561481277,,-1,nested,131072,1000,0.01740476752866171,SOURCE_RUN\raw\task-0012-dynamic-stable-nu1p5-N80-s1000-primary-ecc67c7727\arrays.npz,80,student_t,1.5,dynamic,True,broad
1.5,,0.5,0.5,0.0,2.0,0.36397346511581435,0.001,0.005,stable,7,primary,0.9146585204078426,,-1,nested,131072,1000,0.09635280139755635,SOURCE_RUN\raw\task-0012-dynamic-stable-nu1p5-N80-s1000-primary-ecc67c7727\arrays.npz,80,student_t,1.5,dynamic,True,extreme
1.5,,0.5,0.5,0.0,2.0,0.12632206319919712,0.001,0.01,stable,10,primary,0.765528431706737,,-1,nested,131072,1000,0.05884409067768074,SOURCE_RUN\raw\task-0012-dynamic-stable-nu1p5-N80-s1000-primary-ecc67c7727\arrays.npz,80,student_t,1.5,dynamic,True,primary
1.5,,0.5,0.5,0.0,2.0,-0.08469729216574023,0.002,0.02,stable,10,primary,0.8808247074629387,,-1,nested,65536,1000,0.021156842460035272,SOURCE_RUN\raw\task-0012-dynamic-stable-nu1p5-N80-s1000-primary-ecc67c7727\arrays.npz,80,student_t,1.5,dynamic,True,broad
1.5,,0.5,0.5,0.0,2.0,0.3678162611484685,0.001,0.005,stable,7,primary,0.8495578078385273,,-1,nested,65536,1000,0.10013382672953254,SOURCE_RUN\raw\task-0012-dynamic-stable-nu1p5-N80-s1000-primary-ecc67c7727\arrays.npz,80,student_t,1.5,dynamic,True,extreme
1.5,,0.5,0.5,0.0,2.0,0.13295636699412416,0.001,0.01,stable,10,primary,0.7507261974137719,,-1,nested,65536,1000,0.06310564632786818,SOURCE_RUN\raw\task-0012-dynamic-stable-nu1p5-N80-s1000-primary-ecc67c7727\arrays.npz,80,student_t,1.5,dynamic,True,primary
1.5,,0.5,0.5,0.0,2.0,-0.17871708200109523,0.002,0.02,stable,10,primary,0.16797364616703903,,0,block,65536,1001,-0.008304984951882892,SOURCE_RUN\raw\task-0013-dynamic-stable-nu1p5-N80-s1001-primary-692d1b1dbf\arrays.npz,80,student_t,1.5,dynamic,True,broad
1.5,,0.5,0.5,0.0,2.0,0.20354731706865267,0.001,0.005,stable,7,primary,0.8929195487167256,,0,block,65536,1001,0.0577955578100061,SOURCE_RUN\raw\task-0013-dynamic-stable-nu1p5-N80-s1001-primary-692d1b1dbf\arrays.npz,80,student_t,1.5,dynamic,True,extreme
1.5,,0.5,0.5,0.0,2.0,0.005878233009503304,0.001,0.01,stable,10,primary,0.47978789454078763,,0,block,65536,1001,0.026555759292347336,SOURCE_RUN\raw\task-0013-dynamic-stable-nu1p5-N80-s1001-primary-692d1b1dbf\arrays.npz,80,student_t,1.5,dynamic,True,primary
1.5,,0.5,0.5,0.0,2.0,-0.03837605681371296,0.002,0.02,stable,10,primary,0.7882415080342866,,1,block,65536,1001,0.03211217983904213,SOURCE_RUN\raw\task-0013-dynamic-stable-nu1p5-N80-s1001-primary-692d1b1dbf\arrays.npz,80,student_t,1.5,dynamic,True,broad
1.5,,0.5,0.5,0.0,2.0,0.09964170534917374,0.001,0.005,stable,7,primary,0.8737925320382256,,1,block,65536,1001,0.05633267000005073,SOURCE_RUN\raw\task-0013-dynamic-stable-nu1p5-N80-s1001-primary-692d1b1dbf\arrays.npz,80,student_t,1.5,dynamic,True,extreme
1.5,,0.5,0.5,0.0,2.0,0.06703340678061523,0.001,0.01,stable,10,primary,0.8956281190553954,,1,block,65536,1001,0.051060055749682545,SOURCE_RUN\raw\task-0013-dynamic-stable-nu1p5-N80-s1001-primary-692d1b1dbf\arrays.npz,80,student_t,1.5,dynamic,True,primary
1.5,,0.5,0.5,0.0,2.0,-0.13642019089390597,0.002,0.02,stable,10,primary,0.14990446608967778,,2,block,65536,1001,0.007049882656525946,SOURCE_RUN\raw\task-0013-dynamic-stable-nu1p5-N80-s1001-primary-692d1b1dbf\arrays.npz,80,student_t,1.5,dynamic,True,broad
1.5,,0.5,0.5,0.0,2.0,0.05591057708305436,0.001,0.005,stable,7,primary,0.7485656530106887,,2,block,65536,1001,0.0396604603296906,SOURCE_RUN\raw\task-0013-dynamic-stable-nu1p5-N80-s1001-primary-692d1b1dbf\arrays.npz,80,student_t,1.5,dynamic,True,extreme
1.5,,0.5,0.5,0.0,2.0,-0.08200170538844281,0.001,0.01,stable,10,primary,0.4267013555640261,,2,block,65536,1001,0.01792123877948957,SOURCE_RUN\raw\task-0013-dynamic-stable-nu1p5-N80-s1001-primary-692d1b1dbf\arrays.npz,80,student_t,1.5,dynamic,True,primary
1.5,,0.5,0.5,0.0,2.0,-0.04048272538938918,0.002,0.02,stable,10,primary,0.5786744302389926,,3,block,65536,1001,0.031817668381228584,SOURCE_RUN\raw\task-0013-dynamic-stable-nu1p5-N80-s1001-primary-692d1b1dbf\arrays.npz,80,student_t,1.5,dynamic,True,broad
1.5,,0.5,0.5,0.0,2.0,-0.43017078712945656,0.001,0.005,stable,7,primary,0.612295977821663,,3,block,65536,1001,-0.03469221781541234,SOURCE_RUN\raw\task-0013-dynamic-stable-nu1p5-N80-s1001-primary-692d1b1dbf\arrays.npz,80,student_t,1.5,dynamic,True,extreme
1.5,,0.5,0.5,0.0,2.0,-0.19927550881586106,0.001,0.01,stable,10,primary,0.003036224301848134,,3,block,65536,1001,0.0018012773599120156,SOURCE_RUN\raw\task-0013-dynamic-stable-nu1p5-N80-s1001-primary-692d1b1dbf\arrays.npz,80,student_t,1.5,dynamic,True,primary
1.5,,0.5,0.5,0.0,2.0,-0.09547111515226327,0.002,0.02,stable,10,primary,0.88173809188313,,-1,full,262144,1001,0.016285539186451415,SOURCE_RUN\raw\task-0013-dynamic-stable-nu1p5-N80-s1001-primary-692d1b1dbf\arrays.npz,80,student_t,1.5,dynamic,True,broad
1.5,,0.5,0.5,0.0,2.0,-0.06357538539990056,0.001,0.005,stable,7,primary,0.8135908687873468,,-1,full,262144,1001,0.021648298194208663,SOURCE_RUN\raw\task-0013-dynamic-stable-nu1p5-N80-s1001-primary-692d1b1dbf\arrays.npz,80,student_t,1.5,dynamic,True,extreme
1.5,,0.5,0.5,0.0,2.0,-0.07765019579878221,0.001,0.01,stable,10,primary,0.860004055173629,,-1,full,262144,1001,0.019409685796810464,SOURCE_RUN\raw\task-0013-dynamic-stable-nu1p5-N80-s1001-primary-692d1b1dbf\arrays.npz,80,student_t,1.5,dynamic,True,primary
1.5,,0.5,0.5,0.0,2.0,-0.0895919638138193,0.002,0.02,stable,10,primary,0.5165724531173181,,-1,nested,131072,1001,0.016047392287527003,SOURCE_RUN\raw\task-0013-dynamic-stable-nu1p5-N80-s1001-primary-692d1b1dbf\arrays.npz,80,student_t,1.5,dynamic,True,broad
1.5,,0.5,0.5,0.0,2.0,0.02141253323127884,0.001,0.005,stable,7,primary,0.9437990218603436,,-1,nested,131072,1001,0.035502018653476394,SOURCE_RUN\raw\task-0013-dynamic-stable-nu1p5-N80-s1001-primary-692d1b1dbf\arrays.npz,80,student_t,1.5,dynamic,True,extreme
1.5,,0.5,0.5,0.0,2.0,-0.003171826206831826,0.001,0.01,stable,10,primary,0.8605429478075304,,-1,nested,131072,1001,0.031523348660860616,SOURCE_RUN\raw\task-0013-dynamic-stable-nu1p5-N80-s1001-primary-692d1b1dbf\arrays.npz,80,student_t,1.5,dynamic,True,primary
1.5,,0.5,0.5,0.0,2.0,-0.17871708200109523,0.002,0.02,stable,10,primary,0.16797364616703903,,-1,nested,65536,1001,-0.008304984951882892,SOURCE_RUN\raw\task-0013-dynamic-stable-nu1p5-N80-s1001-primary-692d1b1dbf\arrays.npz,80,student_t,1.5,dynamic,True,broad
1.5,,0.5,0.5,0.0,2.0,0.20354731706865267,0.001,0.005,stable,7,primary,0.8929195487167256,,-1,nested,65536,1001,0.0577955578100061,SOURCE_RUN\raw\task-0013-dynamic-stable-nu1p5-N80-s1001-primary-692d1b1dbf\arrays.npz,80,student_t,1.5,dynamic,True,extreme
1.5,,0.5,0.5,0.0,2.0,0.005878233009503304,0.001,0.01,stable,10,primary,0.47978789454078763,,-1,nested,65536,1001,0.026555759292347336,SOURCE_RUN\raw\task-0013-dynamic-stable-nu1p5-N80-s1001-primary-692d1b1dbf\arrays.npz,80,student_t,1.5,dynamic,True,primary
1.5,,0.5,0.5,0.0,2.0,-0.11307582978046361,0.002,0.02,stable,10,primary,0.23531948643470002,,0,block,65536,1002,0.006588333623364839,SOURCE_RUN\raw\task-0014-dynamic-stable-nu1p5-N80-s1002-primary-4c6006433e\arrays.npz,80,student_t,1.5,dynamic,True,broad
1.5,,0.5,0.5,0.0,2.0,0.0013095088291144674,0.001,0.005,stable,7,primary,0.5377569037466892,,0,block,65536,1002,0.025579296999369054,SOURCE_RUN\raw\task-0014-dynamic-stable-nu1p5-N80-s1002-primary-4c6006433e\arrays.npz,80,student_t,1.5,dynamic,True,extreme
1.5,,0.5,0.5,0.0,2.0,-0.07646158943800674,0.001,0.01,stable,10,primary,0.3976302826149468,,0,block,65536,1002,0.013321759082957312,SOURCE_RUN\raw\task-0014-dynamic-stable-nu1p5-N80-s1002-primary-4c6006433e\arrays.npz,80,student_t,1.5,dynamic,True,primary
1.5,,0.5,0.5,0.0,2.0,-0.15842535322052564,0.002,0.02,stable,10,primary,0.4496127238206842,,1,block,65536,1002,0.008640188536770064,SOURCE_RUN\raw\task-0014-dynamic-stable-nu1p5-N80-s1002-primary-4c6006433e\arrays.npz,80,student_t,1.5,dynamic,True,broad
1.5,,0.5,0.5,0.0,2.0,-0.02708946959658199,0.001,0.005,stable,7,primary,0.602031535151908,,1,block,65536,1002,0.03132515739292851,SOURCE_RUN\raw\task-0014-dynamic-stable-nu1p5-N80-s1002-primary-4c6006433e\arrays.npz,80,student_t,1.5,dynamic,True,extreme
1.5,,0.5,0.5,0.0,2.0,-0.11397000535014543,0.001,0.01,stable,10,primary,0.49098793349947534,,1,block,65536,1002,0.017614365449121844,SOURCE_RUN\raw\task-0014-dynamic-stable-nu1p5-N80-s1002-primary-4c6006433e\arrays.npz,80,student_t,1.5,dynamic,True,primary
1.5,,0.5,0.5,0.0,2.0,-0.1412646566635021,0.002,0.02,stable,10,primary,0.08461017468650467,,2,block,65536,1002,0.00561998135515063,SOURCE_RUN\raw\task-0014-dynamic-stable-nu1p5-N80-s1002-primary-4c6006433e\arrays.npz,80,student_t,1.5,dynamic,True,broad
1.5,,0.5,0.5,0.0,2.0,-0.13862860517176073,0.001,0.005,stable,7,primary,0.044384071195526786,,2,block,65536,1002,0.006500065538861263,SOURCE_RUN\raw\task-0014-dynamic-stable-nu1p5-N80-s1002-primary-4c6006433e\arrays.npz,80,student_t,1.5,dynamic,True,extreme
1.5,,0.5,0.5,0.0,2.0,-0.14172012366097278,0.001,0.01,stable,10,primary,0.09415085034333925,,2,block,65536,1002,0.005952604368197127,SOURCE_RUN\raw\task-0014-dynamic-stable-nu1p5-N80-s1002-primary-4c6006433e\arrays.npz,80,student_t,1.5,dynamic,True,primary
1.5,,0.5,0.5,0.0,2.0,-0.19174417775269445,0.002,0.02,stable,10,primary,0.5327827322457177,,3,block,65536,1002,-0.007549875887446018,SOURCE_RUN\raw\task-0014-dynamic-stable-nu1p5-N80-s1002-primary-4c6006433e\arrays.npz,80,student_t,1.5,dynamic,True,broad
1.5,,0.5,0.5,0.0,2.0,-0.059099969111231325,0.001,0.005,stable,7,primary,0.26185772435725885,,3,block,65536,1002,0.01467501811545997,SOURCE_RUN\raw\task-0014-dynamic-stable-nu1p5-N80-s1002-primary-4c6006433e\arrays.npz,80,student_t,1.5,dynamic,True,extreme
1.5,,0.5,0.5,0.0,2.0,-0.1516736734528769,0.001,0.01,stable,10,primary,2.8991587110338557e-05,,3,block,65536,1002,9.726676080843834e-05,SOURCE_RUN\raw\task-0014-dynamic-stable-nu1p5-N80-s1002-primary-4c6006433e\arrays.npz,80,student_t,1.5,dynamic,True,primary
1.5,,0.5,0.5,0.0,2.0,-0.16334979115264478,0.002,0.02,stable,10,primary,0.014896675602306453,,-1,full,262144,1002,0.0006801895342573259,SOURCE_RUN\raw\task-0014-dynamic-stable-nu1p5-N80-s1002-primary-4c6006433e\arrays.npz,80,student_t,1.5,dynamic,True,broad
1.5,,0.5,0.5,0.0,2.0,-0.0606209309423687,0.001,0.005,stable,7,primary,0.5402373851698171,,-1,full,262144,1002,0.018250620067604136,SOURCE_RUN\raw\task-0014-dynamic-stable-nu1p5-N80-s1002-primary-4c6006433e\arrays.npz,80,student_t,1.5,dynamic,True,extreme
1.5,,0.5,0.5,0.0,2.0,-0.12871108169313172,0.001,0.01,stable,10,primary,0.2675590944787807,,-1,full,262144,1002,0.0075369600950419505,SOURCE_RUN\raw\task-0014-dynamic-stable-nu1p5-N80-s1002-primary-4c6006433e\arrays.npz,80,student_t,1.5,dynamic,True,primary
1.5,,0.5,0.5,0.0,2.0,-0.15375794963146122,0.002,0.02,stable,10,primary,0.14137158005995498,,-1,nested,131072,1002,0.0039061244183152904,SOURCE_RUN\raw\task-0014-dynamic-stable-nu1p5-N80-s1002-primary-4c6006433e\arrays.npz,80,student_t,1.5,dynamic,True,broad
1.5,,0.5,0.5,0.0,2.0,-0.029123635796506977,0.001,0.005,stable,7,primary,0.4811750063895067,,-1,nested,131072,1002,0.025236925410017756,SOURCE_RUN\raw\task-0014-dynamic-stable-nu1p5-N80-s1002-primary-4c6006433e\arrays.npz,80,student_t,1.5,dynamic,True,extreme
1.5,,0.5,0.5,0.0,2.0,-0.11646961230342047,0.001,0.01,stable,10,primary,0.28078860368098846,,-1,nested,131072,1002,0.011510803245697898,SOURCE_RUN\raw\task-0014-dynamic-stable-nu1p5-N80-s1002-primary-4c6006433e\arrays.npz,80,student_t,1.5,dynamic,True,primary
1.5,,0.5,0.5,0.0,2.0,-0.11307582978046361,0.002,0.02,stable,10,primary,0.23531948643470002,,-1,nested,65536,1002,0.006588333623364839,SOURCE_RUN\raw\task-0014-dynamic-stable-nu1p5-N80-s1002-primary-4c6006433e\arrays.npz,80,student_t,1.5,dynamic,True,broad
1.5,,0.5,0.5,0.0,2.0,0.0013095088291144674,0.001,0.005,stable,7,primary,0.5377569037466892,,-1,nested,65536,1002,0.025579296999369054,SOURCE_RUN\raw\task-0014-dynamic-stable-nu1p5-N80-s1002-primary-4c6006433e\arrays.npz,80,student_t,1.5,dynamic,True,extreme
1.5,,0.5,0.5,0.0,2.0,-0.07646158943800674,0.001,0.01,stable,10,primary,0.3976302826149468,,-1,nested,65536,1002,0.013321759082957312,SOURCE_RUN\raw\task-0014-dynamic-stable-nu1p5-N80-s1002-primary-4c6006433e\arrays.npz,80,student_t,1.5,dynamic,True,primary
1.5,,0.5,0.5,0.0,2.0,-0.08367824511217165,0.002,0.02,stable,10,primary,0.5162060617525931,,0,block,65536,1003,0.022706804221965537,SOURCE_RUN\raw\task-0015-dynamic-stable-nu1p5-N80-s1003-primary-9cd7fe5a9d\arrays.npz,80,student_t,1.5,dynamic,True,broad
1.5,,0.5,0.5,0.0,2.0,-0.6897750588900669,0.001,0.005,stable,7,primary,0.7143536700354594,,0,block,65536,1003,-0.08302279971118835,SOURCE_RUN\raw\task-0015-dynamic-stable-nu1p5-N80-s1003-primary-9cd7fe5a9d\arrays.npz,80,student_t,1.5,dynamic,True,extreme
1.5,,0.5,0.5,0.0,2.0,-0.4379822475181134,0.001,0.01,stable,10,primary,0.5037289810492009,,0,block,65536,1003,-0.04327832245299889,SOURCE_RUN\raw\task-0015-dynamic-stable-nu1p5-N80-s1003-primary-9cd7fe5a9d\arrays.npz,80,student_t,1.5,dynamic,True,primary
1.5,,0.5,0.5,0.0,2.0,-0.15115500549424668,0.002,0.02,stable,10,primary,0.1315083142345418,,1,block,65536,1003,0.005042386032977812,SOURCE_RUN\raw\task-0015-dynamic-stable-nu1p5-N80-s1003-primary-9cd7fe5a9d\arrays.npz,80,student_t,1.5,dynamic,True,broad
1.5,,0.5,0.5,0.0,2.0,-0.2785619144702257,0.001,0.005,stable,7,primary,0.4568529479817566,,1,block,65536,1003,-0.016872044078258337,SOURCE_RUN\raw\task-0015-dynamic-stable-nu1p5-N80-s1003-primary-9cd7fe5a9d\arrays.npz,80,student_t,1.5,dynamic,True,extreme
1.5,,0.5,0.5,0.0,2.0,-0.21957106164272147,0.001,0.01,stable,10,primary,0.2557296758510077,,1,block,65536,1003,-0.007549480943932619,SOURCE_RUN\raw\task-0015-dynamic-stable-nu1p5-N80-s1003-primary-9cd7fe5a9d\arrays.npz,80,student_t,1.5,dynamic,True,primary
1.5,,0.5,0.5,0.0,2.0,-0.1760712641890265,0.002,0.02,stable,10,primary,0.09438868668260136,,2,block,65536,1003,0.00475082901144693,SOURCE_RUN\raw\task-0015-dynamic-stable-nu1p5-N80-s1003-primary-9cd7fe5a9d\arrays.npz,80,student_t,1.5,dynamic,True,broad
1.5,,0.5,0.5,0.0,2.0,-0.4128600801851927,0.001,0.005,stable,7,primary,0.8120717784795644,,2,block,65536,1003,-0.03681292802812006,SOURCE_RUN\raw\task-0015-dynamic-stable-nu1p5-N80-s1003-primary-9cd7fe5a9d\arrays.npz,80,student_t,1.5,dynamic,True,extreme
1.5,,0.5,0.5,0.0,2.0,-0.33348286660139537,0.001,0.01,stable,10,primary,0.6988401839587437,,2,block,65536,1003,-0.024205655100469278,SOURCE_RUN\raw\task-0015-dynamic-stable-nu1p5-N80-s1003-primary-9cd7fe5a9d\arrays.npz,80,student_t,1.5,dynamic,True,primary
1.5,,0.5,0.5,0.0,2.0,-0.25345960865232464,0.002,0.02,stable,10,primary,0.6383183014225444,,3,block,65536,1003,-0.026458532025739265,SOURCE_RUN\raw\task-0015-dynamic-stable-nu1p5-N80-s1003-primary-9cd7fe5a9d\arrays.npz,80,student_t,1.5,dynamic,True,broad
1.5,,0.5,0.5,0.0,2.0,-0.116420902091924,0.001,0.005,stable,7,primary,0.0036392384815711054,,3,block,65536,1003,-0.0030670245716012717,SOURCE_RUN\raw\task-0015-dynamic-stable-nu1p5-N80-s1003-primary-9cd7fe5a9d\arrays.npz,80,student_t,1.5,dynamic,True,extreme
1.5,,0.5,0.5,0.0,2.0,-0.23907394694220502,0.001,0.01,stable,10,primary,0.3024926557588101,,3,block,65536,1003,-0.02243664728245266,SOURCE_RUN\raw\task-0015-dynamic-stable-nu1p5-N80-s1003-primary-9cd7fe5a9d\arrays.npz,80,student_t,1.5,dynamic,True,primary
1.5,,0.5,0.5,0.0,2.0,-0.16601602530229564,0.002,0.02,stable,10,primary,0.01681110946036035,,-1,full,262144,1003,0.0015919856672809878,SOURCE_RUN\raw\task-0015-dynamic-stable-nu1p5-N80-s1003-primary-9cd7fe5a9d\arrays.npz,80,student_t,1.5,dynamic,True,broad
1.5,,0.5,0.5,0.0,2.0,-0.44956593570926584,0.001,0.005,stable,7,primary,0.6303382071811943,,-1,full,262144,1003,-0.0477154074812101,SOURCE_RUN\raw\task-0015-dynamic-stable-nu1p5-N80-s1003-primary-9cd7fe5a9d\arrays.npz,80,student_t,1.5,dynamic,True,extreme
1.5,,0.5,0.5,0.0,2.0,-0.33812609381902714,0.001,0.01,stable,10,primary,0.592294214872719,,-1,full,262144,1003,-0.0301384826752761,SOURCE_RUN\raw\task-0015-dynamic-stable-nu1p5-N80-s1003-primary-9cd7fe5a9d\arrays.npz,80,student_t,1.5,dynamic,True,primary
1.5,,0.5,0.5,0.0,2.0,-0.12127622182442371,0.002,0.02,stable,10,primary,0.3504046453164098,,-1,nested,131072,1003,0.012811676122970484,SOURCE_RUN\raw\task-0015-dynamic-stable-nu1p5-N80-s1003-primary-9cd7fe5a9d\arrays.npz,80,student_t,1.5,dynamic,True,broad
1.5,,0.5,0.5,0.0,2.0,-0.49708230923354757,0.001,0.005,stable,7,primary,0.7911638416343416,,-1,nested,131072,1003,-0.05229053045778808,SOURCE_RUN\raw\task-0015-dynamic-stable-nu1p5-N80-s1003-primary-9cd7fe5a9d\arrays.npz,80,student_t,1.5,dynamic,True,extreme
1.5,,0.5,0.5,0.0,2.0,-0.32974777499706015,0.001,0.01,stable,10,primary,0.5174211936817661,,-1,nested,131072,1003,-0.025879820564958446,SOURCE_RUN\raw\task-0015-dynamic-stable-nu1p5-N80-s1003-primary-9cd7fe5a9d\arrays.npz,80,student_t,1.5,dynamic,True,primary
1.5,,0.5,0.5,0.0,2.0,-0.08367824511217165,0.002,0.02,stable,10,primary,0.5162060617525931,,-1,nested,65536,1003,0.022706804221965537,SOURCE_RUN\raw\task-0015-dynamic-stable-nu1p5-N80-s1003-primary-9cd7fe5a9d\arrays.npz,80,student_t,1.5,dynamic,True,broad
1.5,,0.5,0.5,0.0,2.0,-0.6897750588900669,0.001,0.005,stable,7,primary,0.7143536700354594,,-1,nested,65536,1003,-0.08302279971118835,SOURCE_RUN\raw\task-0015-dynamic-stable-nu1p5-N80-s1003-primary-9cd7fe5a9d\arrays.npz,80,student_t,1.5,dynamic,True,extreme
1.5,,0.5,0.5,0.0,2.0,-0.4379822475181134,0.001,0.01,stable,10,primary,0.5037289810492009,,-1,nested,65536,1003,-0.04327832245299889,SOURCE_RUN\raw\task-0015-dynamic-stable-nu1p5-N80-s1003-primary-9cd7fe5a9d\arrays.npz,80,student_t,1.5,dynamic,True,primary
1.5,,0.5,0.5,0.0,2.0,-0.06103007676901192,0.002,0.02,stable,10,primary,0.8503194059197787,,0,block,65536,1004,0.02821560592823454,SOURCE_RUN\raw\task-0016-dynamic-stable-nu1p5-N80-s1004-primary-c5c5b2fccf\arrays.npz,80,student_t,1.5,dynamic,True,broad
1.5,,0.5,0.5,0.0,2.0,-0.10041797700855067,0.001,0.005,stable,7,primary,0.27472203389218464,,0,block,65536,1004,0.022550116238667307,SOURCE_RUN\raw\task-0016-dynamic-stable-nu1p5-N80-s1004-primary-c5c5b2fccf\arrays.npz,80,student_t,1.5,dynamic,True,extreme
1.5,,0.5,0.5,0.0,2.0,-0.04915416907141239,0.001,0.01,stable,10,primary,0.653577989588837,,0,block,65536,1004,0.030618052191419044,SOURCE_RUN\raw\task-0016-dynamic-stable-nu1p5-N80-s1004-primary-c5c5b2fccf\arrays.npz,80,student_t,1.5,dynamic,True,primary
1.5,,0.5,0.5,0.0,2.0,-0.09280163077226897,0.002,0.02,stable,10,primary,0.401585910796186,,1,block,65536,1004,0.02645205356914716,SOURCE_RUN\raw\task-0016-dynamic-stable-nu1p5-N80-s1004-primary-c5c5b2fccf\arrays.npz,80,student_t,1.5,dynamic,True,broad
1.5,,0.5,0.5,0.0,2.0,-0.47966235064006124,0.001,0.005,stable,7,primary,0.5178182461463147,,1,block,65536,1004,-0.04073756780766516,SOURCE_RUN\raw\task-0016-dynamic-stable-nu1p5-N80-s1004-primary-c5c5b2fccf\arrays.npz,80,student_t,1.5,dynamic,True,extreme
1.5,,0.5,0.5,0.0,2.0,-0.33728623806230745,0.001,0.01,stable,10,primary,0.2890722928020737,,1,block,65536,1004,-0.018295780048834333,SOURCE_RUN\raw\task-0016-dynamic-stable-nu1p5-N80-s1004-primary-c5c5b2fccf\arrays.npz,80,student_t,1.5,dynamic,True,primary
1.5,,0.5,0.5,0.0,2.0,-0.1216311503178283,0.002,0.02,stable,10,primary,0.31730314032778584,,2,block,65536,1004,0.011291508675206553,SOURCE_RUN\raw\task-0016-dynamic-stable-nu1p5-N80-s1004-primary-c5c5b2fccf\arrays.npz,80,student_t,1.5,dynamic,True,broad
1.5,,0.5,0.5,0.0,2.0,-0.029367511597839954,0.001,0.005,stable,7,primary,0.6411410959722268,,2,block,65536,1004,0.028339178225139004,SOURCE_RUN\raw\task-0016-dynamic-stable-nu1p5-N80-s1004-primary-c5c5b2fccf\arrays.npz,80,student_t,1.5,dynamic,True,extreme
1.5,,0.5,0.5,0.0,2.0,-0.012878042635888818,0.001,0.01,stable,10,primary,0.8352494695456423,,2,block,65536,1004,0.03086441621250416,SOURCE_RUN\raw\task-0016-dynamic-stable-nu1p5-N80-s1004-primary-c5c5b2fccf\arrays.npz,80,student_t,1.5,dynamic,True,primary
1.5,,0.5,0.5,0.0,2.0,0.10670897329249109,0.002,0.02,stable,10,primary,0.7142293102596518,,3,block,65536,1004,0.058504846688720843,SOURCE_RUN\raw\task-0016-dynamic-stable-nu1p5-N80-s1004-primary-c5c5b2fccf\arrays.npz,80,student_t,1.5,dynamic,True,broad
1.5,,0.5,0.5,0.0,2.0,0.16697539763638636,0.001,0.005,stable,7,primary,0.5004094291818949,,3,block,65536,1004,0.06918224222181421,SOURCE_RUN\raw\task-0016-dynamic-stable-nu1p5-N80-s1004-primary-c5c5b2fccf\arrays.npz,80,student_t,1.5,dynamic,True,extreme
1.5,,0.5,0.5,0.0,2.0,0.20832262554158457,0.001,0.01,stable,10,primary,0.7729765994956266,,3,block,65536,1004,0.07561197430174041,SOURCE_RUN\raw\task-0016-dynamic-stable-nu1p5-N80-s1004-primary-c5c5b2fccf\arrays.npz,80,student_t,1.5,dynamic,True,primary
1.5,,0.5,0.5,0.0,2.0,-0.04371483186570954,0.002,0.02,stable,10,primary,0.9446966085933843,,-1,full,262144,1004,0.03070687310747908,SOURCE_RUN\raw\task-0016-dynamic-stable-nu1p5-N80-s1004-primary-c5c5b2fccf\arrays.npz,80,student_t,1.5,dynamic,True,broad
1.5,,0.5,0.5,0.0,2.0,-0.15672421439980672,0.001,0.005,stable,7,primary,0.35661114206857514,,-1,full,262144,1004,0.011159263264200778,SOURCE_RUN\raw\task-0016-dynamic-stable-nu1p5-N80-s1004-primary-c5c5b2fccf\arrays.npz,80,student_t,1.5,dynamic,True,extreme
1.5,,0.5,0.5,0.0,2.0,-0.08270082768315634,0.001,0.01,stable,10,primary,0.7766510845154457,,-1,full,262144,1004,0.02282281117087001,SOURCE_RUN\raw\task-0016-dynamic-stable-nu1p5-N80-s1004-primary-c5c5b2fccf\arrays.npz,80,student_t,1.5,dynamic,True,primary
1.5,,0.5,0.5,0.0,2.0,-0.08085066423394863,0.002,0.02,stable,10,primary,0.7010684305634107,,-1,nested,131072,1004,0.02648591780983584,SOURCE_RUN\raw\task-0016-dynamic-stable-nu1p5-N80-s1004-primary-c5c5b2fccf\arrays.npz,80,student_t,1.5,dynamic,True,broad
1.5,,0.5,0.5,0.0,2.0,-0.29505545570394487,0.001,0.005,stable,7,primary,0.15266538761828297,,-1,nested,131072,1004,-0.010739057322019727,SOURCE_RUN\raw\task-0016-dynamic-stable-nu1p5-N80-s1004-primary-c5c5b2fccf\arrays.npz,80,student_t,1.5,dynamic,True,extreme
1.5,,0.5,0.5,0.0,2.0,-0.21357209651700826,0.001,0.01,stable,10,primary,0.014040285228001936,,-1,nested,131072,1004,0.0020987670905159373,SOURCE_RUN\raw\task-0016-dynamic-stable-nu1p5-N80-s1004-primary-c5c5b2fccf\arrays.npz,80,student_t,1.5,dynamic,True,primary
1.5,,0.5,0.5,0.0,2.0,-0.06103007676901192,0.002,0.02,stable,10,primary,0.8503194059197787,,-1,nested,65536,1004,0.02821560592823454,SOURCE_RUN\raw\task-0016-dynamic-stable-nu1p5-N80-s1004-primary-c5c5b2fccf\arrays.npz,80,student_t,1.5,dynamic,True,broad
1.5,,0.5,0.5,0.0,2.0,-0.10041797700855067,0.001,0.005,stable,7,primary,0.27472203389218464,,-1,nested,65536,1004,0.022550116238667307,SOURCE_RUN\raw\task-0016-dynamic-stable-nu1p5-N80-s1004-primary-c5c5b2fccf\arrays.npz,80,student_t,1.5,dynamic,True,extreme
1.5,,0.5,0.5,0.0,2.0,-0.04915416907141239,0.001,0.01,stable,10,primary,0.653577989588837,,-1,nested,65536,1004,0.030618052191419044,SOURCE_RUN\raw\task-0016-dynamic-stable-nu1p5-N80-s1004-primary-c5c5b2fccf\arrays.npz,80,student_t,1.5,dynamic,True,primary
1.5,,0.5,0.5,0.0,2.0,-0.12239386099339739,0.002,0.02,stable,10,primary,0.0843843342414079,,0,block,65536,1005,0.006829117084224234,SOURCE_RUN\raw\task-0017-dynamic-stable-nu1p5-N80-s1005-primary-354e84f8ac\arrays.npz,80,student_t,1.5,dynamic,True,broad
1.5,,0.5,0.5,0.0,2.0,-0.037921204508839124,0.001,0.005,stable,7,primary,0.16473743106432148,,0,block,65536,1005,0.02140264111362714,SOURCE_RUN\raw\task-0017-dynamic-stable-nu1p5-N80-s1005-primary-354e84f8ac\arrays.npz,80,student_t,1.5,dynamic,True,extreme
1.5,,0.5,0.5,0.0,2.0,-0.09691894278993125,0.001,0.01,stable,10,primary,0.1331003099855511,,0,block,65536,1005,0.012199781056196946,SOURCE_RUN\raw\task-0017-dynamic-stable-nu1p5-N80-s1005-primary-354e84f8ac\arrays.npz,80,student_t,1.5,dynamic,True,primary
1.5,,0.5,0.5,0.0,2.0,-0.0025553567382189946,0.002,0.02,stable,10,primary,0.8635452270642145,,1,block,65536,1005,0.0368301422322523,SOURCE_RUN\raw\task-0017-dynamic-stable-nu1p5-N80-s1005-primary-354e84f8ac\arrays.npz,80,student_t,1.5,dynamic,True,broad
1.5,,0.5,0.5,0.0,2.0,-0.41459987421717015,0.001,0.005,stable,7,primary,0.2898494356749075,,1,block,65536,1005,-0.03482816563342376,SOURCE_RUN\raw\task-0017-dynamic-stable-nu1p5-N80-s1005-primary-354e84f8ac\arrays.npz,80,student_t,1.5,dynamic,True,extreme
1.5,,0.5,0.5,0.0,2.0,-0.18549726578360487,0.001,0.01,stable,10,primary,0.001038108435071683,,1,block,65536,1005,0.0013402461370837643,SOURCE_RUN\raw\task-0017-dynamic-stable-nu1p5-N80-s1005-primary-354e84f8ac\arrays.npz,80,student_t,1.5,dynamic,True,primary
1.5,,0.5,0.5,0.0,2.0,-0.15766310338082234,0.002,0.02,stable,10,primary,0.2347890096709414,,2,block,65536,1005,0.012882035525270853,SOURCE_RUN\raw\task-0017-dynamic-stable-nu1p5-N80-s1005-primary-354e84f8ac\arrays.npz,80,student_t,1.5,dynamic,True,broad
1.5,,0.5,0.5,0.0,2.0,-0.58857393740227,0.001,0.005,stable,7,primary,0.6090049285109111,,2,block,65536,1005,-0.06230550195530468,SOURCE_RUN\raw\task-0017-dynamic-stable-nu1p5-N80-s1005-primary-354e84f8ac\arrays.npz,80,student_t,1.5,dynamic,True,extreme
1.5,,0.5,0.5,0.0,2.0,-0.43035764150183015,0.001,0.01,stable,10,primary,0.5057749709788579,,2,block,65536,1005,-0.037212586324027366,SOURCE_RUN\raw\task-0017-dynamic-stable-nu1p5-N80-s1005-primary-354e84f8ac\arrays.npz,80,student_t,1.5,dynamic,True,primary
1.5,,0.5,0.5,0.0,2.0,-0.2579217024296004,0.002,0.02,stable,10,primary,0.43987747933662524,,3,block,65536,1005,-0.014124932132429036,SOURCE_RUN\raw\task-0017-dynamic-stable-nu1p5-N80-s1005-primary-354e84f8ac\arrays.npz,80,student_t,1.5,dynamic,True,broad
1.5,,0.5,0.5,0.0,2.0,-0.6691664003974184,0.001,0.005,stable,7,primary,0.8885620029496659,,3,block,65536,1005,-0.08558525716592667,SOURCE_RUN\raw\task-0017-dynamic-stable-nu1p5-N80-s1005-primary-354e84f8ac\arrays.npz,80,student_t,1.5,dynamic,True,extreme
1.5,,0.5,0.5,0.0,2.0,-0.4523447297606401,0.001,0.01,stable,10,primary,0.7363482186806759,,3,block,65536,1005,-0.05137611215691153,SOURCE_RUN\raw\task-0017-dynamic-stable-nu1p5-N80-s1005-primary-354e84f8ac\arrays.npz,80,student_t,1.5,dynamic,True,primary
1.5,,0.5,0.5,0.0,2.0,-0.15308851705801726,0.002,0.02,stable,10,primary,0.3338384278792458,,-1,full,262144,1005,0.006865614902633434,SOURCE_RUN\raw\task-0017-dynamic-stable-nu1p5-N80-s1005-primary-354e84f8ac\arrays.npz,80,student_t,1.5,dynamic,True,broad
1.5,,0.5,0.5,0.0,2.0,-0.4478239784173684,0.001,0.005,stable,7,primary,0.834247915119659,,-1,full,262144,1005,-0.044602831061546944,SOURCE_RUN\raw\task-0017-dynamic-stable-nu1p5-N80-s1005-primary-354e84f8ac\arrays.npz,80,student_t,1.5,dynamic,True,extreme
1.5,,0.5,0.5,0.0,2.0,-0.3100263442307123,0.001,0.01,stable,10,primary,0.5420118970973429,,-1,full,262144,1005,-0.022797281604038794,SOURCE_RUN\raw\task-0017-dynamic-stable-nu1p5-N80-s1005-primary-354e84f8ac\arrays.npz,80,student_t,1.5,dynamic,True,primary
1.5,,0.5,0.5,0.0,2.0,-0.07020304391217894,0.002,0.02,stable,10,primary,0.799982112984877,,-1,nested,131072,1005,0.019960930473161005,SOURCE_RUN\raw\task-0017-dynamic-stable-nu1p5-N80-s1005-primary-354e84f8ac\arrays.npz,80,student_t,1.5,dynamic,True,broad
1.5,,0.5,0.5,0.0,2.0,-0.22080582568531112,0.001,0.005,stable,7,primary,0.25775676796910985,,-1,nested,131072,1005,-0.006223496943787583,SOURCE_RUN\raw\task-0017-dynamic-stable-nu1p5-N80-s1005-primary-354e84f8ac\arrays.npz,80,student_t,1.5,dynamic,True,extreme
1.5,,0.5,0.5,0.0,2.0,-0.13829672086064004,0.001,0.01,stable,10,primary,0.18744056745264148,,-1,nested,131072,1005,0.006854509933598126,SOURCE_RUN\raw\task-0017-dynamic-stable-nu1p5-N80-s1005-primary-354e84f8ac\arrays.npz,80,student_t,1.5,dynamic,True,primary
1.5,,0.5,0.5,0.0,2.0,-0.12239386099339739,0.002,0.02,stable,10,primary,0.0843843342414079,,-1,nested,65536,1005,0.006829117084224234,SOURCE_RUN\raw\task-0017-dynamic-stable-nu1p5-N80-s1005-primary-354e84f8ac\arrays.npz,80,student_t,1.5,dynamic,True,broad
1.5,,0.5,0.5,0.0,2.0,-0.037921204508839124,0.001,0.005,stable,7,primary,0.16473743106432148,,-1,nested,65536,1005,0.02140264111362714,SOURCE_RUN\raw\task-0017-dynamic-stable-nu1p5-N80-s1005-primary-354e84f8ac\arrays.npz,80,student_t,1.5,dynamic,True,extreme
1.5,,0.5,0.5,0.0,2.0,-0.09691894278993125,0.001,0.01,stable,10,primary,0.1331003099855511,,-1,nested,65536,1005,0.012199781056196946,SOURCE_RUN\raw\task-0017-dynamic-stable-nu1p5-N80-s1005-primary-354e84f8ac\arrays.npz,80,student_t,1.5,dynamic,True,primary
1.5,,0.5,0.5,0.0,2.0,-0.14825684639031406,0.002,0.02,stable,10,primary,0.057727934575613316,,0,block,65536,1006,0.004516212435497292,SOURCE_RUN\raw\task-0018-dynamic-stable-nu1p5-N80-s1006-primary-59126276bf\arrays.npz,80,student_t,1.5,dynamic,True,broad
1.5,,0.5,0.5,0.0,2.0,-0.07394328645404549,0.001,0.005,stable,7,primary,0.15493077445533288,,0,block,65536,1006,0.0172929924443988,SOURCE_RUN\raw\task-0018-dynamic-stable-nu1p5-N80-s1006-primary-59126276bf\arrays.npz,80,student_t,1.5,dynamic,True,extreme
1.5,,0.5,0.5,0.0,2.0,-0.14334917513145015,0.001,0.01,stable,10,primary,0.0584579086523479,,0,block,65536,1006,0.006475172035643809,SOURCE_RUN\raw\task-0018-dynamic-stable-nu1p5-N80-s1006-primary-59126276bf\arrays.npz,80,student_t,1.5,dynamic,True,primary
1.5,,0.5,0.5,0.0,2.0,-0.11106157016428508,0.002,0.02,stable,10,primary,0.33315055250615866,,1,block,65536,1006,0.011950042140677778,SOURCE_RUN\raw\task-0018-dynamic-stable-nu1p5-N80-s1006-primary-59126276bf\arrays.npz,80,student_t,1.5,dynamic,True,broad
1.5,,0.5,0.5,0.0,2.0,0.12206296813399166,0.001,0.005,stable,7,primary,0.9013634855718957,,1,block,65536,1006,0.05253868872270128,SOURCE_RUN\raw\task-0018-dynamic-stable-nu1p5-N80-s1006-primary-59126276bf\arrays.npz,80,student_t,1.5,dynamic,True,extreme
1.5,,0.5,0.5,0.0,2.0,0.03291503322241873,0.001,0.01,stable,10,primary,0.8138543985786041,,1,block,65536,1006,0.03834079564068591,SOURCE_RUN\raw\task-0018-dynamic-stable-nu1p5-N80-s1006-primary-59126276bf\arrays.npz,80,student_t,1.5,dynamic,True,primary
1.5,,0.5,0.5,0.0,2.0,-0.07084106669499259,0.002,0.02,stable,10,primary,0.7242001786209116,,2,block,65536,1006,0.027419058297807938,SOURCE_RUN\raw\task-0018-dynamic-stable-nu1p5-N80-s1006-primary-59126276bf\arrays.npz,80,student_t,1.5,dynamic,True,broad
1.5,,0.5,0.5,0.0,2.0,0.0622338450088696,0.001,0.005,stable,7,primary,0.825427218039629,,2,block,65536,1006,0.05000171636402261,SOURCE_RUN\raw\task-0018-dynamic-stable-nu1p5-N80-s1006-primary-59126276bf\arrays.npz,80,student_t,1.5,dynamic,True,extreme
1.5,,0.5,0.5,0.0,2.0,-0.010636486461578451,0.001,0.01,stable,10,primary,0.8217778619133858,,2,block,65536,1006,0.03844662620324615,SOURCE_RUN\raw\task-0018-dynamic-stable-nu1p5-N80-s1006-primary-59126276bf\arrays.npz,80,student_t,1.5,dynamic,True,primary
1.5,,0.5,0.5,0.0,2.0,0.03892562224722255,0.002,0.02,stable,10,primary,0.8577082741249061,,3,block,65536,1006,0.042903026333098934,SOURCE_RUN\raw\task-0018-dynamic-stable-nu1p5-N80-s1006-primary-59126276bf\arrays.npz,80,student_t,1.5,dynamic,True,broad
1.5,,0.5,0.5,0.0,2.0,0.28198162477182054,0.001,0.005,stable,7,primary,0.9347769612299787,,3,block,65536,1006,0.08387387444542886,SOURCE_RUN\raw\task-0018-dynamic-stable-nu1p5-N80-s1006-primary-59126276bf\arrays.npz,80,student_t,1.5,dynamic,True,extreme
1.5,,0.5,0.5,0.0,2.0,0.1516073731921326,0.001,0.01,stable,10,primary,0.9112724856430867,,3,block,65536,1006,0.0633771561064435,SOURCE_RUN\raw\task-0018-dynamic-stable-nu1p5-N80-s1006-primary-59126276bf\arrays.npz,80,student_t,1.5,dynamic,True,primary
1.5,,0.5,0.5,0.0,2.0,-0.07023761870773501,0.002,0.02,stable,10,primary,0.8996580314299737,,-1,full,262144,1006,0.022233198323811598,SOURCE_RUN\raw\task-0018-dynamic-stable-nu1p5-N80-s1006-primary-59126276bf\arrays.npz,80,student_t,1.5,dynamic,True,broad
1.5,,0.5,0.5,0.0,2.0,0.06469349238439463,0.001,0.005,stable,7,primary,0.9218057441659626,,-1,full,262144,1006,0.04511606678832032,SOURCE_RUN\raw\task-0018-dynamic-stable-nu1p5-N80-s1006-primary-59126276bf\arrays.npz,80,student_t,1.5,dynamic,True,extreme
1.5,,0.5,0.5,0.0,2.0,-0.008188698649984817,0.001,0.01,stable,10,primary,0.8986695847099622,,-1,full,262144,1006,0.03362624518986674,SOURCE_RUN\raw\task-0018-dynamic-stable-nu1p5-N80-s1006-primary-59126276bf\arrays.npz,80,student_t,1.5,dynamic,True,primary
1.5,,0.5,0.5,0.0,2.0,-0.12640710299030783,0.002,0.02,stable,10,primary,0.8332851859802956,,-1,nested,131072,1006,0.009075289986412471,SOURCE_RUN\raw\task-0018-dynamic-stable-nu1p5-N80-s1006-primary-59126276bf\arrays.npz,80,student_t,1.5,dynamic,True,broad
1.5,,0.5,0.5,0.0,2.0,-0.002932638071589182,0.001,0.005,stable,7,primary,0.6905315544295164,,-1,nested,131072,1006,0.03040025975486469,SOURCE_RUN\raw\task-0018-dynamic-stable-nu1p5-N80-s1006-primary-59126276bf\arrays.npz,80,student_t,1.5,dynamic,True,extreme
1.5,,0.5,0.5,0.0,2.0,-0.06845640817959849,0.001,0.01,stable,10,primary,0.6668628851933718,,-1,nested,131072,1006,0.02006294712375213,SOURCE_RUN\raw\task-0018-dynamic-stable-nu1p5-N80-s1006-primary-59126276bf\arrays.npz,80,student_t,1.5,dynamic,True,primary
1.5,,0.5,0.5,0.0,2.0,-0.14825684639031406,0.002,0.02,stable,10,primary,0.057727934575613316,,-1,nested,65536,1006,0.004516212435497292,SOURCE_RUN\raw\task-0018-dynamic-stable-nu1p5-N80-s1006-primary-59126276bf\arrays.npz,80,student_t,1.5,dynamic,True,broad
1.5,,0.5,0.5,0.0,2.0,-0.07394328645404549,0.001,0.005,stable,7,primary,0.15493077445533288,,-1,nested,65536,1006,0.0172929924443988,SOURCE_RUN\raw\task-0018-dynamic-stable-nu1p5-N80-s1006-primary-59126276bf\arrays.npz,80,student_t,1.5,dynamic,True,extreme
1.5,,0.5,0.5,0.0,2.0,-0.14334917513145015,0.001,0.01,stable,10,primary,0.0584579086523479,,-1,nested,65536,1006,0.006475172035643809,SOURCE_RUN\raw\task-0018-dynamic-stable-nu1p5-N80-s1006-primary-59126276bf\arrays.npz,80,student_t,1.5,dynamic,True,primary
1.5,,0.5,0.5,0.0,2.0,-0.18661457707072307,0.002,0.02,stable,10,primary,0.03303388675913488,,0,block,65536,1007,-0.004651330971572109,SOURCE_RUN\raw\task-0019-dynamic-stable-nu1p5-N80-s1007-primary-0c58b85146\arrays.npz,80,student_t,1.5,dynamic,True,broad
1.5,,0.5,0.5,0.0,2.0,-0.004205496932603701,0.001,0.005,stable,7,primary,0.36960022129097303,,0,block,65536,1007,0.026470188255085448,SOURCE_RUN\raw\task-0019-dynamic-stable-nu1p5-N80-s1007-primary-0c58b85146\arrays.npz,80,student_t,1.5,dynamic,True,extreme
1.5,,0.5,0.5,0.0,2.0,-0.15675836320720557,0.001,0.01,stable,10,primary,0.008199312232161304,,0,block,65536,1007,0.0026080368051868232,SOURCE_RUN\raw\task-0019-dynamic-stable-nu1p5-N80-s1007-primary-0c58b85146\arrays.npz,80,student_t,1.5,dynamic,True,primary
1.5,,0.5,0.5,0.0,2.0,-0.07891518522838298,0.002,0.02,stable,10,primary,0.3118382480176837,,1,block,65536,1007,0.01634137873645976,SOURCE_RUN\raw\task-0019-dynamic-stable-nu1p5-N80-s1007-primary-0c58b85146\arrays.npz,80,student_t,1.5,dynamic,True,broad
1.5,,0.5,0.5,0.0,2.0,-0.08928788348888451,0.001,0.005,stable,7,primary,0.13041313510843677,,1,block,65536,1007,0.013916307009130595,SOURCE_RUN\raw\task-0019-dynamic-stable-nu1p5-N80-s1007-primary-0c58b85146\arrays.npz,80,student_t,1.5,dynamic,True,extreme
1.5,,0.5,0.5,0.0,2.0,-0.06022313776648563,0.001,0.01,stable,10,primary,0.3838483142950111,,1,block,65536,1007,0.01838182489484871,SOURCE_RUN\raw\task-0019-dynamic-stable-nu1p5-N80-s1007-primary-0c58b85146\arrays.npz,80,student_t,1.5,dynamic,True,primary
1.5,,0.5,0.5,0.0,2.0,-0.03547801543918127,0.002,0.02,stable,10,primary,0.7034690956739922,,2,block,65536,1007,0.030718623316694976,SOURCE_RUN\raw\task-0019-dynamic-stable-nu1p5-N80-s1007-primary-0c58b85146\arrays.npz,80,student_t,1.5,dynamic,True,broad
1.5,,0.5,0.5,0.0,2.0,-0.31436288599456685,0.001,0.005,stable,7,primary,0.07147595766864545,,2,block,65536,1007,-0.01930423431674491,SOURCE_RUN\raw\task-0019-dynamic-stable-nu1p5-N80-s1007-primary-0c58b85146\arrays.npz,80,student_t,1.5,dynamic,True,extreme
1.5,,0.5,0.5,0.0,2.0,-0.20536153448765623,0.001,0.01,stable,10,primary,0.002269450770064907,,2,block,65536,1007,-0.0020529579186812632,SOURCE_RUN\raw\task-0019-dynamic-stable-nu1p5-N80-s1007-primary-0c58b85146\arrays.npz,80,student_t,1.5,dynamic,True,primary
1.5,,0.5,0.5,0.0,2.0,-0.14343525759744644,0.002,0.02,stable,10,primary,0.3446270935012016,,3,block,65536,1007,0.014166000845760375,SOURCE_RUN\raw\task-0019-dynamic-stable-nu1p5-N80-s1007-primary-0c58b85146\arrays.npz,80,student_t,1.5,dynamic,True,broad
1.5,,0.5,0.5,0.0,2.0,-0.5613128870731762,0.001,0.005,stable,7,primary,0.7507384198663561,,3,block,65536,1007,-0.05822750247748269,SOURCE_RUN\raw\task-0019-dynamic-stable-nu1p5-N80-s1007-primary-0c58b85146\arrays.npz,80,student_t,1.5,dynamic,True,extreme
1.5,,0.5,0.5,0.0,2.0,-0.37067394614394356,0.001,0.01,stable,10,primary,0.48142524426665234,,3,block,65536,1007,-0.028171052333728665,SOURCE_RUN\raw\task-0019-dynamic-stable-nu1p5-N80-s1007-primary-0c58b85146\arrays.npz,80,student_t,1.5,dynamic,True,primary
1.5,,0.5,0.5,0.0,2.0,-0.11596339290669008,0.002,0.02,stable,10,primary,0.759110395430535,,-1,full,262144,1007,0.013076480193689784,SOURCE_RUN\raw\task-0019-dynamic-stable-nu1p5-N80-s1007-primary-0c58b85146\arrays.npz,80,student_t,1.5,dynamic,True,broad
1.5,,0.5,0.5,0.0,2.0,-0.2663622818600993,0.001,0.005,stable,7,primary,0.2502689528041041,,-1,full,262144,1007,-0.013691908321818509,SOURCE_RUN\raw\task-0019-dynamic-stable-nu1p5-N80-s1007-primary-0c58b85146\arrays.npz,80,student_t,1.5,dynamic,True,extreme
1.5,,0.5,0.5,0.0,2.0,-0.2181323984296537,0.001,0.01,stable,10,primary,0.13597752621608383,,-1,full,262144,1007,-0.0060572667772280835,SOURCE_RUN\raw\task-0019-dynamic-stable-nu1p5-N80-s1007-primary-0c58b85146\arrays.npz,80,student_t,1.5,dynamic,True,primary
1.5,,0.5,0.5,0.0,2.0,-0.1539177325055386,0.002,0.02,stable,10,primary,0.007453990720287629,,-1,nested,131072,1007,0.0011078562824188708,SOURCE_RUN\raw\task-0019-dynamic-stable-nu1p5-N80-s1007-primary-0c58b85146\arrays.npz,80,student_t,1.5,dynamic,True,broad
1.5,,0.5,0.5,0.0,2.0,-0.020972194236013476,0.001,0.005,stable,7,primary,0.6231153003997908,,-1,nested,131072,1007,0.023805817602783167,SOURCE_RUN\raw\task-0019-dynamic-stable-nu1p5-N80-s1007-primary-0c58b85146\arrays.npz,80,student_t,1.5,dynamic,True,extreme
1.5,,0.5,0.5,0.0,2.0,-0.11072263412366386,0.001,0.01,stable,10,primary,0.2907044155872709,,-1,nested,131072,1007,0.009677127009843595,SOURCE_RUN\raw\task-0019-dynamic-stable-nu1p5-N80-s1007-primary-0c58b85146\arrays.npz,80,student_t,1.5,dynamic,True,primary
1.5,,0.5,0.5,0.0,2.0,-0.18661457707072307,0.002,0.02,stable,10,primary,0.03303388675913488,,-1,nested,65536,1007,-0.004651330971572109,SOURCE_RUN\raw\task-0019-dynamic-stable-nu1p5-N80-s1007-primary-0c58b85146\arrays.npz,80,student_t,1.5,dynamic,True,broad
1.5,,0.5,0.5,0.0,2.0,-0.004205496932603701,0.001,0.005,stable,7,primary,0.36960022129097303,,-1,nested,65536,1007,0.026470188255085448,SOURCE_RUN\raw\task-0019-dynamic-stable-nu1p5-N80-s1007-primary-0c58b85146\arrays.npz,80,student_t,1.5,dynamic,True,extreme
1.5,,0.5,0.5,0.0,2.0,-0.15675836320720557,0.001,0.01,stable,10,primary,0.008199312232161304,,-1,nested,65536,1007,0.0026080368051868232,SOURCE_RUN\raw\task-0019-dynamic-stable-nu1p5-N80-s1007-primary-0c58b85146\arrays.npz,80,student_t,1.5,dynamic,True,primary
1.5,,0.5,0.5,0.0,2.0,-0.21021461061508506,0.002,0.02,stable,10,primary,0.11984971271959921,,0,block,65536,1008,-0.007934726713063101,SOURCE_RUN\raw\task-0020-dynamic-stable-nu1p5-N80-s1008-primary-91a520c979\arrays.npz,80,student_t,1.5,dynamic,True,broad
1.5,,0.5,0.5,0.0,2.0,0.024941690798105084,0.001,0.005,stable,7,primary,0.528096827246077,,0,block,65536,1008,0.03195215574965658,SOURCE_RUN\raw\task-0020-dynamic-stable-nu1p5-N80-s1008-primary-91a520c979\arrays.npz,80,student_t,1.5,dynamic,True,extreme
1.5,,0.5,0.5,0.0,2.0,-0.1625862314865406,0.001,0.01,stable,10,primary,0.005926283213304351,,0,block,65536,1008,0.002282907901936609,SOURCE_RUN\raw\task-0020-dynamic-stable-nu1p5-N80-s1008-primary-91a520c979\arrays.npz,80,student_t,1.5,dynamic,True,primary
1.5,,0.5,0.5,0.0,2.0,-0.1299957927582206,0.002,0.02,stable,10,primary,0.3510820120229893,,1,block,65536,1008,0.009167362473926518,SOURCE_RUN\raw\task-0020-dynamic-stable-nu1p5-N80-s1008-primary-91a520c979\arrays.npz,80,student_t,1.5,dynamic,True,broad
1.5,,0.5,0.5,0.0,2.0,-0.08593611768584568,0.001,0.005,stable,7,primary,0.3241012651490083,,1,block,65536,1008,0.01782892656031964,SOURCE_RUN\raw\task-0020-dynamic-stable-nu1p5-N80-s1008-primary-91a520c979\arrays.npz,80,student_t,1.5,dynamic,True,extreme
1.5,,0.5,0.5,0.0,2.0,-0.07644416939482565,0.001,0.01,stable,10,primary,0.6143720277658181,,1,block,65536,1008,0.01934123931888643,SOURCE_RUN\raw\task-0020-dynamic-stable-nu1p5-N80-s1008-primary-91a520c979\arrays.npz,80,student_t,1.5,dynamic,True,primary
1.5,,0.5,0.5,0.0,2.0,-0.06959996659452626,0.002,0.02,stable,10,primary,0.9142618592608542,,2,block,65536,1008,0.02710791554068552,SOURCE_RUN\raw\task-0020-dynamic-stable-nu1p5-N80-s1008-primary-91a520c979\arrays.npz,80,student_t,1.5,dynamic,True,broad
1.5,,0.5,0.5,0.0,2.0,-0.088657895383714,0.001,0.005,stable,7,primary,0.4992306398937517,,2,block,65536,1008,0.023639461813038817,SOURCE_RUN\raw\task-0020-dynamic-stable-nu1p5-N80-s1008-primary-91a520c979\arrays.npz,80,student_t,1.5,dynamic,True,extreme
1.5,,0.5,0.5,0.0,2.0,-0.06929793508203629,0.001,0.01,stable,10,primary,0.7838929896388005,,2,block,65536,1008,0.026678983042973215,SOURCE_RUN\raw\task-0020-dynamic-stable-nu1p5-N80-s1008-primary-91a520c979\arrays.npz,80,student_t,1.5,dynamic,True,primary
1.5,,0.5,0.5,0.0,2.0,-0.18963834822652453,0.002,0.02,stable,10,primary,0.09579735338749062,,3,block,65536,1008,-0.007188801019965361,SOURCE_RUN\raw\task-0020-dynamic-stable-nu1p5-N80-s1008-primary-91a520c979\arrays.npz,80,student_t,1.5,dynamic,True,broad
1.5,,0.5,0.5,0.0,2.0,-0.3205311004276123,0.001,0.005,stable,7,primary,0.490699165954501,,3,block,65536,1008,-0.031198343716534623,SOURCE_RUN\raw\task-0020-dynamic-stable-nu1p5-N80-s1008-primary-91a520c979\arrays.npz,80,student_t,1.5,dynamic,True,extreme
1.5,,0.5,0.5,0.0,2.0,-0.34319325592226346,0.001,0.01,stable,10,primary,0.7316926765125684,,3,block,65536,1008,-0.03472645775274949,SOURCE_RUN\raw\task-0020-dynamic-stable-nu1p5-N80-s1008-primary-91a520c979\arrays.npz,80,student_t,1.5,dynamic,True,primary
1.5,,0.5,0.5,0.0,2.0,-0.1583633354087715,0.002,0.02,stable,10,primary,0.11857307219311297,,-1,full,262144,1008,0.0032054115202945527,SOURCE_RUN\raw\task-0020-dynamic-stable-nu1p5-N80-s1008-primary-91a520c979\arrays.npz,80,student_t,1.5,dynamic,True,broad
1.5,,0.5,0.5,0.0,2.0,-0.1132065995684093,0.001,0.005,stable,7,primary,0.22088275925440348,,-1,full,262144,1008,0.010705886420219718,SOURCE_RUN\raw\task-0020-dynamic-stable-nu1p5-N80-s1008-primary-91a520c979\arrays.npz,80,student_t,1.5,dynamic,True,extreme
1.5,,0.5,0.5,0.0,2.0,-0.16456503726311036,0.001,0.01,stable,10,primary,0.0369103301806285,,-1,full,262144,1008,0.0026211862550961492,SOURCE_RUN\raw\task-0020-dynamic-stable-nu1p5-N80-s1008-primary-91a520c979\arrays.npz,80,student_t,1.5,dynamic,True,primary
1.5,,0.5,0.5,0.0,2.0,-0.16696047150176835,0.002,0.02,stable,10,primary,0.013881617991392425,,-1,nested,131072,1008,0.0010385210892634384,SOURCE_RUN\raw\task-0020-dynamic-stable-nu1p5-N80-s1008-primary-91a520c979\arrays.npz,80,student_t,1.5,dynamic,True,broad
1.5,,0.5,0.5,0.0,2.0,-0.03980961605812483,0.001,0.005,stable,7,primary,0.5106366326755916,,-1,nested,131072,1008,0.02306208008698456,SOURCE_RUN\raw\task-0020-dynamic-stable-nu1p5-N80-s1008-primary-91a520c979\arrays.npz,80,student_t,1.5,dynamic,True,extreme
1.5,,0.5,0.5,0.0,2.0,-0.11680704021119599,0.001,0.01,stable,10,primary,0.3150424034835382,,-1,nested,131072,1008,0.010908306795531758,SOURCE_RUN\raw\task-0020-dynamic-stable-nu1p5-N80-s1008-primary-91a520c979\arrays.npz,80,student_t,1.5,dynamic,True,primary
1.5,,0.5,0.5,0.0,2.0,-0.21021461061508506,0.002,0.02,stable,10,primary,0.11984971271959921,,-1,nested,65536,1008,-0.007934726713063101,SOURCE_RUN\raw\task-0020-dynamic-stable-nu1p5-N80-s1008-primary-91a520c979\arrays.npz,80,student_t,1.5,dynamic,True,broad
1.5,,0.5,0.5,0.0,2.0,0.024941690798105084,0.001,0.005,stable,7,primary,0.528096827246077,,-1,nested,65536,1008,0.03195215574965658,SOURCE_RUN\raw\task-0020-dynamic-stable-nu1p5-N80-s1008-primary-91a520c979\arrays.npz,80,student_t,1.5,dynamic,True,extreme
1.5,,0.5,0.5,0.0,2.0,-0.1625862314865406,0.001,0.01,stable,10,primary,0.005926283213304351,,-1,nested,65536,1008,0.002282907901936609,SOURCE_RUN\raw\task-0020-dynamic-stable-nu1p5-N80-s1008-primary-91a520c979\arrays.npz,80,student_t,1.5,dynamic,True,primary
1.5,,0.5,0.5,0.0,2.0,-0.36270093367132283,0.002,0.02,stable,10,primary,0.761926567828136,,0,block,65536,1009,-0.051964206117880635,SOURCE_RUN\raw\task-0021-dynamic-stable-nu1p5-N80-s1009-primary-5025f00f91\arrays.npz,80,student_t,1.5,dynamic,True,broad
1.5,,0.5,0.5,0.0,2.0,-0.14876159867277985,0.001,0.005,stable,7,primary,0.10031445408091078,,0,block,65536,1009,-0.015848047037177584,SOURCE_RUN\raw\task-0021-dynamic-stable-nu1p5-N80-s1009-primary-5025f00f91\arrays.npz,80,student_t,1.5,dynamic,True,extreme
1.5,,0.5,0.5,0.0,2.0,-0.3549699939939276,0.001,0.01,stable,10,primary,0.6356758097901173,,0,block,65536,1009,-0.048267578247040845,SOURCE_RUN\raw\task-0021-dynamic-stable-nu1p5-N80-s1009-primary-5025f00f91\arrays.npz,80,student_t,1.5,dynamic,True,primary
1.5,,0.5,0.5,0.0,2.0,-0.06336051533900078,0.002,0.02,stable,10,primary,0.48589882223556347,,1,block,65536,1009,0.023234215889266503,SOURCE_RUN\raw\task-0021-dynamic-stable-nu1p5-N80-s1009-primary-5025f00f91\arrays.npz,80,student_t,1.5,dynamic,True,broad
1.5,,0.5,0.5,0.0,2.0,-0.21728776061947175,0.001,0.005,stable,7,primary,0.01019708906077621,,1,block,65536,1009,-0.0035721937583087435,SOURCE_RUN\raw\task-0021-dynamic-stable-nu1p5-N80-s1009-primary-5025f00f91\arrays.npz,80,student_t,1.5,dynamic,True,extreme
1.5,,0.5,0.5,0.0,2.0,-0.16232253559538104,0.001,0.01,stable,10,primary,0.04048916829858984,,1,block,65536,1009,0.0052772412621218505,SOURCE_RUN\raw\task-0021-dynamic-stable-nu1p5-N80-s1009-primary-5025f00f91\arrays.npz,80,student_t,1.5,dynamic,True,primary
1.5,,0.5,0.5,0.0,2.0,-0.22399666141672,0.002,0.02,stable,10,primary,0.4025411323975847,,2,block,65536,1009,-0.017551431622231762,SOURCE_RUN\raw\task-0021-dynamic-stable-nu1p5-N80-s1009-primary-5025f00f91\arrays.npz,80,student_t,1.5,dynamic,True,broad
1.5,,0.5,0.5,0.0,2.0,-0.3650632143064846,0.001,0.005,stable,7,primary,0.5622771958503092,,2,block,65536,1009,-0.040003201701297265,SOURCE_RUN\raw\task-0021-dynamic-stable-nu1p5-N80-s1009-primary-5025f00f91\arrays.npz,80,student_t,1.5,dynamic,True,extreme
1.5,,0.5,0.5,0.0,2.0,-0.23748480249122303,0.001,0.01,stable,10,primary,0.38128379563640225,,2,block,65536,1009,-0.019920824042799816,SOURCE_RUN\raw\task-0021-dynamic-stable-nu1p5-N80-s1009-primary-5025f00f91\arrays.npz,80,student_t,1.5,dynamic,True,primary
1.5,,0.5,0.5,0.0,2.0,-0.23775695754751425,0.002,0.02,stable,10,primary,0.07851755394317639,,3,block,65536,1009,-0.011508561561467626,SOURCE_RUN\raw\task-0021-dynamic-stable-nu1p5-N80-s1009-primary-5025f00f91\arrays.npz,80,student_t,1.5,dynamic,True,broad
1.5,,0.5,0.5,0.0,2.0,-0.5437834892706619,0.001,0.005,stable,7,primary,0.7128422448960414,,3,block,65536,1009,-0.06509043109351606,SOURCE_RUN\raw\task-0021-dynamic-stable-nu1p5-N80-s1009-primary-5025f00f91\arrays.npz,80,student_t,1.5,dynamic,True,extreme
1.5,,0.5,0.5,0.0,2.0,-0.4786230966968696,0.001,0.01,stable,10,primary,0.806425396921366,,3,block,65536,1009,-0.054702579829565265,SOURCE_RUN\raw\task-0021-dynamic-stable-nu1p5-N80-s1009-primary-5025f00f91\arrays.npz,80,student_t,1.5,dynamic,True,primary
1.5,,0.5,0.5,0.0,2.0,-0.2408444496918478,0.002,0.02,stable,10,primary,0.44958423073424747,,-1,full,262144,1009,-0.01900164249335612,SOURCE_RUN\raw\task-0021-dynamic-stable-nu1p5-N80-s1009-primary-5025f00f91\arrays.npz,80,student_t,1.5,dynamic,True,broad
1.5,,0.5,0.5,0.0,2.0,-0.30236002120838695,0.001,0.005,stable,7,primary,0.539087910897784,,-1,full,262144,1009,-0.029472778849274177,SOURCE_RUN\raw\task-0021-dynamic-stable-nu1p5-N80-s1009-primary-5025f00f91\arrays.npz,80,student_t,1.5,dynamic,True,extreme
1.5,,0.5,0.5,0.0,2.0,-0.3062093764624527,0.001,0.01,stable,10,primary,0.7603739139434069,,-1,full,262144,1009,-0.03000532073594114,SOURCE_RUN\raw\task-0021-dynamic-stable-nu1p5-N80-s1009-primary-5025f00f91\arrays.npz,80,student_t,1.5,dynamic,True,primary
1.5,,0.5,0.5,0.0,2.0,-0.23307691971148703,0.002,0.02,stable,10,primary,0.4247023036090132,,-1,nested,131072,1009,-0.01922571258219369,SOURCE_RUN\raw\task-0021-dynamic-stable-nu1p5-N80-s1009-primary-5025f00f91\arrays.npz,80,student_t,1.5,dynamic,True,broad
1.5,,0.5,0.5,0.0,2.0,-0.17848271894231416,0.001,0.005,stable,7,primary,0.08679842891851985,,-1,nested,131072,1009,-0.009972259054364538,SOURCE_RUN\raw\task-0021-dynamic-stable-nu1p5-N80-s1009-primary-5025f00f91\arrays.npz,80,student_t,1.5,dynamic,True,extreme
1.5,,0.5,0.5,0.0,2.0,-0.2580846606550159,0.001,0.01,stable,10,primary,0.5047035442723784,,-1,nested,131072,1009,-0.02240323709336306,SOURCE_RUN\raw\task-0021-dynamic-stable-nu1p5-N80-s1009-primary-5025f00f91\arrays.npz,80,student_t,1.5,dynamic,True,primary
1.5,,0.5,0.5,0.0,2.0,-0.36270093367132283,0.002,0.02,stable,10,primary,0.761926567828136,,-1,nested,65536,1009,-0.051964206117880635,SOURCE_RUN\raw\task-0021-dynamic-stable-nu1p5-N80-s1009-primary-5025f00f91\arrays.npz,80,student_t,1.5,dynamic,True,broad
1.5,,0.5,0.5,0.0,2.0,-0.14876159867277985,0.001,0.005,stable,7,primary,0.10031445408091078,,-1,nested,65536,1009,-0.015848047037177584,SOURCE_RUN\raw\task-0021-dynamic-stable-nu1p5-N80-s1009-primary-5025f00f91\arrays.npz,80,student_t,1.5,dynamic,True,extreme
1.5,,0.5,0.5,0.0,2.0,-0.3549699939939276,0.001,0.01,stable,10,primary,0.6356758097901173,,-1,nested,65536,1009,-0.048267578247040845,SOURCE_RUN\raw\task-0021-dynamic-stable-nu1p5-N80-s1009-primary-5025f00f91\arrays.npz,80,student_t,1.5,dynamic,True,primary
1.5,,0.5,0.5,0.0,2.0,-0.0905470366437302,0.002,0.02,stable,10,primary,0.7354420279244958,,0,block,65536,1010,0.02449516780769621,SOURCE_RUN\raw\task-0022-dynamic-stable-nu1p5-N80-s1010-primary-d7b46ad9c5\arrays.npz,80,student_t,1.5,dynamic,True,broad
1.5,,0.5,0.5,0.0,2.0,-0.5371250945290718,0.001,0.005,stable,7,primary,0.7082583077635121,,0,block,65536,1010,-0.05439130065831159,SOURCE_RUN\raw\task-0022-dynamic-stable-nu1p5-N80-s1010-primary-d7b46ad9c5\arrays.npz,80,student_t,1.5,dynamic,True,extreme
1.5,,0.5,0.5,0.0,2.0,-0.35705424934472313,0.001,0.01,stable,10,primary,0.42577122999127437,,0,block,65536,1010,-0.0259200077780403,SOURCE_RUN\raw\task-0022-dynamic-stable-nu1p5-N80-s1010-primary-d7b46ad9c5\arrays.npz,80,student_t,1.5,dynamic,True,primary
1.5,,0.5,0.5,0.0,2.0,-0.13177229930804385,0.002,0.02,stable,10,primary,0.18821711147341424,,1,block,65536,1010,0.007504917527579884,SOURCE_RUN\raw\task-0022-dynamic-stable-nu1p5-N80-s1010-primary-d7b46ad9c5\arrays.npz,80,student_t,1.5,dynamic,True,broad
1.5,,0.5,0.5,0.0,2.0,0.28041238081297215,0.001,0.005,stable,7,primary,0.8495050583422419,,1,block,65536,1010,0.07817224233432127,SOURCE_RUN\raw\task-0022-dynamic-stable-nu1p5-N80-s1010-primary-d7b46ad9c5\arrays.npz,80,student_t,1.5,dynamic,True,extreme
1.5,,0.5,0.5,0.0,2.0,0.06656639343209468,0.001,0.01,stable,10,primary,0.6694604588990196,,1,block,65536,1010,0.04444098320947135,SOURCE_RUN\raw\task-0022-dynamic-stable-nu1p5-N80-s1010-primary-d7b46ad9c5\arrays.npz,80,student_t,1.5,dynamic,True,primary
1.5,,0.5,0.5,0.0,2.0,-0.320193642373293,0.002,0.02,stable,10,primary,0.8458000336534859,,2,block,65536,1010,-0.03425596090019693,SOURCE_RUN\raw\task-0022-dynamic-stable-nu1p5-N80-s1010-primary-d7b46ad9c5\arrays.npz,80,student_t,1.5,dynamic,True,broad
1.5,,0.5,0.5,0.0,2.0,-0.2916215462519257,0.001,0.005,stable,7,primary,0.6724808662171449,,2,block,65536,1010,-0.029088647955618142,SOURCE_RUN\raw\task-0022-dynamic-stable-nu1p5-N80-s1010-primary-d7b46ad9c5\arrays.npz,80,student_t,1.5,dynamic,True,extreme
1.5,,0.5,0.5,0.0,2.0,-0.3037640233616682,0.001,0.01,stable,10,primary,0.8438695228354087,,2,block,65536,1010,-0.031085981692334407,SOURCE_RUN\raw\task-0022-dynamic-stable-nu1p5-N80-s1010-primary-d7b46ad9c5\arrays.npz,80,student_t,1.5,dynamic,True,primary
1.5,,0.5,0.5,0.0,2.0,-0.0796924905009707,0.002,0.02,stable,10,primary,0.388843446836892,,3,block,65536,1010,0.012345805941112764,SOURCE_RUN\raw\task-0022-dynamic-stable-nu1p5-N80-s1010-primary-d7b46ad9c5\arrays.npz,80,student_t,1.5,dynamic,True,broad
1.5,,0.5,0.5,0.0,2.0,0.03189547686363107,0.001,0.005,stable,7,primary,0.3898412563104159,,3,block,65536,1010,0.03283855626168275,SOURCE_RUN\raw\task-0022-dynamic-stable-nu1p5-N80-s1010-primary-d7b46ad9c5\arrays.npz,80,student_t,1.5,dynamic,True,extreme
1.5,,0.5,0.5,0.0,2.0,-0.016349728293221562,0.001,0.01,stable,10,primary,0.5095130565803105,,3,block,65536,1010,0.025284329643639143,SOURCE_RUN\raw\task-0022-dynamic-stable-nu1p5-N80-s1010-primary-d7b46ad9c5\arrays.npz,80,student_t,1.5,dynamic,True,primary
1.5,,0.5,0.5,0.0,2.0,-0.1718996058437826,0.002,0.02,stable,10,primary,0.017472347901637098,,-1,full,262144,1010,-0.0013934590461833613,SOURCE_RUN\raw\task-0022-dynamic-stable-nu1p5-N80-s1010-primary-d7b46ad9c5\arrays.npz,80,student_t,1.5,dynamic,True,broad
1.5,,0.5,0.5,0.0,2.0,-0.13342958111647002,0.001,0.005,stable,7,primary,0.09094788151191158,,-1,full,262144,1010,0.005761856087792255,SOURCE_RUN\raw\task-0022-dynamic-stable-nu1p5-N80-s1010-primary-d7b46ad9c5\arrays.npz,80,student_t,1.5,dynamic,True,extreme
1.5,,0.5,0.5,0.0,2.0,-0.14935743973321222,0.001,0.01,stable,10,primary,0.08152817417703628,,-1,full,262144,1010,0.003238473045628335,SOURCE_RUN\raw\task-0022-dynamic-stable-nu1p5-N80-s1010-primary-d7b46ad9c5\arrays.npz,80,student_t,1.5,dynamic,True,primary
1.5,,0.5,0.5,0.0,2.0,-0.1377748129604936,0.002,0.02,stable,10,primary,0.4752349336150393,,-1,nested,131072,1010,0.010186218076121393,SOURCE_RUN\raw\task-0022-dynamic-stable-nu1p5-N80-s1010-primary-d7b46ad9c5\arrays.npz,80,student_t,1.5,dynamic,True,broad
1.5,,0.5,0.5,0.0,2.0,-0.14117440183462612,0.001,0.005,stable,7,primary,0.1728181599522861,,-1,nested,131072,1010,0.008643360439475502,SOURCE_RUN\raw\task-0022-dynamic-stable-nu1p5-N80-s1010-primary-d7b46ad9c5\arrays.npz,80,student_t,1.5,dynamic,True,extreme
1.5,,0.5,0.5,0.0,2.0,-0.17567142218561524,0.001,0.01,stable,10,primary,0.06558039298559815,,-1,nested,131072,1010,0.0032084671388572204,SOURCE_RUN\raw\task-0022-dynamic-stable-nu1p5-N80-s1010-primary-d7b46ad9c5\arrays.npz,80,student_t,1.5,dynamic,True,primary
1.5,,0.5,0.5,0.0,2.0,-0.0905470366437302,0.002,0.02,stable,10,primary,0.7354420279244958,,-1,nested,65536,1010,0.02449516780769621,SOURCE_RUN\raw\task-0022-dynamic-stable-nu1p5-N80-s1010-primary-d7b46ad9c5\arrays.npz,80,student_t,1.5,dynamic,True,broad
1.5,,0.5,0.5,0.0,2.0,-0.5371250945290718,0.001,0.005,stable,7,primary,0.7082583077635121,,-1,nested,65536,1010,-0.05439130065831159,SOURCE_RUN\raw\task-0022-dynamic-stable-nu1p5-N80-s1010-primary-d7b46ad9c5\arrays.npz,80,student_t,1.5,dynamic,True,extreme
1.5,,0.5,0.5,0.0,2.0,-0.35705424934472313,0.001,0.01,stable,10,primary,0.42577122999127437,,-1,nested,65536,1010,-0.0259200077780403,SOURCE_RUN\raw\task-0022-dynamic-stable-nu1p5-N80-s1010-primary-d7b46ad9c5\arrays.npz,80,student_t,1.5,dynamic,True,primary
1.5,,0.5,0.5,0.0,2.0,-0.1391190572665228,0.002,0.02,stable,10,primary,0.4580679827567693,,0,block,65536,1011,0.008438634333326724,SOURCE_RUN\raw\task-0023-dynamic-stable-nu1p5-N80-s1011-primary-c30e9ee234\arrays.npz,80,student_t,1.5,dynamic,True,broad
1.5,,0.5,0.5,0.0,2.0,0.03963697788862415,0.001,0.005,stable,7,primary,0.7861734576289033,,0,block,65536,1011,0.03927224813704452,SOURCE_RUN\raw\task-0023-dynamic-stable-nu1p5-N80-s1011-primary-c30e9ee234\arrays.npz,80,student_t,1.5,dynamic,True,extreme
1.5,,0.5,0.5,0.0,2.0,-0.055579775624806274,0.001,0.01,stable,10,primary,0.6562165401944576,,0,block,65536,1011,0.02418409059398243,SOURCE_RUN\raw\task-0023-dynamic-stable-nu1p5-N80-s1011-primary-c30e9ee234\arrays.npz,80,student_t,1.5,dynamic,True,primary
1.5,,0.5,0.5,0.0,2.0,0.06144597498229816,0.002,0.02,stable,10,primary,0.8564193011403014,,1,block,65536,1011,0.05381339849797972,SOURCE_RUN\raw\task-0023-dynamic-stable-nu1p5-N80-s1011-primary-c30e9ee234\arrays.npz,80,student_t,1.5,dynamic,True,broad
1.5,,0.5,0.5,0.0,2.0,-0.5286919255832907,0.001,0.005,stable,7,primary,0.3801398996933055,,1,block,65536,1011,-0.04751733419395471,SOURCE_RUN\raw\task-0023-dynamic-stable-nu1p5-N80-s1011-primary-c30e9ee234\arrays.npz,80,student_t,1.5,dynamic,True,extreme
1.5,,0.5,0.5,0.0,2.0,-0.15940733953448918,0.001,0.01,stable,10,primary,0.036041667333003846,,1,block,65536,1011,0.01058253555832522,SOURCE_RUN\raw\task-0023-dynamic-stable-nu1p5-N80-s1011-primary-c30e9ee234\arrays.npz,80,student_t,1.5,dynamic,True,primary
1.5,,0.5,0.5,0.0,2.0,-0.255153901160178,0.002,0.02,stable,10,primary,0.5272288820530923,,2,block,65536,1011,-0.020333889026542606,SOURCE_RUN\raw\task-0023-dynamic-stable-nu1p5-N80-s1011-primary-c30e9ee234\arrays.npz,80,student_t,1.5,dynamic,True,broad
1.5,,0.5,0.5,0.0,2.0,0.2253695474219287,0.001,0.005,stable,7,primary,0.8667833717674771,,2,block,65536,1011,0.06218292677659259,SOURCE_RUN\raw\task-0023-dynamic-stable-nu1p5-N80-s1011-primary-c30e9ee234\arrays.npz,80,student_t,1.5,dynamic,True,extreme
1.5,,0.5,0.5,0.0,2.0,-0.04826325395478586,0.001,0.01,stable,10,primary,0.22922251713095243,,2,block,65536,1011,0.019019724230879408,SOURCE_RUN\raw\task-0023-dynamic-stable-nu1p5-N80-s1011-primary-c30e9ee234\arrays.npz,80,student_t,1.5,dynamic,True,primary
1.5,,0.5,0.5,0.0,2.0,0.011952653552557055,0.002,0.02,stable,10,primary,0.916099740205172,,3,block,65536,1011,0.045401817224726936,SOURCE_RUN\raw\task-0023-dynamic-stable-nu1p5-N80-s1011-primary-c30e9ee234\arrays.npz,80,student_t,1.5,dynamic,True,broad
1.5,,0.5,0.5,0.0,2.0,-0.004544179839140989,0.001,0.005,stable,7,primary,0.722732325626515,,3,block,65536,1011,0.04289154162806558,SOURCE_RUN\raw\task-0023-dynamic-stable-nu1p5-N80-s1011-primary-c30e9ee234\arrays.npz,80,student_t,1.5,dynamic,True,extreme
1.5,,0.5,0.5,0.0,2.0,0.036829325497545286,0.001,0.01,stable,10,primary,0.8932808118036089,,3,block,65536,1011,0.04933415638907021,SOURCE_RUN\raw\task-0023-dynamic-stable-nu1p5-N80-s1011-primary-c30e9ee234\arrays.npz,80,student_t,1.5,dynamic,True,primary
1.5,,0.5,0.5,0.0,2.0,-0.0740642426423868,0.002,0.02,stable,10,primary,0.8667338249014032,,-1,full,262144,1011,0.02337103089775995,SOURCE_RUN\raw\task-0023-dynamic-stable-nu1p5-N80-s1011-primary-c30e9ee234\arrays.npz,80,student_t,1.5,dynamic,True,broad
1.5,,0.5,0.5,0.0,2.0,-0.09488497383018739,0.001,0.005,stable,7,primary,0.7032282509890238,,-1,full,262144,1011,0.019912418372806325,SOURCE_RUN\raw\task-0023-dynamic-stable-nu1p5-N80-s1011-primary-c30e9ee234\arrays.npz,80,student_t,1.5,dynamic,True,extreme
1.5,,0.5,0.5,0.0,2.0,-0.0661361923490247,0.001,0.01,stable,10,primary,0.8723573470602787,,-1,full,262144,1011,0.024376115421664006,SOURCE_RUN\raw\task-0023-dynamic-stable-nu1p5-N80-s1011-primary-c30e9ee234\arrays.npz,80,student_t,1.5,dynamic,True,primary
1.5,,0.5,0.5,0.0,2.0,-0.03865434697785633,0.002,0.02,stable,10,primary,0.8754668432550454,,-1,nested,131072,1011,0.03124108129103619,SOURCE_RUN\raw\task-0023-dynamic-stable-nu1p5-N80-s1011-primary-c30e9ee234\arrays.npz,80,student_t,1.5,dynamic,True,broad
1.5,,0.5,0.5,0.0,2.0,-0.24223279759683847,0.001,0.005,stable,7,primary,0.024035288326961668,,-1,nested,131072,1011,-0.0032431927719548,SOURCE_RUN\raw\task-0023-dynamic-stable-nu1p5-N80-s1011-primary-c30e9ee234\arrays.npz,80,student_t,1.5,dynamic,True,extreme
1.5,,0.5,0.5,0.0,2.0,-0.0990871911693702,0.001,0.01,stable,10,primary,0.4631762976643934,,-1,nested,131072,1011,0.019231569132726226,SOURCE_RUN\raw\task-0023-dynamic-stable-nu1p5-N80-s1011-primary-c30e9ee234\arrays.npz,80,student_t,1.5,dynamic,True,primary
1.5,,0.5,0.5,0.0,2.0,-0.1391190572665228,0.002,0.02,stable,10,primary,0.4580679827567693,,-1,nested,65536,1011,0.008438634333326724,SOURCE_RUN\raw\task-0023-dynamic-stable-nu1p5-N80-s1011-primary-c30e9ee234\arrays.npz,80,student_t,1.5,dynamic,True,broad
1.5,,0.5,0.5,0.0,2.0,0.03963697788862415,0.001,0.005,stable,7,primary,0.7861734576289033,,-1,nested,65536,1011,0.03927224813704452,SOURCE_RUN\raw\task-0023-dynamic-stable-nu1p5-N80-s1011-primary-c30e9ee234\arrays.npz,80,student_t,1.5,dynamic,True,extreme
1.5,,0.5,0.5,0.0,2.0,-0.055579775624806274,0.001,0.01,stable,10,primary,0.6562165401944576,,-1,nested,65536,1011,0.02418409059398243,SOURCE_RUN\raw\task-0023-dynamic-stable-nu1p5-N80-s1011-primary-c30e9ee234\arrays.npz,80,student_t,1.5,dynamic,True,primary
1.5,,0.5,0.5,-0.3333333333333333,2.0,-0.60115870155334,0.002,0.02,stable,10,primary,0.9968941053656659,,0,block,65536,1000,-0.20373823683354936,SOURCE_RUN\raw\task-0024-dynamic-stable-nu3-N80-s1000-primary-00f74620ad\arrays.npz,80,student_t,3.0,dynamic,True,broad
1.5,,0.5,0.5,-0.3333333333333333,2.0,-0.8113500822891375,0.001,0.005,stable,7,primary,0.9617971925532799,,0,block,65536,1000,-0.24083273990567702,SOURCE_RUN\raw\task-0024-dynamic-stable-nu3-N80-s1000-primary-00f74620ad\arrays.npz,80,student_t,3.0,dynamic,True,extreme
1.5,,0.5,0.5,-0.3333333333333333,2.0,-0.7212535546159792,0.001,0.01,stable,10,primary,0.982879225213027,,0,block,65536,1000,-0.22663160045783357,SOURCE_RUN\raw\task-0024-dynamic-stable-nu3-N80-s1000-primary-00f74620ad\arrays.npz,80,student_t,3.0,dynamic,True,primary
1.5,,0.5,0.5,-0.3333333333333333,2.0,-0.6124578424240359,0.002,0.02,stable,10,primary,0.9798514453688338,,1,block,65536,1000,-0.20158585357489062,SOURCE_RUN\raw\task-0024-dynamic-stable-nu3-N80-s1000-primary-00f74620ad\arrays.npz,80,student_t,3.0,dynamic,True,broad
1.5,,0.5,0.5,-0.3333333333333333,2.0,-1.0770594535857339,0.001,0.005,stable,7,primary,0.994264990160538,,1,block,65536,1000,-0.28199426051646914,SOURCE_RUN\raw\task-0024-dynamic-stable-nu3-N80-s1000-primary-00f74620ad\arrays.npz,80,student_t,3.0,dynamic,True,extreme
1.5,,0.5,0.5,-0.3333333333333333,2.0,-0.8761618172512251,0.001,0.01,stable,10,primary,0.9872888954743315,,1,block,65536,1000,-0.25020304955297196,SOURCE_RUN\raw\task-0024-dynamic-stable-nu3-N80-s1000-primary-00f74620ad\arrays.npz,80,student_t,3.0,dynamic,True,primary
1.5,,0.5,0.5,-0.3333333333333333,2.0,-0.6566283980138581,0.002,0.02,stable,10,primary,0.9954043178900934,,2,block,65536,1000,-0.21185802212036017,SOURCE_RUN\raw\task-0024-dynamic-stable-nu3-N80-s1000-primary-00f74620ad\arrays.npz,80,student_t,3.0,dynamic,True,broad
1.5,,0.5,0.5,-0.3333333333333333,2.0,-0.7257541833555669,0.001,0.005,stable,7,primary,0.971988106018914,,2,block,65536,1000,-0.22354959047757308,SOURCE_RUN\raw\task-0024-dynamic-stable-nu3-N80-s1000-primary-00f74620ad\arrays.npz,80,student_t,3.0,dynamic,True,extreme
1.5,,0.5,0.5,-0.3333333333333333,2.0,-0.6918286473128299,0.001,0.01,stable,10,primary,0.9876669378816018,,2,block,65536,1000,-0.21808282245764632,SOURCE_RUN\raw\task-0024-dynamic-stable-nu3-N80-s1000-primary-00f74620ad\arrays.npz,80,student_t,3.0,dynamic,True,primary
1.5,,0.5,0.5,-0.3333333333333333,2.0,-0.5631716878914411,0.002,0.02,stable,10,primary,0.9911828104788595,,3,block,65536,1000,-0.19196834724774714,SOURCE_RUN\raw\task-0024-dynamic-stable-nu3-N80-s1000-primary-00f74620ad\arrays.npz,80,student_t,3.0,dynamic,True,broad
1.5,,0.5,0.5,-0.3333333333333333,2.0,-1.0124403106819706,0.001,0.005,stable,7,primary,0.9428946549465523,,3,block,65536,1000,-0.2696040508363694,SOURCE_RUN\raw\task-0024-dynamic-stable-nu3-N80-s1000-primary-00f74620ad\arrays.npz,80,student_t,3.0,dynamic,True,extreme
1.5,,0.5,0.5,-0.3333333333333333,2.0,-0.8168710726224276,0.001,0.01,stable,10,primary,0.9654282604671846,,3,block,65536,1000,-0.23871243257955438,SOURCE_RUN\raw\task-0024-dynamic-stable-nu3-N80-s1000-primary-00f74620ad\arrays.npz,80,student_t,3.0,dynamic,True,primary
1.5,,0.5,0.5,-0.3333333333333333,2.0,-0.6112612330017716,0.002,0.02,stable,10,primary,0.9950501463014487,,-1,full,262144,1000,-0.20290970724469132,SOURCE_RUN\raw\task-0024-dynamic-stable-nu3-N80-s1000-primary-00f74620ad\arrays.npz,80,student_t,3.0,dynamic,True,broad
1.5,,0.5,0.5,-0.3333333333333333,2.0,-0.9588728846596505,0.001,0.005,stable,7,primary,0.9850331957409711,,-1,full,262144,1000,-0.26313811063552134,SOURCE_RUN\raw\task-0024-dynamic-stable-nu3-N80-s1000-primary-00f74620ad\arrays.npz,80,student_t,3.0,dynamic,True,extreme
1.5,,0.5,0.5,-0.3333333333333333,2.0,-0.8048525932414581,0.001,0.01,stable,10,primary,0.9871714075871685,,-1,full,262144,1000,-0.23876362574369223,SOURCE_RUN\raw\task-0024-dynamic-stable-nu3-N80-s1000-primary-00f74620ad\arrays.npz,80,student_t,3.0,dynamic,True,primary
1.5,,0.5,0.5,-0.3333333333333333,2.0,-0.6078162639361906,0.002,0.02,stable,10,primary,0.9948889572076418,,-1,nested,131072,1000,-0.20299186203386493,SOURCE_RUN\raw\task-0024-dynamic-stable-nu3-N80-s1000-primary-00f74620ad\arrays.npz,80,student_t,3.0,dynamic,True,broad
1.5,,0.5,0.5,-0.3333333333333333,2.0,-0.9420947779976784,0.001,0.005,stable,7,primary,0.9961614103439589,,-1,nested,131072,1000,-0.2617350948791998,SOURCE_RUN\raw\task-0024-dynamic-stable-nu3-N80-s1000-primary-00f74620ad\arrays.npz,80,student_t,3.0,dynamic,True,extreme
1.5,,0.5,0.5,-0.3333333333333333,2.0,-0.8104260718906071,0.001,0.01,stable,10,primary,0.9934223194602699,,-1,nested,131072,1000,-0.24088797459741162,SOURCE_RUN\raw\task-0024-dynamic-stable-nu3-N80-s1000-primary-00f74620ad\arrays.npz,80,student_t,3.0,dynamic,True,primary
1.5,,0.5,0.5,-0.3333333333333333,2.0,-0.60115870155334,0.002,0.02,stable,10,primary,0.9968941053656659,,-1,nested,65536,1000,-0.20373823683354936,SOURCE_RUN\raw\task-0024-dynamic-stable-nu3-N80-s1000-primary-00f74620ad\arrays.npz,80,student_t,3.0,dynamic,True,broad
1.5,,0.5,0.5,-0.3333333333333333,2.0,-0.8113500822891375,0.001,0.005,stable,7,primary,0.9617971925532799,,-1,nested,65536,1000,-0.24083273990567702,SOURCE_RUN\raw\task-0024-dynamic-stable-nu3-N80-s1000-primary-00f74620ad\arrays.npz,80,student_t,3.0,dynamic,True,extreme
1.5,,0.5,0.5,-0.3333333333333333,2.0,-0.7212535546159792,0.001,0.01,stable,10,primary,0.982879225213027,,-1,nested,65536,1000,-0.22663160045783357,SOURCE_RUN\raw\task-0024-dynamic-stable-nu3-N80-s1000-primary-00f74620ad\arrays.npz,80,student_t,3.0,dynamic,True,primary
1.5,,0.5,0.5,-0.3333333333333333,2.0,-0.6988381702343492,0.002,0.02,stable,10,primary,0.9771356593516688,,0,block,65536,1001,-0.212335181496453,SOURCE_RUN\raw\task-0025-dynamic-stable-nu3-N80-s1001-primary-efb2b47a50\arrays.npz,80,student_t,3.0,dynamic,True,broad
1.5,,0.5,0.5,-0.3333333333333333,2.0,-0.6601296234769986,0.001,0.005,stable,7,primary,0.9544679632617139,,0,block,65536,1001,-0.20524154800735017,SOURCE_RUN\raw\task-0025-dynamic-stable-nu3-N80-s1001-primary-efb2b47a50\arrays.npz,80,student_t,3.0,dynamic,True,extreme
1.5,,0.5,0.5,-0.3333333333333333,2.0,-0.7325986827245204,0.001,0.01,stable,10,primary,0.9836237435142898,,0,block,65536,1001,-0.21657339542261475,SOURCE_RUN\raw\task-0025-dynamic-stable-nu3-N80-s1001-primary-efb2b47a50\arrays.npz,80,student_t,3.0,dynamic,True,primary
1.5,,0.5,0.5,-0.3333333333333333,2.0,-0.5368688902316516,0.002,0.02,stable,10,primary,0.9686713165183013,,1,block,65536,1001,-0.17530150275433487,SOURCE_RUN\raw\task-0025-dynamic-stable-nu3-N80-s1001-primary-efb2b47a50\arrays.npz,80,student_t,3.0,dynamic,True,broad
1.5,,0.5,0.5,-0.3333333333333333,2.0,-1.5228051530119182,0.001,0.005,stable,7,primary,0.9654194299250205,,1,block,65536,1001,-0.34741590432483566,SOURCE_RUN\raw\task-0025-dynamic-stable-nu3-N80-s1001-primary-efb2b47a50\arrays.npz,80,student_t,3.0,dynamic,True,extreme
1.5,,0.5,0.5,-0.3333333333333333,2.0,-1.100266804039694,0.001,0.01,stable,10,primary,0.9472885741548213,,1,block,65536,1001,-0.2805435475470169,SOURCE_RUN\raw\task-0025-dynamic-stable-nu3-N80-s1001-primary-efb2b47a50\arrays.npz,80,student_t,3.0,dynamic,True,primary
1.5,,0.5,0.5,-0.3333333333333333,2.0,-0.6770658737250581,0.002,0.02,stable,10,primary,0.9851362240666043,,2,block,65536,1001,-0.20779141362955855,SOURCE_RUN\raw\task-0025-dynamic-stable-nu3-N80-s1001-primary-efb2b47a50\arrays.npz,80,student_t,3.0,dynamic,True,broad
1.5,,0.5,0.5,-0.3333333333333333,2.0,-1.136389145968165,0.001,0.005,stable,7,primary,0.984305290739117,,2,block,65536,1001,-0.2881265944054076,SOURCE_RUN\raw\task-0025-dynamic-stable-nu3-N80-s1001-primary-efb2b47a50\arrays.npz,80,student_t,3.0,dynamic,True,extreme
1.5,,0.5,0.5,-0.3333333333333333,2.0,-0.9815428698404218,0.001,0.01,stable,10,primary,0.98844494057397,,2,block,65536,1001,-0.2636409284728095,SOURCE_RUN\raw\task-0025-dynamic-stable-nu3-N80-s1001-primary-efb2b47a50\arrays.npz,80,student_t,3.0,dynamic,True,primary
1.5,,0.5,0.5,-0.3333333333333333,2.0,-0.6418724246800223,0.002,0.02,stable,10,primary,0.9924387356926984,,3,block,65536,1001,-0.20550040953672005,SOURCE_RUN\raw\task-0025-dynamic-stable-nu3-N80-s1001-primary-efb2b47a50\arrays.npz,80,student_t,3.0,dynamic,True,broad
1.5,,0.5,0.5,-0.3333333333333333,2.0,-1.0606944343268445,0.001,0.005,stable,7,primary,0.9804965816242218,,3,block,65536,1001,-0.2782812992529287,SOURCE_RUN\raw\task-0025-dynamic-stable-nu3-N80-s1001-primary-efb2b47a50\arrays.npz,80,student_t,3.0,dynamic,True,extreme
1.5,,0.5,0.5,-0.3333333333333333,2.0,-0.8409948762145643,0.001,0.01,stable,10,primary,0.9809235767257045,,3,block,65536,1001,-0.24375306783111317,SOURCE_RUN\raw\task-0025-dynamic-stable-nu3-N80-s1001-primary-efb2b47a50\arrays.npz,80,student_t,3.0,dynamic,True,primary
1.5,,0.5,0.5,-0.3333333333333333,2.0,-0.6527189844062896,0.002,0.02,stable,10,primary,0.985632120838191,,-1,full,262144,1001,-0.2033754215430785,SOURCE_RUN\raw\task-0025-dynamic-stable-nu3-N80-s1001-primary-efb2b47a50\arrays.npz,80,student_t,3.0,dynamic,True,broad
1.5,,0.5,0.5,-0.3333333333333333,2.0,-1.0184095875303496,0.001,0.005,stable,7,primary,0.9958143231124625,,-1,full,262144,1001,-0.26694883881030285,SOURCE_RUN\raw\task-0025-dynamic-stable-nu3-N80-s1001-primary-efb2b47a50\arrays.npz,80,student_t,3.0,dynamic,True,extreme
1.5,,0.5,0.5,-0.3333333333333333,2.0,-0.884486067540907,0.001,0.01,stable,10,primary,0.9939318725592861,,-1,full,262144,1001,-0.24577675266315033,SOURCE_RUN\raw\task-0025-dynamic-stable-nu3-N80-s1001-primary-efb2b47a50\arrays.npz,80,student_t,3.0,dynamic,True,primary
1.5,,0.5,0.5,-0.3333333333333333,2.0,-0.6215497606774321,0.002,0.02,stable,10,primary,0.9778495587477547,,-1,nested,131072,1001,-0.19477777590073583,SOURCE_RUN\raw\task-0025-dynamic-stable-nu3-N80-s1001-primary-efb2b47a50\arrays.npz,80,student_t,3.0,dynamic,True,broad
1.5,,0.5,0.5,-0.3333333333333333,2.0,-0.9919414379259696,0.001,0.005,stable,7,primary,0.9982893823080559,,-1,nested,131072,1001,-0.2593597065615161,SOURCE_RUN\raw\task-0025-dynamic-stable-nu3-N80-s1001-primary-efb2b47a50\arrays.npz,80,student_t,3.0,dynamic,True,extreme
1.5,,0.5,0.5,-0.3333333333333333,2.0,-0.8655896592926414,0.001,0.01,stable,10,primary,0.9935142233111656,,-1,nested,131072,1001,-0.2393054839482596,SOURCE_RUN\raw\task-0025-dynamic-stable-nu3-N80-s1001-primary-efb2b47a50\arrays.npz,80,student_t,3.0,dynamic,True,primary
1.5,,0.5,0.5,-0.3333333333333333,2.0,-0.6988381702343492,0.002,0.02,stable,10,primary,0.9771356593516688,,-1,nested,65536,1001,-0.212335181496453,SOURCE_RUN\raw\task-0025-dynamic-stable-nu3-N80-s1001-primary-efb2b47a50\arrays.npz,80,student_t,3.0,dynamic,True,broad
1.5,,0.5,0.5,-0.3333333333333333,2.0,-0.6601296234769986,0.001,0.005,stable,7,primary,0.9544679632617139,,-1,nested,65536,1001,-0.20524154800735017,SOURCE_RUN\raw\task-0025-dynamic-stable-nu3-N80-s1001-primary-efb2b47a50\arrays.npz,80,student_t,3.0,dynamic,True,extreme
1.5,,0.5,0.5,-0.3333333333333333,2.0,-0.7325986827245204,0.001,0.01,stable,10,primary,0.9836237435142898,,-1,nested,65536,1001,-0.21657339542261475,SOURCE_RUN\raw\task-0025-dynamic-stable-nu3-N80-s1001-primary-efb2b47a50\arrays.npz,80,student_t,3.0,dynamic,True,primary
1.5,,0.5,0.5,-0.3333333333333333,2.0,-0.7060292601793993,0.002,0.02,stable,10,primary,0.9895467983962464,,0,block,65536,1002,-0.2190444190802692,SOURCE_RUN\raw\task-0026-dynamic-stable-nu3-N80-s1002-primary-da842947bb\arrays.npz,80,student_t,3.0,dynamic,True,broad
1.5,,0.5,0.5,-0.3333333333333333,2.0,-1.2142858115663338,0.001,0.005,stable,7,primary,0.9888908101019808,,0,block,65536,1002,-0.3082733138314204,SOURCE_RUN\raw\task-0026-dynamic-stable-nu3-N80-s1002-primary-da842947bb\arrays.npz,80,student_t,3.0,dynamic,True,extreme
1.5,,0.5,0.5,-0.3333333333333333,2.0,-1.028285692199146,0.001,0.01,stable,10,primary,0.9895905913754348,,0,block,65536,1002,-0.2789352248467891,SOURCE_RUN\raw\task-0026-dynamic-stable-nu3-N80-s1002-primary-da842947bb\arrays.npz,80,student_t,3.0,dynamic,True,primary
1.5,,0.5,0.5,-0.3333333333333333,2.0,-0.7288056853658753,0.002,0.02,stable,10,primary,0.9811339786404889,,1,block,65536,1002,-0.22345876238387546,SOURCE_RUN\raw\task-0026-dynamic-stable-nu3-N80-s1002-primary-da842947bb\arrays.npz,80,student_t,3.0,dynamic,True,broad
1.5,,0.5,0.5,-0.3333333333333333,2.0,-1.140703458950739,0.001,0.005,stable,7,primary,0.9789635576668677,,1,block,65536,1002,-0.2961912061736443,SOURCE_RUN\raw\task-0026-dynamic-stable-nu3-N80-s1002-primary-da842947bb\arrays.npz,80,student_t,3.0,dynamic,True,extreme
1.5,,0.5,0.5,-0.3333333333333333,2.0,-1.02982402141845,0.001,0.01,stable,10,primary,0.9880038080120297,,1,block,65536,1002,-0.2785700579585594,SOURCE_RUN\raw\task-0026-dynamic-stable-nu3-N80-s1002-primary-da842947bb\arrays.npz,80,student_t,3.0,dynamic,True,primary
1.5,,0.5,0.5,-0.3333333333333333,2.0,-0.6677062544643301,0.002,0.02,stable,10,primary,0.9841120470996578,,2,block,65536,1002,-0.21712493885527775,SOURCE_RUN\raw\task-0026-dynamic-stable-nu3-N80-s1002-primary-da842947bb\arrays.npz,80,student_t,3.0,dynamic,True,broad
1.5,,0.5,0.5,-0.3333333333333333,2.0,-1.1708510325534742,0.001,0.005,stable,7,primary,0.9787413658060073,,2,block,65536,1002,-0.30546159048294685,SOURCE_RUN\raw\task-0026-dynamic-stable-nu3-N80-s1002-primary-da842947bb\arrays.npz,80,student_t,3.0,dynamic,True,extreme
1.5,,0.5,0.5,-0.3333333333333333,2.0,-1.0083336024394902,0.001,0.01,stable,10,primary,0.9860830234735873,,2,block,65536,1002,-0.2797757067279531,SOURCE_RUN\raw\task-0026-dynamic-stable-nu3-N80-s1002-primary-da842947bb\arrays.npz,80,student_t,3.0,dynamic,True,primary
1.5,,0.5,0.5,-0.3333333333333333,2.0,-0.6151506866937559,0.002,0.02,stable,10,primary,0.9469791221900795,,3,block,65536,1002,-0.19979739165318355,SOURCE_RUN\raw\task-0026-dynamic-stable-nu3-N80-s1002-primary-da842947bb\arrays.npz,80,student_t,3.0,dynamic,True,broad
1.5,,0.5,0.5,-0.3333333333333333,2.0,-1.0928477632664755,0.001,0.005,stable,7,primary,0.9727572395320598,,3,block,65536,1002,-0.2832069994900217,SOURCE_RUN\raw\task-0026-dynamic-stable-nu3-N80-s1002-primary-da842947bb\arrays.npz,80,student_t,3.0,dynamic,True,extreme
1.5,,0.5,0.5,-0.3333333333333333,2.0,-0.9470789684550157,0.001,0.01,stable,10,primary,0.9823813756889279,,3,block,65536,1002,-0.2600695862601822,SOURCE_RUN\raw\task-0026-dynamic-stable-nu3-N80-s1002-primary-da842947bb\arrays.npz,80,student_t,3.0,dynamic,True,primary
1.5,,0.5,0.5,-0.3333333333333333,2.0,-0.673437924431072,0.002,0.02,stable,10,primary,0.982073598529202,,-1,full,262144,1002,-0.21376941538320637,SOURCE_RUN\raw\task-0026-dynamic-stable-nu3-N80-s1002-primary-da842947bb\arrays.npz,80,student_t,3.0,dynamic,True,broad
1.5,,0.5,0.5,-0.3333333333333333,2.0,-1.125216295372568,0.001,0.005,stable,7,primary,0.9963079150540716,,-1,full,262144,1002,-0.2932306412703067,SOURCE_RUN\raw\task-0026-dynamic-stable-nu3-N80-s1002-primary-da842947bb\arrays.npz,80,student_t,3.0,dynamic,True,extreme
1.5,,0.5,0.5,-0.3333333333333333,2.0,-0.9890642962522654,0.001,0.01,stable,10,primary,0.9943757409012821,,-1,full,262144,1002,-0.2716803666395283,SOURCE_RUN\raw\task-0026-dynamic-stable-nu3-N80-s1002-primary-da842947bb\arrays.npz,80,student_t,3.0,dynamic,True,primary
1.5,,0.5,0.5,-0.3333333333333333,2.0,-0.7216464660158787,0.002,0.02,stable,10,primary,0.9859146897197082,,-1,nested,131072,1002,-0.2221369205786795,SOURCE_RUN\raw\task-0026-dynamic-stable-nu3-N80-s1002-primary-da842947bb\arrays.npz,80,student_t,3.0,dynamic,True,broad
1.5,,0.5,0.5,-0.3333333333333333,2.0,-1.1969862031846015,0.001,0.005,stable,7,primary,0.9851509017580136,,-1,nested,131072,1002,-0.30577967063881334,SOURCE_RUN\raw\task-0026-dynamic-stable-nu3-N80-s1002-primary-da842947bb\arrays.npz,80,student_t,3.0,dynamic,True,extreme
1.5,,0.5,0.5,-0.3333333333333333,2.0,-1.0446948111864744,0.001,0.01,stable,10,primary,0.9894485016605855,,-1,nested,131072,1002,-0.2816929867602475,SOURCE_RUN\raw\task-0026-dynamic-stable-nu3-N80-s1002-primary-da842947bb\arrays.npz,80,student_t,3.0,dynamic,True,primary
1.5,,0.5,0.5,-0.3333333333333333,2.0,-0.7060292601793993,0.002,0.02,stable,10,primary,0.9895467983962464,,-1,nested,65536,1002,-0.2190444190802692,SOURCE_RUN\raw\task-0026-dynamic-stable-nu3-N80-s1002-primary-da842947bb\arrays.npz,80,student_t,3.0,dynamic,True,broad
1.5,,0.5,0.5,-0.3333333333333333,2.0,-1.2142858115663338,0.001,0.005,stable,7,primary,0.9888908101019808,,-1,nested,65536,1002,-0.3082733138314204,SOURCE_RUN\raw\task-0026-dynamic-stable-nu3-N80-s1002-primary-da842947bb\arrays.npz,80,student_t,3.0,dynamic,True,extreme
1.5,,0.5,0.5,-0.3333333333333333,2.0,-1.028285692199146,0.001,0.01,stable,10,primary,0.9895905913754348,,-1,nested,65536,1002,-0.2789352248467891,SOURCE_RUN\raw\task-0026-dynamic-stable-nu3-N80-s1002-primary-da842947bb\arrays.npz,80,student_t,3.0,dynamic,True,primary
1.5,,0.5,0.5,-0.3333333333333333,2.0,-0.5706901234192532,0.002,0.02,stable,10,primary,0.9933224252410119,,0,block,65536,1003,-0.1883806940274016,SOURCE_RUN\raw\task-0027-dynamic-stable-nu3-N80-s1003-primary-689feba6f1\arrays.npz,80,student_t,3.0,dynamic,True,broad
1.5,,0.5,0.5,-0.3333333333333333,2.0,-1.3193703323592083,0.001,0.005,stable,7,primary,0.9606379168022618,,0,block,65536,1003,-0.31870230356344836,SOURCE_RUN\raw\task-0027-dynamic-stable-nu3-N80-s1003-primary-689feba6f1\arrays.npz,80,student_t,3.0,dynamic,True,extreme
1.5,,0.5,0.5,-0.3333333333333333,2.0,-0.957634708849113,0.001,0.01,stable,10,primary,0.9536652031020729,,0,block,65536,1003,-0.26153876350716776,SOURCE_RUN\raw\task-0027-dynamic-stable-nu3-N80-s1003-primary-689feba6f1\arrays.npz,80,student_t,3.0,dynamic,True,primary
1.5,,0.5,0.5,-0.3333333333333333,2.0,-0.8088164977417935,0.002,0.02,stable,10,primary,0.9792286214772156,,1,block,65536,1003,-0.2446032877577056,SOURCE_RUN\raw\task-0027-dynamic-stable-nu3-N80-s1003-primary-689feba6f1\arrays.npz,80,student_t,3.0,dynamic,True,broad
1.5,,0.5,0.5,-0.3333333333333333,2.0,-1.1115904242467778,0.001,0.005,stable,7,primary,0.9897248557623057,,1,block,65536,1003,-0.2986404393279748,SOURCE_RUN\raw\task-0027-dynamic-stable-nu3-N80-s1003-primary-689feba6f1\arrays.npz,80,student_t,3.0,dynamic,True,extreme
1.5,,0.5,0.5,-0.3333333333333333,2.0,-1.0804716252058466,0.001,0.01,stable,10,primary,0.9955319202279468,,1,block,65536,1003,-0.2937312255580645,SOURCE_RUN\raw\task-0027-dynamic-stable-nu3-N80-s1003-primary-689feba6f1\arrays.npz,80,student_t,3.0,dynamic,True,primary
1.5,,0.5,0.5,-0.3333333333333333,2.0,-0.6692998093300566,0.002,0.02,stable,10,primary,0.9837631200866871,,2,block,65536,1003,-0.21225164632411397,SOURCE_RUN\raw\task-0027-dynamic-stable-nu3-N80-s1003-primary-689feba6f1\arrays.npz,80,student_t,3.0,dynamic,True,broad
1.5,,0.5,0.5,-0.3333333333333333,2.0,-1.181210836953999,0.001,0.005,stable,7,primary,0.9909947406029168,,2,block,65536,1003,-0.3016285344494897,SOURCE_RUN\raw\task-0027-dynamic-stable-nu3-N80-s1003-primary-689feba6f1\arrays.npz,80,student_t,3.0,dynamic,True,extreme
1.5,,0.5,0.5,-0.3333333333333333,2.0,-0.9859831358082943,0.001,0.01,stable,10,primary,0.9886726097930785,,2,block,65536,1003,-0.27078273150247584,SOURCE_RUN\raw\task-0027-dynamic-stable-nu3-N80-s1003-primary-689feba6f1\arrays.npz,80,student_t,3.0,dynamic,True,primary
1.5,,0.5,0.5,-0.3333333333333333,2.0,-0.5795095061297965,0.002,0.02,stable,10,primary,0.9714248227817691,,3,block,65536,1003,-0.1915104461953367,SOURCE_RUN\raw\task-0027-dynamic-stable-nu3-N80-s1003-primary-689feba6f1\arrays.npz,80,student_t,3.0,dynamic,True,broad
1.5,,0.5,0.5,-0.3333333333333333,2.0,-1.2227799283776142,0.001,0.005,stable,7,primary,0.9878607628776992,,3,block,65536,1003,-0.3039511993675695,SOURCE_RUN\raw\task-0027-dynamic-stable-nu3-N80-s1003-primary-689feba6f1\arrays.npz,80,student_t,3.0,dynamic,True,extreme
1.5,,0.5,0.5,-0.3333333333333333,2.0,-0.9636489656837699,0.001,0.01,stable,10,primary,0.9800703865567724,,3,block,65536,1003,-0.26297310115099143,SOURCE_RUN\raw\task-0027-dynamic-stable-nu3-N80-s1003-primary-689feba6f1\arrays.npz,80,student_t,3.0,dynamic,True,primary
1.5,,0.5,0.5,-0.3333333333333333,2.0,-0.6496912097595314,0.002,0.02,stable,10,primary,0.9840184156503635,,-1,full,262144,1003,-0.20746997331042444,SOURCE_RUN\raw\task-0027-dynamic-stable-nu3-N80-s1003-primary-689feba6f1\arrays.npz,80,student_t,3.0,dynamic,True,broad
1.5,,0.5,0.5,-0.3333333333333333,2.0,-1.2632774117005512,0.001,0.005,stable,7,primary,0.9891292179220417,,-1,full,262144,1003,-0.3147197456536231,SOURCE_RUN\raw\task-0027-dynamic-stable-nu3-N80-s1003-primary-689feba6f1\arrays.npz,80,student_t,3.0,dynamic,True,extreme
1.5,,0.5,0.5,-0.3333333333333333,2.0,-1.0207017973933383,0.001,0.01,stable,10,primary,0.9840910605566099,,-1,full,262144,1003,-0.2763780741076062,SOURCE_RUN\raw\task-0027-dynamic-stable-nu3-N80-s1003-primary-689feba6f1\arrays.npz,80,student_t,3.0,dynamic,True,primary
1.5,,0.5,0.5,-0.3333333333333333,2.0,-0.6814107505246316,0.002,0.02,stable,10,primary,0.9886977305828092,,-1,nested,131072,1003,-0.2144928276375466,SOURCE_RUN\raw\task-0027-dynamic-stable-nu3-N80-s1003-primary-689feba6f1\arrays.npz,80,student_t,3.0,dynamic,True,broad
1.5,,0.5,0.5,-0.3333333333333333,2.0,-1.246702064694447,0.001,0.005,stable,7,primary,0.979380002343182,,-1,nested,131072,1003,-0.31376538859465736,SOURCE_RUN\raw\task-0027-dynamic-stable-nu3-N80-s1003-primary-689feba6f1\arrays.npz,80,student_t,3.0,dynamic,True,extreme
1.5,,0.5,0.5,-0.3333333333333333,2.0,-1.0360369347990428,0.001,0.01,stable,10,primary,0.9828716294258307,,-1,nested,131072,1003,-0.28045649861013017,SOURCE_RUN\raw\task-0027-dynamic-stable-nu3-N80-s1003-primary-689feba6f1\arrays.npz,80,student_t,3.0,dynamic,True,primary
1.5,,0.5,0.5,-0.3333333333333333,2.0,-0.5706901234192532,0.002,0.02,stable,10,primary,0.9933224252410119,,-1,nested,65536,1003,-0.1883806940274016,SOURCE_RUN\raw\task-0027-dynamic-stable-nu3-N80-s1003-primary-689feba6f1\arrays.npz,80,student_t,3.0,dynamic,True,broad
1.5,,0.5,0.5,-0.3333333333333333,2.0,-1.3193703323592083,0.001,0.005,stable,7,primary,0.9606379168022618,,-1,nested,65536,1003,-0.31870230356344836,SOURCE_RUN\raw\task-0027-dynamic-stable-nu3-N80-s1003-primary-689feba6f1\arrays.npz,80,student_t,3.0,dynamic,True,extreme
1.5,,0.5,0.5,-0.3333333333333333,2.0,-0.957634708849113,0.001,0.01,stable,10,primary,0.9536652031020729,,-1,nested,65536,1003,-0.26153876350716776,SOURCE_RUN\raw\task-0027-dynamic-stable-nu3-N80-s1003-primary-689feba6f1\arrays.npz,80,student_t,3.0,dynamic,True,primary
1.5,,0.5,0.5,-0.3333333333333333,2.0,-0.5093822821588455,0.002,0.02,stable,10,primary,0.9967506842222038,,0,block,65536,1004,-0.17651359456126406,SOURCE_RUN\raw\task-0028-dynamic-stable-nu3-N80-s1004-primary-fca08d481d\arrays.npz,80,student_t,3.0,dynamic,True,broad
1.5,,0.5,0.5,-0.3333333333333333,2.0,-0.6826762498829774,0.001,0.005,stable,7,primary,0.9650935647235688,,0,block,65536,1004,-0.20707810188281345,SOURCE_RUN\raw\task-0028-dynamic-stable-nu3-N80-s1004-primary-fca08d481d\arrays.npz,80,student_t,3.0,dynamic,True,extreme
1.5,,0.5,0.5,-0.3333333333333333,2.0,-0.5979394169049457,0.001,0.01,stable,10,primary,0.9825083322326342,,0,block,65536,1004,-0.19363845324243703,SOURCE_RUN\raw\task-0028-dynamic-stable-nu3-N80-s1004-primary-fca08d481d\arrays.npz,80,student_t,3.0,dynamic,True,primary
1.5,,0.5,0.5,-0.3333333333333333,2.0,-0.476860134689977,0.002,0.02,stable,10,primary,0.9844617751745963,,1,block,65536,1004,-0.17103058202000124,SOURCE_RUN\raw\task-0028-dynamic-stable-nu3-N80-s1004-primary-fca08d481d\arrays.npz,80,student_t,3.0,dynamic,True,broad
1.5,,0.5,0.5,-0.3333333333333333,2.0,-1.2497491738026294,0.001,0.005,stable,7,primary,0.9513058862145869,,1,block,65536,1004,-0.306791294343864,SOURCE_RUN\raw\task-0028-dynamic-stable-nu3-N80-s1004-primary-fca08d481d\arrays.npz,80,student_t,3.0,dynamic,True,extreme
1.5,,0.5,0.5,-0.3333333333333333,2.0,-0.9352052209105828,0.001,0.01,stable,10,primary,0.9577905241537187,,1,block,65536,1004,-0.25721673230778713,SOURCE_RUN\raw\task-0028-dynamic-stable-nu3-N80-s1004-primary-fca08d481d\arrays.npz,80,student_t,3.0,dynamic,True,primary
1.5,,0.5,0.5,-0.3333333333333333,2.0,-0.6285731433124437,0.002,0.02,stable,10,primary,0.9756210959211118,,2,block,65536,1004,-0.19912232567011506,SOURCE_RUN\raw\task-0028-dynamic-stable-nu3-N80-s1004-primary-fca08d481d\arrays.npz,80,student_t,3.0,dynamic,True,broad
1.5,,0.5,0.5,-0.3333333333333333,2.0,-0.7365033635584264,0.001,0.005,stable,7,primary,0.9923720364344315,,2,block,65536,1004,-0.2194729101944729,SOURCE_RUN\raw\task-0028-dynamic-stable-nu3-N80-s1004-primary-fca08d481d\arrays.npz,80,student_t,3.0,dynamic,True,extreme
1.5,,0.5,0.5,-0.3333333333333333,2.0,-0.7916406856499009,0.001,0.01,stable,10,primary,0.9961473872621587,,2,block,65536,1004,-0.2280774899120868,SOURCE_RUN\raw\task-0028-dynamic-stable-nu3-N80-s1004-primary-fca08d481d\arrays.npz,80,student_t,3.0,dynamic,True,primary
1.5,,0.5,0.5,-0.3333333333333333,2.0,-0.6814722498490432,0.002,0.02,stable,10,primary,0.9886294510351088,,3,block,65536,1004,-0.2126510034536875,SOURCE_RUN\raw\task-0028-dynamic-stable-nu3-N80-s1004-primary-fca08d481d\arrays.npz,80,student_t,3.0,dynamic,True,broad
1.5,,0.5,0.5,-0.3333333333333333,2.0,-1.2170693835482345,0.001,0.005,stable,7,primary,0.9927719556829878,,3,block,65536,1004,-0.30601128868951993,SOURCE_RUN\raw\task-0028-dynamic-stable-nu3-N80-s1004-primary-fca08d481d\arrays.npz,80,student_t,3.0,dynamic,True,extreme
1.5,,0.5,0.5,-0.3333333333333333,2.0,-1.0049593687057703,0.001,0.01,stable,10,primary,0.9887128540964262,,3,block,65536,1004,-0.27252799717475257,SOURCE_RUN\raw\task-0028-dynamic-stable-nu3-N80-s1004-primary-fca08d481d\arrays.npz,80,student_t,3.0,dynamic,True,primary
1.5,,0.5,0.5,-0.3333333333333333,2.0,-0.5807461342762474,0.002,0.02,stable,10,primary,0.9915959902789343,,-1,full,262144,1004,-0.1915010850167714,SOURCE_RUN\raw\task-0028-dynamic-stable-nu3-N80-s1004-primary-fca08d481d\arrays.npz,80,student_t,3.0,dynamic,True,broad
1.5,,0.5,0.5,-0.3333333333333333,2.0,-1.0103947657108963,0.001,0.005,stable,7,primary,0.9801819193377287,,-1,full,262144,1004,-0.26681610564155755,SOURCE_RUN\raw\task-0028-dynamic-stable-nu3-N80-s1004-primary-fca08d481d\arrays.npz,80,student_t,3.0,dynamic,True,extreme
1.5,,0.5,0.5,-0.3333333333333333,2.0,-0.8531306592653142,0.001,0.01,stable,10,primary,0.9856505237679898,,-1,full,262144,1004,-0.24196324554293086,SOURCE_RUN\raw\task-0028-dynamic-stable-nu3-N80-s1004-primary-fca08d481d\arrays.npz,80,student_t,3.0,dynamic,True,primary
1.5,,0.5,0.5,-0.3333333333333333,2.0,-0.49330020552599174,0.002,0.02,stable,10,primary,0.9966174475008848,,-1,nested,131072,1004,-0.17392887442313198,SOURCE_RUN\raw\task-0028-dynamic-stable-nu3-N80-s1004-primary-fca08d481d\arrays.npz,80,student_t,3.0,dynamic,True,broad
1.5,,0.5,0.5,-0.3333333333333333,2.0,-1.0226081968911334,0.001,0.005,stable,7,primary,0.9480295249717487,,-1,nested,131072,1004,-0.2663612853657047,SOURCE_RUN\raw\task-0028-dynamic-stable-nu3-N80-s1004-primary-fca08d481d\arrays.npz,80,student_t,3.0,dynamic,True,extreme
1.5,,0.5,0.5,-0.3333333333333333,2.0,-0.7879556554464245,0.001,0.01,stable,10,primary,0.9622158817013361,,-1,nested,131072,1004,-0.2293262638587589,SOURCE_RUN\raw\task-0028-dynamic-stable-nu3-N80-s1004-primary-fca08d481d\arrays.npz,80,student_t,3.0,dynamic,True,primary
1.5,,0.5,0.5,-0.3333333333333333,2.0,-0.5093822821588455,0.002,0.02,stable,10,primary,0.9967506842222038,,-1,nested,65536,1004,-0.17651359456126406,SOURCE_RUN\raw\task-0028-dynamic-stable-nu3-N80-s1004-primary-fca08d481d\arrays.npz,80,student_t,3.0,dynamic,True,broad
1.5,,0.5,0.5,-0.3333333333333333,2.0,-0.6826762498829774,0.001,0.005,stable,7,primary,0.9650935647235688,,-1,nested,65536,1004,-0.20707810188281345,SOURCE_RUN\raw\task-0028-dynamic-stable-nu3-N80-s1004-primary-fca08d481d\arrays.npz,80,student_t,3.0,dynamic,True,extreme
1.5,,0.5,0.5,-0.3333333333333333,2.0,-0.5979394169049457,0.001,0.01,stable,10,primary,0.9825083322326342,,-1,nested,65536,1004,-0.19363845324243703,SOURCE_RUN\raw\task-0028-dynamic-stable-nu3-N80-s1004-primary-fca08d481d\arrays.npz,80,student_t,3.0,dynamic,True,primary
1.5,,0.5,0.5,-0.3333333333333333,2.0,-0.7075894104184816,0.002,0.02,stable,10,primary,0.9793127746476015,,0,block,65536,1005,-0.21537004113730193,SOURCE_RUN\raw\task-0029-dynamic-stable-nu3-N80-s1005-primary-36d35dd085\arrays.npz,80,student_t,3.0,dynamic,True,broad
1.5,,0.5,0.5,-0.3333333333333333,2.0,-1.4748784671965482,0.001,0.005,stable,7,primary,0.9850808668731904,,0,block,65536,1005,-0.3509267109396447,SOURCE_RUN\raw\task-0029-dynamic-stable-nu3-N80-s1005-primary-36d35dd085\arrays.npz,80,student_t,3.0,dynamic,True,extreme
1.5,,0.5,0.5,-0.3333333333333333,2.0,-1.207116908398061,0.001,0.01,stable,10,primary,0.9815321436201848,,0,block,65536,1005,-0.3085533735388823,SOURCE_RUN\raw\task-0029-dynamic-stable-nu3-N80-s1005-primary-36d35dd085\arrays.npz,80,student_t,3.0,dynamic,True,primary
1.5,,0.5,0.5,-0.3333333333333333,2.0,-0.5673321733174943,0.002,0.02,stable,10,primary,0.9833402786199851,,1,block,65536,1005,-0.19425232369151268,SOURCE_RUN\raw\task-0029-dynamic-stable-nu3-N80-s1005-primary-36d35dd085\arrays.npz,80,student_t,3.0,dynamic,True,broad
1.5,,0.5,0.5,-0.3333333333333333,2.0,-1.0501062406203177,0.001,0.005,stable,7,primary,0.9926292558085992,,1,block,65536,1005,-0.2795617788702326,SOURCE_RUN\raw\task-0029-dynamic-stable-nu3-N80-s1005-primary-36d35dd085\arrays.npz,80,student_t,3.0,dynamic,True,extreme
1.5,,0.5,0.5,-0.3333333333333333,2.0,-0.8999556152854734,0.001,0.01,stable,10,primary,0.9907481108341472,,1,block,65536,1005,-0.2557635579680085,SOURCE_RUN\raw\task-0029-dynamic-stable-nu3-N80-s1005-primary-36d35dd085\arrays.npz,80,student_t,3.0,dynamic,True,primary
1.5,,0.5,0.5,-0.3333333333333333,2.0,-0.666924525768877,0.002,0.02,stable,10,primary,0.9896781176174847,,2,block,65536,1005,-0.21031093346591095,SOURCE_RUN\raw\task-0029-dynamic-stable-nu3-N80-s1005-primary-36d35dd085\arrays.npz,80,student_t,3.0,dynamic,True,broad
1.5,,0.5,0.5,-0.3333333333333333,2.0,-0.683645245118046,0.001,0.005,stable,7,primary,0.9869569753488736,,2,block,65536,1005,-0.21411492724273165,SOURCE_RUN\raw\task-0029-dynamic-stable-nu3-N80-s1005-primary-36d35dd085\arrays.npz,80,student_t,3.0,dynamic,True,extreme
1.5,,0.5,0.5,-0.3333333333333333,2.0,-0.7332344531176443,0.001,0.01,stable,10,primary,0.994742770156721,,2,block,65536,1005,-0.22188632360955868,SOURCE_RUN\raw\task-0029-dynamic-stable-nu3-N80-s1005-primary-36d35dd085\arrays.npz,80,student_t,3.0,dynamic,True,primary
1.5,,0.5,0.5,-0.3333333333333333,2.0,-0.5800110186744954,0.002,0.02,stable,10,primary,0.9860506437274329,,3,block,65536,1005,-0.1963759928090583,SOURCE_RUN\raw\task-0029-dynamic-stable-nu3-N80-s1005-primary-36d35dd085\arrays.npz,80,student_t,3.0,dynamic,True,broad
1.5,,0.5,0.5,-0.3333333333333333,2.0,-0.895352768030293,0.001,0.005,stable,7,primary,0.995548114441393,,3,block,65536,1005,-0.2517843352088606,SOURCE_RUN\raw\task-0029-dynamic-stable-nu3-N80-s1005-primary-36d35dd085\arrays.npz,80,student_t,3.0,dynamic,True,extreme
1.5,,0.5,0.5,-0.3333333333333333,2.0,-0.7918396987371469,0.001,0.01,stable,10,primary,0.9935029443193528,,3,block,65536,1005,-0.235328614005174,SOURCE_RUN\raw\task-0029-dynamic-stable-nu3-N80-s1005-primary-36d35dd085\arrays.npz,80,student_t,3.0,dynamic,True,primary
1.5,,0.5,0.5,-0.3333333333333333,2.0,-0.6287833869778449,0.002,0.02,stable,10,primary,0.9883681323518178,,-1,full,262144,1005,-0.20393733109556275,SOURCE_RUN\raw\task-0029-dynamic-stable-nu3-N80-s1005-primary-36d35dd085\arrays.npz,80,student_t,3.0,dynamic,True,broad
1.5,,0.5,0.5,-0.3333333333333333,2.0,-1.0314071367910784,0.001,0.005,stable,7,primary,0.9952690114689241,,-1,full,262144,1005,-0.2750123288507588,SOURCE_RUN\raw\task-0029-dynamic-stable-nu3-N80-s1005-primary-36d35dd085\arrays.npz,80,student_t,3.0,dynamic,True,extreme
1.5,,0.5,0.5,-0.3333333333333333,2.0,-0.9072392308508254,0.001,0.01,stable,10,primary,0.993970423919429,,-1,full,262144,1005,-0.2553420504600321,SOURCE_RUN\raw\task-0029-dynamic-stable-nu3-N80-s1005-primary-36d35dd085\arrays.npz,80,student_t,3.0,dynamic,True,primary
1.5,,0.5,0.5,-0.3333333333333333,2.0,-0.6352736954053336,0.002,0.02,stable,10,primary,0.9810157046799454,,-1,nested,131072,1005,-0.2043589968382663,SOURCE_RUN\raw\task-0029-dynamic-stable-nu3-N80-s1005-primary-36d35dd085\arrays.npz,80,student_t,3.0,dynamic,True,broad
1.5,,0.5,0.5,-0.3333333333333333,2.0,-1.310226162930299,0.001,0.005,stable,7,primary,0.9897876054006846,,-1,nested,131072,1005,-0.32323600126447244,SOURCE_RUN\raw\task-0029-dynamic-stable-nu3-N80-s1005-primary-36d35dd085\arrays.npz,80,student_t,3.0,dynamic,True,extreme
1.5,,0.5,0.5,-0.3333333333333333,2.0,-1.071315361924546,0.001,0.01,stable,10,primary,0.9845908283708555,,-1,nested,131072,1005,-0.285433139870456,SOURCE_RUN\raw\task-0029-dynamic-stable-nu3-N80-s1005-primary-36d35dd085\arrays.npz,80,student_t,3.0,dynamic,True,primary
1.5,,0.5,0.5,-0.3333333333333333,2.0,-0.7075894104184816,0.002,0.02,stable,10,primary,0.9793127746476015,,-1,nested,65536,1005,-0.21537004113730193,SOURCE_RUN\raw\task-0029-dynamic-stable-nu3-N80-s1005-primary-36d35dd085\arrays.npz,80,student_t,3.0,dynamic,True,broad
1.5,,0.5,0.5,-0.3333333333333333,2.0,-1.4748784671965482,0.001,0.005,stable,7,primary,0.9850808668731904,,-1,nested,65536,1005,-0.3509267109396447,SOURCE_RUN\raw\task-0029-dynamic-stable-nu3-N80-s1005-primary-36d35dd085\arrays.npz,80,student_t,3.0,dynamic,True,extreme
1.5,,0.5,0.5,-0.3333333333333333,2.0,-1.207116908398061,0.001,0.01,stable,10,primary,0.9815321436201848,,-1,nested,65536,1005,-0.3085533735388823,SOURCE_RUN\raw\task-0029-dynamic-stable-nu3-N80-s1005-primary-36d35dd085\arrays.npz,80,student_t,3.0,dynamic,True,primary
1.5,,0.5,0.5,-0.3333333333333333,2.0,-0.8379785720443973,0.002,0.02,stable,10,primary,0.9559750552512253,,0,block,65536,1006,-0.2557085863151222,SOURCE_RUN\raw\task-0030-dynamic-stable-nu3-N80-s1006-primary-3a8a83b0b2\arrays.npz,80,student_t,3.0,dynamic,True,broad
1.5,,0.5,0.5,-0.3333333333333333,2.0,-1.118943642344845,0.001,0.005,stable,7,primary,0.9794310409444352,,0,block,65536,1006,-0.3058941114101041,SOURCE_RUN\raw\task-0030-dynamic-stable-nu3-N80-s1006-primary-3a8a83b0b2\arrays.npz,80,student_t,3.0,dynamic,True,extreme
1.5,,0.5,0.5,-0.3333333333333333,2.0,-1.1379510474148335,0.001,0.01,stable,10,primary,0.9918034011186638,,0,block,65536,1006,-0.3087410053676223,SOURCE_RUN\raw\task-0030-dynamic-stable-nu3-N80-s1006-primary-3a8a83b0b2\arrays.npz,80,student_t,3.0,dynamic,True,primary
1.5,,0.5,0.5,-0.3333333333333333,2.0,-0.6327333424548748,0.002,0.02,stable,10,primary,0.9836060100213718,,1,block,65536,1006,-0.19933935428511912,SOURCE_RUN\raw\task-0030-dynamic-stable-nu3-N80-s1006-primary-3a8a83b0b2\arrays.npz,80,student_t,3.0,dynamic,True,broad
1.5,,0.5,0.5,-0.3333333333333333,2.0,-0.7544325894833436,0.001,0.005,stable,7,primary,0.9872317119688626,,1,block,65536,1006,-0.22089876848107226,SOURCE_RUN\raw\task-0030-dynamic-stable-nu3-N80-s1006-primary-3a8a83b0b2\arrays.npz,80,student_t,3.0,dynamic,True,extreme
1.5,,0.5,0.5,-0.3333333333333333,2.0,-0.7629625173148411,0.001,0.01,stable,10,primary,0.9951072311405065,,1,block,65536,1006,-0.22217057994502956,SOURCE_RUN\raw\task-0030-dynamic-stable-nu3-N80-s1006-primary-3a8a83b0b2\arrays.npz,80,student_t,3.0,dynamic,True,primary
1.5,,0.5,0.5,-0.3333333333333333,2.0,-0.6172296067636344,0.002,0.02,stable,10,primary,0.9759363187015202,,2,block,65536,1006,-0.19934918701127294,SOURCE_RUN\raw\task-0030-dynamic-stable-nu3-N80-s1006-primary-3a8a83b0b2\arrays.npz,80,student_t,3.0,dynamic,True,broad
1.5,,0.5,0.5,-0.3333333333333333,2.0,-0.6879965286795552,0.001,0.005,stable,7,primary,0.9772532257374592,,2,block,65536,1006,-0.21279518297293737,SOURCE_RUN\raw\task-0030-dynamic-stable-nu3-N80-s1006-primary-3a8a83b0b2\arrays.npz,80,student_t,3.0,dynamic,True,extreme
1.5,,0.5,0.5,-0.3333333333333333,2.0,-0.745597906631917,0.001,0.01,stable,10,primary,0.9887995913679553,,2,block,65536,1006,-0.22168779036566363,SOURCE_RUN\raw\task-0030-dynamic-stable-nu3-N80-s1006-primary-3a8a83b0b2\arrays.npz,80,student_t,3.0,dynamic,True,primary
1.5,,0.5,0.5,-0.3333333333333333,2.0,-0.674039777637976,0.002,0.02,stable,10,primary,0.9878956467717575,,3,block,65536,1006,-0.2163367819376927,SOURCE_RUN\raw\task-0030-dynamic-stable-nu3-N80-s1006-primary-3a8a83b0b2\arrays.npz,80,student_t,3.0,dynamic,True,broad
1.5,,0.5,0.5,-0.3333333333333333,2.0,-0.9593579136503643,0.001,0.005,stable,7,primary,0.9911713038671917,,3,block,65536,1006,-0.2665660127738924,SOURCE_RUN\raw\task-0030-dynamic-stable-nu3-N80-s1006-primary-3a8a83b0b2\arrays.npz,80,student_t,3.0,dynamic,True,extreme
1.5,,0.5,0.5,-0.3333333333333333,2.0,-0.8945043974278827,0.001,0.01,stable,10,primary,0.9950414963631378,,3,block,65536,1006,-0.25624740760715237,SOURCE_RUN\raw\task-0030-dynamic-stable-nu3-N80-s1006-primary-3a8a83b0b2\arrays.npz,80,student_t,3.0,dynamic,True,primary
1.5,,0.5,0.5,-0.3333333333333333,2.0,-0.682744592607152,0.002,0.02,stable,10,primary,0.9793627824613487,,-1,full,262144,1006,-0.21615104291069884,SOURCE_RUN\raw\task-0030-dynamic-stable-nu3-N80-s1006-primary-3a8a83b0b2\arrays.npz,80,student_t,3.0,dynamic,True,broad
1.5,,0.5,0.5,-0.3333333333333333,2.0,-0.9806120683678031,0.001,0.005,stable,7,primary,0.9978246709872585,,-1,full,262144,1006,-0.2687901297117254,SOURCE_RUN\raw\task-0030-dynamic-stable-nu3-N80-s1006-primary-3a8a83b0b2\arrays.npz,80,student_t,3.0,dynamic,True,extreme
1.5,,0.5,0.5,-0.3333333333333333,2.0,-0.9258921885975371,0.001,0.01,stable,10,primary,0.997352273915739,,-1,full,262144,1006,-0.2600437484306038,SOURCE_RUN\raw\task-0030-dynamic-stable-nu3-N80-s1006-primary-3a8a83b0b2\arrays.npz,80,student_t,3.0,dynamic,True,primary
1.5,,0.5,0.5,-0.3333333333333333,2.0,-0.7261010863372098,0.002,0.02,stable,10,primary,0.9707257912203756,,-1,nested,131072,1006,-0.22559516057209367,SOURCE_RUN\raw\task-0030-dynamic-stable-nu3-N80-s1006-primary-3a8a83b0b2\arrays.npz,80,student_t,3.0,dynamic,True,broad
1.5,,0.5,0.5,-0.3333333333333333,2.0,-1.009694688622182,0.001,0.005,stable,7,primary,0.9914421769079137,,-1,nested,131072,1006,-0.2755710429358811,SOURCE_RUN\raw\task-0030-dynamic-stable-nu3-N80-s1006-primary-3a8a83b0b2\arrays.npz,80,student_t,3.0,dynamic,True,extreme
1.5,,0.5,0.5,-0.3333333333333333,2.0,-0.9743213875646763,0.001,0.01,stable,10,primary,0.9958524640689634,,-1,nested,131072,1006,-0.2698942781371308,SOURCE_RUN\raw\task-0030-dynamic-stable-nu3-N80-s1006-primary-3a8a83b0b2\arrays.npz,80,student_t,3.0,dynamic,True,primary
1.5,,0.5,0.5,-0.3333333333333333,2.0,-0.8379785720443973,0.002,0.02,stable,10,primary,0.9559750552512253,,-1,nested,65536,1006,-0.2557085863151222,SOURCE_RUN\raw\task-0030-dynamic-stable-nu3-N80-s1006-primary-3a8a83b0b2\arrays.npz,80,student_t,3.0,dynamic,True,broad
1.5,,0.5,0.5,-0.3333333333333333,2.0,-1.118943642344845,0.001,0.005,stable,7,primary,0.9794310409444352,,-1,nested,65536,1006,-0.3058941114101041,SOURCE_RUN\raw\task-0030-dynamic-stable-nu3-N80-s1006-primary-3a8a83b0b2\arrays.npz,80,student_t,3.0,dynamic,True,extreme
1.5,,0.5,0.5,-0.3333333333333333,2.0,-1.1379510474148335,0.001,0.01,stable,10,primary,0.9918034011186638,,-1,nested,65536,1006,-0.3087410053676223,SOURCE_RUN\raw\task-0030-dynamic-stable-nu3-N80-s1006-primary-3a8a83b0b2\arrays.npz,80,student_t,3.0,dynamic,True,primary
1.5,,0.5,0.5,-0.3333333333333333,2.0,-0.5599732139367308,0.002,0.02,stable,10,primary,0.9714385134481553,,0,block,65536,1007,-0.18026463552525043,SOURCE_RUN\raw\task-0031-dynamic-stable-nu3-N80-s1007-primary-806eccf5c4\arrays.npz,80,student_t,3.0,dynamic,True,broad
1.5,,0.5,0.5,-0.3333333333333333,2.0,-1.0869167866121074,0.001,0.005,stable,7,primary,0.9906681698341273,,0,block,65536,1007,-0.2713168412754245,SOURCE_RUN\raw\task-0031-dynamic-stable-nu3-N80-s1007-primary-806eccf5c4\arrays.npz,80,student_t,3.0,dynamic,True,extreme
1.5,,0.5,0.5,-0.3333333333333333,2.0,-0.8647856567958272,0.001,0.01,stable,10,primary,0.983202495627675,,0,block,65536,1007,-0.23622053632281856,SOURCE_RUN\raw\task-0031-dynamic-stable-nu3-N80-s1007-primary-806eccf5c4\arrays.npz,80,student_t,3.0,dynamic,True,primary
1.5,,0.5,0.5,-0.3333333333333333,2.0,-0.6215566877290668,0.002,0.02,stable,10,primary,0.981490169601497,,1,block,65536,1007,-0.20501910342225133,SOURCE_RUN\raw\task-0031-dynamic-stable-nu3-N80-s1007-primary-806eccf5c4\arrays.npz,80,student_t,3.0,dynamic,True,broad
1.5,,0.5,0.5,-0.3333333333333333,2.0,-0.6938107363120525,0.001,0.005,stable,7,primary,0.9692522990959185,,1,block,65536,1007,-0.2178658249252093,SOURCE_RUN\raw\task-0031-dynamic-stable-nu3-N80-s1007-primary-806eccf5c4\arrays.npz,80,student_t,3.0,dynamic,True,extreme
1.5,,0.5,0.5,-0.3333333333333333,2.0,-0.70552945618246,0.001,0.01,stable,10,primary,0.9893656126414568,,1,block,65536,1007,-0.2197131897050326,SOURCE_RUN\raw\task-0031-dynamic-stable-nu3-N80-s1007-primary-806eccf5c4\arrays.npz,80,student_t,3.0,dynamic,True,primary
1.5,,0.5,0.5,-0.3333333333333333,2.0,-0.7815601281471314,0.002,0.02,stable,10,primary,0.9752596779488661,,2,block,65536,1007,-0.23371687108962325,SOURCE_RUN\raw\task-0031-dynamic-stable-nu3-N80-s1007-primary-806eccf5c4\arrays.npz,80,student_t,3.0,dynamic,True,broad
1.5,,0.5,0.5,-0.3333333333333333,2.0,-1.1176589164249802,0.001,0.005,stable,7,primary,0.9889842950297132,,2,block,65536,1007,-0.292816135290786,SOURCE_RUN\raw\task-0031-dynamic-stable-nu3-N80-s1007-primary-806eccf5c4\arrays.npz,80,student_t,3.0,dynamic,True,extreme
1.5,,0.5,0.5,-0.3333333333333333,2.0,-1.0489997073142932,0.001,0.01,stable,10,primary,0.9946207904022225,,2,block,65536,1007,-0.281985697109342,SOURCE_RUN\raw\task-0031-dynamic-stable-nu3-N80-s1007-primary-806eccf5c4\arrays.npz,80,student_t,3.0,dynamic,True,primary
1.5,,0.5,0.5,-0.3333333333333333,2.0,-0.5873987820552945,0.002,0.02,stable,10,primary,0.9877005407513808,,3,block,65536,1007,-0.19063977329886508,SOURCE_RUN\raw\task-0031-dynamic-stable-nu3-N80-s1007-primary-806eccf5c4\arrays.npz,80,student_t,3.0,dynamic,True,broad
1.5,,0.5,0.5,-0.3333333333333333,2.0,-1.0056492221979565,0.001,0.005,stable,7,primary,0.9861404537065743,,3,block,65536,1007,-0.26369454079620175,SOURCE_RUN\raw\task-0031-dynamic-stable-nu3-N80-s1007-primary-806eccf5c4\arrays.npz,80,student_t,3.0,dynamic,True,extreme
1.5,,0.5,0.5,-0.3333333333333333,2.0,-0.860570319113613,0.001,0.01,stable,10,primary,0.9893138880459118,,3,block,65536,1007,-0.2407835062108464,SOURCE_RUN\raw\task-0031-dynamic-stable-nu3-N80-s1007-primary-806eccf5c4\arrays.npz,80,student_t,3.0,dynamic,True,primary
1.5,,0.5,0.5,-0.3333333333333333,2.0,-0.6388770415788565,0.002,0.02,stable,10,primary,0.9795937399800558,,-1,full,262144,1007,-0.2025061564658078,SOURCE_RUN\raw\task-0031-dynamic-stable-nu3-N80-s1007-primary-806eccf5c4\arrays.npz,80,student_t,3.0,dynamic,True,broad
1.5,,0.5,0.5,-0.3333333333333333,2.0,-1.005052878325022,0.001,0.005,stable,7,primary,0.998521239009984,,-1,full,262144,1007,-0.26633887076986235,SOURCE_RUN\raw\task-0031-dynamic-stable-nu3-N80-s1007-primary-806eccf5c4\arrays.npz,80,student_t,3.0,dynamic,True,extreme
1.5,,0.5,0.5,-0.3333333333333333,2.0,-0.8879414646248844,0.001,0.01,stable,10,primary,0.9962301204747539,,-1,full,262144,1007,-0.2478389729201426,SOURCE_RUN\raw\task-0031-dynamic-stable-nu3-N80-s1007-primary-806eccf5c4\arrays.npz,80,student_t,3.0,dynamic,True,primary
1.5,,0.5,0.5,-0.3333333333333333,2.0,-0.5909084124657767,0.002,0.02,stable,10,primary,0.9793869835181904,,-1,nested,131072,1007,-0.19256198399691812,SOURCE_RUN\raw\task-0031-dynamic-stable-nu3-N80-s1007-primary-806eccf5c4\arrays.npz,80,student_t,3.0,dynamic,True,broad
1.5,,0.5,0.5,-0.3333333333333333,2.0,-0.9240523931260102,0.001,0.005,stable,7,primary,0.9937807719497298,,-1,nested,131072,1007,-0.2505500905318599,SOURCE_RUN\raw\task-0031-dynamic-stable-nu3-N80-s1007-primary-806eccf5c4\arrays.npz,80,student_t,3.0,dynamic,True,extreme
1.5,,0.5,0.5,-0.3333333333333333,2.0,-0.8108863506403183,0.001,0.01,stable,10,primary,0.9942499644147205,,-1,nested,131072,1007,-0.23267689284726878,SOURCE_RUN\raw\task-0031-dynamic-stable-nu3-N80-s1007-primary-806eccf5c4\arrays.npz,80,student_t,3.0,dynamic,True,primary
1.5,,0.5,0.5,-0.3333333333333333,2.0,-0.5599732139367308,0.002,0.02,stable,10,primary,0.9714385134481553,,-1,nested,65536,1007,-0.18026463552525043,SOURCE_RUN\raw\task-0031-dynamic-stable-nu3-N80-s1007-primary-806eccf5c4\arrays.npz,80,student_t,3.0,dynamic,True,broad
1.5,,0.5,0.5,-0.3333333333333333,2.0,-1.0869167866121074,0.001,0.005,stable,7,primary,0.9906681698341273,,-1,nested,65536,1007,-0.2713168412754245,SOURCE_RUN\raw\task-0031-dynamic-stable-nu3-N80-s1007-primary-806eccf5c4\arrays.npz,80,student_t,3.0,dynamic,True,extreme
1.5,,0.5,0.5,-0.3333333333333333,2.0,-0.8647856567958272,0.001,0.01,stable,10,primary,0.983202495627675,,-1,nested,65536,1007,-0.23622053632281856,SOURCE_RUN\raw\task-0031-dynamic-stable-nu3-N80-s1007-primary-806eccf5c4\arrays.npz,80,student_t,3.0,dynamic,True,primary
1.5,,0.5,0.5,-0.3333333333333333,2.0,-0.5812758783567169,0.002,0.02,stable,10,primary,0.990651732112679,,0,block,65536,1008,-0.19651406473194571,SOURCE_RUN\raw\task-0032-dynamic-stable-nu3-N80-s1008-primary-3480588597\arrays.npz,80,student_t,3.0,dynamic,True,broad
1.5,,0.5,0.5,-0.3333333333333333,2.0,-1.0547604948742766,0.001,0.005,stable,7,primary,0.9886122326492233,,0,block,65536,1008,-0.278685077893088,SOURCE_RUN\raw\task-0032-dynamic-stable-nu3-N80-s1008-primary-3480588597\arrays.npz,80,student_t,3.0,dynamic,True,extreme
1.5,,0.5,0.5,-0.3333333333333333,2.0,-0.8116947717576742,0.001,0.01,stable,10,primary,0.9814904229456702,,0,block,65536,1008,-0.24035390170793686,SOURCE_RUN\raw\task-0032-dynamic-stable-nu3-N80-s1008-primary-3480588597\arrays.npz,80,student_t,3.0,dynamic,True,primary
1.5,,0.5,0.5,-0.3333333333333333,2.0,-0.7074308668041034,0.002,0.02,stable,10,primary,0.9870067261128805,,1,block,65536,1008,-0.22037426941529534,SOURCE_RUN\raw\task-0032-dynamic-stable-nu3-N80-s1008-primary-3480588597\arrays.npz,80,student_t,3.0,dynamic,True,broad
1.5,,0.5,0.5,-0.3333333333333333,2.0,-1.160879537803938,0.001,0.005,stable,7,primary,0.9907652468525769,,1,block,65536,1008,-0.30056096873906935,SOURCE_RUN\raw\task-0032-dynamic-stable-nu3-N80-s1008-primary-3480588597\arrays.npz,80,student_t,3.0,dynamic,True,extreme
1.5,,0.5,0.5,-0.3333333333333333,2.0,-1.0189303787380521,0.001,0.01,stable,10,primary,0.9928769668147318,,1,block,65536,1008,-0.27819336390587646,SOURCE_RUN\raw\task-0032-dynamic-stable-nu3-N80-s1008-primary-3480588597\arrays.npz,80,student_t,3.0,dynamic,True,primary
1.5,,0.5,0.5,-0.3333333333333333,2.0,-0.5901461087757873,0.002,0.02,stable,10,primary,0.9812135777836213,,2,block,65536,1008,-0.18744002154214343,SOURCE_RUN\raw\task-0032-dynamic-stable-nu3-N80-s1008-primary-3480588597\arrays.npz,80,student_t,3.0,dynamic,True,broad
1.5,,0.5,0.5,-0.3333333333333333,2.0,-0.924718659612915,0.001,0.005,stable,7,primary,0.9854340145933917,,2,block,65536,1008,-0.247343801159312,SOURCE_RUN\raw\task-0032-dynamic-stable-nu3-N80-s1008-primary-3480588597\arrays.npz,80,student_t,3.0,dynamic,True,extreme
1.5,,0.5,0.5,-0.3333333333333333,2.0,-0.8528892010212038,0.001,0.01,stable,10,primary,0.9910195376182238,,2,block,65536,1008,-0.23597196248316654,SOURCE_RUN\raw\task-0032-dynamic-stable-nu3-N80-s1008-primary-3480588597\arrays.npz,80,student_t,3.0,dynamic,True,primary
1.5,,0.5,0.5,-0.3333333333333333,2.0,-0.5140540358883322,0.002,0.02,stable,10,primary,0.9909882943891807,,3,block,65536,1008,-0.17532842627317713,SOURCE_RUN\raw\task-0032-dynamic-stable-nu3-N80-s1008-primary-3480588597\arrays.npz,80,student_t,3.0,dynamic,True,broad
1.5,,0.5,0.5,-0.3333333333333333,2.0,-0.4963308954543302,0.001,0.005,stable,7,primary,0.9761617791819429,,3,block,65536,1008,-0.17391804361255112,SOURCE_RUN\raw\task-0032-dynamic-stable-nu3-N80-s1008-primary-3480588597\arrays.npz,80,student_t,3.0,dynamic,True,extreme
1.5,,0.5,0.5,-0.3333333333333333,2.0,-0.5483161236107709,0.001,0.01,stable,10,primary,0.991071385201055,,3,block,65536,1008,-0.1821031476087372,SOURCE_RUN\raw\task-0032-dynamic-stable-nu3-N80-s1008-primary-3480588597\arrays.npz,80,student_t,3.0,dynamic,True,primary
1.5,,0.5,0.5,-0.3333333333333333,2.0,-0.5965311832173265,0.002,0.02,stable,10,primary,0.9947992336418386,,-1,full,262144,1008,-0.1949074772565694,SOURCE_RUN\raw\task-0032-dynamic-stable-nu3-N80-s1008-primary-3480588597\arrays.npz,80,student_t,3.0,dynamic,True,broad
1.5,,0.5,0.5,-0.3333333333333333,2.0,-0.9178653479664117,0.001,0.005,stable,7,primary,0.991065621029628,,-1,full,262144,1008,-0.2517176848307299,SOURCE_RUN\raw\task-0032-dynamic-stable-nu3-N80-s1008-primary-3480588597\arrays.npz,80,student_t,3.0,dynamic,True,extreme
1.5,,0.5,0.5,-0.3333333333333333,2.0,-0.8010138184626535,0.001,0.01,stable,10,primary,0.9931536901952139,,-1,full,262144,1008,-0.23328952545308154,SOURCE_RUN\raw\task-0032-dynamic-stable-nu3-N80-s1008-primary-3480588597\arrays.npz,80,student_t,3.0,dynamic,True,primary
1.5,,0.5,0.5,-0.3333333333333333,2.0,-0.6416803309567825,0.002,0.02,stable,10,primary,0.9935079647621732,,-1,nested,131072,1008,-0.20812944701040303,SOURCE_RUN\raw\task-0032-dynamic-stable-nu3-N80-s1008-primary-3480588597\arrays.npz,80,student_t,3.0,dynamic,True,broad
1.5,,0.5,0.5,-0.3333333333333333,2.0,-1.1040193916521766,0.001,0.005,stable,7,primary,0.9930349908014169,,-1,nested,131072,1008,-0.28908504756723147,SOURCE_RUN\raw\task-0032-dynamic-stable-nu3-N80-s1008-primary-3480588597\arrays.npz,80,student_t,3.0,dynamic,True,extreme
1.5,,0.5,0.5,-0.3333333333333333,2.0,-0.9050502879549197,0.001,0.01,stable,10,primary,0.9891993554408323,,-1,nested,131072,1008,-0.25770072850204234,SOURCE_RUN\raw\task-0032-dynamic-stable-nu3-N80-s1008-primary-3480588597\arrays.npz,80,student_t,3.0,dynamic,True,primary
1.5,,0.5,0.5,-0.3333333333333333,2.0,-0.5812758783567169,0.002,0.02,stable,10,primary,0.990651732112679,,-1,nested,65536,1008,-0.19651406473194571,SOURCE_RUN\raw\task-0032-dynamic-stable-nu3-N80-s1008-primary-3480588597\arrays.npz,80,student_t,3.0,dynamic,True,broad
1.5,,0.5,0.5,-0.3333333333333333,2.0,-1.0547604948742766,0.001,0.005,stable,7,primary,0.9886122326492233,,-1,nested,65536,1008,-0.278685077893088,SOURCE_RUN\raw\task-0032-dynamic-stable-nu3-N80-s1008-primary-3480588597\arrays.npz,80,student_t,3.0,dynamic,True,extreme
1.5,,0.5,0.5,-0.3333333333333333,2.0,-0.8116947717576742,0.001,0.01,stable,10,primary,0.9814904229456702,,-1,nested,65536,1008,-0.24035390170793686,SOURCE_RUN\raw\task-0032-dynamic-stable-nu3-N80-s1008-primary-3480588597\arrays.npz,80,student_t,3.0,dynamic,True,primary
1.5,,0.5,0.5,-0.3333333333333333,2.0,-0.8278217146414483,0.002,0.02,stable,10,primary,0.9842957194848662,,0,block,65536,1009,-0.251033289487033,SOURCE_RUN\raw\task-0033-dynamic-stable-nu3-N80-s1009-primary-e254123e21\arrays.npz,80,student_t,3.0,dynamic,True,broad
1.5,,0.5,0.5,-0.3333333333333333,2.0,-1.5170615530157519,0.001,0.005,stable,7,primary,0.9650053123799177,,0,block,65536,1009,-0.37242945326270294,SOURCE_RUN\raw\task-0033-dynamic-stable-nu3-N80-s1009-primary-e254123e21\arrays.npz,80,student_t,3.0,dynamic,True,extreme
1.5,,0.5,0.5,-0.3333333333333333,2.0,-1.285149516698211,0.001,0.01,stable,10,primary,0.9788507182570099,,0,block,65536,1009,-0.3358692264820111,SOURCE_RUN\raw\task-0033-dynamic-stable-nu3-N80-s1009-primary-e254123e21\arrays.npz,80,student_t,3.0,dynamic,True,primary
1.5,,0.5,0.5,-0.3333333333333333,2.0,-0.5505555217897825,0.002,0.02,stable,10,primary,0.972117457759868,,1,block,65536,1009,-0.18719707922731377,SOURCE_RUN\raw\task-0033-dynamic-stable-nu3-N80-s1009-primary-e254123e21\arrays.npz,80,student_t,3.0,dynamic,True,broad
1.5,,0.5,0.5,-0.3333333333333333,2.0,-1.2389917601749691,0.001,0.005,stable,7,primary,0.9851193771381453,,1,block,65536,1009,-0.30806378970436565,SOURCE_RUN\raw\task-0033-dynamic-stable-nu3-N80-s1009-primary-e254123e21\arrays.npz,80,student_t,3.0,dynamic,True,extreme
1.5,,0.5,0.5,-0.3333333333333333,2.0,-0.9721798456786336,0.001,0.01,stable,10,primary,0.97604575879461,,1,block,65536,1009,-0.2658013386539297,SOURCE_RUN\raw\task-0033-dynamic-stable-nu3-N80-s1009-primary-e254123e21\arrays.npz,80,student_t,3.0,dynamic,True,primary
1.5,,0.5,0.5,-0.3333333333333333,2.0,-0.7396002638239374,0.002,0.02,stable,10,primary,0.9942241769031208,,2,block,65536,1009,-0.23042935430828151,SOURCE_RUN\raw\task-0033-dynamic-stable-nu3-N80-s1009-primary-e254123e21\arrays.npz,80,student_t,3.0,dynamic,True,broad
1.5,,0.5,0.5,-0.3333333333333333,2.0,-0.7748124328252401,0.001,0.005,stable,7,primary,0.9712660936388011,,2,block,65536,1009,-0.2373564514566872,SOURCE_RUN\raw\task-0033-dynamic-stable-nu3-N80-s1009-primary-e254123e21\arrays.npz,80,student_t,3.0,dynamic,True,extreme
1.5,,0.5,0.5,-0.3333333333333333,2.0,-0.8004256936311464,0.001,0.01,stable,10,primary,0.9892829194428472,,2,block,65536,1009,-0.24148119980853405,SOURCE_RUN\raw\task-0033-dynamic-stable-nu3-N80-s1009-primary-e254123e21\arrays.npz,80,student_t,3.0,dynamic,True,primary
1.5,,0.5,0.5,-0.3333333333333333,2.0,-0.4820121074902845,0.002,0.02,stable,10,primary,0.9628798422295869,,3,block,65536,1009,-0.16292290173152485,SOURCE_RUN\raw\task-0033-dynamic-stable-nu3-N80-s1009-primary-e254123e21\arrays.npz,80,student_t,3.0,dynamic,True,broad
1.5,,0.5,0.5,-0.3333333333333333,2.0,-0.8295336253781216,0.001,0.005,stable,7,primary,0.9965036388183343,,3,block,65536,1009,-0.22430579070470485,SOURCE_RUN\raw\task-0033-dynamic-stable-nu3-N80-s1009-primary-e254123e21\arrays.npz,80,student_t,3.0,dynamic,True,extreme
1.5,,0.5,0.5,-0.3333333333333333,2.0,-0.7509955399532616,0.001,0.01,stable,10,primary,0.9936748365132628,,3,block,65536,1009,-0.21178213485357278,SOURCE_RUN\raw\task-0033-dynamic-stable-nu3-N80-s1009-primary-e254123e21\arrays.npz,80,student_t,3.0,dynamic,True,primary
1.5,,0.5,0.5,-0.3333333333333333,2.0,-0.6572837057444751,0.002,0.02,stable,10,primary,0.9856652099065707,,-1,full,262144,1009,-0.20923955453585066,SOURCE_RUN\raw\task-0033-dynamic-stable-nu3-N80-s1009-primary-e254123e21\arrays.npz,80,student_t,3.0,dynamic,True,broad
1.5,,0.5,0.5,-0.3333333333333333,2.0,-1.0656551281890434,0.001,0.005,stable,7,primary,0.9975377539096458,,-1,full,262144,1009,-0.28133881161854923,SOURCE_RUN\raw\task-0033-dynamic-stable-nu3-N80-s1009-primary-e254123e21\arrays.npz,80,student_t,3.0,dynamic,True,extreme
1.5,,0.5,0.5,-0.3333333333333333,2.0,-0.9450225340197737,0.001,0.01,stable,10,primary,0.9958442206118928,,-1,full,262144,1009,-0.2622634268557022,SOURCE_RUN\raw\task-0033-dynamic-stable-nu3-N80-s1009-primary-e254123e21\arrays.npz,80,student_t,3.0,dynamic,True,primary
1.5,,0.5,0.5,-0.3333333333333333,2.0,-0.6930050648242867,0.002,0.02,stable,10,primary,0.9823329221895022,,-1,nested,131072,1009,-0.21974153046067385,SOURCE_RUN\raw\task-0033-dynamic-stable-nu3-N80-s1009-primary-e254123e21\arrays.npz,80,student_t,3.0,dynamic,True,broad
1.5,,0.5,0.5,-0.3333333333333333,2.0,-1.3368479674763725,0.001,0.005,stable,7,primary,0.9854303114526909,,-1,nested,131072,1009,-0.33312815447512645,SOURCE_RUN\raw\task-0033-dynamic-stable-nu3-N80-s1009-primary-e254123e21\arrays.npz,80,student_t,3.0,dynamic,True,extreme
1.5,,0.5,0.5,-0.3333333333333333,2.0,-1.1168861767559155,0.001,0.01,stable,10,primary,0.9850019555840551,,-1,nested,131072,1009,-0.29830774579394365,SOURCE_RUN\raw\task-0033-dynamic-stable-nu3-N80-s1009-primary-e254123e21\arrays.npz,80,student_t,3.0,dynamic,True,primary
1.5,,0.5,0.5,-0.3333333333333333,2.0,-0.8278217146414483,0.002,0.02,stable,10,primary,0.9842957194848662,,-1,nested,65536,1009,-0.251033289487033,SOURCE_RUN\raw\task-0033-dynamic-stable-nu3-N80-s1009-primary-e254123e21\arrays.npz,80,student_t,3.0,dynamic,True,broad
1.5,,0.5,0.5,-0.3333333333333333,2.0,-1.5170615530157519,0.001,0.005,stable,7,primary,0.9650053123799177,,-1,nested,65536,1009,-0.37242945326270294,SOURCE_RUN\raw\task-0033-dynamic-stable-nu3-N80-s1009-primary-e254123e21\arrays.npz,80,student_t,3.0,dynamic,True,extreme
1.5,,0.5,0.5,-0.3333333333333333,2.0,-1.285149516698211,0.001,0.01,stable,10,primary,0.9788507182570099,,-1,nested,65536,1009,-0.3358692264820111,SOURCE_RUN\raw\task-0033-dynamic-stable-nu3-N80-s1009-primary-e254123e21\arrays.npz,80,student_t,3.0,dynamic,True,primary
1.5,,0.5,0.5,-0.3333333333333333,2.0,-0.7535105817050572,0.002,0.02,stable,10,primary,0.9849407791106791,,0,block,65536,1010,-0.23242188763254096,SOURCE_RUN\raw\task-0034-dynamic-stable-nu3-N80-s1010-primary-ce82417bb5\arrays.npz,80,student_t,3.0,dynamic,True,broad
1.5,,0.5,0.5,-0.3333333333333333,2.0,-1.001582649145614,0.001,0.005,stable,7,primary,0.987515148237256,,0,block,65536,1010,-0.2756629568097457,SOURCE_RUN\raw\task-0034-dynamic-stable-nu3-N80-s1010-primary-ce82417bb5\arrays.npz,80,student_t,3.0,dynamic,True,extreme
1.5,,0.5,0.5,-0.3333333333333333,2.0,-0.9495294533263661,0.001,0.01,stable,10,primary,0.9946367086652294,,0,block,65536,1010,-0.267498561647595,SOURCE_RUN\raw\task-0034-dynamic-stable-nu3-N80-s1010-primary-ce82417bb5\arrays.npz,80,student_t,3.0,dynamic,True,primary
1.5,,0.5,0.5,-0.3333333333333333,2.0,-0.7198750005049139,0.002,0.02,stable,10,primary,0.9911633402348765,,1,block,65536,1010,-0.22618953248340232,SOURCE_RUN\raw\task-0034-dynamic-stable-nu3-N80-s1010-primary-ce82417bb5\arrays.npz,80,student_t,3.0,dynamic,True,broad
1.5,,0.5,0.5,-0.3333333333333333,2.0,-0.9922228534346328,0.001,0.005,stable,7,primary,0.9978860455780231,,1,block,65536,1010,-0.2736607461853086,SOURCE_RUN\raw\task-0034-dynamic-stable-nu3-N80-s1010-primary-ce82417bb5\arrays.npz,80,student_t,3.0,dynamic,True,extreme
1.5,,0.5,0.5,-0.3333333333333333,2.0,-0.9146422431241263,0.001,0.01,stable,10,primary,0.9980254331998564,,1,block,65536,1010,-0.2614340516841704,SOURCE_RUN\raw\task-0034-dynamic-stable-nu3-N80-s1010-primary-ce82417bb5\arrays.npz,80,student_t,3.0,dynamic,True,primary
1.5,,0.5,0.5,-0.3333333333333333,2.0,-0.5239136028324246,0.002,0.02,stable,10,primary,0.9763378494125,,2,block,65536,1010,-0.177778316754677,SOURCE_RUN\raw\task-0034-dynamic-stable-nu3-N80-s1010-primary-ce82417bb5\arrays.npz,80,student_t,3.0,dynamic,True,broad
1.5,,0.5,0.5,-0.3333333333333333,2.0,-1.497221509810345,0.001,0.005,stable,7,primary,0.952895343654161,,2,block,65536,1010,-0.34670667547245626,SOURCE_RUN\raw\task-0034-dynamic-stable-nu3-N80-s1010-primary-ce82417bb5\arrays.npz,80,student_t,3.0,dynamic,True,extreme
1.5,,0.5,0.5,-0.3333333333333333,2.0,-1.0593786929985638,0.001,0.01,stable,10,primary,0.9421345229695717,,2,block,65536,1010,-0.27754141210140065,SOURCE_RUN\raw\task-0034-dynamic-stable-nu3-N80-s1010-primary-ce82417bb5\arrays.npz,80,student_t,3.0,dynamic,True,primary
1.5,,0.5,0.5,-0.3333333333333333,2.0,-0.47724446210369154,0.002,0.02,stable,10,primary,0.9754958545340449,,3,block,65536,1010,-0.16228265777587272,SOURCE_RUN\raw\task-0034-dynamic-stable-nu3-N80-s1010-primary-ce82417bb5\arrays.npz,80,student_t,3.0,dynamic,True,broad
1.5,,0.5,0.5,-0.3333333333333333,2.0,-0.6893373175793155,0.001,0.005,stable,7,primary,0.9834690086273915,,3,block,65536,1010,-0.20114149491940875,SOURCE_RUN\raw\task-0034-dynamic-stable-nu3-N80-s1010-primary-ce82417bb5\arrays.npz,80,student_t,3.0,dynamic,True,extreme
1.5,,0.5,0.5,-0.3333333333333333,2.0,-0.6885006457909516,0.001,0.01,stable,10,primary,0.992166015718089,,3,block,65536,1010,-0.2008776807678279,SOURCE_RUN\raw\task-0034-dynamic-stable-nu3-N80-s1010-primary-ce82417bb5\arrays.npz,80,student_t,3.0,dynamic,True,primary
1.5,,0.5,0.5,-0.3333333333333333,2.0,-0.6182302354105098,0.002,0.02,stable,10,primary,0.9878272527987576,,-1,full,262144,1010,-0.19966648344872212,SOURCE_RUN\raw\task-0034-dynamic-stable-nu3-N80-s1010-primary-ce82417bb5\arrays.npz,80,student_t,3.0,dynamic,True,broad
1.5,,0.5,0.5,-0.3333333333333333,2.0,-1.037276304397921,0.001,0.005,stable,7,primary,0.9910535275780834,,-1,full,262144,1010,-0.273378816623464,SOURCE_RUN\raw\task-0034-dynamic-stable-nu3-N80-s1010-primary-ce82417bb5\arrays.npz,80,student_t,3.0,dynamic,True,extreme
1.5,,0.5,0.5,-0.3333333333333333,2.0,-0.9033860072919591,0.001,0.01,stable,10,primary,0.9922643582585887,,-1,full,262144,1010,-0.25221781990324615,SOURCE_RUN\raw\task-0034-dynamic-stable-nu3-N80-s1010-primary-ce82417bb5\arrays.npz,80,student_t,3.0,dynamic,True,primary
1.5,,0.5,0.5,-0.3333333333333333,2.0,-0.7369183884381508,0.002,0.02,stable,10,primary,0.9897783612065301,,-1,nested,131072,1010,-0.22957527207469483,SOURCE_RUN\raw\task-0034-dynamic-stable-nu3-N80-s1010-primary-ce82417bb5\arrays.npz,80,student_t,3.0,dynamic,True,broad
1.5,,0.5,0.5,-0.3333333333333333,2.0,-0.9980592335921258,0.001,0.005,stable,7,primary,0.9940655237398429,,-1,nested,131072,1010,-0.2750607951316741,SOURCE_RUN\raw\task-0034-dynamic-stable-nu3-N80-s1010-primary-ce82417bb5\arrays.npz,80,student_t,3.0,dynamic,True,extreme
1.5,,0.5,0.5,-0.3333333333333333,2.0,-0.9303922056143032,0.001,0.01,stable,10,primary,0.9969527936751926,,-1,nested,131072,1010,-0.26438876909931364,SOURCE_RUN\raw\task-0034-dynamic-stable-nu3-N80-s1010-primary-ce82417bb5\arrays.npz,80,student_t,3.0,dynamic,True,primary
1.5,,0.5,0.5,-0.3333333333333333,2.0,-0.7535105817050572,0.002,0.02,stable,10,primary,0.9849407791106791,,-1,nested,65536,1010,-0.23242188763254096,SOURCE_RUN\raw\task-0034-dynamic-stable-nu3-N80-s1010-primary-ce82417bb5\arrays.npz,80,student_t,3.0,dynamic,True,broad
1.5,,0.5,0.5,-0.3333333333333333,2.0,-1.001582649145614,0.001,0.005,stable,7,primary,0.987515148237256,,-1,nested,65536,1010,-0.2756629568097457,SOURCE_RUN\raw\task-0034-dynamic-stable-nu3-N80-s1010-primary-ce82417bb5\arrays.npz,80,student_t,3.0,dynamic,True,extreme
1.5,,0.5,0.5,-0.3333333333333333,2.0,-0.9495294533263661,0.001,0.01,stable,10,primary,0.9946367086652294,,-1,nested,65536,1010,-0.267498561647595,SOURCE_RUN\raw\task-0034-dynamic-stable-nu3-N80-s1010-primary-ce82417bb5\arrays.npz,80,student_t,3.0,dynamic,True,primary
1.5,,0.5,0.5,-0.3333333333333333,2.0,-0.8063935587242071,0.002,0.02,stable,10,primary,0.9732681805839802,,0,block,65536,1011,-0.243181263401446,SOURCE_RUN\raw\task-0035-dynamic-stable-nu3-N80-s1011-primary-8813e2ba3d\arrays.npz,80,student_t,3.0,dynamic,True,broad
1.5,,0.5,0.5,-0.3333333333333333,2.0,-1.066051823419645,0.001,0.005,stable,7,primary,0.9847502846743537,,0,block,65536,1011,-0.2883245590346875,SOURCE_RUN\raw\task-0035-dynamic-stable-nu3-N80-s1011-primary-8813e2ba3d\arrays.npz,80,student_t,3.0,dynamic,True,extreme
1.5,,0.5,0.5,-0.3333333333333333,2.0,-1.0036572616273471,0.001,0.01,stable,10,primary,0.9918024192560909,,0,block,65536,1011,-0.27832919667559974,SOURCE_RUN\raw\task-0035-dynamic-stable-nu3-N80-s1011-primary-8813e2ba3d\arrays.npz,80,student_t,3.0,dynamic,True,primary
1.5,,0.5,0.5,-0.3333333333333333,2.0,-0.6846806916687204,0.002,0.02,stable,10,primary,0.9728899494001384,,1,block,65536,1011,-0.22132937602100108,SOURCE_RUN\raw\task-0035-dynamic-stable-nu3-N80-s1011-primary-8813e2ba3d\arrays.npz,80,student_t,3.0,dynamic,True,broad
1.5,,0.5,0.5,-0.3333333333333333,2.0,-1.1254028757216745,0.001,0.005,stable,7,primary,0.9940047533982834,,1,block,65536,1011,-0.2984827718875771,SOURCE_RUN\raw\task-0035-dynamic-stable-nu3-N80-s1011-primary-8813e2ba3d\arrays.npz,80,student_t,3.0,dynamic,True,extreme
1.5,,0.5,0.5,-0.3333333333333333,2.0,-1.0058055944982065,0.001,0.01,stable,10,primary,0.9939574886515933,,1,block,65536,1011,-0.27950858862800715,SOURCE_RUN\raw\task-0035-dynamic-stable-nu3-N80-s1011-primary-8813e2ba3d\arrays.npz,80,student_t,3.0,dynamic,True,primary
1.5,,0.5,0.5,-0.3333333333333333,2.0,-0.7621500822868721,0.002,0.02,stable,10,primary,0.9812571506733568,,2,block,65536,1011,-0.23009966777666468,SOURCE_RUN\raw\task-0035-dynamic-stable-nu3-N80-s1011-primary-8813e2ba3d\arrays.npz,80,student_t,3.0,dynamic,True,broad
1.5,,0.5,0.5,-0.3333333333333333,2.0,-1.0815722361690385,0.001,0.005,stable,7,primary,0.9831179216506545,,2,block,65536,1011,-0.2852682143472321,SOURCE_RUN\raw\task-0035-dynamic-stable-nu3-N80-s1011-primary-8813e2ba3d\arrays.npz,80,student_t,3.0,dynamic,True,extreme
1.5,,0.5,0.5,-0.3333333333333333,2.0,-0.9779987299488831,0.001,0.01,stable,10,primary,0.9908843998941125,,2,block,65536,1011,-0.2688630502363389,SOURCE_RUN\raw\task-0035-dynamic-stable-nu3-N80-s1011-primary-8813e2ba3d\arrays.npz,80,student_t,3.0,dynamic,True,primary
1.5,,0.5,0.5,-0.3333333333333333,2.0,-0.6944027157070306,0.002,0.02,stable,10,primary,0.972839118990353,,3,block,65536,1011,-0.21458127476059335,SOURCE_RUN\raw\task-0035-dynamic-stable-nu3-N80-s1011-primary-8813e2ba3d\arrays.npz,80,student_t,3.0,dynamic,True,broad
1.5,,0.5,0.5,-0.3333333333333333,2.0,-1.1006584079960706,0.001,0.005,stable,7,primary,0.9843564254363352,,3,block,65536,1011,-0.28646904035538556,SOURCE_RUN\raw\task-0035-dynamic-stable-nu3-N80-s1011-primary-8813e2ba3d\arrays.npz,80,student_t,3.0,dynamic,True,extreme
1.5,,0.5,0.5,-0.3333333333333333,2.0,-0.9806958007933361,0.001,0.01,stable,10,primary,0.9889827539785362,,3,block,65536,1011,-0.26739820457855246,SOURCE_RUN\raw\task-0035-dynamic-stable-nu3-N80-s1011-primary-8813e2ba3d\arrays.npz,80,student_t,3.0,dynamic,True,primary
1.5,,0.5,0.5,-0.3333333333333333,2.0,-0.7453200350423139,0.002,0.02,stable,10,primary,0.9763981998564154,,-1,full,262144,1011,-0.2292046634628976,SOURCE_RUN\raw\task-0035-dynamic-stable-nu3-N80-s1011-primary-8813e2ba3d\arrays.npz,80,student_t,3.0,dynamic,True,broad
1.5,,0.5,0.5,-0.3333333333333333,2.0,-1.1114738905587784,0.001,0.005,stable,7,primary,0.9964687393518217,,-1,full,262144,1011,-0.29319823191672084,SOURCE_RUN\raw\task-0035-dynamic-stable-nu3-N80-s1011-primary-8813e2ba3d\arrays.npz,80,student_t,3.0,dynamic,True,extreme
1.5,,0.5,0.5,-0.3333333333333333,2.0,-1.0051506564619115,0.001,0.01,stable,10,primary,0.995227506615764,,-1,full,262144,1011,-0.27630513733266504,SOURCE_RUN\raw\task-0035-dynamic-stable-nu3-N80-s1011-primary-8813e2ba3d\arrays.npz,80,student_t,3.0,dynamic,True,primary
1.5,,0.5,0.5,-0.3333333333333333,2.0,-0.7475111691106401,0.002,0.02,stable,10,primary,0.9732023743336715,,-1,nested,131072,1011,-0.23273708921584912,SOURCE_RUN\raw\task-0035-dynamic-stable-nu3-N80-s1011-primary-8813e2ba3d\arrays.npz,80,student_t,3.0,dynamic,True,broad
1.5,,0.5,0.5,-0.3333333333333333,2.0,-1.1281425770312317,0.001,0.005,stable,7,primary,0.9934559919130335,,-1,nested,131072,1011,-0.29915296683474446,SOURCE_RUN\raw\task-0035-dynamic-stable-nu3-N80-s1011-primary-8813e2ba3d\arrays.npz,80,student_t,3.0,dynamic,True,extreme
1.5,,0.5,0.5,-0.3333333333333333,2.0,-1.0240899777014316,0.001,0.01,stable,10,primary,0.9940995840849786,,-1,nested,131072,1011,-0.28260922080285894,SOURCE_RUN\raw\task-0035-dynamic-stable-nu3-N80-s1011-primary-8813e2ba3d\arrays.npz,80,student_t,3.0,dynamic,True,primary
1.5,,0.5,0.5,-0.3333333333333333,2.0,-0.8063935587242071,0.002,0.02,stable,10,primary,0.9732681805839802,,-1,nested,65536,1011,-0.243181263401446,SOURCE_RUN\raw\task-0035-dynamic-stable-nu3-N80-s1011-primary-8813e2ba3d\arrays.npz,80,student_t,3.0,dynamic,True,broad
1.5,,0.5,0.5,-0.3333333333333333,2.0,-1.066051823419645,0.001,0.005,stable,7,primary,0.9847502846743537,,-1,nested,65536,1011,-0.2883245590346875,SOURCE_RUN\raw\task-0035-dynamic-stable-nu3-N80-s1011-primary-8813e2ba3d\arrays.npz,80,student_t,3.0,dynamic,True,extreme
1.5,,0.5,0.5,-0.3333333333333333,2.0,-1.0036572616273471,0.001,0.01,stable,10,primary,0.9918024192560909,,-1,nested,65536,1011,-0.27832919667559974,SOURCE_RUN\raw\task-0035-dynamic-stable-nu3-N80-s1011-primary-8813e2ba3d\arrays.npz,80,student_t,3.0,dynamic,True,primary
1.5,,0.5,1.0,nan,2.0,0.8210238497115674,0.002,0.02,vp,10,primary,0.9976712913329377,,0,block,65536,1000,0.4602656988607891,SOURCE_RUN\raw\task-0036-dynamic-vp-nu1p5-N80-s1000-primary-5cde0e29ca\arrays.npz,80,student_t,1.5,dynamic,True,broad
1.5,,0.5,1.0,nan,2.0,1.041439224891316,0.001,0.005,vp,7,primary,0.9999045568884611,,0,block,65536,1000,0.4992513564127435,SOURCE_RUN\raw\task-0036-dynamic-vp-nu1p5-N80-s1000-primary-5cde0e29ca\arrays.npz,80,student_t,1.5,dynamic,True,extreme
1.5,,0.5,1.0,nan,2.0,0.9964882839497317,0.001,0.01,vp,10,primary,0.9997091570709986,,0,block,65536,1000,0.49209323053083115,SOURCE_RUN\raw\task-0036-dynamic-vp-nu1p5-N80-s1000-primary-5cde0e29ca\arrays.npz,80,student_t,1.5,dynamic,True,primary
1.5,,0.5,1.0,nan,2.0,0.8497417849064108,0.002,0.02,vp,10,primary,0.9991368231501627,,1,block,65536,1000,0.4655360443781614,SOURCE_RUN\raw\task-0036-dynamic-vp-nu1p5-N80-s1000-primary-5cde0e29ca\arrays.npz,80,student_t,1.5,dynamic,True,broad
1.5,,0.5,1.0,nan,2.0,1.0717959119148193,0.001,0.005,vp,7,primary,0.9998342563422002,,1,block,65536,1000,0.5046992977504452,SOURCE_RUN\raw\task-0036-dynamic-vp-nu1p5-N80-s1000-primary-5cde0e29ca\arrays.npz,80,student_t,1.5,dynamic,True,extreme
1.5,,0.5,1.0,nan,2.0,1.0013901456724137,0.001,0.01,vp,10,primary,0.999571763474473,,1,block,65536,1000,0.4935434228377043,SOURCE_RUN\raw\task-0036-dynamic-vp-nu1p5-N80-s1000-primary-5cde0e29ca\arrays.npz,80,student_t,1.5,dynamic,True,primary
1.5,,0.5,1.0,nan,2.0,0.7929163251389328,0.002,0.02,vp,10,primary,0.9985131284015919,,2,block,65536,1000,0.4523636440443749,SOURCE_RUN\raw\task-0036-dynamic-vp-nu1p5-N80-s1000-primary-5cde0e29ca\arrays.npz,80,student_t,1.5,dynamic,True,broad
1.5,,0.5,1.0,nan,2.0,1.0671612985474392,0.001,0.005,vp,7,primary,0.999847736167013,,2,block,65536,1000,0.500111402914345,SOURCE_RUN\raw\task-0036-dynamic-vp-nu1p5-N80-s1000-primary-5cde0e29ca\arrays.npz,80,student_t,1.5,dynamic,True,extreme
1.5,,0.5,1.0,nan,2.0,0.9666981454677941,0.001,0.01,vp,10,primary,0.9992008551416555,,2,block,65536,1000,0.4841996240107047,SOURCE_RUN\raw\task-0036-dynamic-vp-nu1p5-N80-s1000-primary-5cde0e29ca\arrays.npz,80,student_t,1.5,dynamic,True,primary
1.5,,0.5,1.0,nan,2.0,0.7670662916870274,0.002,0.02,vp,10,primary,0.9987842973491916,,3,block,65536,1000,0.4486627669958629,SOURCE_RUN\raw\task-0036-dynamic-vp-nu1p5-N80-s1000-primary-5cde0e29ca\arrays.npz,80,student_t,1.5,dynamic,True,broad
1.5,,0.5,1.0,nan,2.0,1.1127034954655617,0.001,0.005,vp,7,primary,0.9993984398458226,,3,block,65536,1000,0.5089398097444258,SOURCE_RUN\raw\task-0036-dynamic-vp-nu1p5-N80-s1000-primary-5cde0e29ca\arrays.npz,80,student_t,1.5,dynamic,True,extreme
1.5,,0.5,1.0,nan,2.0,0.9730918867282522,0.001,0.01,vp,10,primary,0.9985196216567044,,3,block,65536,1000,0.4868620794708728,SOURCE_RUN\raw\task-0036-dynamic-vp-nu1p5-N80-s1000-primary-5cde0e29ca\arrays.npz,80,student_t,1.5,dynamic,True,primary
1.5,,0.5,1.0,nan,2.0,0.8099425969905701,0.002,0.02,vp,10,primary,0.998608151909891,,-1,full,262144,1000,0.45709052975144954,SOURCE_RUN\raw\task-0036-dynamic-vp-nu1p5-N80-s1000-primary-5cde0e29ca\arrays.npz,80,student_t,1.5,dynamic,True,broad
1.5,,0.5,1.0,nan,2.0,1.063977568296457,0.001,0.005,vp,7,primary,0.9998581744582101,,-1,full,262144,1000,0.501667227274402,SOURCE_RUN\raw\task-0036-dynamic-vp-nu1p5-N80-s1000-primary-5cde0e29ca\arrays.npz,80,student_t,1.5,dynamic,True,extreme
1.5,,0.5,1.0,nan,2.0,0.9830881500330845,0.001,0.01,vp,10,primary,0.9994366229876236,,-1,full,262144,1000,0.48884428608141567,SOURCE_RUN\raw\task-0036-dynamic-vp-nu1p5-N80-s1000-primary-5cde0e29ca\arrays.npz,80,student_t,1.5,dynamic,True,primary
1.5,,0.5,1.0,nan,2.0,0.8352312809105775,0.002,0.02,vp,10,primary,0.9985543471740712,,-1,nested,131072,1000,0.46274389719842074,SOURCE_RUN\raw\task-0036-dynamic-vp-nu1p5-N80-s1000-primary-5cde0e29ca\arrays.npz,80,student_t,1.5,dynamic,True,broad
1.5,,0.5,1.0,nan,2.0,1.0584038976812027,0.001,0.005,vp,7,primary,0.9999516249292416,,-1,nested,131072,1000,0.5022007233193909,SOURCE_RUN\raw\task-0036-dynamic-vp-nu1p5-N80-s1000-primary-5cde0e29ca\arrays.npz,80,student_t,1.5,dynamic,True,extreme
1.5,,0.5,1.0,nan,2.0,1.0005073765578136,0.001,0.01,vp,10,primary,0.9996748718276007,,-1,nested,131072,1000,0.49300956060587325,SOURCE_RUN\raw\task-0036-dynamic-vp-nu1p5-N80-s1000-primary-5cde0e29ca\arrays.npz,80,student_t,1.5,dynamic,True,primary
1.5,,0.5,1.0,nan,2.0,0.8210238497115674,0.002,0.02,vp,10,primary,0.9976712913329377,,-1,nested,65536,1000,0.4602656988607891,SOURCE_RUN\raw\task-0036-dynamic-vp-nu1p5-N80-s1000-primary-5cde0e29ca\arrays.npz,80,student_t,1.5,dynamic,True,broad
1.5,,0.5,1.0,nan,2.0,1.041439224891316,0.001,0.005,vp,7,primary,0.9999045568884611,,-1,nested,65536,1000,0.4992513564127435,SOURCE_RUN\raw\task-0036-dynamic-vp-nu1p5-N80-s1000-primary-5cde0e29ca\arrays.npz,80,student_t,1.5,dynamic,True,extreme
1.5,,0.5,1.0,nan,2.0,0.9964882839497317,0.001,0.01,vp,10,primary,0.9997091570709986,,-1,nested,65536,1000,0.49209323053083115,SOURCE_RUN\raw\task-0036-dynamic-vp-nu1p5-N80-s1000-primary-5cde0e29ca\arrays.npz,80,student_t,1.5,dynamic,True,primary
1.5,,0.5,1.0,nan,2.0,0.8111694546163394,0.002,0.02,vp,10,primary,0.9972125507848228,,0,block,65536,1001,0.4557498106291986,SOURCE_RUN\raw\task-0037-dynamic-vp-nu1p5-N80-s1001-primary-c31d4f7e23\arrays.npz,80,student_t,1.5,dynamic,True,broad
1.5,,0.5,1.0,nan,2.0,1.0154678487058908,0.001,0.005,vp,7,primary,0.9994162250749216,,0,block,65536,1001,0.49156503318411604,SOURCE_RUN\raw\task-0037-dynamic-vp-nu1p5-N80-s1001-primary-c31d4f7e23\arrays.npz,80,student_t,1.5,dynamic,True,extreme
1.5,,0.5,1.0,nan,2.0,0.9777336762904781,0.001,0.01,vp,10,primary,0.9995608361712278,,0,block,65536,1001,0.4855390987006308,SOURCE_RUN\raw\task-0037-dynamic-vp-nu1p5-N80-s1001-primary-c31d4f7e23\arrays.npz,80,student_t,1.5,dynamic,True,primary
1.5,,0.5,1.0,nan,2.0,0.7679960763144262,0.002,0.02,vp,10,primary,0.9990940214969912,,1,block,65536,1001,0.45010715688115394,SOURCE_RUN\raw\task-0037-dynamic-vp-nu1p5-N80-s1001-primary-c31d4f7e23\arrays.npz,80,student_t,1.5,dynamic,True,broad
1.5,,0.5,1.0,nan,2.0,1.0410508170614168,0.001,0.005,vp,7,primary,0.9992912600308912,,1,block,65536,1001,0.497708983410603,SOURCE_RUN\raw\task-0037-dynamic-vp-nu1p5-N80-s1001-primary-c31d4f7e23\arrays.npz,80,student_t,1.5,dynamic,True,extreme
1.5,,0.5,1.0,nan,2.0,0.9365381197493715,0.001,0.01,vp,10,primary,0.9990701563519068,,1,block,65536,1001,0.481204491168107,SOURCE_RUN\raw\task-0037-dynamic-vp-nu1p5-N80-s1001-primary-c31d4f7e23\arrays.npz,80,student_t,1.5,dynamic,True,primary
1.5,,0.5,1.0,nan,2.0,0.780398309235969,0.002,0.02,vp,10,primary,0.9987097823441227,,2,block,65536,1001,0.45323942913993015,SOURCE_RUN\raw\task-0037-dynamic-vp-nu1p5-N80-s1001-primary-c31d4f7e23\arrays.npz,80,student_t,1.5,dynamic,True,broad
1.5,,0.5,1.0,nan,2.0,1.1045214500993839,0.001,0.005,vp,7,primary,0.9992876845489247,,2,block,65536,1001,0.5101771347485659,SOURCE_RUN\raw\task-0037-dynamic-vp-nu1p5-N80-s1001-primary-c31d4f7e23\arrays.npz,80,student_t,1.5,dynamic,True,extreme
1.5,,0.5,1.0,nan,2.0,0.9834749171340901,0.001,0.01,vp,10,primary,0.9988662349989952,,2,block,65536,1001,0.4910528042080844,SOURCE_RUN\raw\task-0037-dynamic-vp-nu1p5-N80-s1001-primary-c31d4f7e23\arrays.npz,80,student_t,1.5,dynamic,True,primary
1.5,,0.5,1.0,nan,2.0,0.8142192636036971,0.002,0.02,vp,10,primary,0.9981862539412762,,3,block,65536,1001,0.45591703927609734,SOURCE_RUN\raw\task-0037-dynamic-vp-nu1p5-N80-s1001-primary-c31d4f7e23\arrays.npz,80,student_t,1.5,dynamic,True,broad
1.5,,0.5,1.0,nan,2.0,1.1568626094170191,0.001,0.005,vp,7,primary,0.9995332810422866,,3,block,65536,1001,0.5161525018631032,SOURCE_RUN\raw\task-0037-dynamic-vp-nu1p5-N80-s1001-primary-c31d4f7e23\arrays.npz,80,student_t,1.5,dynamic,True,extreme
1.5,,0.5,1.0,nan,2.0,1.0410722233091165,0.001,0.01,vp,10,primary,0.9990179586342105,,3,block,65536,1001,0.49784962076374123,SOURCE_RUN\raw\task-0037-dynamic-vp-nu1p5-N80-s1001-primary-c31d4f7e23\arrays.npz,80,student_t,1.5,dynamic,True,primary
1.5,,0.5,1.0,nan,2.0,0.7965694353153606,0.002,0.02,vp,10,primary,0.998419925266706,,-1,full,262144,1001,0.4543090097260228,SOURCE_RUN\raw\task-0037-dynamic-vp-nu1p5-N80-s1001-primary-c31d4f7e23\arrays.npz,80,student_t,1.5,dynamic,True,broad
1.5,,0.5,1.0,nan,2.0,1.0738854656337413,0.001,0.005,vp,7,primary,0.999914637767699,,-1,full,262144,1001,0.5029476909980409,SOURCE_RUN\raw\task-0037-dynamic-vp-nu1p5-N80-s1001-primary-c31d4f7e23\arrays.npz,80,student_t,1.5,dynamic,True,extreme
1.5,,0.5,1.0,nan,2.0,0.9838655573447033,0.001,0.01,vp,10,primary,0.9994336071505444,,-1,full,262144,1001,0.4887049530495106,SOURCE_RUN\raw\task-0037-dynamic-vp-nu1p5-N80-s1001-primary-c31d4f7e23\arrays.npz,80,student_t,1.5,dynamic,True,primary
1.5,,0.5,1.0,nan,2.0,0.7888650659022117,0.002,0.02,vp,10,primary,0.9983803836427939,,-1,nested,131072,1001,0.4528381160662685,SOURCE_RUN\raw\task-0037-dynamic-vp-nu1p5-N80-s1001-primary-c31d4f7e23\arrays.npz,80,student_t,1.5,dynamic,True,broad
1.5,,0.5,1.0,nan,2.0,1.0407586264605604,0.001,0.005,vp,7,primary,0.9996190739272522,,-1,nested,131072,1001,0.49682840273443646,SOURCE_RUN\raw\task-0037-dynamic-vp-nu1p5-N80-s1001-primary-c31d4f7e23\arrays.npz,80,student_t,1.5,dynamic,True,extreme
1.5,,0.5,1.0,nan,2.0,0.960301479620623,0.001,0.01,vp,10,primary,0.9993862149234964,,-1,nested,131072,1001,0.4840848432698395,SOURCE_RUN\raw\task-0037-dynamic-vp-nu1p5-N80-s1001-primary-c31d4f7e23\arrays.npz,80,student_t,1.5,dynamic,True,primary
1.5,,0.5,1.0,nan,2.0,0.8111694546163394,0.002,0.02,vp,10,primary,0.9972125507848228,,-1,nested,65536,1001,0.4557498106291986,SOURCE_RUN\raw\task-0037-dynamic-vp-nu1p5-N80-s1001-primary-c31d4f7e23\arrays.npz,80,student_t,1.5,dynamic,True,broad
1.5,,0.5,1.0,nan,2.0,1.0154678487058908,0.001,0.005,vp,7,primary,0.9994162250749216,,-1,nested,65536,1001,0.49156503318411604,SOURCE_RUN\raw\task-0037-dynamic-vp-nu1p5-N80-s1001-primary-c31d4f7e23\arrays.npz,80,student_t,1.5,dynamic,True,extreme
1.5,,0.5,1.0,nan,2.0,0.9777336762904781,0.001,0.01,vp,10,primary,0.9995608361712278,,-1,nested,65536,1001,0.4855390987006308,SOURCE_RUN\raw\task-0037-dynamic-vp-nu1p5-N80-s1001-primary-c31d4f7e23\arrays.npz,80,student_t,1.5,dynamic,True,primary
1.5,,0.5,1.0,nan,2.0,0.8126282546755927,0.002,0.02,vp,10,primary,0.9975993146330652,,0,block,65536,1002,0.4597375785575446,SOURCE_RUN\raw\task-0038-dynamic-vp-nu1p5-N80-s1002-primary-3b3de16ab1\arrays.npz,80,student_t,1.5,dynamic,True,broad
1.5,,0.5,1.0,nan,2.0,1.11597365611086,0.001,0.005,vp,7,primary,0.9997546300833465,,0,block,65536,1002,0.5128724997915367,SOURCE_RUN\raw\task-0038-dynamic-vp-nu1p5-N80-s1002-primary-3b3de16ab1\arrays.npz,80,student_t,1.5,dynamic,True,extreme
1.5,,0.5,1.0,nan,2.0,1.014776184033071,0.001,0.01,vp,10,primary,0.9989717374969344,,0,block,65536,1002,0.4967992116896488,SOURCE_RUN\raw\task-0038-dynamic-vp-nu1p5-N80-s1002-primary-3b3de16ab1\arrays.npz,80,student_t,1.5,dynamic,True,primary
1.5,,0.5,1.0,nan,2.0,0.7884948429501757,0.002,0.02,vp,10,primary,0.9986546477316164,,1,block,65536,1002,0.4529193000626081,SOURCE_RUN\raw\task-0038-dynamic-vp-nu1p5-N80-s1002-primary-3b3de16ab1\arrays.npz,80,student_t,1.5,dynamic,True,broad
1.5,,0.5,1.0,nan,2.0,1.0757274742997824,0.001,0.005,vp,7,primary,0.9997385409554639,,1,block,65536,1002,0.5032385937187678,SOURCE_RUN\raw\task-0038-dynamic-vp-nu1p5-N80-s1002-primary-3b3de16ab1\arrays.npz,80,student_t,1.5,dynamic,True,extreme
1.5,,0.5,1.0,nan,2.0,0.9807301497538164,0.001,0.01,vp,10,primary,0.9993333028594313,,1,block,65536,1002,0.4882215402521975,SOURCE_RUN\raw\task-0038-dynamic-vp-nu1p5-N80-s1002-primary-3b3de16ab1\arrays.npz,80,student_t,1.5,dynamic,True,primary
1.5,,0.5,1.0,nan,2.0,0.794284800666066,0.002,0.02,vp,10,primary,0.9982600204024031,,2,block,65536,1002,0.45187213812607074,SOURCE_RUN\raw\task-0038-dynamic-vp-nu1p5-N80-s1002-primary-3b3de16ab1\arrays.npz,80,student_t,1.5,dynamic,True,broad
1.5,,0.5,1.0,nan,2.0,1.1690082248062104,0.001,0.005,vp,7,primary,0.9992829400601089,,2,block,65536,1002,0.517577325322396,SOURCE_RUN\raw\task-0038-dynamic-vp-nu1p5-N80-s1002-primary-3b3de16ab1\arrays.npz,80,student_t,1.5,dynamic,True,extreme
1.5,,0.5,1.0,nan,2.0,1.0379221678892179,0.001,0.01,vp,10,primary,0.998740173919343,,2,block,65536,1002,0.4968713383166557,SOURCE_RUN\raw\task-0038-dynamic-vp-nu1p5-N80-s1002-primary-3b3de16ab1\arrays.npz,80,student_t,1.5,dynamic,True,primary
1.5,,0.5,1.0,nan,2.0,0.8039554352653858,0.002,0.02,vp,10,primary,0.9978286713821818,,3,block,65536,1002,0.455014110450667,SOURCE_RUN\raw\task-0038-dynamic-vp-nu1p5-N80-s1002-primary-3b3de16ab1\arrays.npz,80,student_t,1.5,dynamic,True,broad
1.5,,0.5,1.0,nan,2.0,1.1632733179595716,0.001,0.005,vp,7,primary,0.9996725047909182,,3,block,65536,1002,0.5180832169596205,SOURCE_RUN\raw\task-0038-dynamic-vp-nu1p5-N80-s1002-primary-3b3de16ab1\arrays.npz,80,student_t,1.5,dynamic,True,extreme
1.5,,0.5,1.0,nan,2.0,1.041905662034577,0.001,0.01,vp,10,primary,0.9989991591297999,,3,block,65536,1002,0.49889582082692985,SOURCE_RUN\raw\task-0038-dynamic-vp-nu1p5-N80-s1002-primary-3b3de16ab1\arrays.npz,80,student_t,1.5,dynamic,True,primary
1.5,,0.5,1.0,nan,2.0,0.798140445621042,0.002,0.02,vp,10,primary,0.9982995318587561,,-1,full,262144,1002,0.45443537046485977,SOURCE_RUN\raw\task-0038-dynamic-vp-nu1p5-N80-s1002-primary-3b3de16ab1\arrays.npz,80,student_t,1.5,dynamic,True,broad
1.5,,0.5,1.0,nan,2.0,1.1237602047352269,0.001,0.005,vp,7,primary,0.999801181791493,,-1,full,262144,1002,0.5115689129378883,SOURCE_RUN\raw\task-0038-dynamic-vp-nu1p5-N80-s1002-primary-3b3de16ab1\arrays.npz,80,student_t,1.5,dynamic,True,extreme
1.5,,0.5,1.0,nan,2.0,1.0138535695241777,0.001,0.01,vp,10,primary,0.9991395017978075,,-1,full,262144,1002,0.49418061735153485,SOURCE_RUN\raw\task-0038-dynamic-vp-nu1p5-N80-s1002-primary-3b3de16ab1\arrays.npz,80,student_t,1.5,dynamic,True,primary
1.5,,0.5,1.0,nan,2.0,0.8013953403386135,0.002,0.02,vp,10,primary,0.9983932675618922,,-1,nested,131072,1002,0.4564912575380348,SOURCE_RUN\raw\task-0038-dynamic-vp-nu1p5-N80-s1002-primary-3b3de16ab1\arrays.npz,80,student_t,1.5,dynamic,True,broad
1.5,,0.5,1.0,nan,2.0,1.0855961289688796,0.001,0.005,vp,7,primary,0.9999302781996388,,-1,nested,131072,1002,0.5063299337810838,SOURCE_RUN\raw\task-0038-dynamic-vp-nu1p5-N80-s1002-primary-3b3de16ab1\arrays.npz,80,student_t,1.5,dynamic,True,extreme
1.5,,0.5,1.0,nan,2.0,0.9923601897340414,0.001,0.01,vp,10,primary,0.9993060320820145,,-1,nested,131072,1002,0.49155142492635795,SOURCE_RUN\raw\task-0038-dynamic-vp-nu1p5-N80-s1002-primary-3b3de16ab1\arrays.npz,80,student_t,1.5,dynamic,True,primary
1.5,,0.5,1.0,nan,2.0,0.8126282546755927,0.002,0.02,vp,10,primary,0.9975993146330652,,-1,nested,65536,1002,0.4597375785575446,SOURCE_RUN\raw\task-0038-dynamic-vp-nu1p5-N80-s1002-primary-3b3de16ab1\arrays.npz,80,student_t,1.5,dynamic,True,broad
1.5,,0.5,1.0,nan,2.0,1.11597365611086,0.001,0.005,vp,7,primary,0.9997546300833465,,-1,nested,65536,1002,0.5128724997915367,SOURCE_RUN\raw\task-0038-dynamic-vp-nu1p5-N80-s1002-primary-3b3de16ab1\arrays.npz,80,student_t,1.5,dynamic,True,extreme
1.5,,0.5,1.0,nan,2.0,1.014776184033071,0.001,0.01,vp,10,primary,0.9989717374969344,,-1,nested,65536,1002,0.4967992116896488,SOURCE_RUN\raw\task-0038-dynamic-vp-nu1p5-N80-s1002-primary-3b3de16ab1\arrays.npz,80,student_t,1.5,dynamic,True,primary
1.5,,0.5,1.0,nan,2.0,0.8509324453016018,0.002,0.02,vp,10,primary,0.9980977746802357,,0,block,65536,1003,0.46564651436885096,SOURCE_RUN\raw\task-0039-dynamic-vp-nu1p5-N80-s1003-primary-136bbabb2c\arrays.npz,80,student_t,1.5,dynamic,True,broad
1.5,,0.5,1.0,nan,2.0,1.1526790947438548,0.001,0.005,vp,7,primary,0.9997939431655224,,0,block,65536,1003,0.5185031460356719,SOURCE_RUN\raw\task-0039-dynamic-vp-nu1p5-N80-s1003-primary-136bbabb2c\arrays.npz,80,student_t,1.5,dynamic,True,extreme
1.5,,0.5,1.0,nan,2.0,1.057290975376935,0.001,0.01,vp,10,primary,0.9993362148753058,,0,block,65536,1003,0.5034055700140221,SOURCE_RUN\raw\task-0039-dynamic-vp-nu1p5-N80-s1003-primary-136bbabb2c\arrays.npz,80,student_t,1.5,dynamic,True,primary
1.5,,0.5,1.0,nan,2.0,0.8195964237671356,0.002,0.02,vp,10,primary,0.9981220630533696,,1,block,65536,1003,0.45885666180248297,SOURCE_RUN\raw\task-0039-dynamic-vp-nu1p5-N80-s1003-primary-136bbabb2c\arrays.npz,80,student_t,1.5,dynamic,True,broad
1.5,,0.5,1.0,nan,2.0,1.0458774175475736,0.001,0.005,vp,7,primary,0.9994495260358734,,1,block,65536,1003,0.4986385630708175,SOURCE_RUN\raw\task-0039-dynamic-vp-nu1p5-N80-s1003-primary-136bbabb2c\arrays.npz,80,student_t,1.5,dynamic,True,extreme
1.5,,0.5,1.0,nan,2.0,0.9871241988606051,0.001,0.01,vp,10,primary,0.9995754270075328,,1,block,65536,1003,0.48934479081922233,SOURCE_RUN\raw\task-0039-dynamic-vp-nu1p5-N80-s1003-primary-136bbabb2c\arrays.npz,80,student_t,1.5,dynamic,True,primary
1.5,,0.5,1.0,nan,2.0,0.7960199119092362,0.002,0.02,vp,10,primary,0.9984298524891992,,2,block,65536,1003,0.4533337735576363,SOURCE_RUN\raw\task-0039-dynamic-vp-nu1p5-N80-s1003-primary-136bbabb2c\arrays.npz,80,student_t,1.5,dynamic,True,broad
1.5,,0.5,1.0,nan,2.0,1.1296595595885948,0.001,0.005,vp,7,primary,0.9997713050795648,,2,block,65536,1003,0.5117507457741228,SOURCE_RUN\raw\task-0039-dynamic-vp-nu1p5-N80-s1003-primary-136bbabb2c\arrays.npz,80,student_t,1.5,dynamic,True,extreme
1.5,,0.5,1.0,nan,2.0,1.0088404894307696,0.001,0.01,vp,10,primary,0.9990397069386375,,2,block,65536,1003,0.4926568251271457,SOURCE_RUN\raw\task-0039-dynamic-vp-nu1p5-N80-s1003-primary-136bbabb2c\arrays.npz,80,student_t,1.5,dynamic,True,primary
1.5,,0.5,1.0,nan,2.0,0.8045381691267403,0.002,0.02,vp,10,primary,0.9981075993076036,,3,block,65536,1003,0.45385639611221146,SOURCE_RUN\raw\task-0039-dynamic-vp-nu1p5-N80-s1003-primary-136bbabb2c\arrays.npz,80,student_t,1.5,dynamic,True,broad
1.5,,0.5,1.0,nan,2.0,1.1116681686511243,0.001,0.005,vp,7,primary,0.9992036746260905,,3,block,65536,1003,0.5079608071693834,SOURCE_RUN\raw\task-0039-dynamic-vp-nu1p5-N80-s1003-primary-136bbabb2c\arrays.npz,80,student_t,1.5,dynamic,True,extreme
1.5,,0.5,1.0,nan,2.0,1.0185418666813344,0.001,0.01,vp,10,primary,0.9989206477432588,,3,block,65536,1003,0.49317220700750325,SOURCE_RUN\raw\task-0039-dynamic-vp-nu1p5-N80-s1003-primary-136bbabb2c\arrays.npz,80,student_t,1.5,dynamic,True,primary
1.5,,0.5,1.0,nan,2.0,0.8229096306688711,0.002,0.02,vp,10,primary,0.9982735152246722,,-1,full,262144,1003,0.4590425753481658,SOURCE_RUN\raw\task-0039-dynamic-vp-nu1p5-N80-s1003-primary-136bbabb2c\arrays.npz,80,student_t,1.5,dynamic,True,broad
1.5,,0.5,1.0,nan,2.0,1.099634293506825,0.001,0.005,vp,7,primary,0.9998621017018451,,-1,full,262144,1003,0.5076312632477669,SOURCE_RUN\raw\task-0039-dynamic-vp-nu1p5-N80-s1003-primary-136bbabb2c\arrays.npz,80,student_t,1.5,dynamic,True,extreme
1.5,,0.5,1.0,nan,2.0,1.0151315357524326,0.001,0.01,vp,10,primary,0.9994633261341085,,-1,full,262144,1003,0.49425250308529023,SOURCE_RUN\raw\task-0039-dynamic-vp-nu1p5-N80-s1003-primary-136bbabb2c\arrays.npz,80,student_t,1.5,dynamic,True,primary
1.5,,0.5,1.0,nan,2.0,0.843714664183985,0.002,0.02,vp,10,primary,0.9980358829668932,,-1,nested,131072,1003,0.4639912744235351,SOURCE_RUN\raw\task-0039-dynamic-vp-nu1p5-N80-s1003-primary-136bbabb2c\arrays.npz,80,student_t,1.5,dynamic,True,broad
1.5,,0.5,1.0,nan,2.0,1.0859352936509805,0.001,0.005,vp,7,primary,0.9998690882103451,,-1,nested,131072,1003,0.5064405394489823,SOURCE_RUN\raw\task-0039-dynamic-vp-nu1p5-N80-s1003-primary-136bbabb2c\arrays.npz,80,student_t,1.5,dynamic,True,extreme
1.5,,0.5,1.0,nan,2.0,1.0187889569569495,0.001,0.01,vp,10,primary,0.9996371861940682,,-1,nested,131072,1003,0.49580857844913817,SOURCE_RUN\raw\task-0039-dynamic-vp-nu1p5-N80-s1003-primary-136bbabb2c\arrays.npz,80,student_t,1.5,dynamic,True,primary
1.5,,0.5,1.0,nan,2.0,0.8509324453016018,0.002,0.02,vp,10,primary,0.9980977746802357,,-1,nested,65536,1003,0.46564651436885096,SOURCE_RUN\raw\task-0039-dynamic-vp-nu1p5-N80-s1003-primary-136bbabb2c\arrays.npz,80,student_t,1.5,dynamic,True,broad
1.5,,0.5,1.0,nan,2.0,1.1526790947438548,0.001,0.005,vp,7,primary,0.9997939431655224,,-1,nested,65536,1003,0.5185031460356719,SOURCE_RUN\raw\task-0039-dynamic-vp-nu1p5-N80-s1003-primary-136bbabb2c\arrays.npz,80,student_t,1.5,dynamic,True,extreme
1.5,,0.5,1.0,nan,2.0,1.057290975376935,0.001,0.01,vp,10,primary,0.9993362148753058,,-1,nested,65536,1003,0.5034055700140221,SOURCE_RUN\raw\task-0039-dynamic-vp-nu1p5-N80-s1003-primary-136bbabb2c\arrays.npz,80,student_t,1.5,dynamic,True,primary
1.5,,0.5,1.0,nan,2.0,0.8025043475854853,0.002,0.02,vp,10,primary,0.9986660503645582,,0,block,65536,1004,0.45315857367576756,SOURCE_RUN\raw\task-0040-dynamic-vp-nu1p5-N80-s1004-primary-c2839c0cf0\arrays.npz,80,student_t,1.5,dynamic,True,broad
1.5,,0.5,1.0,nan,2.0,1.1461028844217047,0.001,0.005,vp,7,primary,0.9987234563386735,,0,block,65536,1004,0.5135078581381585,SOURCE_RUN\raw\task-0040-dynamic-vp-nu1p5-N80-s1004-primary-c2839c0cf0\arrays.npz,80,student_t,1.5,dynamic,True,extreme
1.5,,0.5,1.0,nan,2.0,1.021413564461307,0.001,0.01,vp,10,primary,0.9985020691028634,,0,block,65536,1004,0.493779344454342,SOURCE_RUN\raw\task-0040-dynamic-vp-nu1p5-N80-s1004-primary-c2839c0cf0\arrays.npz,80,student_t,1.5,dynamic,True,primary
1.5,,0.5,1.0,nan,2.0,0.7852702647955162,0.002,0.02,vp,10,primary,0.9977108366132559,,1,block,65536,1004,0.4534185602668307,SOURCE_RUN\raw\task-0040-dynamic-vp-nu1p5-N80-s1004-primary-c2839c0cf0\arrays.npz,80,student_t,1.5,dynamic,True,broad
1.5,,0.5,1.0,nan,2.0,1.1599584913317742,0.001,0.005,vp,7,primary,0.9995791601084116,,1,block,65536,1004,0.519111188000967,SOURCE_RUN\raw\task-0040-dynamic-vp-nu1p5-N80-s1004-primary-c2839c0cf0\arrays.npz,80,student_t,1.5,dynamic,True,extreme
1.5,,0.5,1.0,nan,2.0,1.0321403199383163,0.001,0.01,vp,10,primary,0.9987216896721397,,1,block,65536,1004,0.4988693401688158,SOURCE_RUN\raw\task-0040-dynamic-vp-nu1p5-N80-s1004-primary-c2839c0cf0\arrays.npz,80,student_t,1.5,dynamic,True,primary
1.5,,0.5,1.0,nan,2.0,0.796738876807478,0.002,0.02,vp,10,primary,0.9974417573294724,,2,block,65536,1004,0.45518187826848877,SOURCE_RUN\raw\task-0040-dynamic-vp-nu1p5-N80-s1004-primary-c2839c0cf0\arrays.npz,80,student_t,1.5,dynamic,True,broad
1.5,,0.5,1.0,nan,2.0,1.1407965563206834,0.001,0.005,vp,7,primary,0.999775911739511,,2,block,65536,1004,0.5151558355645475,SOURCE_RUN\raw\task-0040-dynamic-vp-nu1p5-N80-s1004-primary-c2839c0cf0\arrays.npz,80,student_t,1.5,dynamic,True,extreme
1.5,,0.5,1.0,nan,2.0,1.01807569735958,0.001,0.01,vp,10,primary,0.99891458478051,,2,block,65536,1004,0.4957305988517639,SOURCE_RUN\raw\task-0040-dynamic-vp-nu1p5-N80-s1004-primary-c2839c0cf0\arrays.npz,80,student_t,1.5,dynamic,True,primary
1.5,,0.5,1.0,nan,2.0,0.7783417657638507,0.002,0.02,vp,10,primary,0.9992244887520801,,3,block,65536,1004,0.4521394354513584,SOURCE_RUN\raw\task-0040-dynamic-vp-nu1p5-N80-s1004-primary-c2839c0cf0\arrays.npz,80,student_t,1.5,dynamic,True,broad
1.5,,0.5,1.0,nan,2.0,1.1114593933614938,0.001,0.005,vp,7,primary,0.999137174661859,,3,block,65536,1004,0.5102560170869438,SOURCE_RUN\raw\task-0040-dynamic-vp-nu1p5-N80-s1004-primary-c2839c0cf0\arrays.npz,80,student_t,1.5,dynamic,True,extreme
1.5,,0.5,1.0,nan,2.0,0.9747984331274273,0.001,0.01,vp,10,primary,0.998624147048715,,3,block,65536,1004,0.4886876000647793,SOURCE_RUN\raw\task-0040-dynamic-vp-nu1p5-N80-s1004-primary-c2839c0cf0\arrays.npz,80,student_t,1.5,dynamic,True,primary
1.5,,0.5,1.0,nan,2.0,0.7924903507674207,0.002,0.02,vp,10,primary,0.9983142963005581,,-1,full,262144,1004,0.4537312592117766,SOURCE_RUN\raw\task-0040-dynamic-vp-nu1p5-N80-s1004-primary-c2839c0cf0\arrays.npz,80,student_t,1.5,dynamic,True,broad
1.5,,0.5,1.0,nan,2.0,1.1331958159159303,0.001,0.005,vp,7,primary,0.9996243136571002,,-1,full,262144,1004,0.5133838299788988,SOURCE_RUN\raw\task-0040-dynamic-vp-nu1p5-N80-s1004-primary-c2839c0cf0\arrays.npz,80,student_t,1.5,dynamic,True,extreme
1.5,,0.5,1.0,nan,2.0,1.0107198683999297,0.001,0.01,vp,10,primary,0.9988899778140233,,-1,full,262144,1004,0.4940062138938472,SOURCE_RUN\raw\task-0040-dynamic-vp-nu1p5-N80-s1004-primary-c2839c0cf0\arrays.npz,80,student_t,1.5,dynamic,True,primary
1.5,,0.5,1.0,nan,2.0,0.7966464535251097,0.002,0.02,vp,10,primary,0.9981013464487667,,-1,nested,131072,1004,0.4536383345343889,SOURCE_RUN\raw\task-0040-dynamic-vp-nu1p5-N80-s1004-primary-c2839c0cf0\arrays.npz,80,student_t,1.5,dynamic,True,broad
1.5,,0.5,1.0,nan,2.0,1.1486236414154871,0.001,0.005,vp,7,primary,0.9994103051162632,,-1,nested,131072,1004,0.5154142892960989,SOURCE_RUN\raw\task-0040-dynamic-vp-nu1p5-N80-s1004-primary-c2839c0cf0\arrays.npz,80,student_t,1.5,dynamic,True,extreme
1.5,,0.5,1.0,nan,2.0,1.02799684454516,0.001,0.01,vp,10,primary,0.9987945763612104,,-1,nested,131072,1004,0.4963197334129624,SOURCE_RUN\raw\task-0040-dynamic-vp-nu1p5-N80-s1004-primary-c2839c0cf0\arrays.npz,80,student_t,1.5,dynamic,True,primary
1.5,,0.5,1.0,nan,2.0,0.8025043475854853,0.002,0.02,vp,10,primary,0.9986660503645582,,-1,nested,65536,1004,0.45315857367576756,SOURCE_RUN\raw\task-0040-dynamic-vp-nu1p5-N80-s1004-primary-c2839c0cf0\arrays.npz,80,student_t,1.5,dynamic,True,broad
1.5,,0.5,1.0,nan,2.0,1.1461028844217047,0.001,0.005,vp,7,primary,0.9987234563386735,,-1,nested,65536,1004,0.5135078581381585,SOURCE_RUN\raw\task-0040-dynamic-vp-nu1p5-N80-s1004-primary-c2839c0cf0\arrays.npz,80,student_t,1.5,dynamic,True,extreme
1.5,,0.5,1.0,nan,2.0,1.021413564461307,0.001,0.01,vp,10,primary,0.9985020691028634,,-1,nested,65536,1004,0.493779344454342,SOURCE_RUN\raw\task-0040-dynamic-vp-nu1p5-N80-s1004-primary-c2839c0cf0\arrays.npz,80,student_t,1.5,dynamic,True,primary
1.5,,0.5,1.0,nan,2.0,0.8110048782685508,0.002,0.02,vp,10,primary,0.9975871382680382,,0,block,65536,1005,0.45688227421525435,SOURCE_RUN\raw\task-0041-dynamic-vp-nu1p5-N80-s1005-primary-72778fd45f\arrays.npz,80,student_t,1.5,dynamic,True,broad
1.5,,0.5,1.0,nan,2.0,1.1908219213966016,0.001,0.005,vp,7,primary,0.9992601811565996,,0,block,65536,1005,0.5231655085078851,SOURCE_RUN\raw\task-0041-dynamic-vp-nu1p5-N80-s1005-primary-72778fd45f\arrays.npz,80,student_t,1.5,dynamic,True,extreme
1.5,,0.5,1.0,nan,2.0,1.0413652643261597,0.001,0.01,vp,10,primary,0.9984765356881664,,0,block,65536,1005,0.4995650663824791,SOURCE_RUN\raw\task-0041-dynamic-vp-nu1p5-N80-s1005-primary-72778fd45f\arrays.npz,80,student_t,1.5,dynamic,True,primary
1.5,,0.5,1.0,nan,2.0,0.8355299173771015,0.002,0.02,vp,10,primary,0.9985319909255693,,1,block,65536,1005,0.46356601501049083,SOURCE_RUN\raw\task-0041-dynamic-vp-nu1p5-N80-s1005-primary-72778fd45f\arrays.npz,80,student_t,1.5,dynamic,True,broad
1.5,,0.5,1.0,nan,2.0,0.984527694802936,0.001,0.005,vp,7,primary,0.9997351241928686,,1,block,65536,1005,0.4902458010370381,SOURCE_RUN\raw\task-0041-dynamic-vp-nu1p5-N80-s1005-primary-72778fd45f\arrays.npz,80,student_t,1.5,dynamic,True,extreme
1.5,,0.5,1.0,nan,2.0,0.9735638063903814,0.001,0.01,vp,10,primary,0.9999023381416906,,1,block,65536,1005,0.4885153121882251,SOURCE_RUN\raw\task-0041-dynamic-vp-nu1p5-N80-s1005-primary-72778fd45f\arrays.npz,80,student_t,1.5,dynamic,True,primary
1.5,,0.5,1.0,nan,2.0,0.8039318156559411,0.002,0.02,vp,10,primary,0.999136522120489,,2,block,65536,1005,0.4607300450335917,SOURCE_RUN\raw\task-0041-dynamic-vp-nu1p5-N80-s1005-primary-72778fd45f\arrays.npz,80,student_t,1.5,dynamic,True,broad
1.5,,0.5,1.0,nan,2.0,1.0528294347307996,0.001,0.005,vp,7,primary,0.9993394911392898,,2,block,65536,1005,0.504478410711775,SOURCE_RUN\raw\task-0041-dynamic-vp-nu1p5-N80-s1005-primary-72778fd45f\arrays.npz,80,student_t,1.5,dynamic,True,extreme
1.5,,0.5,1.0,nan,2.0,0.965928086528154,0.001,0.01,vp,10,primary,0.9992956327855861,,2,block,65536,1005,0.49073995408278503,SOURCE_RUN\raw\task-0041-dynamic-vp-nu1p5-N80-s1005-primary-72778fd45f\arrays.npz,80,student_t,1.5,dynamic,True,primary
1.5,,0.5,1.0,nan,2.0,0.7833881203123909,0.002,0.02,vp,10,primary,0.999038679097943,,3,block,65536,1005,0.4531713588405601,SOURCE_RUN\raw\task-0041-dynamic-vp-nu1p5-N80-s1005-primary-72778fd45f\arrays.npz,80,student_t,1.5,dynamic,True,broad
1.5,,0.5,1.0,nan,2.0,0.9891249905145304,0.001,0.005,vp,7,primary,0.9994899273559817,,3,block,65536,1005,0.4892732019674445,SOURCE_RUN\raw\task-0041-dynamic-vp-nu1p5-N80-s1005-primary-72778fd45f\arrays.npz,80,student_t,1.5,dynamic,True,extreme
1.5,,0.5,1.0,nan,2.0,0.9321822037244878,0.001,0.01,vp,10,primary,0.9995862829202627,,3,block,65536,1005,0.4802580371443213,SOURCE_RUN\raw\task-0041-dynamic-vp-nu1p5-N80-s1005-primary-72778fd45f\arrays.npz,80,student_t,1.5,dynamic,True,primary
1.5,,0.5,1.0,nan,2.0,0.8059798857032107,0.002,0.02,vp,10,primary,0.9989043968500755,,-1,full,262144,1005,0.4580746728129775,SOURCE_RUN\raw\task-0041-dynamic-vp-nu1p5-N80-s1005-primary-72778fd45f\arrays.npz,80,student_t,1.5,dynamic,True,broad
1.5,,0.5,1.0,nan,2.0,1.037433658878333,0.001,0.005,vp,7,primary,0.9998841651212194,,-1,full,262144,1005,0.4987359746957675,SOURCE_RUN\raw\task-0041-dynamic-vp-nu1p5-N80-s1005-primary-72778fd45f\arrays.npz,80,student_t,1.5,dynamic,True,extreme
1.5,,0.5,1.0,nan,2.0,0.966506126816535,0.001,0.01,vp,10,primary,0.9996603457841762,,-1,full,262144,1005,0.4875323397043163,SOURCE_RUN\raw\task-0041-dynamic-vp-nu1p5-N80-s1005-primary-72778fd45f\arrays.npz,80,student_t,1.5,dynamic,True,primary
1.5,,0.5,1.0,nan,2.0,0.8197759161281536,0.002,0.02,vp,10,primary,0.9984953775357231,,-1,nested,131072,1005,0.4594652944954671,SOURCE_RUN\raw\task-0041-dynamic-vp-nu1p5-N80-s1005-primary-72778fd45f\arrays.npz,80,student_t,1.5,dynamic,True,broad
1.5,,0.5,1.0,nan,2.0,1.0771119547659744,0.001,0.005,vp,7,primary,0.9998874262099765,,-1,nested,131072,1005,0.5047216622684285,SOURCE_RUN\raw\task-0041-dynamic-vp-nu1p5-N80-s1005-primary-72778fd45f\arrays.npz,80,student_t,1.5,dynamic,True,extreme
1.5,,0.5,1.0,nan,2.0,0.9999714504200394,0.001,0.01,vp,10,primary,0.9996167722460546,,-1,nested,131072,1005,0.49254037206131074,SOURCE_RUN\raw\task-0041-dynamic-vp-nu1p5-N80-s1005-primary-72778fd45f\arrays.npz,80,student_t,1.5,dynamic,True,primary
1.5,,0.5,1.0,nan,2.0,0.8110048782685508,0.002,0.02,vp,10,primary,0.9975871382680382,,-1,nested,65536,1005,0.45688227421525435,SOURCE_RUN\raw\task-0041-dynamic-vp-nu1p5-N80-s1005-primary-72778fd45f\arrays.npz,80,student_t,1.5,dynamic,True,broad
1.5,,0.5,1.0,nan,2.0,1.1908219213966016,0.001,0.005,vp,7,primary,0.9992601811565996,,-1,nested,65536,1005,0.5231655085078851,SOURCE_RUN\raw\task-0041-dynamic-vp-nu1p5-N80-s1005-primary-72778fd45f\arrays.npz,80,student_t,1.5,dynamic,True,extreme
1.5,,0.5,1.0,nan,2.0,1.0413652643261597,0.001,0.01,vp,10,primary,0.9984765356881664,,-1,nested,65536,1005,0.4995650663824791,SOURCE_RUN\raw\task-0041-dynamic-vp-nu1p5-N80-s1005-primary-72778fd45f\arrays.npz,80,student_t,1.5,dynamic,True,primary
1.5,,0.5,1.0,nan,2.0,0.7340268086392818,0.002,0.02,vp,10,primary,0.9972383661642494,,0,block,65536,1006,0.4422273491005843,SOURCE_RUN\raw\task-0042-dynamic-vp-nu1p5-N80-s1006-primary-f079ec9e33\arrays.npz,80,student_t,1.5,dynamic,True,broad
1.5,,0.5,1.0,nan,2.0,1.0788614448528162,0.001,0.005,vp,7,primary,0.9988707289640917,,0,block,65536,1006,0.5029894028430345,SOURCE_RUN\raw\task-0042-dynamic-vp-nu1p5-N80-s1006-primary-f079ec9e33\arrays.npz,80,student_t,1.5,dynamic,True,extreme
1.5,,0.5,1.0,nan,2.0,0.9808953737722816,0.001,0.01,vp,10,primary,0.9986200224420024,,0,block,65536,1006,0.4874297226711206,SOURCE_RUN\raw\task-0042-dynamic-vp-nu1p5-N80-s1006-primary-f079ec9e33\arrays.npz,80,student_t,1.5,dynamic,True,primary
1.5,,0.5,1.0,nan,2.0,0.788479076510802,0.002,0.02,vp,10,primary,0.9978691569486114,,1,block,65536,1006,0.44746785506963416,SOURCE_RUN\raw\task-0042-dynamic-vp-nu1p5-N80-s1006-primary-f079ec9e33\arrays.npz,80,student_t,1.5,dynamic,True,broad
1.5,,0.5,1.0,nan,2.0,1.1176205975326883,0.001,0.005,vp,7,primary,0.9998789920715663,,1,block,65536,1006,0.5051641494867285,SOURCE_RUN\raw\task-0042-dynamic-vp-nu1p5-N80-s1006-primary-f079ec9e33\arrays.npz,80,student_t,1.5,dynamic,True,extreme
1.5,,0.5,1.0,nan,2.0,1.0017966328197438,0.001,0.01,vp,10,primary,0.9989848777169461,,1,block,65536,1006,0.486820338206888,SOURCE_RUN\raw\task-0042-dynamic-vp-nu1p5-N80-s1006-primary-f079ec9e33\arrays.npz,80,student_t,1.5,dynamic,True,primary
1.5,,0.5,1.0,nan,2.0,0.7557555828407939,0.002,0.02,vp,10,primary,0.9992805171895787,,2,block,65536,1006,0.44683512653951724,SOURCE_RUN\raw\task-0042-dynamic-vp-nu1p5-N80-s1006-primary-f079ec9e33\arrays.npz,80,student_t,1.5,dynamic,True,broad
1.5,,0.5,1.0,nan,2.0,0.9332762577171837,0.001,0.005,vp,7,primary,0.9989356945331761,,2,block,65536,1006,0.4783236670938663,SOURCE_RUN\raw\task-0042-dynamic-vp-nu1p5-N80-s1006-primary-f079ec9e33\arrays.npz,80,student_t,1.5,dynamic,True,extreme
1.5,,0.5,1.0,nan,2.0,0.8833042583666242,0.001,0.01,vp,10,primary,0.9994482943673655,,2,block,65536,1006,0.4704185138399735,SOURCE_RUN\raw\task-0042-dynamic-vp-nu1p5-N80-s1006-primary-f079ec9e33\arrays.npz,80,student_t,1.5,dynamic,True,primary
1.5,,0.5,1.0,nan,2.0,0.7462032953880602,0.002,0.02,vp,10,primary,0.998707110595549,,3,block,65536,1006,0.44142634704819,SOURCE_RUN\raw\task-0042-dynamic-vp-nu1p5-N80-s1006-primary-f079ec9e33\arrays.npz,80,student_t,1.5,dynamic,True,broad
1.5,,0.5,1.0,nan,2.0,1.1889931336225164,0.001,0.005,vp,7,primary,0.9988990437478021,,3,block,65536,1006,0.5183569218770467,SOURCE_RUN\raw\task-0042-dynamic-vp-nu1p5-N80-s1006-primary-f079ec9e33\arrays.npz,80,student_t,1.5,dynamic,True,extreme
1.5,,0.5,1.0,nan,2.0,0.9976147885451511,0.001,0.01,vp,10,primary,0.9975826915883034,,3,block,65536,1006,0.4881840486820879,SOURCE_RUN\raw\task-0042-dynamic-vp-nu1p5-N80-s1006-primary-f079ec9e33\arrays.npz,80,student_t,1.5,dynamic,True,primary
1.5,,0.5,1.0,nan,2.0,0.754055050202379,0.002,0.02,vp,10,primary,0.9985899525268004,,-1,full,262144,1006,0.44401578927447527,SOURCE_RUN\raw\task-0042-dynamic-vp-nu1p5-N80-s1006-primary-f079ec9e33\arrays.npz,80,student_t,1.5,dynamic,True,broad
1.5,,0.5,1.0,nan,2.0,1.0834313292721132,0.001,0.005,vp,7,primary,0.999359496920096,,-1,full,262144,1006,0.5017080337026429,SOURCE_RUN\raw\task-0042-dynamic-vp-nu1p5-N80-s1006-primary-f079ec9e33\arrays.npz,80,student_t,1.5,dynamic,True,extreme
1.5,,0.5,1.0,nan,2.0,0.9664736146900795,0.001,0.01,vp,10,primary,0.9988808116063407,,-1,full,262144,1006,0.4832160109244729,SOURCE_RUN\raw\task-0042-dynamic-vp-nu1p5-N80-s1006-primary-f079ec9e33\arrays.npz,80,student_t,1.5,dynamic,True,primary
1.5,,0.5,1.0,nan,2.0,0.7585465399849673,0.002,0.02,vp,10,primary,0.9978036606929832,,-1,nested,131072,1006,0.4442616025551024,SOURCE_RUN\raw\task-0042-dynamic-vp-nu1p5-N80-s1006-primary-f079ec9e33\arrays.npz,80,student_t,1.5,dynamic,True,broad
1.5,,0.5,1.0,nan,2.0,1.1030737152629368,0.001,0.005,vp,7,primary,0.9996235808519208,,-1,nested,131072,1006,0.5047271093934869,SOURCE_RUN\raw\task-0042-dynamic-vp-nu1p5-N80-s1006-primary-f079ec9e33\arrays.npz,80,student_t,1.5,dynamic,True,extreme
1.5,,0.5,1.0,nan,2.0,0.992540286280457,0.001,0.01,vp,10,primary,0.9989823486073215,,-1,nested,131072,1006,0.4872260092638957,SOURCE_RUN\raw\task-0042-dynamic-vp-nu1p5-N80-s1006-primary-f079ec9e33\arrays.npz,80,student_t,1.5,dynamic,True,primary
1.5,,0.5,1.0,nan,2.0,0.7340268086392818,0.002,0.02,vp,10,primary,0.9972383661642494,,-1,nested,65536,1006,0.4422273491005843,SOURCE_RUN\raw\task-0042-dynamic-vp-nu1p5-N80-s1006-primary-f079ec9e33\arrays.npz,80,student_t,1.5,dynamic,True,broad
1.5,,0.5,1.0,nan,2.0,1.0788614448528162,0.001,0.005,vp,7,primary,0.9988707289640917,,-1,nested,65536,1006,0.5029894028430345,SOURCE_RUN\raw\task-0042-dynamic-vp-nu1p5-N80-s1006-primary-f079ec9e33\arrays.npz,80,student_t,1.5,dynamic,True,extreme
1.5,,0.5,1.0,nan,2.0,0.9808953737722816,0.001,0.01,vp,10,primary,0.9986200224420024,,-1,nested,65536,1006,0.4874297226711206,SOURCE_RUN\raw\task-0042-dynamic-vp-nu1p5-N80-s1006-primary-f079ec9e33\arrays.npz,80,student_t,1.5,dynamic,True,primary
1.5,,0.5,1.0,nan,2.0,0.7555150937147901,0.002,0.02,vp,10,primary,0.99890768485665,,0,block,65536,1007,0.44421889362445577,SOURCE_RUN\raw\task-0043-dynamic-vp-nu1p5-N80-s1007-primary-8dd687b546\arrays.npz,80,student_t,1.5,dynamic,True,broad
1.5,,0.5,1.0,nan,2.0,1.0789233643181098,0.001,0.005,vp,7,primary,0.9991909790703154,,0,block,65536,1007,0.5009374727382344,SOURCE_RUN\raw\task-0043-dynamic-vp-nu1p5-N80-s1007-primary-8dd687b546\arrays.npz,80,student_t,1.5,dynamic,True,extreme
1.5,,0.5,1.0,nan,2.0,0.960618310652292,0.001,0.01,vp,10,primary,0.9988508079501947,,0,block,65536,1007,0.48226888524559464,SOURCE_RUN\raw\task-0043-dynamic-vp-nu1p5-N80-s1007-primary-8dd687b546\arrays.npz,80,student_t,1.5,dynamic,True,primary
1.5,,0.5,1.0,nan,2.0,0.8229361839237851,0.002,0.02,vp,10,primary,0.9976329862890223,,1,block,65536,1007,0.46014672777196963,SOURCE_RUN\raw\task-0043-dynamic-vp-nu1p5-N80-s1007-primary-8dd687b546\arrays.npz,80,student_t,1.5,dynamic,True,broad
1.5,,0.5,1.0,nan,2.0,0.9636252392045775,0.001,0.005,vp,7,primary,0.9994947770566852,,1,block,65536,1007,0.4854262704449919,SOURCE_RUN\raw\task-0043-dynamic-vp-nu1p5-N80-s1007-primary-8dd687b546\arrays.npz,80,student_t,1.5,dynamic,True,extreme
1.5,,0.5,1.0,nan,2.0,0.9691667616913573,0.001,0.01,vp,10,primary,0.9996417497490128,,1,block,65536,1007,0.4862128350804537,SOURCE_RUN\raw\task-0043-dynamic-vp-nu1p5-N80-s1007-primary-8dd687b546\arrays.npz,80,student_t,1.5,dynamic,True,primary
1.5,,0.5,1.0,nan,2.0,0.7714374990622851,0.002,0.02,vp,10,primary,0.9985351439898272,,2,block,65536,1007,0.450118951087958,SOURCE_RUN\raw\task-0043-dynamic-vp-nu1p5-N80-s1007-primary-8dd687b546\arrays.npz,80,student_t,1.5,dynamic,True,broad
1.5,,0.5,1.0,nan,2.0,1.175471396006523,0.001,0.005,vp,7,primary,0.9993888660596596,,2,block,65536,1007,0.5205054519147162,SOURCE_RUN\raw\task-0043-dynamic-vp-nu1p5-N80-s1007-primary-8dd687b546\arrays.npz,80,student_t,1.5,dynamic,True,extreme
1.5,,0.5,1.0,nan,2.0,1.0076489412655996,0.001,0.01,vp,10,primary,0.9980778326698434,,2,block,65536,1007,0.49398141434330856,SOURCE_RUN\raw\task-0043-dynamic-vp-nu1p5-N80-s1007-primary-8dd687b546\arrays.npz,80,student_t,1.5,dynamic,True,primary
1.5,,0.5,1.0,nan,2.0,0.819959924060204,0.002,0.02,vp,10,primary,0.9985285968375445,,3,block,65536,1007,0.46052710537472513,SOURCE_RUN\raw\task-0043-dynamic-vp-nu1p5-N80-s1007-primary-8dd687b546\arrays.npz,80,student_t,1.5,dynamic,True,broad
1.5,,0.5,1.0,nan,2.0,1.1067177500931518,0.001,0.005,vp,7,primary,0.9997028833801486,,3,block,65536,1007,0.5105139919649069,SOURCE_RUN\raw\task-0043-dynamic-vp-nu1p5-N80-s1007-primary-8dd687b546\arrays.npz,80,student_t,1.5,dynamic,True,extreme
1.5,,0.5,1.0,nan,2.0,1.0041123686434543,0.001,0.01,vp,10,primary,0.9992847103280362,,3,block,65536,1007,0.49431607464791094,SOURCE_RUN\raw\task-0043-dynamic-vp-nu1p5-N80-s1007-primary-8dd687b546\arrays.npz,80,student_t,1.5,dynamic,True,primary
1.5,,0.5,1.0,nan,2.0,0.7907679729139144,0.002,0.02,vp,10,primary,0.9985233413171184,,-1,full,262144,1007,0.4534041218341955,SOURCE_RUN\raw\task-0043-dynamic-vp-nu1p5-N80-s1007-primary-8dd687b546\arrays.npz,80,student_t,1.5,dynamic,True,broad
1.5,,0.5,1.0,nan,2.0,1.0882254266356668,0.001,0.005,vp,7,primary,0.99974910952096,,-1,full,262144,1007,0.5055453327308393,SOURCE_RUN\raw\task-0043-dynamic-vp-nu1p5-N80-s1007-primary-8dd687b546\arrays.npz,80,student_t,1.5,dynamic,True,extreme
1.5,,0.5,1.0,nan,2.0,0.98890120851792,0.001,0.01,vp,10,primary,0.9992581053754271,,-1,full,262144,1007,0.4898331690501429,SOURCE_RUN\raw\task-0043-dynamic-vp-nu1p5-N80-s1007-primary-8dd687b546\arrays.npz,80,student_t,1.5,dynamic,True,primary
1.5,,0.5,1.0,nan,2.0,0.7869595358032502,0.002,0.02,vp,10,primary,0.9984111636387041,,-1,nested,131072,1007,0.4516625530689258,SOURCE_RUN\raw\task-0043-dynamic-vp-nu1p5-N80-s1007-primary-8dd687b546\arrays.npz,80,student_t,1.5,dynamic,True,broad
1.5,,0.5,1.0,nan,2.0,1.0155711411571813,0.001,0.005,vp,7,primary,0.9998840139920698,,-1,nested,131072,1007,0.4921036598001741,SOURCE_RUN\raw\task-0043-dynamic-vp-nu1p5-N80-s1007-primary-8dd687b546\arrays.npz,80,student_t,1.5,dynamic,True,extreme
1.5,,0.5,1.0,nan,2.0,0.9621582299148259,0.001,0.01,vp,10,primary,0.9996881512802696,,-1,nested,131072,1007,0.4836332634656896,SOURCE_RUN\raw\task-0043-dynamic-vp-nu1p5-N80-s1007-primary-8dd687b546\arrays.npz,80,student_t,1.5,dynamic,True,primary
1.5,,0.5,1.0,nan,2.0,0.7555150937147901,0.002,0.02,vp,10,primary,0.99890768485665,,-1,nested,65536,1007,0.44421889362445577,SOURCE_RUN\raw\task-0043-dynamic-vp-nu1p5-N80-s1007-primary-8dd687b546\arrays.npz,80,student_t,1.5,dynamic,True,broad
1.5,,0.5,1.0,nan,2.0,1.0789233643181098,0.001,0.005,vp,7,primary,0.9991909790703154,,-1,nested,65536,1007,0.5009374727382344,SOURCE_RUN\raw\task-0043-dynamic-vp-nu1p5-N80-s1007-primary-8dd687b546\arrays.npz,80,student_t,1.5,dynamic,True,extreme
1.5,,0.5,1.0,nan,2.0,0.960618310652292,0.001,0.01,vp,10,primary,0.9988508079501947,,-1,nested,65536,1007,0.48226888524559464,SOURCE_RUN\raw\task-0043-dynamic-vp-nu1p5-N80-s1007-primary-8dd687b546\arrays.npz,80,student_t,1.5,dynamic,True,primary
1.5,,0.5,1.0,nan,2.0,0.8103244607545543,0.002,0.02,vp,10,primary,0.9987180800784966,,0,block,65536,1008,0.45604709421547607,SOURCE_RUN\raw\task-0044-dynamic-vp-nu1p5-N80-s1008-primary-7d68ca5e8d\arrays.npz,80,student_t,1.5,dynamic,True,broad
1.5,,0.5,1.0,nan,2.0,1.1467704299495833,0.001,0.005,vp,7,primary,0.9994727279867179,,0,block,65536,1008,0.5148053065843743,SOURCE_RUN\raw\task-0044-dynamic-vp-nu1p5-N80-s1008-primary-7d68ca5e8d\arrays.npz,80,student_t,1.5,dynamic,True,extreme
1.5,,0.5,1.0,nan,2.0,1.0163007633449028,0.001,0.01,vp,10,primary,0.9987713033894848,,0,block,65536,1008,0.4941861479554757,SOURCE_RUN\raw\task-0044-dynamic-vp-nu1p5-N80-s1008-primary-7d68ca5e8d\arrays.npz,80,student_t,1.5,dynamic,True,primary
1.5,,0.5,1.0,nan,2.0,0.8061408341627229,0.002,0.02,vp,10,primary,0.9989303179879495,,1,block,65536,1008,0.4560254097516374,SOURCE_RUN\raw\task-0044-dynamic-vp-nu1p5-N80-s1008-primary-7d68ca5e8d\arrays.npz,80,student_t,1.5,dynamic,True,broad
1.5,,0.5,1.0,nan,2.0,1.0855204534566378,0.001,0.005,vp,7,primary,0.9986095435106238,,1,block,65536,1008,0.5050593775472308,SOURCE_RUN\raw\task-0044-dynamic-vp-nu1p5-N80-s1008-primary-7d68ca5e8d\arrays.npz,80,student_t,1.5,dynamic,True,extreme
1.5,,0.5,1.0,nan,2.0,0.9906648056777398,0.001,0.01,vp,10,primary,0.998892967031279,,1,block,65536,1008,0.49005983204215486,SOURCE_RUN\raw\task-0044-dynamic-vp-nu1p5-N80-s1008-primary-7d68ca5e8d\arrays.npz,80,student_t,1.5,dynamic,True,primary
1.5,,0.5,1.0,nan,2.0,0.7859195816279184,0.002,0.02,vp,10,primary,0.9980627876135137,,2,block,65536,1008,0.4496488441037098,SOURCE_RUN\raw\task-0044-dynamic-vp-nu1p5-N80-s1008-primary-7d68ca5e8d\arrays.npz,80,student_t,1.5,dynamic,True,broad
1.5,,0.5,1.0,nan,2.0,1.1094958642241273,0.001,0.005,vp,7,primary,0.9996868888334915,,2,block,65536,1008,0.5065447403822833,SOURCE_RUN\raw\task-0044-dynamic-vp-nu1p5-N80-s1008-primary-7d68ca5e8d\arrays.npz,80,student_t,1.5,dynamic,True,extreme
1.5,,0.5,1.0,nan,2.0,1.007617283013247,0.001,0.01,vp,10,primary,0.999169695312455,,2,block,65536,1008,0.4904157481000882,SOURCE_RUN\raw\task-0044-dynamic-vp-nu1p5-N80-s1008-primary-7d68ca5e8d\arrays.npz,80,student_t,1.5,dynamic,True,primary
1.5,,0.5,1.0,nan,2.0,0.8113282208819053,0.002,0.02,vp,10,primary,0.9987473945267038,,3,block,65536,1008,0.4580310732898874,SOURCE_RUN\raw\task-0044-dynamic-vp-nu1p5-N80-s1008-primary-7d68ca5e8d\arrays.npz,80,student_t,1.5,dynamic,True,broad
1.5,,0.5,1.0,nan,2.0,1.0718372310670556,0.001,0.005,vp,7,primary,0.9995146706363217,,3,block,65536,1008,0.5040095509041543,SOURCE_RUN\raw\task-0044-dynamic-vp-nu1p5-N80-s1008-primary-7d68ca5e8d\arrays.npz,80,student_t,1.5,dynamic,True,extreme
1.5,,0.5,1.0,nan,2.0,0.9910786660775742,0.001,0.01,vp,10,primary,0.9992836689745979,,3,block,65536,1008,0.4911973708961503,SOURCE_RUN\raw\task-0044-dynamic-vp-nu1p5-N80-s1008-primary-7d68ca5e8d\arrays.npz,80,student_t,1.5,dynamic,True,primary
1.5,,0.5,1.0,nan,2.0,0.8020065723935926,0.002,0.02,vp,10,primary,0.9987047342553745,,-1,full,262144,1008,0.4545984534279166,SOURCE_RUN\raw\task-0044-dynamic-vp-nu1p5-N80-s1008-primary-7d68ca5e8d\arrays.npz,80,student_t,1.5,dynamic,True,broad
1.5,,0.5,1.0,nan,2.0,1.0987984163372826,0.001,0.005,vp,7,primary,0.9995225459900353,,-1,full,262144,1008,0.5067211602430558,SOURCE_RUN\raw\task-0044-dynamic-vp-nu1p5-N80-s1008-primary-7d68ca5e8d\arrays.npz,80,student_t,1.5,dynamic,True,extreme
1.5,,0.5,1.0,nan,2.0,0.997886068130407,0.001,0.01,vp,10,primary,0.9991229456792782,,-1,full,262144,1008,0.4907456811625503,SOURCE_RUN\raw\task-0044-dynamic-vp-nu1p5-N80-s1008-primary-7d68ca5e8d\arrays.npz,80,student_t,1.5,dynamic,True,primary
1.5,,0.5,1.0,nan,2.0,0.8059649878616407,0.002,0.02,vp,10,primary,0.9988624898526821,,-1,nested,131072,1008,0.45544491075528004,SOURCE_RUN\raw\task-0044-dynamic-vp-nu1p5-N80-s1008-primary-7d68ca5e8d\arrays.npz,80,student_t,1.5,dynamic,True,broad
1.5,,0.5,1.0,nan,2.0,1.1249905743248028,0.001,0.005,vp,7,primary,0.9992281432276734,,-1,nested,131072,1008,0.5112768492075808,SOURCE_RUN\raw\task-0044-dynamic-vp-nu1p5-N80-s1008-primary-7d68ca5e8d\arrays.npz,80,student_t,1.5,dynamic,True,extreme
1.5,,0.5,1.0,nan,2.0,1.0069701990613658,0.001,0.01,vp,10,primary,0.9988505143525958,,-1,nested,131072,1008,0.4926230512528652,SOURCE_RUN\raw\task-0044-dynamic-vp-nu1p5-N80-s1008-primary-7d68ca5e8d\arrays.npz,80,student_t,1.5,dynamic,True,primary
1.5,,0.5,1.0,nan,2.0,0.8103244607545543,0.002,0.02,vp,10,primary,0.9987180800784966,,-1,nested,65536,1008,0.45604709421547607,SOURCE_RUN\raw\task-0044-dynamic-vp-nu1p5-N80-s1008-primary-7d68ca5e8d\arrays.npz,80,student_t,1.5,dynamic,True,broad
1.5,,0.5,1.0,nan,2.0,1.1467704299495833,0.001,0.005,vp,7,primary,0.9994727279867179,,-1,nested,65536,1008,0.5148053065843743,SOURCE_RUN\raw\task-0044-dynamic-vp-nu1p5-N80-s1008-primary-7d68ca5e8d\arrays.npz,80,student_t,1.5,dynamic,True,extreme
1.5,,0.5,1.0,nan,2.0,1.0163007633449028,0.001,0.01,vp,10,primary,0.9987713033894848,,-1,nested,65536,1008,0.4941861479554757,SOURCE_RUN\raw\task-0044-dynamic-vp-nu1p5-N80-s1008-primary-7d68ca5e8d\arrays.npz,80,student_t,1.5,dynamic,True,primary
1.5,,0.5,1.0,nan,2.0,0.799191261127971,0.002,0.02,vp,10,primary,0.9994090533962616,,0,block,65536,1009,0.4575786348084389,SOURCE_RUN\raw\task-0045-dynamic-vp-nu1p5-N80-s1009-primary-d93e638cc5\arrays.npz,80,student_t,1.5,dynamic,True,broad
1.5,,0.5,1.0,nan,2.0,0.9751144970537559,0.001,0.005,vp,7,primary,0.9996439809383068,,0,block,65536,1009,0.48849854563524403,SOURCE_RUN\raw\task-0045-dynamic-vp-nu1p5-N80-s1009-primary-d93e638cc5\arrays.npz,80,student_t,1.5,dynamic,True,extreme
1.5,,0.5,1.0,nan,2.0,0.9174864991062542,0.001,0.01,vp,10,primary,0.9996169468536119,,0,block,65536,1009,0.4793829808128694,SOURCE_RUN\raw\task-0045-dynamic-vp-nu1p5-N80-s1009-primary-d93e638cc5\arrays.npz,80,student_t,1.5,dynamic,True,primary
1.5,,0.5,1.0,nan,2.0,0.8046176190589216,0.002,0.02,vp,10,primary,0.9987092629145852,,1,block,65536,1009,0.45281226555586646,SOURCE_RUN\raw\task-0045-dynamic-vp-nu1p5-N80-s1009-primary-d93e638cc5\arrays.npz,80,student_t,1.5,dynamic,True,broad
1.5,,0.5,1.0,nan,2.0,1.084983193116524,0.001,0.005,vp,7,primary,0.9987654182635601,,1,block,65536,1009,0.5021379504758112,SOURCE_RUN\raw\task-0045-dynamic-vp-nu1p5-N80-s1009-primary-d93e638cc5\arrays.npz,80,student_t,1.5,dynamic,True,extreme
1.5,,0.5,1.0,nan,2.0,0.9965450651251399,0.001,0.01,vp,10,primary,0.9991164207520705,,1,block,65536,1009,0.4881820175713544,SOURCE_RUN\raw\task-0045-dynamic-vp-nu1p5-N80-s1009-primary-d93e638cc5\arrays.npz,80,student_t,1.5,dynamic,True,primary
1.5,,0.5,1.0,nan,2.0,0.7858354765648106,0.002,0.02,vp,10,primary,0.9988189386787218,,2,block,65536,1009,0.45286765726224426,SOURCE_RUN\raw\task-0045-dynamic-vp-nu1p5-N80-s1009-primary-d93e638cc5\arrays.npz,80,student_t,1.5,dynamic,True,broad
1.5,,0.5,1.0,nan,2.0,1.0868208648775248,0.001,0.005,vp,7,primary,0.999653802108741,,2,block,65536,1009,0.505527008414948,SOURCE_RUN\raw\task-0045-dynamic-vp-nu1p5-N80-s1009-primary-d93e638cc5\arrays.npz,80,student_t,1.5,dynamic,True,extreme
1.5,,0.5,1.0,nan,2.0,0.9737971438946966,0.001,0.01,vp,10,primary,0.9991284888021678,,2,block,65536,1009,0.4876801910288441,SOURCE_RUN\raw\task-0045-dynamic-vp-nu1p5-N80-s1009-primary-d93e638cc5\arrays.npz,80,student_t,1.5,dynamic,True,primary
1.5,,0.5,1.0,nan,2.0,0.7673902001884446,0.002,0.02,vp,10,primary,0.9992572442536745,,3,block,65536,1009,0.4500105658356083,SOURCE_RUN\raw\task-0045-dynamic-vp-nu1p5-N80-s1009-primary-d93e638cc5\arrays.npz,80,student_t,1.5,dynamic,True,broad
1.5,,0.5,1.0,nan,2.0,1.0428151152173035,0.001,0.005,vp,7,primary,0.9985468551735905,,3,block,65536,1009,0.4986380087965522,SOURCE_RUN\raw\task-0045-dynamic-vp-nu1p5-N80-s1009-primary-d93e638cc5\arrays.npz,80,student_t,1.5,dynamic,True,extreme
1.5,,0.5,1.0,nan,2.0,0.9537893902809671,0.001,0.01,vp,10,primary,0.9990160733170871,,3,block,65536,1009,0.48460145726450693,SOURCE_RUN\raw\task-0045-dynamic-vp-nu1p5-N80-s1009-primary-d93e638cc5\arrays.npz,80,student_t,1.5,dynamic,True,primary
1.5,,0.5,1.0,nan,2.0,0.7854227997137204,0.002,0.02,vp,10,primary,0.999173889258147,,-1,full,262144,1009,0.4525603201309445,SOURCE_RUN\raw\task-0045-dynamic-vp-nu1p5-N80-s1009-primary-d93e638cc5\arrays.npz,80,student_t,1.5,dynamic,True,broad
1.5,,0.5,1.0,nan,2.0,1.034765665416998,0.001,0.005,vp,7,primary,0.999311959048979,,-1,full,262144,1009,0.496443771186384,SOURCE_RUN\raw\task-0045-dynamic-vp-nu1p5-N80-s1009-primary-d93e638cc5\arrays.npz,80,student_t,1.5,dynamic,True,extreme
1.5,,0.5,1.0,nan,2.0,0.952749856661583,0.001,0.01,vp,10,primary,0.9993422784862382,,-1,full,262144,1009,0.4834937820619121,SOURCE_RUN\raw\task-0045-dynamic-vp-nu1p5-N80-s1009-primary-d93e638cc5\arrays.npz,80,student_t,1.5,dynamic,True,primary
1.5,,0.5,1.0,nan,2.0,0.7983978681234386,0.002,0.02,vp,10,primary,0.9992154271101668,,-1,nested,131072,1009,0.45452453564854883,SOURCE_RUN\raw\task-0045-dynamic-vp-nu1p5-N80-s1009-primary-d93e638cc5\arrays.npz,80,student_t,1.5,dynamic,True,broad
1.5,,0.5,1.0,nan,2.0,1.0179123293824894,0.001,0.005,vp,7,primary,0.999496564129482,,-1,nested,131072,1009,0.49321138917874063,SOURCE_RUN\raw\task-0045-dynamic-vp-nu1p5-N80-s1009-primary-d93e638cc5\arrays.npz,80,student_t,1.5,dynamic,True,extreme
1.5,,0.5,1.0,nan,2.0,0.9489675294883323,0.001,0.01,vp,10,primary,0.9994993667459183,,-1,nested,131072,1009,0.4823088851497854,SOURCE_RUN\raw\task-0045-dynamic-vp-nu1p5-N80-s1009-primary-d93e638cc5\arrays.npz,80,student_t,1.5,dynamic,True,primary
1.5,,0.5,1.0,nan,2.0,0.799191261127971,0.002,0.02,vp,10,primary,0.9994090533962616,,-1,nested,65536,1009,0.4575786348084389,SOURCE_RUN\raw\task-0045-dynamic-vp-nu1p5-N80-s1009-primary-d93e638cc5\arrays.npz,80,student_t,1.5,dynamic,True,broad
1.5,,0.5,1.0,nan,2.0,0.9751144970537559,0.001,0.005,vp,7,primary,0.9996439809383068,,-1,nested,65536,1009,0.48849854563524403,SOURCE_RUN\raw\task-0045-dynamic-vp-nu1p5-N80-s1009-primary-d93e638cc5\arrays.npz,80,student_t,1.5,dynamic,True,extreme
1.5,,0.5,1.0,nan,2.0,0.9174864991062542,0.001,0.01,vp,10,primary,0.9996169468536119,,-1,nested,65536,1009,0.4793829808128694,SOURCE_RUN\raw\task-0045-dynamic-vp-nu1p5-N80-s1009-primary-d93e638cc5\arrays.npz,80,student_t,1.5,dynamic,True,primary
1.5,,0.5,1.0,nan,2.0,0.7463309901355623,0.002,0.02,vp,10,primary,0.9979381408380174,,0,block,65536,1010,0.4406903725562212,SOURCE_RUN\raw\task-0046-dynamic-vp-nu1p5-N80-s1010-primary-be25622ed0\arrays.npz,80,student_t,1.5,dynamic,True,broad
1.5,,0.5,1.0,nan,2.0,1.1336682207702489,0.001,0.005,vp,7,primary,0.9997460055143025,,0,block,65536,1010,0.5083679055148032,SOURCE_RUN\raw\task-0046-dynamic-vp-nu1p5-N80-s1010-primary-be25622ed0\arrays.npz,80,student_t,1.5,dynamic,True,extreme
1.5,,0.5,1.0,nan,2.0,0.9877171629095519,0.001,0.01,vp,10,primary,0.9984844057198796,,0,block,65536,1010,0.4852776115370026,SOURCE_RUN\raw\task-0046-dynamic-vp-nu1p5-N80-s1010-primary-be25622ed0\arrays.npz,80,student_t,1.5,dynamic,True,primary
1.5,,0.5,1.0,nan,2.0,0.8129897377945741,0.002,0.02,vp,10,primary,0.9978581719336901,,1,block,65536,1010,0.45914929005599764,SOURCE_RUN\raw\task-0046-dynamic-vp-nu1p5-N80-s1010-primary-be25622ed0\arrays.npz,80,student_t,1.5,dynamic,True,broad
1.5,,0.5,1.0,nan,2.0,1.1479132157088734,0.001,0.005,vp,7,primary,0.9991464668468512,,1,block,65536,1010,0.5177905182134624,SOURCE_RUN\raw\task-0046-dynamic-vp-nu1p5-N80-s1010-primary-be25622ed0\arrays.npz,80,student_t,1.5,dynamic,True,extreme
1.5,,0.5,1.0,nan,2.0,1.0414155773871996,0.001,0.01,vp,10,primary,0.9990316175984401,,1,block,65536,1010,0.5009625456473943,SOURCE_RUN\raw\task-0046-dynamic-vp-nu1p5-N80-s1010-primary-be25622ed0\arrays.npz,80,student_t,1.5,dynamic,True,primary
1.5,,0.5,1.0,nan,2.0,0.8060478255804534,0.002,0.02,vp,10,primary,0.9990199262372351,,2,block,65536,1010,0.4573721804085128,SOURCE_RUN\raw\task-0046-dynamic-vp-nu1p5-N80-s1010-primary-be25622ed0\arrays.npz,80,student_t,1.5,dynamic,True,broad
1.5,,0.5,1.0,nan,2.0,1.154466516924908,0.001,0.005,vp,7,primary,0.99878935079076,,2,block,65536,1010,0.5186044098647192,SOURCE_RUN\raw\task-0046-dynamic-vp-nu1p5-N80-s1010-primary-be25622ed0\arrays.npz,80,student_t,1.5,dynamic,True,extreme
1.5,,0.5,1.0,nan,2.0,1.0247788820888344,0.001,0.01,vp,10,primary,0.9986075538622547,,2,block,65536,1010,0.49812314702857047,SOURCE_RUN\raw\task-0046-dynamic-vp-nu1p5-N80-s1010-primary-be25622ed0\arrays.npz,80,student_t,1.5,dynamic,True,primary
1.5,,0.5,1.0,nan,2.0,0.7806055407991922,0.002,0.02,vp,10,primary,0.9987707903028407,,3,block,65536,1010,0.4523725254876753,SOURCE_RUN\raw\task-0046-dynamic-vp-nu1p5-N80-s1010-primary-be25622ed0\arrays.npz,80,student_t,1.5,dynamic,True,broad
1.5,,0.5,1.0,nan,2.0,1.0617744649399257,0.001,0.005,vp,7,primary,0.9995091526917166,,3,block,65536,1010,0.501430741477758,SOURCE_RUN\raw\task-0046-dynamic-vp-nu1p5-N80-s1010-primary-be25622ed0\arrays.npz,80,student_t,1.5,dynamic,True,extreme
1.5,,0.5,1.0,nan,2.0,0.9600406341513652,0.001,0.01,vp,10,primary,0.9990954063072506,,3,block,65536,1010,0.48532672833546703,SOURCE_RUN\raw\task-0046-dynamic-vp-nu1p5-N80-s1010-primary-be25622ed0\arrays.npz,80,student_t,1.5,dynamic,True,primary
1.5,,0.5,1.0,nan,2.0,0.7860345053474481,0.002,0.02,vp,10,primary,0.998436882101228,,-1,full,262144,1010,0.45219002748957665,SOURCE_RUN\raw\task-0046-dynamic-vp-nu1p5-N80-s1010-primary-be25622ed0\arrays.npz,80,student_t,1.5,dynamic,True,broad
1.5,,0.5,1.0,nan,2.0,1.1259019696489814,0.001,0.005,vp,7,primary,0.9995078285154506,,-1,full,262144,1010,0.5116979647083666,SOURCE_RUN\raw\task-0046-dynamic-vp-nu1p5-N80-s1010-primary-be25622ed0\arrays.npz,80,student_t,1.5,dynamic,True,extreme
1.5,,0.5,1.0,nan,2.0,1.004855438095902,0.001,0.01,vp,10,primary,0.9989264079737586,,-1,full,262144,1010,0.49256386211857967,SOURCE_RUN\raw\task-0046-dynamic-vp-nu1p5-N80-s1010-primary-be25622ed0\arrays.npz,80,student_t,1.5,dynamic,True,primary
1.5,,0.5,1.0,nan,2.0,0.7681753710808698,0.002,0.02,vp,10,primary,0.9982559367494187,,-1,nested,131072,1010,0.44735749244005,SOURCE_RUN\raw\task-0046-dynamic-vp-nu1p5-N80-s1010-primary-be25622ed0\arrays.npz,80,student_t,1.5,dynamic,True,broad
1.5,,0.5,1.0,nan,2.0,1.1490040405461481,0.001,0.005,vp,7,primary,0.9993598304437339,,-1,nested,131072,1010,0.5140517666688473,SOURCE_RUN\raw\task-0046-dynamic-vp-nu1p5-N80-s1010-primary-be25622ed0\arrays.npz,80,student_t,1.5,dynamic,True,extreme
1.5,,0.5,1.0,nan,2.0,1.01048263181858,0.001,0.01,vp,10,primary,0.9986348361883516,,-1,nested,131072,1010,0.4921694440347344,SOURCE_RUN\raw\task-0046-dynamic-vp-nu1p5-N80-s1010-primary-be25622ed0\arrays.npz,80,student_t,1.5,dynamic,True,primary
1.5,,0.5,1.0,nan,2.0,0.7463309901355623,0.002,0.02,vp,10,primary,0.9979381408380174,,-1,nested,65536,1010,0.4406903725562212,SOURCE_RUN\raw\task-0046-dynamic-vp-nu1p5-N80-s1010-primary-be25622ed0\arrays.npz,80,student_t,1.5,dynamic,True,broad
1.5,,0.5,1.0,nan,2.0,1.1336682207702489,0.001,0.005,vp,7,primary,0.9997460055143025,,-1,nested,65536,1010,0.5083679055148032,SOURCE_RUN\raw\task-0046-dynamic-vp-nu1p5-N80-s1010-primary-be25622ed0\arrays.npz,80,student_t,1.5,dynamic,True,extreme
1.5,,0.5,1.0,nan,2.0,0.9877171629095519,0.001,0.01,vp,10,primary,0.9984844057198796,,-1,nested,65536,1010,0.4852776115370026,SOURCE_RUN\raw\task-0046-dynamic-vp-nu1p5-N80-s1010-primary-be25622ed0\arrays.npz,80,student_t,1.5,dynamic,True,primary
1.5,,0.5,1.0,nan,2.0,0.7801752569022562,0.002,0.02,vp,10,primary,0.9983547418931661,,0,block,65536,1011,0.4507265254060479,SOURCE_RUN\raw\task-0047-dynamic-vp-nu1p5-N80-s1011-primary-fc8065840e\arrays.npz,80,student_t,1.5,dynamic,True,broad
1.5,,0.5,1.0,nan,2.0,1.1539925646572171,0.001,0.005,vp,7,primary,0.9982620462893688,,0,block,65536,1011,0.5163822177305311,SOURCE_RUN\raw\task-0047-dynamic-vp-nu1p5-N80-s1011-primary-fc8065840e\arrays.npz,80,student_t,1.5,dynamic,True,extreme
1.5,,0.5,1.0,nan,2.0,1.021849532092818,0.001,0.01,vp,10,primary,0.9982961484741704,,0,block,65536,1011,0.4954990804155994,SOURCE_RUN\raw\task-0047-dynamic-vp-nu1p5-N80-s1011-primary-fc8065840e\arrays.npz,80,student_t,1.5,dynamic,True,primary
1.5,,0.5,1.0,nan,2.0,0.7794000626687937,0.002,0.02,vp,10,primary,0.9986289284453489,,1,block,65536,1011,0.45132380315937615,SOURCE_RUN\raw\task-0047-dynamic-vp-nu1p5-N80-s1011-primary-fc8065840e\arrays.npz,80,student_t,1.5,dynamic,True,broad
1.5,,0.5,1.0,nan,2.0,1.163133255166327,0.001,0.005,vp,7,primary,0.9988019141324495,,1,block,65536,1011,0.5186678120510094,SOURCE_RUN\raw\task-0047-dynamic-vp-nu1p5-N80-s1011-primary-fc8065840e\arrays.npz,80,student_t,1.5,dynamic,True,extreme
1.5,,0.5,1.0,nan,2.0,1.0278605916165588,0.001,0.01,vp,10,primary,0.9984340146107716,,1,block,65536,1011,0.49728294279083063,SOURCE_RUN\raw\task-0047-dynamic-vp-nu1p5-N80-s1011-primary-fc8065840e\arrays.npz,80,student_t,1.5,dynamic,True,primary
1.5,,0.5,1.0,nan,2.0,0.7917720985162995,0.002,0.02,vp,10,primary,0.9989518797373986,,2,block,65536,1011,0.45181141330106656,SOURCE_RUN\raw\task-0047-dynamic-vp-nu1p5-N80-s1011-primary-fc8065840e\arrays.npz,80,student_t,1.5,dynamic,True,broad
1.5,,0.5,1.0,nan,2.0,1.0783716975474378,0.001,0.005,vp,7,primary,0.9996344409727589,,2,block,65536,1011,0.5017979644695096,SOURCE_RUN\raw\task-0047-dynamic-vp-nu1p5-N80-s1011-primary-fc8065840e\arrays.npz,80,student_t,1.5,dynamic,True,extreme
1.5,,0.5,1.0,nan,2.0,0.965245315520394,0.001,0.01,vp,10,primary,0.9989962752944817,,2,block,65536,1011,0.48389746006416184,SOURCE_RUN\raw\task-0047-dynamic-vp-nu1p5-N80-s1011-primary-fc8065840e\arrays.npz,80,student_t,1.5,dynamic,True,primary
1.5,,0.5,1.0,nan,2.0,0.8265706793614426,0.002,0.02,vp,10,primary,0.9988476969452926,,3,block,65536,1011,0.45842775866485685,SOURCE_RUN\raw\task-0047-dynamic-vp-nu1p5-N80-s1011-primary-fc8065840e\arrays.npz,80,student_t,1.5,dynamic,True,broad
1.5,,0.5,1.0,nan,2.0,1.131697307552584,0.001,0.005,vp,7,primary,0.9996126032972789,,3,block,65536,1011,0.511686024895872,SOURCE_RUN\raw\task-0047-dynamic-vp-nu1p5-N80-s1011-primary-fc8065840e\arrays.npz,80,student_t,1.5,dynamic,True,extreme
1.5,,0.5,1.0,nan,2.0,1.0096582432452972,0.001,0.01,vp,10,primary,0.9989826665709357,,3,block,65536,1011,0.49240637802443527,SOURCE_RUN\raw\task-0047-dynamic-vp-nu1p5-N80-s1011-primary-fc8065840e\arrays.npz,80,student_t,1.5,dynamic,True,primary
1.5,,0.5,1.0,nan,2.0,0.7951609415067762,0.002,0.02,vp,10,primary,0.9987797490267968,,-1,full,262144,1011,0.4531052370067154,SOURCE_RUN\raw\task-0047-dynamic-vp-nu1p5-N80-s1011-primary-fc8065840e\arrays.npz,80,student_t,1.5,dynamic,True,broad
1.5,,0.5,1.0,nan,2.0,1.1272775065378278,0.001,0.005,vp,7,primary,0.9993133207522492,,-1,full,262144,1011,0.5113576210061909,SOURCE_RUN\raw\task-0047-dynamic-vp-nu1p5-N80-s1011-primary-fc8065840e\arrays.npz,80,student_t,1.5,dynamic,True,extreme
1.5,,0.5,1.0,nan,2.0,1.0068833321316635,0.001,0.01,vp,10,primary,0.9988430574965617,,-1,full,262144,1011,0.49232238794058375,SOURCE_RUN\raw\task-0047-dynamic-vp-nu1p5-N80-s1011-primary-fc8065840e\arrays.npz,80,student_t,1.5,dynamic,True,primary
1.5,,0.5,1.0,nan,2.0,0.7793637859064387,0.002,0.02,vp,10,primary,0.9985448289947344,,-1,nested,131072,1011,0.450861990417971,SOURCE_RUN\raw\task-0047-dynamic-vp-nu1p5-N80-s1011-primary-fc8065840e\arrays.npz,80,student_t,1.5,dynamic,True,broad
1.5,,0.5,1.0,nan,2.0,1.1592341918191416,0.001,0.005,vp,7,primary,0.998636259710581,,-1,nested,131072,1011,0.5175992229353447,SOURCE_RUN\raw\task-0047-dynamic-vp-nu1p5-N80-s1011-primary-fc8065840e\arrays.npz,80,student_t,1.5,dynamic,True,extreme
1.5,,0.5,1.0,nan,2.0,1.0262828197505331,0.001,0.01,vp,10,primary,0.9984151930155543,,-1,nested,131072,1011,0.49658514166473305,SOURCE_RUN\raw\task-0047-dynamic-vp-nu1p5-N80-s1011-primary-fc8065840e\arrays.npz,80,student_t,1.5,dynamic,True,primary
1.5,,0.5,1.0,nan,2.0,0.7801752569022562,0.002,0.02,vp,10,primary,0.9983547418931661,,-1,nested,65536,1011,0.4507265254060479,SOURCE_RUN\raw\task-0047-dynamic-vp-nu1p5-N80-s1011-primary-fc8065840e\arrays.npz,80,student_t,1.5,dynamic,True,broad
1.5,,0.5,1.0,nan,2.0,1.1539925646572171,0.001,0.005,vp,7,primary,0.9982620462893688,,-1,nested,65536,1011,0.5163822177305311,SOURCE_RUN\raw\task-0047-dynamic-vp-nu1p5-N80-s1011-primary-fc8065840e\arrays.npz,80,student_t,1.5,dynamic,True,extreme
1.5,,0.5,1.0,nan,2.0,1.021849532092818,0.001,0.01,vp,10,primary,0.9982961484741704,,-1,nested,65536,1011,0.4954990804155994,SOURCE_RUN\raw\task-0047-dynamic-vp-nu1p5-N80-s1011-primary-fc8065840e\arrays.npz,80,student_t,1.5,dynamic,True,primary
1.5,,0.5,0.5,0.16666666666666674,2.0,0.12396324279336324,0.002,0.02,stable,10,refinement,0.962542795236337,,0,block,16384,200,0.1417124615169548,SOURCE_RUN\raw\task-0056-dynamic-stable-nu1p2-N160-s200-refinement-dd8df524e0\arrays.npz,160,student_t,1.2,dynamic,True,broad
1.5,,0.5,0.5,0.16666666666666674,2.0,-0.1312050335157569,0.002,0.02,stable,10,refinement,0.6474339720859514,,0,block,16384,200,0.077114046633699,SOURCE_RUN\raw\task-0048-dynamic-stable-nu1p2-N40-s200-refinement-9a2385d37c\arrays.npz,40,student_t,1.2,dynamic,True,broad
1.5,,0.5,0.5,0.16666666666666674,2.0,-0.18727412658323703,0.002,0.02,stable,10,refinement,0.7556131211982213,,0,block,16384,200,0.08650003705124053,SOURCE_RUN\raw\task-0052-dynamic-stable-nu1p2-N80-s200-refinement-e08cf8f2ca\arrays.npz,80,student_t,1.2,dynamic,True,broad
1.5,,0.5,0.5,0.16666666666666674,2.0,0.08247225043071278,0.001,0.005,stable,7,refinement,0.7827521805420374,,0,block,16384,200,0.13307101605236357,SOURCE_RUN\raw\task-0056-dynamic-stable-nu1p2-N160-s200-refinement-dd8df524e0\arrays.npz,160,student_t,1.2,dynamic,True,extreme
1.5,,0.5,0.5,0.16666666666666674,2.0,0.3500276679139656,0.001,0.005,stable,7,refinement,0.7630171631873277,,0,block,16384,200,0.15877495182440793,SOURCE_RUN\raw\task-0048-dynamic-stable-nu1p2-N40-s200-refinement-9a2385d37c\arrays.npz,40,student_t,1.2,dynamic,True,extreme
1.5,,0.5,0.5,0.16666666666666674,2.0,-0.7899380818405792,0.001,0.005,stable,7,refinement,0.1724439670107456,,0,block,16384,200,-0.021578382997181685,SOURCE_RUN\raw\task-0052-dynamic-stable-nu1p2-N80-s200-refinement-e08cf8f2ca\arrays.npz,80,student_t,1.2,dynamic,True,extreme
1.5,,0.5,0.5,0.16666666666666674,2.0,0.054332780227567136,0.001,0.01,stable,10,refinement,0.9038524643276769,,0,block,16384,200,0.128516722777518,SOURCE_RUN\raw\task-0056-dynamic-stable-nu1p2-N160-s200-refinement-dd8df524e0\arrays.npz,160,student_t,1.2,dynamic,True,primary
1.5,,0.5,0.5,0.16666666666666674,2.0,0.05568806517777356,0.001,0.01,stable,10,refinement,0.7183673951045433,,0,block,16384,200,0.11211543566206128,SOURCE_RUN\raw\task-0048-dynamic-stable-nu1p2-N40-s200-refinement-9a2385d37c\arrays.npz,40,student_t,1.2,dynamic,True,primary
1.5,,0.5,0.5,0.16666666666666674,2.0,-0.6582677861873137,0.001,0.01,stable,10,refinement,6.281701438171083e-05,,0,block,16384,200,-0.0003685142162959363,SOURCE_RUN\raw\task-0052-dynamic-stable-nu1p2-N80-s200-refinement-e08cf8f2ca\arrays.npz,80,student_t,1.2,dynamic,True,primary
1.5,,0.5,0.5,0.16666666666666674,2.0,0.13611187289154922,0.002,0.02,stable,10,refinement,0.8865988171025139,,1,block,16384,200,0.14530196443214569,SOURCE_RUN\raw\task-0056-dynamic-stable-nu1p2-N160-s200-refinement-dd8df524e0\arrays.npz,160,student_t,1.2,dynamic,True,broad
1.5,,0.5,0.5,0.16666666666666674,2.0,0.20313045139934943,0.002,0.02,stable,10,refinement,0.9457170996931259,,1,block,16384,200,0.15539517984121912,SOURCE_RUN\raw\task-0048-dynamic-stable-nu1p2-N40-s200-refinement-9a2385d37c\arrays.npz,40,student_t,1.2,dynamic,True,broad
1.5,,0.5,0.5,0.16666666666666674,2.0,-0.0027544563068412167,0.002,0.02,stable,10,refinement,0.7175567628220139,,1,block,16384,200,0.10442925964434767,SOURCE_RUN\raw\task-0052-dynamic-stable-nu1p2-N80-s200-refinement-e08cf8f2ca\arrays.npz,80,student_t,1.2,dynamic,True,broad
1.5,,0.5,0.5,0.16666666666666674,2.0,0.45833411243476396,0.001,0.005,stable,7,refinement,0.9042527622847413,,1,block,16384,200,0.19870061322725296,SOURCE_RUN\raw\task-0056-dynamic-stable-nu1p2-N160-s200-refinement-dd8df524e0\arrays.npz,160,student_t,1.2,dynamic,True,extreme
1.5,,0.5,0.5,0.16666666666666674,2.0,-0.08124698682179432,0.001,0.005,stable,7,refinement,0.657839226625628,,1,block,16384,200,0.10442370738009334,SOURCE_RUN\raw\task-0048-dynamic-stable-nu1p2-N40-s200-refinement-9a2385d37c\arrays.npz,40,student_t,1.2,dynamic,True,extreme
1.5,,0.5,0.5,0.16666666666666674,2.0,0.43885128978624494,0.001,0.005,stable,7,refinement,0.8386378611617532,,1,block,16384,200,0.17902247639837604,SOURCE_RUN\raw\task-0052-dynamic-stable-nu1p2-N80-s200-refinement-e08cf8f2ca\arrays.npz,80,student_t,1.2,dynamic,True,extreme
1.5,,0.5,0.5,0.16666666666666674,2.0,0.26521846375611136,0.001,0.01,stable,10,refinement,0.9021208860529317,,1,block,16384,200,0.16808938811890703,SOURCE_RUN\raw\task-0056-dynamic-stable-nu1p2-N160-s200-refinement-dd8df524e0\arrays.npz,160,student_t,1.2,dynamic,True,primary
1.5,,0.5,0.5,0.16666666666666674,2.0,0.12259377054676107,0.001,0.01,stable,10,refinement,0.8790773658988796,,1,block,16384,200,0.13656066596690156,SOURCE_RUN\raw\task-0048-dynamic-stable-nu1p2-N40-s200-refinement-9a2385d37c\arrays.npz,40,student_t,1.2,dynamic,True,primary
1.5,,0.5,0.5,0.16666666666666674,2.0,0.30271632684010297,0.001,0.01,stable,10,refinement,0.9016322077622289,,1,block,16384,200,0.15737780257028694,SOURCE_RUN\raw\task-0052-dynamic-stable-nu1p2-N80-s200-refinement-e08cf8f2ca\arrays.npz,80,student_t,1.2,dynamic,True,primary
1.5,,0.5,0.5,0.16666666666666674,2.0,-0.003454668457634368,0.002,0.02,stable,10,refinement,0.9421290734812255,,2,block,16384,200,0.10580205039411154,SOURCE_RUN\raw\task-0056-dynamic-stable-nu1p2-N160-s200-refinement-dd8df524e0\arrays.npz,160,student_t,1.2,dynamic,True,broad
1.5,,0.5,0.5,0.16666666666666674,2.0,-0.06425556771530129,0.002,0.02,stable,10,refinement,0.9604589735890381,,2,block,16384,200,0.10783517307473336,SOURCE_RUN\raw\task-0048-dynamic-stable-nu1p2-N40-s200-refinement-9a2385d37c\arrays.npz,40,student_t,1.2,dynamic,True,broad
1.5,,0.5,0.5,0.16666666666666674,2.0,0.3607431906194883,0.002,0.02,stable,10,refinement,0.9609511219508459,,2,block,16384,200,0.19156173271803295,SOURCE_RUN\raw\task-0052-dynamic-stable-nu1p2-N80-s200-refinement-e08cf8f2ca\arrays.npz,80,student_t,1.2,dynamic,True,broad
1.5,,0.5,0.5,0.16666666666666674,2.0,-0.5912741315770449,0.001,0.005,stable,7,refinement,0.00824652673826487,,2,block,16384,200,0.003731331781029908,SOURCE_RUN\raw\task-0056-dynamic-stable-nu1p2-N160-s200-refinement-dd8df524e0\arrays.npz,160,student_t,1.2,dynamic,True,extreme
1.5,,0.5,0.5,0.16666666666666674,2.0,0.2387272860142619,0.001,0.005,stable,7,refinement,0.9532143922695003,,2,block,16384,200,0.1598936852865516,SOURCE_RUN\raw\task-0048-dynamic-stable-nu1p2-N40-s200-refinement-9a2385d37c\arrays.npz,40,student_t,1.2,dynamic,True,extreme
1.5,,0.5,0.5,0.16666666666666674,2.0,0.6874091094302143,0.001,0.005,stable,7,refinement,0.9668673524141871,,2,block,16384,200,0.24782836193104166,SOURCE_RUN\raw\task-0052-dynamic-stable-nu1p2-N80-s200-refinement-e08cf8f2ca\arrays.npz,80,student_t,1.2,dynamic,True,extreme
1.5,,0.5,0.5,0.16666666666666674,2.0,-0.2647294783623429,0.001,0.01,stable,10,refinement,0.5759646727855703,,2,block,16384,200,0.05539905597982271,SOURCE_RUN\raw\task-0056-dynamic-stable-nu1p2-N160-s200-refinement-dd8df524e0\arrays.npz,160,student_t,1.2,dynamic,True,primary
1.5,,0.5,0.5,0.16666666666666674,2.0,0.04958108996745179,0.001,0.01,stable,10,refinement,0.9448076029143636,,2,block,16384,200,0.1299923405368381,SOURCE_RUN\raw\task-0048-dynamic-stable-nu1p2-N40-s200-refinement-9a2385d37c\arrays.npz,40,student_t,1.2,dynamic,True,primary
1.5,,0.5,0.5,0.16666666666666674,2.0,0.5580700022997529,0.001,0.01,stable,10,refinement,0.9814335315512652,,2,block,16384,200,0.22738306491886334,SOURCE_RUN\raw\task-0052-dynamic-stable-nu1p2-N80-s200-refinement-e08cf8f2ca\arrays.npz,80,student_t,1.2,dynamic,True,primary
1.5,,0.5,0.5,0.16666666666666674,2.0,-0.12187698614852534,0.002,0.02,stable,10,refinement,0.8206180303640072,,3,block,16384,200,0.08285390737075882,SOURCE_RUN\raw\task-0056-dynamic-stable-nu1p2-N160-s200-refinement-dd8df524e0\arrays.npz,160,student_t,1.2,dynamic,True,broad
1.5,,0.5,0.5,0.16666666666666674,2.0,0.05052384175681448,0.002,0.02,stable,10,refinement,0.9686229935672153,,3,block,16384,200,0.1237112736823232,SOURCE_RUN\raw\task-0048-dynamic-stable-nu1p2-N40-s200-refinement-9a2385d37c\arrays.npz,40,student_t,1.2,dynamic,True,broad
1.5,,0.5,0.5,0.16666666666666674,2.0,-0.10681327363039803,0.002,0.02,stable,10,refinement,0.8551638705977707,,3,block,16384,200,0.07795035394099774,SOURCE_RUN\raw\task-0052-dynamic-stable-nu1p2-N80-s200-refinement-e08cf8f2ca\arrays.npz,80,student_t,1.2,dynamic,True,broad
1.5,,0.5,0.5,0.16666666666666674,2.0,0.1720050334087144,0.001,0.005,stable,7,refinement,0.8525317897817244,,3,block,16384,200,0.13075640099831562,SOURCE_RUN\raw\task-0056-dynamic-stable-nu1p2-N160-s200-refinement-dd8df524e0\arrays.npz,160,student_t,1.2,dynamic,True,extreme
1.5,,0.5,0.5,0.16666666666666674,2.0,-0.5577483767274554,0.001,0.005,stable,7,refinement,0.05314934268064042,,3,block,16384,200,0.0182505347446661,SOURCE_RUN\raw\task-0048-dynamic-stable-nu1p2-N40-s200-refinement-9a2385d37c\arrays.npz,40,student_t,1.2,dynamic,True,extreme
1.5,,0.5,0.5,0.16666666666666674,2.0,0.26823016621953033,0.001,0.005,stable,7,refinement,0.9343482283937057,,3,block,16384,200,0.14054588065326096,SOURCE_RUN\raw\task-0052-dynamic-stable-nu1p2-N80-s200-refinement-e08cf8f2ca\arrays.npz,80,student_t,1.2,dynamic,True,extreme
1.5,,0.5,0.5,0.16666666666666674,2.0,-0.055986793719503734,0.001,0.01,stable,10,refinement,0.8280583281632503,,3,block,16384,200,0.0949722259787421,SOURCE_RUN\raw\task-0056-dynamic-stable-nu1p2-N160-s200-refinement-dd8df524e0\arrays.npz,160,student_t,1.2,dynamic,True,primary
1.5,,0.5,0.5,0.16666666666666674,2.0,-0.2500189857912548,0.001,0.01,stable,10,refinement,0.577131835972639,,3,block,16384,200,0.0667944763653479,SOURCE_RUN\raw\task-0048-dynamic-stable-nu1p2-N40-s200-refinement-9a2385d37c\arrays.npz,40,student_t,1.2,dynamic,True,primary
1.5,,0.5,0.5,0.16666666666666674,2.0,-0.019957609884360076,0.001,0.01,stable,10,refinement,0.8387881949582194,,3,block,16384,200,0.09532389151981385,SOURCE_RUN\raw\task-0052-dynamic-stable-nu1p2-N80-s200-refinement-e08cf8f2ca\arrays.npz,80,student_t,1.2,dynamic,True,primary
1.5,,0.5,0.5,0.16666666666666674,2.0,0.008056635649220826,0.002,0.02,stable,10,refinement,0.9793061536000064,,-1,full,65536,200,0.11274791216781527,SOURCE_RUN\raw\task-0056-dynamic-stable-nu1p2-N160-s200-refinement-dd8df524e0\arrays.npz,160,student_t,1.2,dynamic,True,broad
1.5,,0.5,0.5,0.16666666666666674,2.0,0.007599300757391212,0.002,0.02,stable,10,refinement,0.9827650523876339,,-1,full,65536,200,0.11428607507558226,SOURCE_RUN\raw\task-0048-dynamic-stable-nu1p2-N40-s200-refinement-9a2385d37c\arrays.npz,40,student_t,1.2,dynamic,True,broad
1.5,,0.5,0.5,0.16666666666666674,2.0,0.009377238701367563,0.002,0.02,stable,10,refinement,0.9810008520023756,,-1,full,65536,200,0.11361671685542224,SOURCE_RUN\raw\task-0052-dynamic-stable-nu1p2-N80-s200-refinement-e08cf8f2ca\arrays.npz,80,student_t,1.2,dynamic,True,broad
1.5,,0.5,0.5,0.16666666666666674,2.0,-0.04868343135907706,0.001,0.005,stable,7,refinement,0.893339006697406,,-1,full,65536,200,0.1012762443035192,SOURCE_RUN\raw\task-0056-dynamic-stable-nu1p2-N160-s200-refinement-dd8df524e0\arrays.npz,160,student_t,1.2,dynamic,True,extreme
1.5,,0.5,0.5,0.16666666666666674,2.0,-0.05818741657595024,0.001,0.005,stable,7,refinement,0.9027069108379835,,-1,full,65536,200,0.10132871500522429,SOURCE_RUN\raw\task-0048-dynamic-stable-nu1p2-N40-s200-refinement-9a2385d37c\arrays.npz,40,student_t,1.2,dynamic,True,extreme
1.5,,0.5,0.5,0.16666666666666674,2.0,-0.04603421522415671,0.001,0.005,stable,7,refinement,0.9011774387449526,,-1,full,65536,200,0.10245953464770251,SOURCE_RUN\raw\task-0052-dynamic-stable-nu1p2-N80-s200-refinement-e08cf8f2ca\arrays.npz,80,student_t,1.2,dynamic,True,extreme
1.5,,0.5,0.5,0.16666666666666674,2.0,-0.054298636171535644,0.001,0.01,stable,10,refinement,0.9601093592763577,,-1,full,65536,200,0.1004018777908654,SOURCE_RUN\raw\task-0056-dynamic-stable-nu1p2-N160-s200-refinement-dd8df524e0\arrays.npz,160,student_t,1.2,dynamic,True,primary
1.5,,0.5,0.5,0.16666666666666674,2.0,-0.05656127100849136,0.001,0.01,stable,10,refinement,0.964342447897031,,-1,full,65536,200,0.10160826346738903,SOURCE_RUN\raw\task-0048-dynamic-stable-nu1p2-N40-s200-refinement-9a2385d37c\arrays.npz,40,student_t,1.2,dynamic,True,primary
1.5,,0.5,0.5,0.16666666666666674,2.0,-0.049649982494595075,0.001,0.01,stable,10,refinement,0.9635351092381793,,-1,full,65536,200,0.10190426500335788,SOURCE_RUN\raw\task-0052-dynamic-stable-nu1p2-N80-s200-refinement-e08cf8f2ca\arrays.npz,80,student_t,1.2,dynamic,True,primary
1.5,,0.5,0.5,0.16666666666666674,2.0,0.12396324279336324,0.002,0.02,stable,10,refinement,0.962542795236337,,-1,nested,16384,200,0.1417124615169548,SOURCE_RUN\raw\task-0056-dynamic-stable-nu1p2-N160-s200-refinement-dd8df524e0\arrays.npz,160,student_t,1.2,dynamic,True,broad
1.5,,0.5,0.5,0.16666666666666674,2.0,-0.1312050335157569,0.002,0.02,stable,10,refinement,0.6474339720859514,,-1,nested,16384,200,0.077114046633699,SOURCE_RUN\raw\task-0048-dynamic-stable-nu1p2-N40-s200-refinement-9a2385d37c\arrays.npz,40,student_t,1.2,dynamic,True,broad
1.5,,0.5,0.5,0.16666666666666674,2.0,-0.18727412658323703,0.002,0.02,stable,10,refinement,0.7556131211982213,,-1,nested,16384,200,0.08650003705124053,SOURCE_RUN\raw\task-0052-dynamic-stable-nu1p2-N80-s200-refinement-e08cf8f2ca\arrays.npz,80,student_t,1.2,dynamic,True,broad
1.5,,0.5,0.5,0.16666666666666674,2.0,0.08247225043071278,0.001,0.005,stable,7,refinement,0.7827521805420374,,-1,nested,16384,200,0.13307101605236357,SOURCE_RUN\raw\task-0056-dynamic-stable-nu1p2-N160-s200-refinement-dd8df524e0\arrays.npz,160,student_t,1.2,dynamic,True,extreme
1.5,,0.5,0.5,0.16666666666666674,2.0,0.3500276679139656,0.001,0.005,stable,7,refinement,0.7630171631873277,,-1,nested,16384,200,0.15877495182440793,SOURCE_RUN\raw\task-0048-dynamic-stable-nu1p2-N40-s200-refinement-9a2385d37c\arrays.npz,40,student_t,1.2,dynamic,True,extreme
1.5,,0.5,0.5,0.16666666666666674,2.0,-0.7899380818405792,0.001,0.005,stable,7,refinement,0.1724439670107456,,-1,nested,16384,200,-0.021578382997181685,SOURCE_RUN\raw\task-0052-dynamic-stable-nu1p2-N80-s200-refinement-e08cf8f2ca\arrays.npz,80,student_t,1.2,dynamic,True,extreme
1.5,,0.5,0.5,0.16666666666666674,2.0,0.054332780227567136,0.001,0.01,stable,10,refinement,0.9038524643276769,,-1,nested,16384,200,0.128516722777518,SOURCE_RUN\raw\task-0056-dynamic-stable-nu1p2-N160-s200-refinement-dd8df524e0\arrays.npz,160,student_t,1.2,dynamic,True,primary
1.5,,0.5,0.5,0.16666666666666674,2.0,0.05568806517777356,0.001,0.01,stable,10,refinement,0.7183673951045433,,-1,nested,16384,200,0.11211543566206128,SOURCE_RUN\raw\task-0048-dynamic-stable-nu1p2-N40-s200-refinement-9a2385d37c\arrays.npz,40,student_t,1.2,dynamic,True,primary
1.5,,0.5,0.5,0.16666666666666674,2.0,-0.6582677861873137,0.001,0.01,stable,10,refinement,6.281701438171083e-05,,-1,nested,16384,200,-0.0003685142162959363,SOURCE_RUN\raw\task-0052-dynamic-stable-nu1p2-N80-s200-refinement-e08cf8f2ca\arrays.npz,80,student_t,1.2,dynamic,True,primary
1.5,,0.5,0.5,0.16666666666666674,2.0,0.14405715031995864,0.002,0.02,stable,10,refinement,0.9361558036823071,,-1,nested,32768,200,0.14654584018372072,SOURCE_RUN\raw\task-0056-dynamic-stable-nu1p2-N160-s200-refinement-dd8df524e0\arrays.npz,160,student_t,1.2,dynamic,True,broad
1.5,,0.5,0.5,0.16666666666666674,2.0,0.014589428283056817,0.002,0.02,stable,10,refinement,0.9504093929422927,,-1,nested,32768,200,0.11199834717900393,SOURCE_RUN\raw\task-0048-dynamic-stable-nu1p2-N40-s200-refinement-9a2385d37c\arrays.npz,40,student_t,1.2,dynamic,True,broad
1.5,,0.5,0.5,0.16666666666666674,2.0,-0.11382812301416687,0.002,0.02,stable,10,refinement,0.8964966208884255,,-1,nested,32768,200,0.09121747759457345,SOURCE_RUN\raw\task-0052-dynamic-stable-nu1p2-N80-s200-refinement-e08cf8f2ca\arrays.npz,80,student_t,1.2,dynamic,True,broad
1.5,,0.5,0.5,0.16666666666666674,2.0,0.23480894982765116,0.001,0.005,stable,7,refinement,0.8826262774728514,,-1,nested,32768,200,0.15978138427894276,SOURCE_RUN\raw\task-0056-dynamic-stable-nu1p2-N160-s200-refinement-dd8df524e0\arrays.npz,160,student_t,1.2,dynamic,True,extreme
1.5,,0.5,0.5,0.16666666666666674,2.0,0.09072480186296487,0.001,0.005,stable,7,refinement,0.8451539735654572,,-1,nested,32768,200,0.12364672254458751,SOURCE_RUN\raw\task-0048-dynamic-stable-nu1p2-N40-s200-refinement-9a2385d37c\arrays.npz,40,student_t,1.2,dynamic,True,extreme
1.5,,0.5,0.5,0.16666666666666674,2.0,-0.12481279242778548,0.001,0.005,stable,7,refinement,0.6920211834840171,,-1,nested,32768,200,0.08622232423581394,SOURCE_RUN\raw\task-0052-dynamic-stable-nu1p2-N80-s200-refinement-e08cf8f2ca\arrays.npz,80,student_t,1.2,dynamic,True,extreme
1.5,,0.5,0.5,0.16666666666666674,2.0,0.13937180803189528,0.001,0.01,stable,10,refinement,0.9338063960655676,,-1,nested,32768,200,0.14458406722452546,SOURCE_RUN\raw\task-0056-dynamic-stable-nu1p2-N160-s200-refinement-dd8df524e0\arrays.npz,160,student_t,1.2,dynamic,True,primary
1.5,,0.5,0.5,0.16666666666666674,2.0,0.048982707213784484,0.001,0.01,stable,10,refinement,0.9331324531536802,,-1,nested,32768,200,0.11705122277915732,SOURCE_RUN\raw\task-0048-dynamic-stable-nu1p2-N40-s200-refinement-9a2385d37c\arrays.npz,40,student_t,1.2,dynamic,True,primary
1.5,,0.5,0.5,0.16666666666666674,2.0,-0.17953747888481622,0.001,0.01,stable,10,refinement,0.8323276198388803,,-1,nested,32768,200,0.0776202706662665,SOURCE_RUN\raw\task-0052-dynamic-stable-nu1p2-N80-s200-refinement-e08cf8f2ca\arrays.npz,80,student_t,1.2,dynamic,True,primary
1.5,,0.5,0.5,0.16666666666666674,2.0,0.036938005790152426,0.002,0.02,stable,10,refinement,0.948471105048762,,0,block,16384,201,0.10845480710223476,SOURCE_RUN\raw\task-0057-dynamic-stable-nu1p2-N160-s201-refinement-4b0c5669bc\arrays.npz,160,student_t,1.2,dynamic,True,broad
1.5,,0.5,0.5,0.16666666666666674,2.0,-0.009364101536598828,0.002,0.02,stable,10,refinement,0.9387598360880327,,0,block,16384,201,0.11540003910369229,SOURCE_RUN\raw\task-0049-dynamic-stable-nu1p2-N40-s201-refinement-035e8edbee\arrays.npz,40,student_t,1.2,dynamic,True,broad
1.5,,0.5,0.5,0.16666666666666674,2.0,0.027534243616381217,0.002,0.02,stable,10,refinement,0.9425305253986829,,0,block,16384,201,0.12285926131177416,SOURCE_RUN\raw\task-0053-dynamic-stable-nu1p2-N80-s201-refinement-d72bcba648\arrays.npz,80,student_t,1.2,dynamic,True,broad
1.5,,0.5,0.5,0.16666666666666674,2.0,-0.4370467912085418,0.001,0.005,stable,7,refinement,0.04811691751996794,,0,block,16384,201,0.030036597604112366,SOURCE_RUN\raw\task-0057-dynamic-stable-nu1p2-N160-s201-refinement-4b0c5669bc\arrays.npz,160,student_t,1.2,dynamic,True,extreme
1.5,,0.5,0.5,0.16666666666666674,2.0,-0.1358749307378839,0.001,0.005,stable,7,refinement,0.5883278268075655,,0,block,16384,201,0.09404454326865774,SOURCE_RUN\raw\task-0049-dynamic-stable-nu1p2-N40-s201-refinement-035e8edbee\arrays.npz,40,student_t,1.2,dynamic,True,extreme
1.5,,0.5,0.5,0.16666666666666674,2.0,-0.6328116574107544,0.001,0.005,stable,7,refinement,0.0025288006796553297,,0,block,16384,201,0.007639048362982385,SOURCE_RUN\raw\task-0053-dynamic-stable-nu1p2-N80-s201-refinement-d72bcba648\arrays.npz,80,student_t,1.2,dynamic,True,extreme
1.5,,0.5,0.5,0.16666666666666674,2.0,-0.0728087187554805,0.001,0.01,stable,10,refinement,0.49442999503539786,,0,block,16384,201,0.087290702665406,SOURCE_RUN\raw\task-0057-dynamic-stable-nu1p2-N160-s201-refinement-4b0c5669bc\arrays.npz,160,student_t,1.2,dynamic,True,primary
1.5,,0.5,0.5,0.16666666666666674,2.0,-0.10318056274489121,0.001,0.01,stable,10,refinement,0.8172007515631099,,0,block,16384,201,0.099317002596397,SOURCE_RUN\raw\task-0049-dynamic-stable-nu1p2-N40-s201-refinement-035e8edbee\arrays.npz,40,student_t,1.2,dynamic,True,primary
1.5,,0.5,0.5,0.16666666666666674,2.0,-0.3680371106177503,0.001,0.01,stable,10,refinement,0.21637823821653945,,0,block,16384,201,0.0493584482219918,SOURCE_RUN\raw\task-0053-dynamic-stable-nu1p2-N80-s201-refinement-d72bcba648\arrays.npz,80,student_t,1.2,dynamic,True,primary
1.5,,0.5,0.5,0.16666666666666674,2.0,0.09124260607144083,0.002,0.02,stable,10,refinement,0.9388534743525638,,1,block,16384,201,0.13189971789146548,SOURCE_RUN\raw\task-0057-dynamic-stable-nu1p2-N160-s201-refinement-4b0c5669bc\arrays.npz,160,student_t,1.2,dynamic,True,broad
1.5,,0.5,0.5,0.16666666666666674,2.0,-0.05769837542579859,0.002,0.02,stable,10,refinement,0.9142312661459622,,1,block,16384,201,0.10988777819005571,SOURCE_RUN\raw\task-0049-dynamic-stable-nu1p2-N40-s201-refinement-035e8edbee\arrays.npz,40,student_t,1.2,dynamic,True,broad
1.5,,0.5,0.5,0.16666666666666674,2.0,-0.1741323529861523,0.002,0.02,stable,10,refinement,0.8918861646204236,,1,block,16384,201,0.07534954512113794,SOURCE_RUN\raw\task-0053-dynamic-stable-nu1p2-N80-s201-refinement-d72bcba648\arrays.npz,80,student_t,1.2,dynamic,True,broad
1.5,,0.5,0.5,0.16666666666666674,2.0,-0.037320442834729066,0.001,0.005,stable,7,refinement,0.7194185473497384,,1,block,16384,201,0.10954762591263081,SOURCE_RUN\raw\task-0057-dynamic-stable-nu1p2-N160-s201-refinement-4b0c5669bc\arrays.npz,160,student_t,1.2,dynamic,True,extreme
1.5,,0.5,0.5,0.16666666666666674,2.0,0.42183579175757363,0.001,0.005,stable,7,refinement,0.9719371242487164,,1,block,16384,201,0.19073520105493755,SOURCE_RUN\raw\task-0049-dynamic-stable-nu1p2-N40-s201-refinement-035e8edbee\arrays.npz,40,student_t,1.2,dynamic,True,extreme
1.5,,0.5,0.5,0.16666666666666674,2.0,0.4681621407881307,0.001,0.005,stable,7,refinement,0.8491586335357677,,1,block,16384,201,0.18645557524930637,SOURCE_RUN\raw\task-0053-dynamic-stable-nu1p2-N80-s201-refinement-d72bcba648\arrays.npz,80,student_t,1.2,dynamic,True,extreme
1.5,,0.5,0.5,0.16666666666666674,2.0,0.07569833160830128,0.001,0.01,stable,10,refinement,0.9015045207877332,,1,block,16384,201,0.12733146180853622,SOURCE_RUN\raw\task-0057-dynamic-stable-nu1p2-N160-s201-refinement-4b0c5669bc\arrays.npz,160,student_t,1.2,dynamic,True,primary
1.5,,0.5,0.5,0.16666666666666674,2.0,0.09599609676781883,0.001,0.01,stable,10,refinement,0.915526379290257,,1,block,16384,201,0.13930897816032412,SOURCE_RUN\raw\task-0049-dynamic-stable-nu1p2-N40-s201-refinement-035e8edbee\arrays.npz,40,student_t,1.2,dynamic,True,primary
1.5,,0.5,0.5,0.16666666666666674,2.0,0.07468607777216389,0.001,0.01,stable,10,refinement,0.7900664951403897,,1,block,16384,201,0.12442826031031087,SOURCE_RUN\raw\task-0053-dynamic-stable-nu1p2-N80-s201-refinement-d72bcba648\arrays.npz,80,student_t,1.2,dynamic,True,primary
1.5,,0.5,0.5,0.16666666666666674,2.0,-0.21965489587370632,0.002,0.02,stable,10,refinement,0.8686163970870286,,2,block,16384,201,0.07862778576997237,SOURCE_RUN\raw\task-0057-dynamic-stable-nu1p2-N160-s201-refinement-4b0c5669bc\arrays.npz,160,student_t,1.2,dynamic,True,broad
1.5,,0.5,0.5,0.16666666666666674,2.0,-0.06280019301419834,0.002,0.02,stable,10,refinement,0.9537442869876862,,2,block,16384,201,0.09694264389364687,SOURCE_RUN\raw\task-0049-dynamic-stable-nu1p2-N40-s201-refinement-035e8edbee\arrays.npz,40,student_t,1.2,dynamic,True,broad
1.5,,0.5,0.5,0.16666666666666674,2.0,0.22358897567560462,0.002,0.02,stable,10,refinement,0.9590275764106289,,2,block,16384,201,0.18003054875970212,SOURCE_RUN\raw\task-0053-dynamic-stable-nu1p2-N80-s201-refinement-d72bcba648\arrays.npz,80,student_t,1.2,dynamic,True,broad
1.5,,0.5,0.5,0.16666666666666674,2.0,0.154728510629382,0.001,0.005,stable,7,refinement,0.9207631730313686,,2,block,16384,201,0.1425337638158901,SOURCE_RUN\raw\task-0057-dynamic-stable-nu1p2-N160-s201-refinement-4b0c5669bc\arrays.npz,160,student_t,1.2,dynamic,True,extreme
1.5,,0.5,0.5,0.16666666666666674,2.0,-0.2581541475438869,0.001,0.005,stable,7,refinement,0.7460070272600813,,2,block,16384,201,0.06535874837391585,SOURCE_RUN\raw\task-0049-dynamic-stable-nu1p2-N40-s201-refinement-035e8edbee\arrays.npz,40,student_t,1.2,dynamic,True,extreme
1.5,,0.5,0.5,0.16666666666666674,2.0,-0.4930652979954282,0.001,0.005,stable,7,refinement,0.23010962259420364,,2,block,16384,201,0.05740718729233205,SOURCE_RUN\raw\task-0053-dynamic-stable-nu1p2-N80-s201-refinement-d72bcba648\arrays.npz,80,student_t,1.2,dynamic,True,extreme
1.5,,0.5,0.5,0.16666666666666674,2.0,-0.09020888868589927,0.001,0.01,stable,10,refinement,0.8446475269150988,,2,block,16384,201,0.10382229035393668,SOURCE_RUN\raw\task-0057-dynamic-stable-nu1p2-N160-s201-refinement-4b0c5669bc\arrays.npz,160,student_t,1.2,dynamic,True,primary
1.5,,0.5,0.5,0.16666666666666674,2.0,-0.0807849593012779,0.001,0.01,stable,10,refinement,0.9058109890423607,,2,block,16384,201,0.09332402496111968,SOURCE_RUN\raw\task-0049-dynamic-stable-nu1p2-N40-s201-refinement-035e8edbee\arrays.npz,40,student_t,1.2,dynamic,True,primary
1.5,,0.5,0.5,0.16666666666666674,2.0,-0.04355734127744288,0.001,0.01,stable,10,refinement,0.7199243155431116,,2,block,16384,201,0.1282917142064089,SOURCE_RUN\raw\task-0053-dynamic-stable-nu1p2-N80-s201-refinement-d72bcba648\arrays.npz,80,student_t,1.2,dynamic,True,primary
1.5,,0.5,0.5,0.16666666666666674,2.0,0.4585259424906839,0.002,0.02,stable,10,refinement,0.9874850147319412,,3,block,16384,201,0.22814305091621243,SOURCE_RUN\raw\task-0057-dynamic-stable-nu1p2-N160-s201-refinement-4b0c5669bc\arrays.npz,160,student_t,1.2,dynamic,True,broad
1.5,,0.5,0.5,0.16666666666666674,2.0,0.3544667582061952,0.002,0.02,stable,10,refinement,0.960648900267883,,3,block,16384,201,0.20127709945050473,SOURCE_RUN\raw\task-0049-dynamic-stable-nu1p2-N40-s201-refinement-035e8edbee\arrays.npz,40,student_t,1.2,dynamic,True,broad
1.5,,0.5,0.5,0.16666666666666674,2.0,0.22936510356944434,0.002,0.02,stable,10,refinement,0.9288480110606995,,3,block,16384,201,0.15730835800086893,SOURCE_RUN\raw\task-0053-dynamic-stable-nu1p2-N80-s201-refinement-d72bcba648\arrays.npz,80,student_t,1.2,dynamic,True,broad
1.5,,0.5,0.5,0.16666666666666674,2.0,0.25192288045457645,0.001,0.005,stable,7,refinement,0.8783248820920107,,3,block,16384,201,0.1914556939226419,SOURCE_RUN\raw\task-0057-dynamic-stable-nu1p2-N160-s201-refinement-4b0c5669bc\arrays.npz,160,student_t,1.2,dynamic,True,extreme
1.5,,0.5,0.5,0.16666666666666674,2.0,0.767097942939478,0.001,0.005,stable,7,refinement,0.9882049568512942,,3,block,16384,201,0.2746930734447692,SOURCE_RUN\raw\task-0049-dynamic-stable-nu1p2-N40-s201-refinement-035e8edbee\arrays.npz,40,student_t,1.2,dynamic,True,extreme
1.5,,0.5,0.5,0.16666666666666674,2.0,0.7109766981882152,0.001,0.005,stable,7,refinement,0.9677825077644375,,3,block,16384,201,0.24302413725173752,SOURCE_RUN\raw\task-0053-dynamic-stable-nu1p2-N80-s201-refinement-d72bcba648\arrays.npz,80,student_t,1.2,dynamic,True,extreme
1.5,,0.5,0.5,0.16666666666666674,2.0,0.382996018555072,0.001,0.01,stable,10,refinement,0.952347440527342,,3,block,16384,201,0.21194603503718362,SOURCE_RUN\raw\task-0057-dynamic-stable-nu1p2-N160-s201-refinement-4b0c5669bc\arrays.npz,160,student_t,1.2,dynamic,True,primary
1.5,,0.5,0.5,0.16666666666666674,2.0,0.678489723713951,0.001,0.01,stable,10,refinement,0.9857409981835539,,3,block,16384,201,0.2604900841652505,SOURCE_RUN\raw\task-0049-dynamic-stable-nu1p2-N40-s201-refinement-035e8edbee\arrays.npz,40,student_t,1.2,dynamic,True,primary
1.5,,0.5,0.5,0.16666666666666674,2.0,0.6320987898784024,0.001,0.01,stable,10,refinement,0.9775717611081037,,3,block,16384,201,0.23041335612774383,SOURCE_RUN\raw\task-0053-dynamic-stable-nu1p2-N80-s201-refinement-d72bcba648\arrays.npz,80,student_t,1.2,dynamic,True,primary
1.5,,0.5,0.5,0.16666666666666674,2.0,0.051296594687515476,0.002,0.02,stable,10,refinement,0.9901499843338027,,-1,full,65536,201,0.12756507658452523,SOURCE_RUN\raw\task-0057-dynamic-stable-nu1p2-N160-s201-refinement-4b0c5669bc\arrays.npz,160,student_t,1.2,dynamic,True,broad
1.5,,0.5,0.5,0.16666666666666674,2.0,0.05438104352708117,0.002,0.02,stable,10,refinement,0.9886310393380713,,-1,full,65536,201,0.12985601583677772,SOURCE_RUN\raw\task-0049-dynamic-stable-nu1p2-N40-s201-refinement-035e8edbee\arrays.npz,40,student_t,1.2,dynamic,True,broad
1.5,,0.5,0.5,0.16666666666666674,2.0,0.05375039414032685,0.002,0.02,stable,10,refinement,0.9895949644845119,,-1,full,65536,201,0.1285897628522124,SOURCE_RUN\raw\task-0053-dynamic-stable-nu1p2-N80-s201-refinement-d72bcba648\arrays.npz,80,student_t,1.2,dynamic,True,broad
1.5,,0.5,0.5,0.16666666666666674,2.0,0.062384164786349776,0.001,0.005,stable,7,refinement,0.9268576527027358,,-1,full,65536,201,0.13015482010125012,SOURCE_RUN\raw\task-0057-dynamic-stable-nu1p2-N160-s201-refinement-4b0c5669bc\arrays.npz,160,student_t,1.2,dynamic,True,extreme
1.5,,0.5,0.5,0.16666666666666674,2.0,0.0568463558797346,0.001,0.005,stable,7,refinement,0.9186975303163323,,-1,full,65536,201,0.13076315234287514,SOURCE_RUN\raw\task-0049-dynamic-stable-nu1p2-N40-s201-refinement-035e8edbee\arrays.npz,40,student_t,1.2,dynamic,True,extreme
1.5,,0.5,0.5,0.16666666666666674,2.0,0.06212715742956495,0.001,0.005,stable,7,refinement,0.9279451974281486,,-1,full,65536,201,0.13056178521474884,SOURCE_RUN\raw\task-0053-dynamic-stable-nu1p2-N80-s201-refinement-d72bcba648\arrays.npz,80,student_t,1.2,dynamic,True,extreme
1.5,,0.5,0.5,0.16666666666666674,2.0,0.08656507820786438,0.001,0.01,stable,10,refinement,0.9733765194742569,,-1,full,65536,201,0.13390611597758048,SOURCE_RUN\raw\task-0057-dynamic-stable-nu1p2-N160-s201-refinement-4b0c5669bc\arrays.npz,160,student_t,1.2,dynamic,True,primary
1.5,,0.5,0.5,0.16666666666666674,2.0,0.08093280090433458,0.001,0.01,stable,10,refinement,0.9703780071937479,,-1,full,65536,201,0.13451322343192942,SOURCE_RUN\raw\task-0049-dynamic-stable-nu1p2-N40-s201-refinement-035e8edbee\arrays.npz,40,student_t,1.2,dynamic,True,primary
1.5,,0.5,0.5,0.16666666666666674,2.0,0.08513542123503905,0.001,0.01,stable,10,refinement,0.9736560847360797,,-1,full,65536,201,0.1341383278490815,SOURCE_RUN\raw\task-0053-dynamic-stable-nu1p2-N80-s201-refinement-d72bcba648\arrays.npz,80,student_t,1.2,dynamic,True,primary
1.5,,0.5,0.5,0.16666666666666674,2.0,0.036938005790152426,0.002,0.02,stable,10,refinement,0.948471105048762,,-1,nested,16384,201,0.10845480710223476,SOURCE_RUN\raw\task-0057-dynamic-stable-nu1p2-N160-s201-refinement-4b0c5669bc\arrays.npz,160,student_t,1.2,dynamic,True,broad
1.5,,0.5,0.5,0.16666666666666674,2.0,-0.009364101536598828,0.002,0.02,stable,10,refinement,0.9387598360880327,,-1,nested,16384,201,0.11540003910369229,SOURCE_RUN\raw\task-0049-dynamic-stable-nu1p2-N40-s201-refinement-035e8edbee\arrays.npz,40,student_t,1.2,dynamic,True,broad
1.5,,0.5,0.5,0.16666666666666674,2.0,0.027534243616381217,0.002,0.02,stable,10,refinement,0.9425305253986829,,-1,nested,16384,201,0.12285926131177416,SOURCE_RUN\raw\task-0053-dynamic-stable-nu1p2-N80-s201-refinement-d72bcba648\arrays.npz,80,student_t,1.2,dynamic,True,broad
1.5,,0.5,0.5,0.16666666666666674,2.0,-0.4370467912085418,0.001,0.005,stable,7,refinement,0.04811691751996794,,-1,nested,16384,201,0.030036597604112366,SOURCE_RUN\raw\task-0057-dynamic-stable-nu1p2-N160-s201-refinement-4b0c5669bc\arrays.npz,160,student_t,1.2,dynamic,True,extreme
1.5,,0.5,0.5,0.16666666666666674,2.0,-0.1358749307378839,0.001,0.005,stable,7,refinement,0.5883278268075655,,-1,nested,16384,201,0.09404454326865774,SOURCE_RUN\raw\task-0049-dynamic-stable-nu1p2-N40-s201-refinement-035e8edbee\arrays.npz,40,student_t,1.2,dynamic,True,extreme
1.5,,0.5,0.5,0.16666666666666674,2.0,-0.6328116574107544,0.001,0.005,stable,7,refinement,0.0025288006796553297,,-1,nested,16384,201,0.007639048362982385,SOURCE_RUN\raw\task-0053-dynamic-stable-nu1p2-N80-s201-refinement-d72bcba648\arrays.npz,80,student_t,1.2,dynamic,True,extreme
1.5,,0.5,0.5,0.16666666666666674,2.0,-0.0728087187554805,0.001,0.01,stable,10,refinement,0.49442999503539786,,-1,nested,16384,201,0.087290702665406,SOURCE_RUN\raw\task-0057-dynamic-stable-nu1p2-N160-s201-refinement-4b0c5669bc\arrays.npz,160,student_t,1.2,dynamic,True,primary
1.5,,0.5,0.5,0.16666666666666674,2.0,-0.10318056274489121,0.001,0.01,stable,10,refinement,0.8172007515631099,,-1,nested,16384,201,0.099317002596397,SOURCE_RUN\raw\task-0049-dynamic-stable-nu1p2-N40-s201-refinement-035e8edbee\arrays.npz,40,student_t,1.2,dynamic,True,primary
1.5,,0.5,0.5,0.16666666666666674,2.0,-0.3680371106177503,0.001,0.01,stable,10,refinement,0.21637823821653945,,-1,nested,16384,201,0.0493584482219918,SOURCE_RUN\raw\task-0053-dynamic-stable-nu1p2-N80-s201-refinement-d72bcba648\arrays.npz,80,student_t,1.2,dynamic,True,primary
1.5,,0.5,0.5,0.16666666666666674,2.0,0.09866428732619369,0.002,0.02,stable,10,refinement,0.962152195458559,,-1,nested,32768,201,0.12775820042599106,SOURCE_RUN\raw\task-0057-dynamic-stable-nu1p2-N160-s201-refinement-4b0c5669bc\arrays.npz,160,student_t,1.2,dynamic,True,broad
1.5,,0.5,0.5,0.16666666666666674,2.0,-0.030407666333496265,0.002,0.02,stable,10,refinement,0.9825145237495203,,-1,nested,32768,201,0.11323169680452524,SOURCE_RUN\raw\task-0049-dynamic-stable-nu1p2-N40-s201-refinement-035e8edbee\arrays.npz,40,student_t,1.2,dynamic,True,broad
1.5,,0.5,0.5,0.16666666666666674,2.0,-0.09988643361633694,0.002,0.02,stable,10,refinement,0.9409768858080704,,-1,nested,32768,201,0.0936912602876804,SOURCE_RUN\raw\task-0053-dynamic-stable-nu1p2-N80-s201-refinement-d72bcba648\arrays.npz,80,student_t,1.2,dynamic,True,broad
1.5,,0.5,0.5,0.16666666666666674,2.0,-0.4754625328874491,0.001,0.005,stable,7,refinement,0.044297641057283954,,-1,nested,32768,201,0.028954804679785145,SOURCE_RUN\raw\task-0057-dynamic-stable-nu1p2-N160-s201-refinement-4b0c5669bc\arrays.npz,160,student_t,1.2,dynamic,True,extreme
1.5,,0.5,0.5,0.16666666666666674,2.0,0.09996632800225247,0.001,0.005,stable,7,refinement,0.9318361900526833,,-1,nested,32768,201,0.13570202078217758,SOURCE_RUN\raw\task-0049-dynamic-stable-nu1p2-N40-s201-refinement-035e8edbee\arrays.npz,40,student_t,1.2,dynamic,True,extreme
1.5,,0.5,0.5,0.16666666666666674,2.0,-0.26274559402059966,0.001,0.005,stable,7,refinement,0.6245656998380887,,-1,nested,32768,201,0.06516328320599372,SOURCE_RUN\raw\task-0053-dynamic-stable-nu1p2-N80-s201-refinement-d72bcba648\arrays.npz,80,student_t,1.2,dynamic,True,extreme
1.5,,0.5,0.5,0.16666666666666674,2.0,-0.12830223971747415,0.001,0.01,stable,10,refinement,0.47664670238319196,,-1,nested,32768,201,0.08360132161300729,SOURCE_RUN\raw\task-0057-dynamic-stable-nu1p2-N160-s201-refinement-4b0c5669bc\arrays.npz,160,student_t,1.2,dynamic,True,primary
1.5,,0.5,0.5,0.16666666666666674,2.0,0.006017669575291618,0.001,0.01,stable,10,refinement,0.9624738278619654,,-1,nested,32768,201,0.12092142206517824,SOURCE_RUN\raw\task-0049-dynamic-stable-nu1p2-N40-s201-refinement-035e8edbee\arrays.npz,40,student_t,1.2,dynamic,True,primary
1.5,,0.5,0.5,0.16666666666666674,2.0,-0.2379975165739067,0.001,0.01,stable,10,refinement,0.8430565702396442,,-1,nested,32768,201,0.06903248095734557,SOURCE_RUN\raw\task-0053-dynamic-stable-nu1p2-N80-s201-refinement-d72bcba648\arrays.npz,80,student_t,1.2,dynamic,True,primary
1.5,,0.5,0.5,0.16666666666666674,2.0,-0.11901640216170703,0.002,0.02,stable,10,refinement,0.9182209372739445,,0,block,16384,202,0.08503205469815585,SOURCE_RUN\raw\task-0058-dynamic-stable-nu1p2-N160-s202-refinement-d1720d823b\arrays.npz,160,student_t,1.2,dynamic,True,broad
1.5,,0.5,0.5,0.16666666666666674,2.0,-0.7002631921087282,0.002,0.02,stable,10,refinement,0.18406947042640054,,0,block,16384,202,-0.04544651899437594,SOURCE_RUN\raw\task-0050-dynamic-stable-nu1p2-N40-s202-refinement-712f8e6442\arrays.npz,40,student_t,1.2,dynamic,True,broad
1.5,,0.5,0.5,0.16666666666666674,2.0,0.08740782684641839,0.002,0.02,stable,10,refinement,0.7817401687848292,,0,block,16384,202,0.11574979075575519,SOURCE_RUN\raw\task-0054-dynamic-stable-nu1p2-N80-s202-refinement-0ec9e4c6ef\arrays.npz,80,student_t,1.2,dynamic,True,broad
1.5,,0.5,0.5,0.16666666666666674,2.0,-0.27244777658444086,0.001,0.005,stable,7,refinement,0.3674883948061154,,0,block,16384,202,0.05817574700311581,SOURCE_RUN\raw\task-0058-dynamic-stable-nu1p2-N160-s202-refinement-d1720d823b\arrays.npz,160,student_t,1.2,dynamic,True,extreme
1.5,,0.5,0.5,0.16666666666666674,2.0,-0.4008981469561972,0.001,0.005,stable,7,refinement,0.0009807312150240666,,0,block,16384,202,0.004812189762748362,SOURCE_RUN\raw\task-0050-dynamic-stable-nu1p2-N40-s202-refinement-712f8e6442\arrays.npz,40,student_t,1.2,dynamic,True,extreme
1.5,,0.5,0.5,0.16666666666666674,2.0,-0.6588982866341901,0.001,0.005,stable,7,refinement,0.030376501691423807,,0,block,16384,202,-0.009906657236775326,SOURCE_RUN\raw\task-0054-dynamic-stable-nu1p2-N80-s202-refinement-0ec9e4c6ef\arrays.npz,80,student_t,1.2,dynamic,True,extreme
1.5,,0.5,0.5,0.16666666666666674,2.0,-0.2003811835618725,0.001,0.01,stable,10,refinement,0.6893618140096774,,0,block,16384,202,0.06967397218285314,SOURCE_RUN\raw\task-0058-dynamic-stable-nu1p2-N160-s202-refinement-d1720d823b\arrays.npz,160,student_t,1.2,dynamic,True,primary
1.5,,0.5,0.5,0.16666666666666674,2.0,-0.8081798839143418,0.001,0.01,stable,10,refinement,0.24113880459151105,,0,block,16384,202,-0.05903120067924253,SOURCE_RUN\raw\task-0050-dynamic-stable-nu1p2-N40-s202-refinement-712f8e6442\arrays.npz,40,student_t,1.2,dynamic,True,primary
1.5,,0.5,0.5,0.16666666666666674,2.0,-0.07309300329215321,0.001,0.01,stable,10,refinement,0.5464818744903959,,0,block,16384,202,0.08243338742188884,SOURCE_RUN\raw\task-0054-dynamic-stable-nu1p2-N80-s202-refinement-0ec9e4c6ef\arrays.npz,80,student_t,1.2,dynamic,True,primary
1.5,,0.5,0.5,0.16666666666666674,2.0,0.20369945745035287,0.002,0.02,stable,10,refinement,0.9541249210152517,,1,block,16384,202,0.15326528665297756,SOURCE_RUN\raw\task-0058-dynamic-stable-nu1p2-N160-s202-refinement-d1720d823b\arrays.npz,160,student_t,1.2,dynamic,True,broad
1.5,,0.5,0.5,0.16666666666666674,2.0,0.14832359107906426,0.002,0.02,stable,10,refinement,0.939756587205556,,1,block,16384,202,0.14120337422873236,SOURCE_RUN\raw\task-0050-dynamic-stable-nu1p2-N40-s202-refinement-712f8e6442\arrays.npz,40,student_t,1.2,dynamic,True,broad
1.5,,0.5,0.5,0.16666666666666674,2.0,-0.462266279029799,0.002,0.02,stable,10,refinement,0.007686783128370567,,1,block,16384,202,-0.003273927668175191,SOURCE_RUN\raw\task-0054-dynamic-stable-nu1p2-N80-s202-refinement-0ec9e4c6ef\arrays.npz,80,student_t,1.2,dynamic,True,broad
1.5,,0.5,0.5,0.16666666666666674,2.0,0.4286354336368783,0.001,0.005,stable,7,refinement,0.8981461334603659,,1,block,16384,202,0.18954973582726298,SOURCE_RUN\raw\task-0058-dynamic-stable-nu1p2-N160-s202-refinement-d1720d823b\arrays.npz,160,student_t,1.2,dynamic,True,extreme
1.5,,0.5,0.5,0.16666666666666674,2.0,0.14398122379033423,0.001,0.005,stable,7,refinement,0.9131757831521814,,1,block,16384,202,0.14111706146259492,SOURCE_RUN\raw\task-0050-dynamic-stable-nu1p2-N40-s202-refinement-712f8e6442\arrays.npz,40,student_t,1.2,dynamic,True,extreme
1.5,,0.5,0.5,0.16666666666666674,2.0,0.08252641731342747,0.001,0.005,stable,7,refinement,0.31593935721602506,,1,block,16384,202,0.09145526000241878,SOURCE_RUN\raw\task-0054-dynamic-stable-nu1p2-N80-s202-refinement-0ec9e4c6ef\arrays.npz,80,student_t,1.2,dynamic,True,extreme
1.5,,0.5,0.5,0.16666666666666674,2.0,0.30316455610559256,0.001,0.01,stable,10,refinement,0.94622028519823,,1,block,16384,202,0.1699031888937559,SOURCE_RUN\raw\task-0058-dynamic-stable-nu1p2-N160-s202-refinement-d1720d823b\arrays.npz,160,student_t,1.2,dynamic,True,primary
1.5,,0.5,0.5,0.16666666666666674,2.0,0.24757839265679196,0.001,0.01,stable,10,refinement,0.9630068994717826,,1,block,16384,202,0.1573217448478332,SOURCE_RUN\raw\task-0050-dynamic-stable-nu1p2-N40-s202-refinement-712f8e6442\arrays.npz,40,student_t,1.2,dynamic,True,primary
1.5,,0.5,0.5,0.16666666666666674,2.0,-0.23264014362872232,0.001,0.01,stable,10,refinement,0.19002993827410042,,1,block,16384,202,0.04182964039881787,SOURCE_RUN\raw\task-0054-dynamic-stable-nu1p2-N80-s202-refinement-0ec9e4c6ef\arrays.npz,80,student_t,1.2,dynamic,True,primary
1.5,,0.5,0.5,0.16666666666666674,2.0,-0.3724981528980098,0.002,0.02,stable,10,refinement,0.07575367462576454,,2,block,16384,202,0.026938361732559497,SOURCE_RUN\raw\task-0058-dynamic-stable-nu1p2-N160-s202-refinement-d1720d823b\arrays.npz,160,student_t,1.2,dynamic,True,broad
1.5,,0.5,0.5,0.16666666666666674,2.0,-0.08051665870487311,0.002,0.02,stable,10,refinement,0.6726095944720658,,2,block,16384,202,0.09317044299107949,SOURCE_RUN\raw\task-0050-dynamic-stable-nu1p2-N40-s202-refinement-712f8e6442\arrays.npz,40,student_t,1.2,dynamic,True,broad
1.5,,0.5,0.5,0.16666666666666674,2.0,0.11557418037635171,0.002,0.02,stable,10,refinement,0.9372993192782371,,2,block,16384,202,0.14451870787637017,SOURCE_RUN\raw\task-0054-dynamic-stable-nu1p2-N80-s202-refinement-0ec9e4c6ef\arrays.npz,80,student_t,1.2,dynamic,True,broad
1.5,,0.5,0.5,0.16666666666666674,2.0,-0.36412734453071516,0.001,0.005,stable,7,refinement,0.03734726492764684,,2,block,16384,202,0.03311933401301734,SOURCE_RUN\raw\task-0058-dynamic-stable-nu1p2-N160-s202-refinement-d1720d823b\arrays.npz,160,student_t,1.2,dynamic,True,extreme
1.5,,0.5,0.5,0.16666666666666674,2.0,-0.31450561300076435,0.001,0.005,stable,7,refinement,0.1969839327910351,,2,block,16384,202,0.053934834576565324,SOURCE_RUN\raw\task-0050-dynamic-stable-nu1p2-N40-s202-refinement-712f8e6442\arrays.npz,40,student_t,1.2,dynamic,True,extreme
1.5,,0.5,0.5,0.16666666666666674,2.0,0.1437505486759272,0.001,0.005,stable,7,refinement,0.7951005450214177,,2,block,16384,202,0.14606499343035484,SOURCE_RUN\raw\task-0054-dynamic-stable-nu1p2-N80-s202-refinement-0ec9e4c6ef\arrays.npz,80,student_t,1.2,dynamic,True,extreme
1.5,,0.5,0.5,0.16666666666666674,2.0,-0.2997809902756713,0.001,0.01,stable,10,refinement,0.15658875134865147,,2,block,16384,202,0.04359157251239073,SOURCE_RUN\raw\task-0058-dynamic-stable-nu1p2-N160-s202-refinement-d1720d823b\arrays.npz,160,student_t,1.2,dynamic,True,primary
1.5,,0.5,0.5,0.16666666666666674,2.0,-0.12880534772834912,0.001,0.01,stable,10,refinement,0.592758871498468,,2,block,16384,202,0.08340276391394551,SOURCE_RUN\raw\task-0050-dynamic-stable-nu1p2-N40-s202-refinement-712f8e6442\arrays.npz,40,student_t,1.2,dynamic,True,primary
1.5,,0.5,0.5,0.16666666666666674,2.0,0.03126302125118217,0.001,0.01,stable,10,refinement,0.84034577459013,,2,block,16384,202,0.12882966595095158,SOURCE_RUN\raw\task-0054-dynamic-stable-nu1p2-N80-s202-refinement-0ec9e4c6ef\arrays.npz,80,student_t,1.2,dynamic,True,primary
1.5,,0.5,0.5,0.16666666666666674,2.0,-0.060078428386089976,0.002,0.02,stable,10,refinement,0.6261619178267817,,3,block,16384,202,0.088303158477221,SOURCE_RUN\raw\task-0058-dynamic-stable-nu1p2-N160-s202-refinement-d1720d823b\arrays.npz,160,student_t,1.2,dynamic,True,broad
1.5,,0.5,0.5,0.16666666666666674,2.0,0.28735355516788363,0.002,0.02,stable,10,refinement,0.9369204701778854,,3,block,16384,202,0.17144507294294745,SOURCE_RUN\raw\task-0050-dynamic-stable-nu1p2-N40-s202-refinement-712f8e6442\arrays.npz,40,student_t,1.2,dynamic,True,broad
1.5,,0.5,0.5,0.16666666666666674,2.0,0.12572489477655077,0.002,0.02,stable,10,refinement,0.8927776393641483,,3,block,16384,202,0.14708391937082144,SOURCE_RUN\raw\task-0054-dynamic-stable-nu1p2-N80-s202-refinement-0ec9e4c6ef\arrays.npz,80,student_t,1.2,dynamic,True,broad
1.5,,0.5,0.5,0.16666666666666674,2.0,-0.8232843792219775,0.001,0.005,stable,7,refinement,0.1832442168479439,,3,block,16384,202,-0.04351391312709001,SOURCE_RUN\raw\task-0058-dynamic-stable-nu1p2-N160-s202-refinement-d1720d823b\arrays.npz,160,student_t,1.2,dynamic,True,extreme
1.5,,0.5,0.5,0.16666666666666674,2.0,-0.05730290233956065,0.001,0.005,stable,7,refinement,0.5329694113655775,,3,block,16384,202,0.11171744569559987,SOURCE_RUN\raw\task-0050-dynamic-stable-nu1p2-N40-s202-refinement-712f8e6442\arrays.npz,40,student_t,1.2,dynamic,True,extreme
1.5,,0.5,0.5,0.16666666666666674,2.0,-0.8825801477858128,0.001,0.005,stable,7,refinement,0.10878230854033655,,3,block,16384,202,-0.028602824038542352,SOURCE_RUN\raw\task-0054-dynamic-stable-nu1p2-N80-s202-refinement-0ec9e4c6ef\arrays.npz,80,student_t,1.2,dynamic,True,extreme
1.5,,0.5,0.5,0.16666666666666674,2.0,-0.48391917172577237,0.001,0.01,stable,10,refinement,0.02062000457160751,,3,block,16384,202,0.010281582540625195,SOURCE_RUN\raw\task-0058-dynamic-stable-nu1p2-N160-s202-refinement-d1720d823b\arrays.npz,160,student_t,1.2,dynamic,True,primary
1.5,,0.5,0.5,0.16666666666666674,2.0,0.20913883308396727,0.001,0.01,stable,10,refinement,0.8193979446820303,,3,block,16384,202,0.15401275740072035,SOURCE_RUN\raw\task-0050-dynamic-stable-nu1p2-N40-s202-refinement-712f8e6442\arrays.npz,40,student_t,1.2,dynamic,True,primary
1.5,,0.5,0.5,0.16666666666666674,2.0,-0.42407588141284486,0.001,0.01,stable,10,refinement,0.2625397865986101,,3,block,16384,202,0.043862718527815994,SOURCE_RUN\raw\task-0054-dynamic-stable-nu1p2-N80-s202-refinement-0ec9e4c6ef\arrays.npz,80,student_t,1.2,dynamic,True,primary
1.5,,0.5,0.5,0.16666666666666674,2.0,-0.0757659199083922,0.002,0.02,stable,10,refinement,0.8170173536753172,,-1,full,65536,202,0.09138347638995262,SOURCE_RUN\raw\task-0058-dynamic-stable-nu1p2-N160-s202-refinement-d1720d823b\arrays.npz,160,student_t,1.2,dynamic,True,broad
1.5,,0.5,0.5,0.16666666666666674,2.0,-0.07696045646691065,0.002,0.02,stable,10,refinement,0.8159145262031265,,-1,full,65536,202,0.09288883002803117,SOURCE_RUN\raw\task-0050-dynamic-stable-nu1p2-N40-s202-refinement-712f8e6442\arrays.npz,40,student_t,1.2,dynamic,True,broad
1.5,,0.5,0.5,0.16666666666666674,2.0,-0.07776060789050965,0.002,0.02,stable,10,refinement,0.8171519741273818,,-1,full,65536,202,0.09169631698828187,SOURCE_RUN\raw\task-0054-dynamic-stable-nu1p2-N80-s202-refinement-0ec9e4c6ef\arrays.npz,80,student_t,1.2,dynamic,True,broad
1.5,,0.5,0.5,0.16666666666666674,2.0,-0.4740201370156515,0.001,0.005,stable,7,refinement,0.11254630289613377,,-1,full,65536,202,0.023277254220655224,SOURCE_RUN\raw\task-0058-dynamic-stable-nu1p2-N160-s202-refinement-d1720d823b\arrays.npz,160,student_t,1.2,dynamic,True,extreme
1.5,,0.5,0.5,0.16666666666666674,2.0,-0.4676977543118615,0.001,0.005,stable,7,refinement,0.12045207318794826,,-1,full,65536,202,0.025989266572298518,SOURCE_RUN\raw\task-0050-dynamic-stable-nu1p2-N40-s202-refinement-712f8e6442\arrays.npz,40,student_t,1.2,dynamic,True,extreme
1.5,,0.5,0.5,0.16666666666666674,2.0,-0.48418973415934363,0.001,0.005,stable,7,refinement,0.1032736998216498,,-1,full,65536,202,0.022165835839344047,SOURCE_RUN\raw\task-0054-dynamic-stable-nu1p2-N80-s202-refinement-0ec9e4c6ef\arrays.npz,80,student_t,1.2,dynamic,True,extreme
1.5,,0.5,0.5,0.16666666666666674,2.0,-0.24475178939576248,0.001,0.01,stable,10,refinement,0.5907741047812199,,-1,full,65536,202,0.05963422909766906,SOURCE_RUN\raw\task-0058-dynamic-stable-nu1p2-N160-s202-refinement-d1720d823b\arrays.npz,160,student_t,1.2,dynamic,True,primary
1.5,,0.5,0.5,0.16666666666666674,2.0,-0.24320540190589365,0.001,0.01,stable,10,refinement,0.5862453409712082,,-1,full,65536,202,0.061601506239273164,SOURCE_RUN\raw\task-0050-dynamic-stable-nu1p2-N40-s202-refinement-712f8e6442\arrays.npz,40,student_t,1.2,dynamic,True,primary
1.5,,0.5,0.5,0.16666666666666674,2.0,-0.249951889705409,0.001,0.01,stable,10,refinement,0.5853583541231528,,-1,full,65536,202,0.059305727598408554,SOURCE_RUN\raw\task-0054-dynamic-stable-nu1p2-N80-s202-refinement-0ec9e4c6ef\arrays.npz,80,student_t,1.2,dynamic,True,primary
1.5,,0.5,0.5,0.16666666666666674,2.0,-0.11901640216170703,0.002,0.02,stable,10,refinement,0.9182209372739445,,-1,nested,16384,202,0.08503205469815585,SOURCE_RUN\raw\task-0058-dynamic-stable-nu1p2-N160-s202-refinement-d1720d823b\arrays.npz,160,student_t,1.2,dynamic,True,broad
1.5,,0.5,0.5,0.16666666666666674,2.0,-0.7002631921087282,0.002,0.02,stable,10,refinement,0.18406947042640054,,-1,nested,16384,202,-0.04544651899437594,SOURCE_RUN\raw\task-0050-dynamic-stable-nu1p2-N40-s202-refinement-712f8e6442\arrays.npz,40,student_t,1.2,dynamic,True,broad
1.5,,0.5,0.5,0.16666666666666674,2.0,0.08740782684641839,0.002,0.02,stable,10,refinement,0.7817401687848292,,-1,nested,16384,202,0.11574979075575519,SOURCE_RUN\raw\task-0054-dynamic-stable-nu1p2-N80-s202-refinement-0ec9e4c6ef\arrays.npz,80,student_t,1.2,dynamic,True,broad
1.5,,0.5,0.5,0.16666666666666674,2.0,-0.27244777658444086,0.001,0.005,stable,7,refinement,0.3674883948061154,,-1,nested,16384,202,0.05817574700311581,SOURCE_RUN\raw\task-0058-dynamic-stable-nu1p2-N160-s202-refinement-d1720d823b\arrays.npz,160,student_t,1.2,dynamic,True,extreme
1.5,,0.5,0.5,0.16666666666666674,2.0,-0.4008981469561972,0.001,0.005,stable,7,refinement,0.0009807312150240666,,-1,nested,16384,202,0.004812189762748362,SOURCE_RUN\raw\task-0050-dynamic-stable-nu1p2-N40-s202-refinement-712f8e6442\arrays.npz,40,student_t,1.2,dynamic,True,extreme
1.5,,0.5,0.5,0.16666666666666674,2.0,-0.6588982866341901,0.001,0.005,stable,7,refinement,0.030376501691423807,,-1,nested,16384,202,-0.009906657236775326,SOURCE_RUN\raw\task-0054-dynamic-stable-nu1p2-N80-s202-refinement-0ec9e4c6ef\arrays.npz,80,student_t,1.2,dynamic,True,extreme
1.5,,0.5,0.5,0.16666666666666674,2.0,-0.2003811835618725,0.001,0.01,stable,10,refinement,0.6893618140096774,,-1,nested,16384,202,0.06967397218285314,SOURCE_RUN\raw\task-0058-dynamic-stable-nu1p2-N160-s202-refinement-d1720d823b\arrays.npz,160,student_t,1.2,dynamic,True,primary
1.5,,0.5,0.5,0.16666666666666674,2.0,-0.8081798839143418,0.001,0.01,stable,10,refinement,0.24113880459151105,,-1,nested,16384,202,-0.05903120067924253,SOURCE_RUN\raw\task-0050-dynamic-stable-nu1p2-N40-s202-refinement-712f8e6442\arrays.npz,40,student_t,1.2,dynamic,True,primary
1.5,,0.5,0.5,0.16666666666666674,2.0,-0.07309300329215321,0.001,0.01,stable,10,refinement,0.5464818744903959,,-1,nested,16384,202,0.08243338742188884,SOURCE_RUN\raw\task-0054-dynamic-stable-nu1p2-N80-s202-refinement-0ec9e4c6ef\arrays.npz,80,student_t,1.2,dynamic,True,primary
1.5,,0.5,0.5,0.16666666666666674,2.0,0.047349638023341856,0.002,0.02,stable,10,refinement,0.9857108225395259,,-1,nested,32768,202,0.12086509345836459,SOURCE_RUN\raw\task-0058-dynamic-stable-nu1p2-N160-s202-refinement-d1720d823b\arrays.npz,160,student_t,1.2,dynamic,True,broad
1.5,,0.5,0.5,0.16666666666666674,2.0,-0.2215062666738699,0.002,0.02,stable,10,refinement,0.7098040624652449,,-1,nested,32768,202,0.060507184455623364,SOURCE_RUN\raw\task-0050-dynamic-stable-nu1p2-N40-s202-refinement-712f8e6442\arrays.npz,40,student_t,1.2,dynamic,True,broad
1.5,,0.5,0.5,0.16666666666666674,2.0,-0.2167687561876037,0.002,0.02,stable,10,refinement,0.5268628870721919,,-1,nested,32768,202,0.04992029837565843,SOURCE_RUN\raw\task-0054-dynamic-stable-nu1p2-N80-s202-refinement-0ec9e4c6ef\arrays.npz,80,student_t,1.2,dynamic,True,broad
1.5,,0.5,0.5,0.16666666666666674,2.0,-0.10992469609729076,0.001,0.005,stable,7,refinement,0.8040035986380982,,-1,nested,32768,202,0.09260909547097004,SOURCE_RUN\raw\task-0058-dynamic-stable-nu1p2-N160-s202-refinement-d1720d823b\arrays.npz,160,student_t,1.2,dynamic,True,extreme
1.5,,0.5,0.5,0.16666666666666674,2.0,-0.5167882582479643,0.001,0.005,stable,7,refinement,0.019490086787449235,,-1,nested,32768,202,0.010032348017169035,SOURCE_RUN\raw\task-0050-dynamic-stable-nu1p2-N40-s202-refinement-712f8e6442\arrays.npz,40,student_t,1.2,dynamic,True,extreme
1.5,,0.5,0.5,0.16666666666666674,2.0,-0.3133213947498479,0.001,0.005,stable,7,refinement,0.10711770381087982,,-1,nested,32768,202,0.03512421023264748,SOURCE_RUN\raw\task-0054-dynamic-stable-nu1p2-N80-s202-refinement-0ec9e4c6ef\arrays.npz,80,student_t,1.2,dynamic,True,extreme
1.5,,0.5,0.5,0.16666666666666674,2.0,-0.013352528118763467,0.001,0.01,stable,10,refinement,0.9268742613379278,,-1,nested,32768,202,0.10794497825253503,SOURCE_RUN\raw\task-0058-dynamic-stable-nu1p2-N160-s202-refinement-d1720d823b\arrays.npz,160,student_t,1.2,dynamic,True,primary
1.5,,0.5,0.5,0.16666666666666674,2.0,-0.3784571845190898,0.001,0.01,stable,10,refinement,0.3385495683167128,,-1,nested,32768,202,0.03186318730528559,SOURCE_RUN\raw\task-0050-dynamic-stable-nu1p2-N40-s202-refinement-712f8e6442\arrays.npz,40,student_t,1.2,dynamic,True,primary
1.5,,0.5,0.5,0.16666666666666674,2.0,-0.19557972840664803,0.001,0.01,stable,10,refinement,0.43552075894207276,,-1,nested,32768,202,0.05374359558339472,SOURCE_RUN\raw\task-0054-dynamic-stable-nu1p2-N80-s202-refinement-0ec9e4c6ef\arrays.npz,80,student_t,1.2,dynamic,True,primary
1.5,,0.5,0.5,0.16666666666666674,2.0,0.2465140239893564,0.002,0.02,stable,10,refinement,0.9723234021640554,,0,block,16384,203,0.165430334230335,SOURCE_RUN\raw\task-0059-dynamic-stable-nu1p2-N160-s203-refinement-13b498c7d2\arrays.npz,160,student_t,1.2,dynamic,True,broad
1.5,,0.5,0.5,0.16666666666666674,2.0,0.08245941110801294,0.002,0.02,stable,10,refinement,0.9463157358622267,,0,block,16384,203,0.13065053718609485,SOURCE_RUN\raw\task-0051-dynamic-stable-nu1p2-N40-s203-refinement-14aab7ef2d\arrays.npz,40,student_t,1.2,dynamic,True,broad
1.5,,0.5,0.5,0.16666666666666674,2.0,0.12412109373086648,0.002,0.02,stable,10,refinement,0.9463883650583125,,0,block,16384,203,0.13206375003502502,SOURCE_RUN\raw\task-0055-dynamic-stable-nu1p2-N80-s203-refinement-5d4d389215\arrays.npz,80,student_t,1.2,dynamic,True,broad
1.5,,0.5,0.5,0.16666666666666674,2.0,0.12023368971395725,0.001,0.005,stable,7,refinement,0.7652164794083403,,0,block,16384,203,0.14740639847558074,SOURCE_RUN\raw\task-0059-dynamic-stable-nu1p2-N160-s203-refinement-13b498c7d2\arrays.npz,160,student_t,1.2,dynamic,True,extreme
1.5,,0.5,0.5,0.16666666666666674,2.0,-0.4069246230169363,0.001,0.005,stable,7,refinement,0.4627517519504851,,0,block,16384,203,0.04603240093301613,SOURCE_RUN\raw\task-0051-dynamic-stable-nu1p2-N40-s203-refinement-14aab7ef2d\arrays.npz,40,student_t,1.2,dynamic,True,extreme
1.5,,0.5,0.5,0.16666666666666674,2.0,-0.4564061066013086,0.001,0.005,stable,7,refinement,0.1297089088216814,,0,block,16384,203,0.03345863649844018,SOURCE_RUN\raw\task-0055-dynamic-stable-nu1p2-N80-s203-refinement-5d4d389215\arrays.npz,80,student_t,1.2,dynamic,True,extreme
1.5,,0.5,0.5,0.16666666666666674,2.0,0.3143110202889317,0.001,0.01,stable,10,refinement,0.920179169142876,,0,block,16384,203,0.17799521918444527,SOURCE_RUN\raw\task-0059-dynamic-stable-nu1p2-N160-s203-refinement-13b498c7d2\arrays.npz,160,student_t,1.2,dynamic,True,primary
1.5,,0.5,0.5,0.16666666666666674,2.0,-0.1843256828425469,0.001,0.01,stable,10,refinement,0.7701244143826096,,0,block,16384,203,0.08139290155385588,SOURCE_RUN\raw\task-0051-dynamic-stable-nu1p2-N40-s203-refinement-14aab7ef2d\arrays.npz,40,student_t,1.2,dynamic,True,primary
1.5,,0.5,0.5,0.16666666666666674,2.0,-0.07069227862639373,0.001,0.01,stable,10,refinement,0.6544000838598647,,0,block,16384,203,0.09405352851560471,SOURCE_RUN\raw\task-0055-dynamic-stable-nu1p2-N80-s203-refinement-5d4d389215\arrays.npz,80,student_t,1.2,dynamic,True,primary
1.5,,0.5,0.5,0.16666666666666674,2.0,-0.06109621073479413,0.002,0.02,stable,10,refinement,0.9572365855159535,,1,block,16384,203,0.10140731005914103,SOURCE_RUN\raw\task-0059-dynamic-stable-nu1p2-N160-s203-refinement-13b498c7d2\arrays.npz,160,student_t,1.2,dynamic,True,broad
1.5,,0.5,0.5,0.16666666666666674,2.0,-0.13911550391203614,0.002,0.02,stable,10,refinement,0.6725925533623777,,1,block,16384,203,0.07628749044826216,SOURCE_RUN\raw\task-0051-dynamic-stable-nu1p2-N40-s203-refinement-14aab7ef2d\arrays.npz,40,student_t,1.2,dynamic,True,broad
1.5,,0.5,0.5,0.16666666666666674,2.0,-0.380250366882965,0.002,0.02,stable,10,refinement,0.4401866105932125,,1,block,16384,203,0.02989207627079764,SOURCE_RUN\raw\task-0055-dynamic-stable-nu1p2-N80-s203-refinement-5d4d389215\arrays.npz,80,student_t,1.2,dynamic,True,broad
1.5,,0.5,0.5,0.16666666666666674,2.0,-0.4539156385773382,0.001,0.005,stable,7,refinement,0.3150081768230165,,1,block,16384,203,0.03450958059741859,SOURCE_RUN\raw\task-0059-dynamic-stable-nu1p2-N160-s203-refinement-13b498c7d2\arrays.npz,160,student_t,1.2,dynamic,True,extreme
1.5,,0.5,0.5,0.16666666666666674,2.0,0.354204855956671,0.001,0.005,stable,7,refinement,0.8488613402692589,,1,block,16384,203,0.16125008195334178,SOURCE_RUN\raw\task-0051-dynamic-stable-nu1p2-N40-s203-refinement-14aab7ef2d\arrays.npz,40,student_t,1.2,dynamic,True,extreme
1.5,,0.5,0.5,0.16666666666666674,2.0,-0.04923789638854541,0.001,0.005,stable,7,refinement,0.5042908909454189,,1,block,16384,203,0.08731176529854769,SOURCE_RUN\raw\task-0055-dynamic-stable-nu1p2-N80-s203-refinement-5d4d389215\arrays.npz,80,student_t,1.2,dynamic,True,extreme
1.5,,0.5,0.5,0.16666666666666674,2.0,-0.25075282765704937,0.001,0.01,stable,10,refinement,0.7530778633041096,,1,block,16384,203,0.06645423883745062,SOURCE_RUN\raw\task-0059-dynamic-stable-nu1p2-N160-s203-refinement-13b498c7d2\arrays.npz,160,student_t,1.2,dynamic,True,primary
1.5,,0.5,0.5,0.16666666666666674,2.0,0.1557063839634787,0.001,0.01,stable,10,refinement,0.8788793706874977,,1,block,16384,203,0.1297833941906982,SOURCE_RUN\raw\task-0051-dynamic-stable-nu1p2-N40-s203-refinement-14aab7ef2d\arrays.npz,40,student_t,1.2,dynamic,True,primary
1.5,,0.5,0.5,0.16666666666666674,2.0,-0.2766355381019084,0.001,0.01,stable,10,refinement,0.44443060769084375,,1,block,16384,203,0.051673053516612555,SOURCE_RUN\raw\task-0055-dynamic-stable-nu1p2-N80-s203-refinement-5d4d389215\arrays.npz,80,student_t,1.2,dynamic,True,primary
1.5,,0.5,0.5,0.16666666666666674,2.0,-0.10066052250607985,0.002,0.02,stable,10,refinement,0.7182717099008746,,2,block,16384,203,0.0771009904089756,SOURCE_RUN\raw\task-0059-dynamic-stable-nu1p2-N160-s203-refinement-13b498c7d2\arrays.npz,160,student_t,1.2,dynamic,True,broad
1.5,,0.5,0.5,0.16666666666666674,2.0,0.14129076802009885,0.002,0.02,stable,10,refinement,0.8744319232620223,,2,block,16384,203,0.145141974639751,SOURCE_RUN\raw\task-0051-dynamic-stable-nu1p2-N40-s203-refinement-14aab7ef2d\arrays.npz,40,student_t,1.2,dynamic,True,broad
1.5,,0.5,0.5,0.16666666666666674,2.0,0.17603005781438716,0.002,0.02,stable,10,refinement,0.9534481011376019,,2,block,16384,203,0.13780544001507425,SOURCE_RUN\raw\task-0055-dynamic-stable-nu1p2-N80-s203-refinement-5d4d389215\arrays.npz,80,student_t,1.2,dynamic,True,broad
1.5,,0.5,0.5,0.16666666666666674,2.0,-0.8147931627774393,0.001,0.005,stable,7,refinement,0.19172524634568722,,2,block,16384,203,-0.04543643851332289,SOURCE_RUN\raw\task-0059-dynamic-stable-nu1p2-N160-s203-refinement-13b498c7d2\arrays.npz,160,student_t,1.2,dynamic,True,extreme
1.5,,0.5,0.5,0.16666666666666674,2.0,-0.32893736294979664,0.001,0.005,stable,7,refinement,0.5689851372477421,,2,block,16384,203,0.06552457259608618,SOURCE_RUN\raw\task-0051-dynamic-stable-nu1p2-N40-s203-refinement-14aab7ef2d\arrays.npz,40,student_t,1.2,dynamic,True,extreme
1.5,,0.5,0.5,0.16666666666666674,2.0,-0.5071767939807115,0.001,0.005,stable,7,refinement,0.02577849010560007,,2,block,16384,203,0.020104422778819683,SOURCE_RUN\raw\task-0055-dynamic-stable-nu1p2-N80-s203-refinement-5d4d389215\arrays.npz,80,student_t,1.2,dynamic,True,extreme
1.5,,0.5,0.5,0.16666666666666674,2.0,-0.42427803609973386,0.001,0.01,stable,10,refinement,0.047796847777234364,,2,block,16384,203,0.015905918497378466,SOURCE_RUN\raw\task-0059-dynamic-stable-nu1p2-N160-s203-refinement-13b498c7d2\arrays.npz,160,student_t,1.2,dynamic,True,primary
1.5,,0.5,0.5,0.16666666666666674,2.0,0.09028753803306641,0.001,0.01,stable,10,refinement,0.8316451872585704,,2,block,16384,203,0.13135559018523593,SOURCE_RUN\raw\task-0051-dynamic-stable-nu1p2-N40-s203-refinement-14aab7ef2d\arrays.npz,40,student_t,1.2,dynamic,True,primary
1.5,,0.5,0.5,0.16666666666666674,2.0,-0.13768249837380678,0.001,0.01,stable,10,refinement,0.4622428990280286,,2,block,16384,203,0.07821688630209823,SOURCE_RUN\raw\task-0055-dynamic-stable-nu1p2-N80-s203-refinement-5d4d389215\arrays.npz,80,student_t,1.2,dynamic,True,primary
1.5,,0.5,0.5,0.16666666666666674,2.0,-0.09363739697995582,0.002,0.02,stable,10,refinement,0.8918810244955043,,3,block,16384,203,0.07823106763027915,SOURCE_RUN\raw\task-0059-dynamic-stable-nu1p2-N160-s203-refinement-13b498c7d2\arrays.npz,160,student_t,1.2,dynamic,True,broad
1.5,,0.5,0.5,0.16666666666666674,2.0,0.027187806326281636,0.002,0.02,stable,10,refinement,0.8047770628499408,,3,block,16384,203,0.10306316533011564,SOURCE_RUN\raw\task-0051-dynamic-stable-nu1p2-N40-s203-refinement-14aab7ef2d\arrays.npz,40,student_t,1.2,dynamic,True,broad
1.5,,0.5,0.5,0.16666666666666674,2.0,0.083483713217237,0.002,0.02,stable,10,refinement,0.9409007550606853,,3,block,16384,203,0.12817403643593175,SOURCE_RUN\raw\task-0055-dynamic-stable-nu1p2-N80-s203-refinement-5d4d389215\arrays.npz,80,student_t,1.2,dynamic,True,broad
1.5,,0.5,0.5,0.16666666666666674,2.0,-0.9209509034710803,0.001,0.005,stable,7,refinement,0.5337127671621638,,3,block,16384,203,-0.06500911442471258,SOURCE_RUN\raw\task-0059-dynamic-stable-nu1p2-N160-s203-refinement-13b498c7d2\arrays.npz,160,student_t,1.2,dynamic,True,extreme
1.5,,0.5,0.5,0.16666666666666674,2.0,-1.3238770605761891,0.001,0.005,stable,7,refinement,0.6226356628192653,,3,block,16384,203,-0.13147500767450956,SOURCE_RUN\raw\task-0051-dynamic-stable-nu1p2-N40-s203-refinement-14aab7ef2d\arrays.npz,40,student_t,1.2,dynamic,True,extreme
1.5,,0.5,0.5,0.16666666666666674,2.0,-1.216974133085869,0.001,0.005,stable,7,refinement,0.3772386665181836,,3,block,16384,203,-0.09650134603898383,SOURCE_RUN\raw\task-0055-dynamic-stable-nu1p2-N80-s203-refinement-5d4d389215\arrays.npz,80,student_t,1.2,dynamic,True,extreme
1.5,,0.5,0.5,0.16666666666666674,2.0,-0.44151100195474474,0.001,0.01,stable,10,refinement,0.024874530874380296,,3,block,16384,203,0.010625373644915207,SOURCE_RUN\raw\task-0059-dynamic-stable-nu1p2-N160-s203-refinement-13b498c7d2\arrays.npz,160,student_t,1.2,dynamic,True,primary
1.5,,0.5,0.5,0.16666666666666674,2.0,-0.6397114237025981,0.001,0.01,stable,10,refinement,0.05535564026171347,,3,block,16384,203,-0.023717463583326215,SOURCE_RUN\raw\task-0051-dynamic-stable-nu1p2-N40-s203-refinement-14aab7ef2d\arrays.npz,40,student_t,1.2,dynamic,True,primary
1.5,,0.5,0.5,0.16666666666666674,2.0,-0.45962133579603337,0.001,0.01,stable,10,refinement,0.03973657812707132,,3,block,16384,203,0.022770521243188676,SOURCE_RUN\raw\task-0055-dynamic-stable-nu1p2-N80-s203-refinement-5d4d389215\arrays.npz,80,student_t,1.2,dynamic,True,primary
1.5,,0.5,0.5,0.16666666666666674,2.0,0.010136806661008175,0.002,0.02,stable,10,refinement,0.983986593915357,,-1,full,65536,203,0.10795572690146484,SOURCE_RUN\raw\task-0059-dynamic-stable-nu1p2-N160-s203-refinement-13b498c7d2\arrays.npz,160,student_t,1.2,dynamic,True,broad
1.5,,0.5,0.5,0.16666666666666674,2.0,0.01487512894972663,0.002,0.02,stable,10,refinement,0.9832686238929524,,-1,full,65536,203,0.1105014384187049,SOURCE_RUN\raw\task-0051-dynamic-stable-nu1p2-N40-s203-refinement-14aab7ef2d\arrays.npz,40,student_t,1.2,dynamic,True,broad
1.5,,0.5,0.5,0.16666666666666674,2.0,0.014054959153163097,0.002,0.02,stable,10,refinement,0.9846703448310036,,-1,full,65536,203,0.10927091450972701,SOURCE_RUN\raw\task-0055-dynamic-stable-nu1p2-N80-s203-refinement-5d4d389215\arrays.npz,80,student_t,1.2,dynamic,True,broad
1.5,,0.5,0.5,0.16666666666666674,2.0,-0.43623289763625567,0.001,0.005,stable,7,refinement,0.42022232665284476,,-1,full,65536,203,0.031105685861857357,SOURCE_RUN\raw\task-0059-dynamic-stable-nu1p2-N160-s203-refinement-13b498c7d2\arrays.npz,160,student_t,1.2,dynamic,True,extreme
1.5,,0.5,0.5,0.16666666666666674,2.0,-0.44990440984392766,0.001,0.005,stable,7,refinement,0.39935841026770447,,-1,full,65536,203,0.030337102995184745,SOURCE_RUN\raw\task-0051-dynamic-stable-nu1p2-N40-s203-refinement-14aab7ef2d\arrays.npz,40,student_t,1.2,dynamic,True,extreme
1.5,,0.5,0.5,0.16666666666666674,2.0,-0.4453951977240565,0.001,0.005,stable,7,refinement,0.3970228121449222,,-1,full,65536,203,0.030069794157234136,SOURCE_RUN\raw\task-0055-dynamic-stable-nu1p2-N80-s203-refinement-5d4d389215\arrays.npz,80,student_t,1.2,dynamic,True,extreme
1.5,,0.5,0.5,0.16666666666666674,2.0,-0.1700610866176559,0.001,0.01,stable,10,refinement,0.7967313227565505,,-1,full,65536,203,0.07298488619751502,SOURCE_RUN\raw\task-0059-dynamic-stable-nu1p2-N160-s203-refinement-13b498c7d2\arrays.npz,160,student_t,1.2,dynamic,True,primary
1.5,,0.5,0.5,0.16666666666666674,2.0,-0.17610591068530287,0.001,0.01,stable,10,refinement,0.7902356613903029,,-1,full,65536,203,0.07341097623868634,SOURCE_RUN\raw\task-0051-dynamic-stable-nu1p2-N40-s203-refinement-14aab7ef2d\arrays.npz,40,student_t,1.2,dynamic,True,primary
1.5,,0.5,0.5,0.16666666666666674,2.0,-0.17422726910219855,0.001,0.01,stable,10,refinement,0.7899369237025511,,-1,full,65536,203,0.07273253029201776,SOURCE_RUN\raw\task-0055-dynamic-stable-nu1p2-N80-s203-refinement-5d4d389215\arrays.npz,80,student_t,1.2,dynamic,True,primary
1.5,,0.5,0.5,0.16666666666666674,2.0,0.2465140239893564,0.002,0.02,stable,10,refinement,0.9723234021640554,,-1,nested,16384,203,0.165430334230335,SOURCE_RUN\raw\task-0059-dynamic-stable-nu1p2-N160-s203-refinement-13b498c7d2\arrays.npz,160,student_t,1.2,dynamic,True,broad
1.5,,0.5,0.5,0.16666666666666674,2.0,0.08245941110801294,0.002,0.02,stable,10,refinement,0.9463157358622267,,-1,nested,16384,203,0.13065053718609485,SOURCE_RUN\raw\task-0051-dynamic-stable-nu1p2-N40-s203-refinement-14aab7ef2d\arrays.npz,40,student_t,1.2,dynamic,True,broad
1.5,,0.5,0.5,0.16666666666666674,2.0,0.12412109373086648,0.002,0.02,stable,10,refinement,0.9463883650583125,,-1,nested,16384,203,0.13206375003502502,SOURCE_RUN\raw\task-0055-dynamic-stable-nu1p2-N80-s203-refinement-5d4d389215\arrays.npz,80,student_t,1.2,dynamic,True,broad
1.5,,0.5,0.5,0.16666666666666674,2.0,0.12023368971395725,0.001,0.005,stable,7,refinement,0.7652164794083403,,-1,nested,16384,203,0.14740639847558074,SOURCE_RUN\raw\task-0059-dynamic-stable-nu1p2-N160-s203-refinement-13b498c7d2\arrays.npz,160,student_t,1.2,dynamic,True,extreme
1.5,,0.5,0.5,0.16666666666666674,2.0,-0.4069246230169363,0.001,0.005,stable,7,refinement,0.4627517519504851,,-1,nested,16384,203,0.04603240093301613,SOURCE_RUN\raw\task-0051-dynamic-stable-nu1p2-N40-s203-refinement-14aab7ef2d\arrays.npz,40,student_t,1.2,dynamic,True,extreme
1.5,,0.5,0.5,0.16666666666666674,2.0,-0.4564061066013086,0.001,0.005,stable,7,refinement,0.1297089088216814,,-1,nested,16384,203,0.03345863649844018,SOURCE_RUN\raw\task-0055-dynamic-stable-nu1p2-N80-s203-refinement-5d4d389215\arrays.npz,80,student_t,1.2,dynamic,True,extreme
1.5,,0.5,0.5,0.16666666666666674,2.0,0.3143110202889317,0.001,0.01,stable,10,refinement,0.920179169142876,,-1,nested,16384,203,0.17799521918444527,SOURCE_RUN\raw\task-0059-dynamic-stable-nu1p2-N160-s203-refinement-13b498c7d2\arrays.npz,160,student_t,1.2,dynamic,True,primary
1.5,,0.5,0.5,0.16666666666666674,2.0,-0.1843256828425469,0.001,0.01,stable,10,refinement,0.7701244143826096,,-1,nested,16384,203,0.08139290155385588,SOURCE_RUN\raw\task-0051-dynamic-stable-nu1p2-N40-s203-refinement-14aab7ef2d\arrays.npz,40,student_t,1.2,dynamic,True,primary
1.5,,0.5,0.5,0.16666666666666674,2.0,-0.07069227862639373,0.001,0.01,stable,10,refinement,0.6544000838598647,,-1,nested,16384,203,0.09405352851560471,SOURCE_RUN\raw\task-0055-dynamic-stable-nu1p2-N80-s203-refinement-5d4d389215\arrays.npz,80,student_t,1.2,dynamic,True,primary
1.5,,0.5,0.5,0.16666666666666674,2.0,0.12843210833509022,0.002,0.02,stable,10,refinement,0.987547230600954,,-1,nested,32768,203,0.14043216493113436,SOURCE_RUN\raw\task-0059-dynamic-stable-nu1p2-N160-s203-refinement-13b498c7d2\arrays.npz,160,student_t,1.2,dynamic,True,broad
1.5,,0.5,0.5,0.16666666666666674,2.0,-0.057115079874861946,0.002,0.02,stable,10,refinement,0.9523115709858454,,-1,nested,32768,203,0.09700408266043725,SOURCE_RUN\raw\task-0051-dynamic-stable-nu1p2-N40-s203-refinement-14aab7ef2d\arrays.npz,40,student_t,1.2,dynamic,True,broad
1.5,,0.5,0.5,0.16666666666666674,2.0,-0.10767609503901601,0.002,0.02,stable,10,refinement,0.9461829369555501,,-1,nested,32768,203,0.08399814523392347,SOURCE_RUN\raw\task-0055-dynamic-stable-nu1p2-N80-s203-refinement-5d4d389215\arrays.npz,80,student_t,1.2,dynamic,True,broad
1.5,,0.5,0.5,0.16666666666666674,2.0,-0.32709142257093393,0.001,0.005,stable,7,refinement,0.608965028511071,,-1,nested,32768,203,0.0628412811718386,SOURCE_RUN\raw\task-0059-dynamic-stable-nu1p2-N160-s203-refinement-13b498c7d2\arrays.npz,160,student_t,1.2,dynamic,True,extreme
1.5,,0.5,0.5,0.16666666666666674,2.0,-0.03745637652212634,0.001,0.005,stable,7,refinement,0.7679631365783699,,-1,nested,32768,203,0.0996108733701007,SOURCE_RUN\raw\task-0051-dynamic-stable-nu1p2-N40-s203-refinement-14aab7ef2d\arrays.npz,40,student_t,1.2,dynamic,True,extreme
1.5,,0.5,0.5,0.16666666666666674,2.0,-0.1981458717820484,0.001,0.005,stable,7,refinement,0.8084389090339472,,-1,nested,32768,203,0.06938748777148163,SOURCE_RUN\raw\task-0055-dynamic-stable-nu1p2-N80-s203-refinement-5d4d389215\arrays.npz,80,student_t,1.2,dynamic,True,extreme
1.5,,0.5,0.5,0.16666666666666674,2.0,-0.029975544151756055,0.001,0.01,stable,10,refinement,0.8574108106995884,,-1,nested,32768,203,0.10966977724737627,SOURCE_RUN\raw\task-0059-dynamic-stable-nu1p2-N160-s203-refinement-13b498c7d2\arrays.npz,160,student_t,1.2,dynamic,True,primary
1.5,,0.5,0.5,0.16666666666666674,2.0,-0.06731533871627897,0.001,0.01,stable,10,refinement,0.8896660637970253,,-1,nested,32768,203,0.09494026816859107,SOURCE_RUN\raw\task-0051-dynamic-stable-nu1p2-N40-s203-refinement-14aab7ef2d\arrays.npz,40,student_t,1.2,dynamic,True,primary
1.5,,0.5,0.5,0.16666666666666674,2.0,-0.13408684747867214,0.001,0.01,stable,10,refinement,0.9341594601402547,,-1,nested,32768,203,0.07944053479418724,SOURCE_RUN\raw\task-0055-dynamic-stable-nu1p2-N80-s203-refinement-5d4d389215\arrays.npz,80,student_t,1.2,dynamic,True,primary
1.5,,0.5,0.5,0.0,2.0,-0.10716267424315777,0.002,0.02,stable,10,refinement,0.5932242165801835,,0,block,16384,200,0.02395062797622607,SOURCE_RUN\raw\task-0068-dynamic-stable-nu1p5-N160-s200-refinement-faac1bd3cc\arrays.npz,160,student_t,1.5,dynamic,True,broad
1.5,,0.5,0.5,0.0,2.0,-0.11156571345067916,0.002,0.02,stable,10,refinement,0.11277714290901619,,0,block,16384,200,0.013021040092336494,SOURCE_RUN\raw\task-0060-dynamic-stable-nu1p5-N40-s200-refinement-dee8cc841d\arrays.npz,40,student_t,1.5,dynamic,True,broad
1.5,,0.5,0.5,0.0,2.0,-0.27051715937516096,0.002,0.02,stable,10,refinement,0.04100501896843478,,0,block,16384,200,-0.012613939362130995,SOURCE_RUN\raw\task-0064-dynamic-stable-nu1p5-N80-s200-refinement-844f1bc1c2\arrays.npz,80,student_t,1.5,dynamic,True,broad
1.5,,0.5,0.5,0.0,2.0,0.09195926920827296,0.001,0.005,stable,7,refinement,0.49781999632547747,,0,block,16384,200,0.0592544174985577,SOURCE_RUN\raw\task-0068-dynamic-stable-nu1p5-N160-s200-refinement-faac1bd3cc\arrays.npz,160,student_t,1.5,dynamic,True,extreme
1.5,,0.5,0.5,0.0,2.0,0.0041762376440236245,0.001,0.005,stable,7,refinement,0.44212729314667265,,0,block,16384,200,0.03335143163300272,SOURCE_RUN\raw\task-0060-dynamic-stable-nu1p5-N40-s200-refinement-dee8cc841d\arrays.npz,40,student_t,1.5,dynamic,True,extreme
1.5,,0.5,0.5,0.0,2.0,0.2573947285193372,0.001,0.005,stable,7,refinement,0.474690500729979,,0,block,16384,200,0.0783377128936457,SOURCE_RUN\raw\task-0064-dynamic-stable-nu1p5-N80-s200-refinement-844f1bc1c2\arrays.npz,80,student_t,1.5,dynamic,True,extreme
1.5,,0.5,0.5,0.0,2.0,0.008354323861755091,0.001,0.01,stable,10,refinement,0.573399173956223,,0,block,16384,200,0.04586575436895034,SOURCE_RUN\raw\task-0068-dynamic-stable-nu1p5-N160-s200-refinement-faac1bd3cc\arrays.npz,160,student_t,1.5,dynamic,True,primary
1.5,,0.5,0.5,0.0,2.0,0.022846787456931993,0.001,0.01,stable,10,refinement,0.5844662115183259,,0,block,16384,200,0.0361306257140718,SOURCE_RUN\raw\task-0060-dynamic-stable-nu1p5-N40-s200-refinement-dee8cc841d\arrays.npz,40,student_t,1.5,dynamic,True,primary
1.5,,0.5,0.5,0.0,2.0,0.04356118243380253,0.001,0.01,stable,10,refinement,0.2699586643007694,,0,block,16384,200,0.04412081054114424,SOURCE_RUN\raw\task-0064-dynamic-stable-nu1p5-N80-s200-refinement-844f1bc1c2\arrays.npz,80,student_t,1.5,dynamic,True,primary
1.5,,0.5,0.5,0.0,2.0,-0.16376595372470149,0.002,0.02,stable,10,refinement,0.006861995857169734,,1,block,16384,200,-0.002768587974205848,SOURCE_RUN\raw\task-0068-dynamic-stable-nu1p5-N160-s200-refinement-faac1bd3cc\arrays.npz,160,student_t,1.5,dynamic,True,broad
1.5,,0.5,0.5,0.0,2.0,-0.29057512641937516,0.002,0.02,stable,10,refinement,0.21377348030863563,,1,block,16384,200,-0.01862518657656808,SOURCE_RUN\raw\task-0060-dynamic-stable-nu1p5-N40-s200-refinement-dee8cc841d\arrays.npz,40,student_t,1.5,dynamic,True,broad
1.5,,0.5,0.5,0.0,2.0,-0.0007998303727310263,0.002,0.02,stable,10,refinement,0.33764858523486585,,1,block,16384,200,0.03193389771937491,SOURCE_RUN\raw\task-0064-dynamic-stable-nu1p5-N80-s200-refinement-844f1bc1c2\arrays.npz,80,student_t,1.5,dynamic,True,broad
1.5,,0.5,0.5,0.0,2.0,-0.18280635006436843,0.001,0.005,stable,7,refinement,0.031146946751740567,,1,block,16384,200,-0.006947528945315057,SOURCE_RUN\raw\task-0068-dynamic-stable-nu1p5-N160-s200-refinement-faac1bd3cc\arrays.npz,160,student_t,1.5,dynamic,True,extreme
1.5,,0.5,0.5,0.0,2.0,-0.0325570377164953,0.001,0.005,stable,7,refinement,0.16823408133861384,,1,block,16384,200,0.02712762607475134,SOURCE_RUN\raw\task-0060-dynamic-stable-nu1p5-N40-s200-refinement-dee8cc841d\arrays.npz,40,student_t,1.5,dynamic,True,extreme
1.5,,0.5,0.5,0.0,2.0,0.2189517925019093,0.001,0.005,stable,7,refinement,0.9191534540183,,1,block,16384,200,0.07254337443696626,SOURCE_RUN\raw\task-0064-dynamic-stable-nu1p5-N80-s200-refinement-844f1bc1c2\arrays.npz,80,student_t,1.5,dynamic,True,extreme
1.5,,0.5,0.5,0.0,2.0,-0.2125171023303634,0.001,0.01,stable,10,refinement,0.10924032156092867,,1,block,16384,200,-0.0113695301297678,SOURCE_RUN\raw\task-0068-dynamic-stable-nu1p5-N160-s200-refinement-faac1bd3cc\arrays.npz,160,student_t,1.5,dynamic,True,primary
1.5,,0.5,0.5,0.0,2.0,-0.15587863944050914,0.001,0.01,stable,10,refinement,0.024947618897925294,,1,block,16384,200,0.007390842715004307,SOURCE_RUN\raw\task-0060-dynamic-stable-nu1p5-N40-s200-refinement-dee8cc841d\arrays.npz,40,student_t,1.5,dynamic,True,primary
1.5,,0.5,0.5,0.0,2.0,0.2669471609172028,0.001,0.01,stable,10,refinement,0.9130572999630013,,1,block,16384,200,0.07997027845884579,SOURCE_RUN\raw\task-0064-dynamic-stable-nu1p5-N80-s200-refinement-844f1bc1c2\arrays.npz,80,student_t,1.5,dynamic,True,primary
1.5,,0.5,0.5,0.0,2.0,-0.053230000845874655,0.002,0.02,stable,10,refinement,0.11644858181597606,,2,block,16384,200,0.015783689233079958,SOURCE_RUN\raw\task-0068-dynamic-stable-nu1p5-N160-s200-refinement-faac1bd3cc\arrays.npz,160,student_t,1.5,dynamic,True,broad
1.5,,0.5,0.5,0.0,2.0,-0.10359685847375966,0.002,0.02,stable,10,refinement,0.40456744437368497,,2,block,16384,200,0.02186420337228245,SOURCE_RUN\raw\task-0060-dynamic-stable-nu1p5-N40-s200-refinement-dee8cc841d\arrays.npz,40,student_t,1.5,dynamic,True,broad
1.5,,0.5,0.5,0.0,2.0,-0.0017488360180981798,0.002,0.02,stable,10,refinement,0.6867409750348306,,2,block,16384,200,0.03997568717812599,SOURCE_RUN\raw\task-0064-dynamic-stable-nu1p5-N80-s200-refinement-844f1bc1c2\arrays.npz,80,student_t,1.5,dynamic,True,broad
1.5,,0.5,0.5,0.0,2.0,-0.4375536830437043,0.001,0.005,stable,7,refinement,0.6481188077689249,,2,block,16384,200,-0.04815230538007197,SOURCE_RUN\raw\task-0068-dynamic-stable-nu1p5-N160-s200-refinement-faac1bd3cc\arrays.npz,160,student_t,1.5,dynamic,True,extreme
1.5,,0.5,0.5,0.0,2.0,0.18706748572840096,0.001,0.005,stable,7,refinement,0.6296248783996097,,2,block,16384,200,0.07228152459749959,SOURCE_RUN\raw\task-0060-dynamic-stable-nu1p5-N40-s200-refinement-dee8cc841d\arrays.npz,40,student_t,1.5,dynamic,True,extreme
1.5,,0.5,0.5,0.0,2.0,-0.06520099854782044,0.001,0.005,stable,7,refinement,0.16225833403663603,,2,block,16384,200,0.030457859363883295,SOURCE_RUN\raw\task-0064-dynamic-stable-nu1p5-N80-s200-refinement-844f1bc1c2\arrays.npz,80,student_t,1.5,dynamic,True,extreme
1.5,,0.5,0.5,0.0,2.0,-0.07544523212411085,0.001,0.01,stable,10,refinement,0.033395156079448096,,2,block,16384,200,0.00871657393813219,SOURCE_RUN\raw\task-0068-dynamic-stable-nu1p5-N160-s200-refinement-faac1bd3cc\arrays.npz,160,student_t,1.5,dynamic,True,primary
1.5,,0.5,0.5,0.0,2.0,0.09283145071006076,0.001,0.01,stable,10,refinement,0.6850562623654686,,2,block,16384,200,0.05719537292246188,SOURCE_RUN\raw\task-0060-dynamic-stable-nu1p5-N40-s200-refinement-dee8cc841d\arrays.npz,40,student_t,1.5,dynamic,True,primary
1.5,,0.5,0.5,0.0,2.0,-0.03686060347098269,0.001,0.01,stable,10,refinement,0.4068278397497862,,2,block,16384,200,0.03509553159723881,SOURCE_RUN\raw\task-0064-dynamic-stable-nu1p5-N80-s200-refinement-844f1bc1c2\arrays.npz,80,student_t,1.5,dynamic,True,primary
1.5,,0.5,0.5,0.0,2.0,-0.19495050129136773,0.002,0.02,stable,10,refinement,0.003687740430787123,,3,block,16384,200,0.0025192430547188835,SOURCE_RUN\raw\task-0068-dynamic-stable-nu1p5-N160-s200-refinement-faac1bd3cc\arrays.npz,160,student_t,1.5,dynamic,True,broad
1.5,,0.5,0.5,0.0,2.0,0.03336598181514059,0.002,0.02,stable,10,refinement,0.6846980289364533,,3,block,16384,200,0.038126826214834625,SOURCE_RUN\raw\task-0060-dynamic-stable-nu1p5-N40-s200-refinement-dee8cc841d\arrays.npz,40,student_t,1.5,dynamic,True,broad
1.5,,0.5,0.5,0.0,2.0,-0.2992172865586948,0.002,0.02,stable,10,refinement,0.4551838305253324,,3,block,16384,200,-0.02869190352128511,SOURCE_RUN\raw\task-0064-dynamic-stable-nu1p5-N80-s200-refinement-844f1bc1c2\arrays.npz,80,student_t,1.5,dynamic,True,broad
1.5,,0.5,0.5,0.0,2.0,0.3794125671403995,0.001,0.005,stable,7,refinement,0.4990516653821707,,3,block,16384,200,0.10284870601402624,SOURCE_RUN\raw\task-0068-dynamic-stable-nu1p5-N160-s200-refinement-faac1bd3cc\arrays.npz,160,student_t,1.5,dynamic,True,extreme
1.5,,0.5,0.5,0.0,2.0,-0.6539072945054242,0.001,0.005,stable,7,refinement,0.5591297294884869,,3,block,16384,200,-0.08021787218907304,SOURCE_RUN\raw\task-0060-dynamic-stable-nu1p5-N40-s200-refinement-dee8cc841d\arrays.npz,40,student_t,1.5,dynamic,True,extreme
1.5,,0.5,0.5,0.0,2.0,-0.4362068345220714,0.001,0.005,stable,7,refinement,0.5612961333060382,,3,block,16384,200,-0.050667281372313015,SOURCE_RUN\raw\task-0064-dynamic-stable-nu1p5-N80-s200-refinement-844f1bc1c2\arrays.npz,80,student_t,1.5,dynamic,True,extreme
1.5,,0.5,0.5,0.0,2.0,0.1525809343802733,0.001,0.01,stable,10,refinement,0.4590094887304754,,3,block,16384,200,0.06674133443281106,SOURCE_RUN\raw\task-0068-dynamic-stable-nu1p5-N160-s200-refinement-faac1bd3cc\arrays.npz,160,student_t,1.5,dynamic,True,primary
1.5,,0.5,0.5,0.0,2.0,-0.2801731688726953,0.001,0.01,stable,10,refinement,0.10827275996261676,,3,block,16384,200,-0.02118784557147143,SOURCE_RUN\raw\task-0060-dynamic-stable-nu1p5-N40-s200-refinement-dee8cc841d\arrays.npz,40,student_t,1.5,dynamic,True,primary
1.5,,0.5,0.5,0.0,2.0,-0.3621267033391511,0.001,0.01,stable,10,refinement,0.668734731384526,,3,block,16384,200,-0.039015615839674764,SOURCE_RUN\raw\task-0064-dynamic-stable-nu1p5-N80-s200-refinement-844f1bc1c2\arrays.npz,80,student_t,1.5,dynamic,True,primary
1.5,,0.5,0.5,0.0,2.0,-0.12341863258249784,0.002,0.02,stable,10,refinement,0.2629482027018535,,-1,full,65536,200,0.010734422021798836,SOURCE_RUN\raw\task-0068-dynamic-stable-nu1p5-N160-s200-refinement-faac1bd3cc\arrays.npz,160,student_t,1.5,dynamic,True,broad
1.5,,0.5,0.5,0.0,2.0,-0.12500430103963195,0.002,0.02,stable,10,refinement,0.250851847167608,,-1,full,65536,200,0.011160377121227529,SOURCE_RUN\raw\task-0060-dynamic-stable-nu1p5-N40-s200-refinement-dee8cc841d\arrays.npz,40,student_t,1.5,dynamic,True,broad
1.5,,0.5,0.5,0.0,2.0,-0.12619956257729587,0.002,0.02,stable,10,refinement,0.2539028261571027,,-1,full,65536,200,0.010426575327902414,SOURCE_RUN\raw\task-0064-dynamic-stable-nu1p5-N80-s200-refinement-844f1bc1c2\arrays.npz,80,student_t,1.5,dynamic,True,broad
1.5,,0.5,0.5,0.0,2.0,-0.04023428651037978,0.001,0.005,stable,7,refinement,0.43779480982406194,,-1,full,65536,200,0.02583495853241302,SOURCE_RUN\raw\task-0068-dynamic-stable-nu1p5-N160-s200-refinement-faac1bd3cc\arrays.npz,160,student_t,1.5,dynamic,True,extreme
1.5,,0.5,0.5,0.0,2.0,-0.04266386303536228,0.001,0.005,stable,7,refinement,0.407867534838518,,-1,full,65536,200,0.026164250196093225,SOURCE_RUN\raw\task-0060-dynamic-stable-nu1p5-N40-s200-refinement-dee8cc841d\arrays.npz,40,student_t,1.5,dynamic,True,extreme
1.5,,0.5,0.5,0.0,2.0,-0.0421518014436304,0.001,0.005,stable,7,refinement,0.4245772574620097,,-1,full,65536,200,0.02570705209948646,SOURCE_RUN\raw\task-0064-dynamic-stable-nu1p5-N80-s200-refinement-844f1bc1c2\arrays.npz,80,student_t,1.5,dynamic,True,extreme
1.5,,0.5,0.5,0.0,2.0,-0.03794153123078392,0.001,0.01,stable,10,refinement,0.6322165566530318,,-1,full,65536,200,0.02609968345242889,SOURCE_RUN\raw\task-0068-dynamic-stable-nu1p5-N160-s200-refinement-faac1bd3cc\arrays.npz,160,student_t,1.5,dynamic,True,primary
1.5,,0.5,0.5,0.0,2.0,-0.036877051989171926,0.001,0.01,stable,10,refinement,0.6152275469284565,,-1,full,65536,200,0.026966515636331394,SOURCE_RUN\raw\task-0060-dynamic-stable-nu1p5-N40-s200-refinement-dee8cc841d\arrays.npz,40,student_t,1.5,dynamic,True,primary
1.5,,0.5,0.5,0.0,2.0,-0.040594876441340424,0.001,0.01,stable,10,refinement,0.6180776153059095,,-1,full,65536,200,0.02584996107501478,SOURCE_RUN\raw\task-0064-dynamic-stable-nu1p5-N80-s200-refinement-844f1bc1c2\arrays.npz,80,student_t,1.5,dynamic,True,primary
1.5,,0.5,0.5,0.0,2.0,-0.10716267424315777,0.002,0.02,stable,10,refinement,0.5932242165801835,,-1,nested,16384,200,0.02395062797622607,SOURCE_RUN\raw\task-0068-dynamic-stable-nu1p5-N160-s200-refinement-faac1bd3cc\arrays.npz,160,student_t,1.5,dynamic,True,broad
1.5,,0.5,0.5,0.0,2.0,-0.11156571345067916,0.002,0.02,stable,10,refinement,0.11277714290901619,,-1,nested,16384,200,0.013021040092336494,SOURCE_RUN\raw\task-0060-dynamic-stable-nu1p5-N40-s200-refinement-dee8cc841d\arrays.npz,40,student_t,1.5,dynamic,True,broad
1.5,,0.5,0.5,0.0,2.0,-0.27051715937516096,0.002,0.02,stable,10,refinement,0.04100501896843478,,-1,nested,16384,200,-0.012613939362130995,SOURCE_RUN\raw\task-0064-dynamic-stable-nu1p5-N80-s200-refinement-844f1bc1c2\arrays.npz,80,student_t,1.5,dynamic,True,broad
1.5,,0.5,0.5,0.0,2.0,0.09195926920827296,0.001,0.005,stable,7,refinement,0.49781999632547747,,-1,nested,16384,200,0.0592544174985577,SOURCE_RUN\raw\task-0068-dynamic-stable-nu1p5-N160-s200-refinement-faac1bd3cc\arrays.npz,160,student_t,1.5,dynamic,True,extreme
1.5,,0.5,0.5,0.0,2.0,0.0041762376440236245,0.001,0.005,stable,7,refinement,0.44212729314667265,,-1,nested,16384,200,0.03335143163300272,SOURCE_RUN\raw\task-0060-dynamic-stable-nu1p5-N40-s200-refinement-dee8cc841d\arrays.npz,40,student_t,1.5,dynamic,True,extreme
1.5,,0.5,0.5,0.0,2.0,0.2573947285193372,0.001,0.005,stable,7,refinement,0.474690500729979,,-1,nested,16384,200,0.0783377128936457,SOURCE_RUN\raw\task-0064-dynamic-stable-nu1p5-N80-s200-refinement-844f1bc1c2\arrays.npz,80,student_t,1.5,dynamic,True,extreme
1.5,,0.5,0.5,0.0,2.0,0.008354323861755091,0.001,0.01,stable,10,refinement,0.573399173956223,,-1,nested,16384,200,0.04586575436895034,SOURCE_RUN\raw\task-0068-dynamic-stable-nu1p5-N160-s200-refinement-faac1bd3cc\arrays.npz,160,student_t,1.5,dynamic,True,primary
1.5,,0.5,0.5,0.0,2.0,0.022846787456931993,0.001,0.01,stable,10,refinement,0.5844662115183259,,-1,nested,16384,200,0.0361306257140718,SOURCE_RUN\raw\task-0060-dynamic-stable-nu1p5-N40-s200-refinement-dee8cc841d\arrays.npz,40,student_t,1.5,dynamic,True,primary
1.5,,0.5,0.5,0.0,2.0,0.04356118243380253,0.001,0.01,stable,10,refinement,0.2699586643007694,,-1,nested,16384,200,0.04412081054114424,SOURCE_RUN\raw\task-0064-dynamic-stable-nu1p5-N80-s200-refinement-844f1bc1c2\arrays.npz,80,student_t,1.5,dynamic,True,primary
1.5,,0.5,0.5,0.0,2.0,-0.13002505715240548,0.002,0.02,stable,10,refinement,0.33474715423814105,,-1,nested,32768,200,0.011710010583777249,SOURCE_RUN\raw\task-0068-dynamic-stable-nu1p5-N160-s200-refinement-faac1bd3cc\arrays.npz,160,student_t,1.5,dynamic,True,broad
1.5,,0.5,0.5,0.0,2.0,-0.24791561034478193,0.002,0.02,stable,10,refinement,0.17951948536241336,,-1,nested,32768,200,-0.013206630147141466,SOURCE_RUN\raw\task-0060-dynamic-stable-nu1p5-N40-s200-refinement-dee8cc841d\arrays.npz,40,student_t,1.5,dynamic,True,broad
1.5,,0.5,0.5,0.0,2.0,-0.13953457872774774,0.002,0.02,stable,10,refinement,0.0297143669583384,,-1,nested,32768,200,0.007847740327931473,SOURCE_RUN\raw\task-0064-dynamic-stable-nu1p5-N80-s200-refinement-844f1bc1c2\arrays.npz,80,student_t,1.5,dynamic,True,broad
1.5,,0.5,0.5,0.0,2.0,-0.16215546589456967,0.001,0.005,stable,7,refinement,0.014009131003539399,,-1,nested,32768,200,0.005628741587771451,SOURCE_RUN\raw\task-0068-dynamic-stable-nu1p5-N160-s200-refinement-faac1bd3cc\arrays.npz,160,student_t,1.5,dynamic,True,extreme
1.5,,0.5,0.5,0.0,2.0,0.0027855601955595775,0.001,0.005,stable,7,refinement,0.2849810157899466,,-1,nested,32768,200,0.03133394994217088,SOURCE_RUN\raw\task-0060-dynamic-stable-nu1p5-N40-s200-refinement-dee8cc841d\arrays.npz,40,student_t,1.5,dynamic,True,extreme
1.5,,0.5,0.5,0.0,2.0,0.22806607256195474,0.001,0.005,stable,7,refinement,0.7632131046952845,,-1,nested,32768,200,0.07260728125003343,SOURCE_RUN\raw\task-0064-dynamic-stable-nu1p5-N80-s200-refinement-844f1bc1c2\arrays.npz,80,student_t,1.5,dynamic,True,extreme
1.5,,0.5,0.5,0.0,2.0,-0.17665454377479917,0.001,0.01,stable,10,refinement,0.014721029465107005,,-1,nested,32768,200,0.003394725059070821,SOURCE_RUN\raw\task-0068-dynamic-stable-nu1p5-N160-s200-refinement-faac1bd3cc\arrays.npz,160,student_t,1.5,dynamic,True,primary
1.5,,0.5,0.5,0.0,2.0,-0.08409740645618455,0.001,0.01,stable,10,refinement,0.1848842608879787,,-1,nested,32768,200,0.017443230532216546,SOURCE_RUN\raw\task-0060-dynamic-stable-nu1p5-N40-s200-refinement-dee8cc841d\arrays.npz,40,student_t,1.5,dynamic,True,primary
1.5,,0.5,0.5,0.0,2.0,0.16239917084561167,0.001,0.01,stable,10,refinement,0.7450781651373367,,-1,nested,32768,200,0.062009600316398045,SOURCE_RUN\raw\task-0064-dynamic-stable-nu1p5-N80-s200-refinement-844f1bc1c2\arrays.npz,80,student_t,1.5,dynamic,True,primary
1.5,,0.5,0.5,0.0,2.0,0.038431343666293506,0.002,0.02,stable,10,refinement,0.6849804067942119,,0,block,16384,201,0.04574803079516253,SOURCE_RUN\raw\task-0069-dynamic-stable-nu1p5-N160-s201-refinement-876064bfcc\arrays.npz,160,student_t,1.5,dynamic,True,broad
1.5,,0.5,0.5,0.0,2.0,-0.1530961911933706,0.002,0.02,stable,10,refinement,0.1071159214596602,,0,block,16384,201,0.006906809805295721,SOURCE_RUN\raw\task-0061-dynamic-stable-nu1p5-N40-s201-refinement-5f01494859\arrays.npz,40,student_t,1.5,dynamic,True,broad
1.5,,0.5,0.5,0.0,2.0,-0.01605181292098166,0.002,0.02,stable,10,refinement,0.1345131821135901,,0,block,16384,201,0.013564640830477172,SOURCE_RUN\raw\task-0065-dynamic-stable-nu1p5-N80-s201-refinement-67c841271e\arrays.npz,80,student_t,1.5,dynamic,True,broad
1.5,,0.5,0.5,0.0,2.0,0.28605891426745716,0.001,0.005,stable,7,refinement,0.7396548067527606,,0,block,16384,201,0.08977617879977644,SOURCE_RUN\raw\task-0069-dynamic-stable-nu1p5-N160-s201-refinement-876064bfcc\arrays.npz,160,student_t,1.5,dynamic,True,extreme
1.5,,0.5,0.5,0.0,2.0,0.5277712358298857,0.001,0.005,stable,7,refinement,0.740464747381296,,0,block,16384,201,0.12504279634312238,SOURCE_RUN\raw\task-0061-dynamic-stable-nu1p5-N40-s201-refinement-5f01494859\arrays.npz,40,student_t,1.5,dynamic,True,extreme
1.5,,0.5,0.5,0.0,2.0,0.34606832319546316,0.001,0.005,stable,7,refinement,0.8089194065189458,,0,block,16384,201,0.073762867768943,SOURCE_RUN\raw\task-0065-dynamic-stable-nu1p5-N80-s201-refinement-67c841271e\arrays.npz,80,student_t,1.5,dynamic,True,extreme
1.5,,0.5,0.5,0.0,2.0,0.1781294694792346,0.001,0.01,stable,10,refinement,0.7839386781433368,,0,block,16384,201,0.07305290891292486,SOURCE_RUN\raw\task-0069-dynamic-stable-nu1p5-N160-s201-refinement-876064bfcc\arrays.npz,160,student_t,1.5,dynamic,True,primary
1.5,,0.5,0.5,0.0,2.0,0.19339716953004596,0.001,0.01,stable,10,refinement,0.609835157143992,,0,block,16384,201,0.0725134475099182,SOURCE_RUN\raw\task-0061-dynamic-stable-nu1p5-N40-s201-refinement-5f01494859\arrays.npz,40,student_t,1.5,dynamic,True,primary
1.5,,0.5,0.5,0.0,2.0,0.09123193677610567,0.001,0.01,stable,10,refinement,0.4572605978716111,,0,block,16384,201,0.03377020422271889,SOURCE_RUN\raw\task-0065-dynamic-stable-nu1p5-N80-s201-refinement-67c841271e\arrays.npz,80,student_t,1.5,dynamic,True,primary
1.5,,0.5,0.5,0.0,2.0,0.03203290548030851,0.002,0.02,stable,10,refinement,0.3709011127193744,,1,block,16384,201,0.04222330739607004,SOURCE_RUN\raw\task-0069-dynamic-stable-nu1p5-N160-s201-refinement-876064bfcc\arrays.npz,160,student_t,1.5,dynamic,True,broad
1.5,,0.5,0.5,0.0,2.0,-0.4460633458671399,0.002,0.02,stable,10,refinement,0.8792104398148144,,1,block,16384,201,-0.05933286327089546,SOURCE_RUN\raw\task-0061-dynamic-stable-nu1p5-N40-s201-refinement-5f01494859\arrays.npz,40,student_t,1.5,dynamic,True,broad
1.5,,0.5,0.5,0.0,2.0,-0.109165516519683,0.002,0.02,stable,10,refinement,0.30415022169298556,,1,block,16384,201,0.02189205047165729,SOURCE_RUN\raw\task-0065-dynamic-stable-nu1p5-N80-s201-refinement-67c841271e\arrays.npz,80,student_t,1.5,dynamic,True,broad
1.5,,0.5,0.5,0.0,2.0,0.5065925167077776,0.001,0.005,stable,7,refinement,0.7930955682336074,,1,block,16384,201,0.12137788649315927,SOURCE_RUN\raw\task-0069-dynamic-stable-nu1p5-N160-s201-refinement-876064bfcc\arrays.npz,160,student_t,1.5,dynamic,True,extreme
1.5,,0.5,0.5,0.0,2.0,-0.1754799572147217,0.001,0.005,stable,7,refinement,0.03888122747007183,,1,block,16384,201,-0.015350468429125878,SOURCE_RUN\raw\task-0061-dynamic-stable-nu1p5-N40-s201-refinement-5f01494859\arrays.npz,40,student_t,1.5,dynamic,True,extreme
1.5,,0.5,0.5,0.0,2.0,0.38638320989712216,0.001,0.005,stable,7,refinement,0.7084590781070788,,1,block,16384,201,0.1082937008483575,SOURCE_RUN\raw\task-0065-dynamic-stable-nu1p5-N80-s201-refinement-67c841271e\arrays.npz,80,student_t,1.5,dynamic,True,extreme
1.5,,0.5,0.5,0.0,2.0,0.23192013003854436,0.001,0.01,stable,10,refinement,0.7102240741320349,,1,block,16384,201,0.07802494608951062,SOURCE_RUN\raw\task-0069-dynamic-stable-nu1p5-N160-s201-refinement-876064bfcc\arrays.npz,160,student_t,1.5,dynamic,True,primary
1.5,,0.5,0.5,0.0,2.0,-0.38645498691881486,0.001,0.01,stable,10,refinement,0.47610611870760866,,1,block,16384,201,-0.04860986917663339,SOURCE_RUN\raw\task-0061-dynamic-stable-nu1p5-N40-s201-refinement-5f01494859\arrays.npz,40,student_t,1.5,dynamic,True,primary
1.5,,0.5,0.5,0.0,2.0,0.07334097980651179,0.001,0.01,stable,10,refinement,0.5445662889528351,,1,block,16384,201,0.05900416900256385,SOURCE_RUN\raw\task-0065-dynamic-stable-nu1p5-N80-s201-refinement-67c841271e\arrays.npz,80,student_t,1.5,dynamic,True,primary
1.5,,0.5,0.5,0.0,2.0,-0.2982350724112295,0.002,0.02,stable,10,refinement,0.5187385957323211,,2,block,16384,201,-0.03067643413918924,SOURCE_RUN\raw\task-0069-dynamic-stable-nu1p5-N160-s201-refinement-876064bfcc\arrays.npz,160,student_t,1.5,dynamic,True,broad
1.5,,0.5,0.5,0.0,2.0,-0.07222913640432604,0.002,0.02,stable,10,refinement,0.4611969650307748,,2,block,16384,201,0.021266688745171042,SOURCE_RUN\raw\task-0061-dynamic-stable-nu1p5-N40-s201-refinement-5f01494859\arrays.npz,40,student_t,1.5,dynamic,True,broad
1.5,,0.5,0.5,0.0,2.0,-0.0547872165195908,0.002,0.02,stable,10,refinement,0.24447395957506113,,2,block,16384,201,0.026748613220545017,SOURCE_RUN\raw\task-0065-dynamic-stable-nu1p5-N80-s201-refinement-67c841271e\arrays.npz,80,student_t,1.5,dynamic,True,broad
1.5,,0.5,0.5,0.0,2.0,0.5184900267633453,0.001,0.005,stable,7,refinement,0.6788079909460013,,2,block,16384,201,0.11149875347860091,SOURCE_RUN\raw\task-0069-dynamic-stable-nu1p5-N160-s201-refinement-876064bfcc\arrays.npz,160,student_t,1.5,dynamic,True,extreme
1.5,,0.5,0.5,0.0,2.0,0.10196300700733552,0.001,0.005,stable,7,refinement,0.3673603414286236,,2,block,16384,201,0.05099627865259939,SOURCE_RUN\raw\task-0061-dynamic-stable-nu1p5-N40-s201-refinement-5f01494859\arrays.npz,40,student_t,1.5,dynamic,True,extreme
1.5,,0.5,0.5,0.0,2.0,-0.24622201818057313,0.001,0.005,stable,7,refinement,0.001938971421877822,,2,block,16384,201,-0.00544118442968598,SOURCE_RUN\raw\task-0065-dynamic-stable-nu1p5-N80-s201-refinement-67c841271e\arrays.npz,80,student_t,1.5,dynamic,True,extreme
1.5,,0.5,0.5,0.0,2.0,0.08989032055103775,0.001,0.01,stable,10,refinement,0.30142269041012704,,2,block,16384,201,0.043873353060270945,SOURCE_RUN\raw\task-0069-dynamic-stable-nu1p5-N160-s201-refinement-876064bfcc\arrays.npz,160,student_t,1.5,dynamic,True,primary
1.5,,0.5,0.5,0.0,2.0,0.016309004829414057,0.001,0.01,stable,10,refinement,0.46412224813679404,,2,block,16384,201,0.037555491259642464,SOURCE_RUN\raw\task-0061-dynamic-stable-nu1p5-N40-s201-refinement-5f01494859\arrays.npz,40,student_t,1.5,dynamic,True,primary
1.5,,0.5,0.5,0.0,2.0,-0.02832027898815771,0.001,0.01,stable,10,refinement,0.12429571982155918,,2,block,16384,201,0.028775277428391657,SOURCE_RUN\raw\task-0065-dynamic-stable-nu1p5-N80-s201-refinement-67c841271e\arrays.npz,80,student_t,1.5,dynamic,True,primary
1.5,,0.5,0.5,0.0,2.0,-0.2053510343035381,0.002,0.02,stable,10,refinement,0.019713831573525242,,3,block,16384,201,-0.0033167833460663243,SOURCE_RUN\raw\task-0069-dynamic-stable-nu1p5-N160-s201-refinement-876064bfcc\arrays.npz,160,student_t,1.5,dynamic,True,broad
1.5,,0.5,0.5,0.0,2.0,0.15099112352071503,0.002,0.02,stable,10,refinement,0.8568794054938276,,3,block,16384,201,0.0690489464277633,SOURCE_RUN\raw\task-0061-dynamic-stable-nu1p5-N40-s201-refinement-5f01494859\arrays.npz,40,student_t,1.5,dynamic,True,broad
1.5,,0.5,0.5,0.0,2.0,-0.21700327086406904,0.002,0.02,stable,10,refinement,0.002130189522419723,,3,block,16384,201,0.0015939636690281876,SOURCE_RUN\raw\task-0065-dynamic-stable-nu1p5-N80-s201-refinement-67c841271e\arrays.npz,80,student_t,1.5,dynamic,True,broad
1.5,,0.5,0.5,0.0,2.0,-0.746063503652055,0.001,0.005,stable,7,refinement,0.5171823639704523,,3,block,16384,201,-0.09572479117143602,SOURCE_RUN\raw\task-0069-dynamic-stable-nu1p5-N160-s201-refinement-876064bfcc\arrays.npz,160,student_t,1.5,dynamic,True,extreme
1.5,,0.5,0.5,0.0,2.0,0.5748523144912958,0.001,0.005,stable,7,refinement,0.9672965730754078,,3,block,16384,201,0.14121396197665967,SOURCE_RUN\raw\task-0061-dynamic-stable-nu1p5-N40-s201-refinement-5f01494859\arrays.npz,40,student_t,1.5,dynamic,True,extreme
1.5,,0.5,0.5,0.0,2.0,0.18154281319590676,0.001,0.005,stable,7,refinement,0.40418199791300813,,3,block,16384,201,0.07245360184215789,SOURCE_RUN\raw\task-0065-dynamic-stable-nu1p5-N80-s201-refinement-67c841271e\arrays.npz,80,student_t,1.5,dynamic,True,extreme
1.5,,0.5,0.5,0.0,2.0,-0.43351218418039483,0.001,0.01,stable,10,refinement,0.34049971947545654,,3,block,16384,201,-0.04654442452157219,SOURCE_RUN\raw\task-0069-dynamic-stable-nu1p5-N160-s201-refinement-876064bfcc\arrays.npz,160,student_t,1.5,dynamic,True,primary
1.5,,0.5,0.5,0.0,2.0,0.3239728415004035,0.001,0.01,stable,10,refinement,0.9017141046598273,,3,block,16384,201,0.1016158828007008,SOURCE_RUN\raw\task-0061-dynamic-stable-nu1p5-N40-s201-refinement-5f01494859\arrays.npz,40,student_t,1.5,dynamic,True,primary
1.5,,0.5,0.5,0.0,2.0,-0.011742709843629717,0.001,0.01,stable,10,refinement,0.358131539505946,,3,block,16384,201,0.0421391296834053,SOURCE_RUN\raw\task-0065-dynamic-stable-nu1p5-N80-s201-refinement-67c841271e\arrays.npz,80,student_t,1.5,dynamic,True,primary
1.5,,0.5,0.5,0.0,2.0,-0.12696389120757612,0.002,0.02,stable,10,refinement,0.2289255497068161,,-1,full,65536,201,0.00907753660974328,SOURCE_RUN\raw\task-0069-dynamic-stable-nu1p5-N160-s201-refinement-876064bfcc\arrays.npz,160,student_t,1.5,dynamic,True,broad
1.5,,0.5,0.5,0.0,2.0,-0.12961433765747596,0.002,0.02,stable,10,refinement,0.24341548746751107,,-1,full,65536,201,0.009294345057539097,SOURCE_RUN\raw\task-0061-dynamic-stable-nu1p5-N40-s201-refinement-5f01494859\arrays.npz,40,student_t,1.5,dynamic,True,broad
1.5,,0.5,0.5,0.0,2.0,-0.12778632242675217,0.002,0.02,stable,10,refinement,0.22854971002684776,,-1,full,65536,201,0.009150458789063004,SOURCE_RUN\raw\task-0065-dynamic-stable-nu1p5-N80-s201-refinement-67c841271e\arrays.npz,80,student_t,1.5,dynamic,True,broad
1.5,,0.5,0.5,0.0,2.0,0.2245018840041911,0.001,0.005,stable,7,refinement,0.8236714830392784,,-1,full,65536,201,0.06988294201726919,SOURCE_RUN\raw\task-0069-dynamic-stable-nu1p5-N160-s201-refinement-876064bfcc\arrays.npz,160,student_t,1.5,dynamic,True,extreme
1.5,,0.5,0.5,0.0,2.0,0.21958943644084047,0.001,0.005,stable,7,refinement,0.7976816767038989,,-1,full,65536,201,0.06986823810667016,SOURCE_RUN\raw\task-0061-dynamic-stable-nu1p5-N40-s201-refinement-5f01494859\arrays.npz,40,student_t,1.5,dynamic,True,extreme
1.5,,0.5,0.5,0.0,2.0,0.22756080860160782,0.001,0.005,stable,7,refinement,0.8230415817633694,,-1,full,65536,201,0.07062531077313802,SOURCE_RUN\raw\task-0065-dynamic-stable-nu1p5-N80-s201-refinement-67c841271e\arrays.npz,80,student_t,1.5,dynamic,True,extreme
1.5,,0.5,0.5,0.0,2.0,0.029731169385731154,0.001,0.01,stable,10,refinement,0.6412959805631931,,-1,full,65536,201,0.03921203713083248,SOURCE_RUN\raw\task-0069-dynamic-stable-nu1p5-N160-s201-refinement-876064bfcc\arrays.npz,160,student_t,1.5,dynamic,True,primary
1.5,,0.5,0.5,0.0,2.0,0.028350206950104147,0.001,0.01,stable,10,refinement,0.6336104631807248,,-1,full,65536,201,0.03974336548932147,SOURCE_RUN\raw\task-0061-dynamic-stable-nu1p5-N40-s201-refinement-5f01494859\arrays.npz,40,student_t,1.5,dynamic,True,primary
1.5,,0.5,0.5,0.0,2.0,0.03064633862514049,0.001,0.01,stable,10,refinement,0.6410448340452459,,-1,full,65536,201,0.03961121971384881,SOURCE_RUN\raw\task-0065-dynamic-stable-nu1p5-N80-s201-refinement-67c841271e\arrays.npz,80,student_t,1.5,dynamic,True,primary
1.5,,0.5,0.5,0.0,2.0,0.038431343666293506,0.002,0.02,stable,10,refinement,0.6849804067942119,,-1,nested,16384,201,0.04574803079516253,SOURCE_RUN\raw\task-0069-dynamic-stable-nu1p5-N160-s201-refinement-876064bfcc\arrays.npz,160,student_t,1.5,dynamic,True,broad
1.5,,0.5,0.5,0.0,2.0,-0.1530961911933706,0.002,0.02,stable,10,refinement,0.1071159214596602,,-1,nested,16384,201,0.006906809805295721,SOURCE_RUN\raw\task-0061-dynamic-stable-nu1p5-N40-s201-refinement-5f01494859\arrays.npz,40,student_t,1.5,dynamic,True,broad
1.5,,0.5,0.5,0.0,2.0,-0.01605181292098166,0.002,0.02,stable,10,refinement,0.1345131821135901,,-1,nested,16384,201,0.013564640830477172,SOURCE_RUN\raw\task-0065-dynamic-stable-nu1p5-N80-s201-refinement-67c841271e\arrays.npz,80,student_t,1.5,dynamic,True,broad
1.5,,0.5,0.5,0.0,2.0,0.28605891426745716,0.001,0.005,stable,7,refinement,0.7396548067527606,,-1,nested,16384,201,0.08977617879977644,SOURCE_RUN\raw\task-0069-dynamic-stable-nu1p5-N160-s201-refinement-876064bfcc\arrays.npz,160,student_t,1.5,dynamic,True,extreme
1.5,,0.5,0.5,0.0,2.0,0.5277712358298857,0.001,0.005,stable,7,refinement,0.740464747381296,,-1,nested,16384,201,0.12504279634312238,SOURCE_RUN\raw\task-0061-dynamic-stable-nu1p5-N40-s201-refinement-5f01494859\arrays.npz,40,student_t,1.5,dynamic,True,extreme
1.5,,0.5,0.5,0.0,2.0,0.34606832319546316,0.001,0.005,stable,7,refinement,0.8089194065189458,,-1,nested,16384,201,0.073762867768943,SOURCE_RUN\raw\task-0065-dynamic-stable-nu1p5-N80-s201-refinement-67c841271e\arrays.npz,80,student_t,1.5,dynamic,True,extreme
1.5,,0.5,0.5,0.0,2.0,0.1781294694792346,0.001,0.01,stable,10,refinement,0.7839386781433368,,-1,nested,16384,201,0.07305290891292486,SOURCE_RUN\raw\task-0069-dynamic-stable-nu1p5-N160-s201-refinement-876064bfcc\arrays.npz,160,student_t,1.5,dynamic,True,primary
1.5,,0.5,0.5,0.0,2.0,0.19339716953004596,0.001,0.01,stable,10,refinement,0.609835157143992,,-1,nested,16384,201,0.0725134475099182,SOURCE_RUN\raw\task-0061-dynamic-stable-nu1p5-N40-s201-refinement-5f01494859\arrays.npz,40,student_t,1.5,dynamic,True,primary
1.5,,0.5,0.5,0.0,2.0,0.09123193677610567,0.001,0.01,stable,10,refinement,0.4572605978716111,,-1,nested,16384,201,0.03377020422271889,SOURCE_RUN\raw\task-0065-dynamic-stable-nu1p5-N80-s201-refinement-67c841271e\arrays.npz,80,student_t,1.5,dynamic,True,primary
1.5,,0.5,0.5,0.0,2.0,0.003078210149227861,0.002,0.02,stable,10,refinement,0.6929863058953725,,-1,nested,32768,201,0.0362757611849019,SOURCE_RUN\raw\task-0069-dynamic-stable-nu1p5-N160-s201-refinement-876064bfcc\arrays.npz,160,student_t,1.5,dynamic,True,broad
1.5,,0.5,0.5,0.0,2.0,-0.292071712908105,0.002,0.02,stable,10,refinement,0.789103145796303,,-1,nested,32768,201,-0.024774060676938554,SOURCE_RUN\raw\task-0061-dynamic-stable-nu1p5-N40-s201-refinement-5f01494859\arrays.npz,40,student_t,1.5,dynamic,True,broad
1.5,,0.5,0.5,0.0,2.0,-0.1016266781586862,0.002,0.02,stable,10,refinement,0.08484577865233556,,-1,nested,32768,201,0.008020127906014739,SOURCE_RUN\raw\task-0065-dynamic-stable-nu1p5-N80-s201-refinement-67c841271e\arrays.npz,80,student_t,1.5,dynamic,True,broad
1.5,,0.5,0.5,0.0,2.0,0.3965405384119616,0.001,0.005,stable,7,refinement,0.9820888160918609,,-1,nested,32768,201,0.10338440171854146,SOURCE_RUN\raw\task-0069-dynamic-stable-nu1p5-N160-s201-refinement-876064bfcc\arrays.npz,160,student_t,1.5,dynamic,True,extreme
1.5,,0.5,0.5,0.0,2.0,0.06322552868013315,0.001,0.005,stable,7,refinement,0.616467460554269,,-1,nested,32768,201,0.03617111880501162,SOURCE_RUN\raw\task-0061-dynamic-stable-nu1p5-N40-s201-refinement-5f01494859\arrays.npz,40,student_t,1.5,dynamic,True,extreme
1.5,,0.5,0.5,0.0,2.0,0.5054640052872255,0.001,0.005,stable,7,refinement,0.9654638760093721,,-1,nested,32768,201,0.1117154572869804,SOURCE_RUN\raw\task-0065-dynamic-stable-nu1p5-N80-s201-refinement-67c841271e\arrays.npz,80,student_t,1.5,dynamic,True,extreme
1.5,,0.5,0.5,0.0,2.0,0.16645345510786064,0.001,0.01,stable,10,refinement,0.8434483504278865,,-1,nested,32768,201,0.06727770056165742,SOURCE_RUN\raw\task-0069-dynamic-stable-nu1p5-N160-s201-refinement-876064bfcc\arrays.npz,160,student_t,1.5,dynamic,True,primary
1.5,,0.5,0.5,0.0,2.0,-0.1340347426555181,0.001,0.01,stable,10,refinement,0.03122707753924503,,-1,nested,32768,201,0.005103689513224315,SOURCE_RUN\raw\task-0061-dynamic-stable-nu1p5-N40-s201-refinement-5f01494859\arrays.npz,40,student_t,1.5,dynamic,True,primary
1.5,,0.5,0.5,0.0,2.0,0.12553548873062498,0.001,0.01,stable,10,refinement,0.5687990856790069,,-1,nested,32768,201,0.051807650964546294,SOURCE_RUN\raw\task-0065-dynamic-stable-nu1p5-N80-s201-refinement-67c841271e\arrays.npz,80,student_t,1.5,dynamic,True,primary
1.5,,0.5,0.5,0.0,2.0,-0.6129454936667164,0.002,0.02,stable,10,refinement,0.8217319753315198,,0,block,16384,202,-0.1161248856696618,SOURCE_RUN\raw\task-0070-dynamic-stable-nu1p5-N160-s202-refinement-fe82d9c42b\arrays.npz,160,student_t,1.5,dynamic,True,broad
1.5,,0.5,0.5,0.0,2.0,-0.41775272500407024,0.002,0.02,stable,10,refinement,0.29631557397910047,,0,block,16384,202,-0.058381759737749186,SOURCE_RUN\raw\task-0062-dynamic-stable-nu1p5-N40-s202-refinement-2c7114f5eb\arrays.npz,40,student_t,1.5,dynamic,True,broad
1.5,,0.5,0.5,0.0,2.0,-0.2407242005012353,0.002,0.02,stable,10,refinement,0.3676997266064437,,0,block,16384,202,-0.03209493239136167,SOURCE_RUN\raw\task-0066-dynamic-stable-nu1p5-N80-s202-refinement-9d1193c30f\arrays.npz,80,student_t,1.5,dynamic,True,broad
1.5,,0.5,0.5,0.0,2.0,0.24854535727810056,0.001,0.005,stable,7,refinement,0.2224806395747102,,0,block,16384,202,0.029933407266234356,SOURCE_RUN\raw\task-0070-dynamic-stable-nu1p5-N160-s202-refinement-fe82d9c42b\arrays.npz,160,student_t,1.5,dynamic,True,extreme
1.5,,0.5,0.5,0.0,2.0,0.11703837483816287,0.001,0.005,stable,7,refinement,0.09402173818270743,,0,block,16384,202,0.033638601678609666,SOURCE_RUN\raw\task-0062-dynamic-stable-nu1p5-N40-s202-refinement-2c7114f5eb\arrays.npz,40,student_t,1.5,dynamic,True,extreme
1.5,,0.5,0.5,0.0,2.0,0.5270951635304596,0.001,0.005,stable,7,refinement,0.729582853395629,,0,block,16384,202,0.10261433810900941,SOURCE_RUN\raw\task-0066-dynamic-stable-nu1p5-N80-s202-refinement-9d1193c30f\arrays.npz,80,student_t,1.5,dynamic,True,extreme
1.5,,0.5,0.5,0.0,2.0,-0.24048635701747367,0.001,0.01,stable,10,refinement,0.33588119937529626,,0,block,16384,202,-0.04730631529847441,SOURCE_RUN\raw\task-0070-dynamic-stable-nu1p5-N160-s202-refinement-fe82d9c42b\arrays.npz,160,student_t,1.5,dynamic,True,primary
1.5,,0.5,0.5,0.0,2.0,-0.08106849021271995,0.001,0.01,stable,10,refinement,0.00036369940521374655,,0,block,16384,202,0.0016481556940358363,SOURCE_RUN\raw\task-0062-dynamic-stable-nu1p5-N40-s202-refinement-2c7114f5eb\arrays.npz,40,student_t,1.5,dynamic,True,primary
1.5,,0.5,0.5,0.0,2.0,0.19480108948381203,0.001,0.01,stable,10,refinement,0.44532791870401056,,0,block,16384,202,0.05006590664006199,SOURCE_RUN\raw\task-0066-dynamic-stable-nu1p5-N80-s202-refinement-9d1193c30f\arrays.npz,80,student_t,1.5,dynamic,True,primary
1.5,,0.5,0.5,0.0,2.0,-0.2519984820720277,0.002,0.02,stable,10,refinement,0.13848497092731527,,1,block,16384,202,-0.014411531214916912,SOURCE_RUN\raw\task-0070-dynamic-stable-nu1p5-N160-s202-refinement-fe82d9c42b\arrays.npz,160,student_t,1.5,dynamic,True,broad
1.5,,0.5,0.5,0.0,2.0,-0.30718457668056093,0.002,0.02,stable,10,refinement,0.6061858387176404,,1,block,16384,202,-0.02371809494528461,SOURCE_RUN\raw\task-0062-dynamic-stable-nu1p5-N40-s202-refinement-2c7114f5eb\arrays.npz,40,student_t,1.5,dynamic,True,broad
1.5,,0.5,0.5,0.0,2.0,-0.4345523930763986,0.002,0.02,stable,10,refinement,0.7870975245631537,,1,block,16384,202,-0.06439418076993415,SOURCE_RUN\raw\task-0066-dynamic-stable-nu1p5-N80-s202-refinement-9d1193c30f\arrays.npz,80,student_t,1.5,dynamic,True,broad
1.5,,0.5,0.5,0.0,2.0,-0.27239642044299783,0.001,0.005,stable,7,refinement,0.26396784209038704,,1,block,16384,202,-0.018653135966147927,SOURCE_RUN\raw\task-0070-dynamic-stable-nu1p5-N160-s202-refinement-fe82d9c42b\arrays.npz,160,student_t,1.5,dynamic,True,extreme
1.5,,0.5,0.5,0.0,2.0,0.2696998003865439,0.001,0.005,stable,7,refinement,0.571839961219461,,1,block,16384,202,0.07716796732527928,SOURCE_RUN\raw\task-0062-dynamic-stable-nu1p5-N40-s202-refinement-2c7114f5eb\arrays.npz,40,student_t,1.5,dynamic,True,extreme
1.5,,0.5,0.5,0.0,2.0,-0.3709688077898894,0.001,0.005,stable,7,refinement,0.6719319405776152,,1,block,16384,202,-0.0536251164756205,SOURCE_RUN\raw\task-0066-dynamic-stable-nu1p5-N80-s202-refinement-9d1193c30f\arrays.npz,80,student_t,1.5,dynamic,True,extreme
1.5,,0.5,0.5,0.0,2.0,-0.3325307814540105,0.001,0.01,stable,10,refinement,0.4724365593555677,,1,block,16384,202,-0.028209558847824494,SOURCE_RUN\raw\task-0070-dynamic-stable-nu1p5-N160-s202-refinement-fe82d9c42b\arrays.npz,160,student_t,1.5,dynamic,True,primary
1.5,,0.5,0.5,0.0,2.0,-0.024906120642486283,0.001,0.01,stable,10,refinement,0.25690096067160373,,1,block,16384,202,0.030647362969846974,SOURCE_RUN\raw\task-0062-dynamic-stable-nu1p5-N40-s202-refinement-2c7114f5eb\arrays.npz,40,student_t,1.5,dynamic,True,primary
1.5,,0.5,0.5,0.0,2.0,-0.3741345810098324,0.001,0.01,stable,10,refinement,0.7724292675078819,,1,block,16384,202,-0.054336645877414776,SOURCE_RUN\raw\task-0066-dynamic-stable-nu1p5-N80-s202-refinement-9d1193c30f\arrays.npz,80,student_t,1.5,dynamic,True,primary
1.5,,0.5,0.5,0.0,2.0,-0.05482178590591183,0.002,0.02,stable,10,refinement,0.13222135167385596,,2,block,16384,202,0.01677373446748411,SOURCE_RUN\raw\task-0070-dynamic-stable-nu1p5-N160-s202-refinement-fe82d9c42b\arrays.npz,160,student_t,1.5,dynamic,True,broad
1.5,,0.5,0.5,0.0,2.0,-0.5076911525086867,0.002,0.02,stable,10,refinement,0.8334172803986548,,2,block,16384,202,-0.09480905380168475,SOURCE_RUN\raw\task-0062-dynamic-stable-nu1p5-N40-s202-refinement-2c7114f5eb\arrays.npz,40,student_t,1.5,dynamic,True,broad
1.5,,0.5,0.5,0.0,2.0,0.02503674548145081,0.002,0.02,stable,10,refinement,0.41190673198363303,,2,block,16384,202,0.03705825732439683,SOURCE_RUN\raw\task-0066-dynamic-stable-nu1p5-N80-s202-refinement-9d1193c30f\arrays.npz,80,student_t,1.5,dynamic,True,broad
1.5,,0.5,0.5,0.0,2.0,0.2355248127405303,0.001,0.005,stable,7,refinement,0.334927769486853,,2,block,16384,202,0.06513045763746443,SOURCE_RUN\raw\task-0070-dynamic-stable-nu1p5-N160-s202-refinement-fe82d9c42b\arrays.npz,160,student_t,1.5,dynamic,True,extreme
1.5,,0.5,0.5,0.0,2.0,-0.44267579918461125,0.001,0.005,stable,7,refinement,0.5593797988121489,,2,block,16384,202,-0.08895165668838917,SOURCE_RUN\raw\task-0062-dynamic-stable-nu1p5-N40-s202-refinement-2c7114f5eb\arrays.npz,40,student_t,1.5,dynamic,True,extreme
1.5,,0.5,0.5,0.0,2.0,-0.08245768930062292,0.001,0.005,stable,7,refinement,0.03462538055406805,,2,block,16384,202,0.018404462160863163,SOURCE_RUN\raw\task-0066-dynamic-stable-nu1p5-N80-s202-refinement-9d1193c30f\arrays.npz,80,student_t,1.5,dynamic,True,extreme
1.5,,0.5,0.5,0.0,2.0,0.004937985630592137,0.001,0.01,stable,10,refinement,0.18992388026937168,,2,block,16384,202,0.02884023096177298,SOURCE_RUN\raw\task-0070-dynamic-stable-nu1p5-N160-s202-refinement-fe82d9c42b\arrays.npz,160,student_t,1.5,dynamic,True,primary
1.5,,0.5,0.5,0.0,2.0,-0.6647925761951035,0.001,0.01,stable,10,refinement,0.8483762371599763,,2,block,16384,202,-0.12392865503665042,SOURCE_RUN\raw\task-0062-dynamic-stable-nu1p5-N40-s202-refinement-2c7114f5eb\arrays.npz,40,student_t,1.5,dynamic,True,primary
1.5,,0.5,0.5,0.0,2.0,-0.03303942031706692,0.001,0.01,stable,10,refinement,0.1414279915869845,,2,block,16384,202,0.025896396836322385,SOURCE_RUN\raw\task-0066-dynamic-stable-nu1p5-N80-s202-refinement-9d1193c30f\arrays.npz,80,student_t,1.5,dynamic,True,primary
1.5,,0.5,0.5,0.0,2.0,-0.377890461086428,0.002,0.02,stable,10,refinement,0.616969822885137,,3,block,16384,202,-0.047011680297629525,SOURCE_RUN\raw\task-0070-dynamic-stable-nu1p5-N160-s202-refinement-fe82d9c42b\arrays.npz,160,student_t,1.5,dynamic,True,broad
1.5,,0.5,0.5,0.0,2.0,-0.057998182340380205,0.002,0.02,stable,10,refinement,0.28441512765178556,,3,block,16384,202,0.019157691075159532,SOURCE_RUN\raw\task-0062-dynamic-stable-nu1p5-N40-s202-refinement-2c7114f5eb\arrays.npz,40,student_t,1.5,dynamic,True,broad
1.5,,0.5,0.5,0.0,2.0,-0.608976324264482,0.002,0.02,stable,10,refinement,0.733518794994898,,3,block,16384,202,-0.09349782608013472,SOURCE_RUN\raw\task-0066-dynamic-stable-nu1p5-N80-s202-refinement-9d1193c30f\arrays.npz,80,student_t,1.5,dynamic,True,broad
1.5,,0.5,0.5,0.0,2.0,0.19255819513300818,0.001,0.005,stable,7,refinement,0.7741746567612616,,3,block,16384,202,0.05381041710519904,SOURCE_RUN\raw\task-0070-dynamic-stable-nu1p5-N160-s202-refinement-fe82d9c42b\arrays.npz,160,student_t,1.5,dynamic,True,extreme
1.5,,0.5,0.5,0.0,2.0,0.13519453420609182,0.001,0.005,stable,7,refinement,0.6648928487518218,,3,block,16384,202,0.05293096789267957,SOURCE_RUN\raw\task-0062-dynamic-stable-nu1p5-N40-s202-refinement-2c7114f5eb\arrays.npz,40,student_t,1.5,dynamic,True,extreme
1.5,,0.5,0.5,0.0,2.0,-0.08858723727913714,0.001,0.005,stable,7,refinement,0.014400956598120573,,3,block,16384,202,-0.007606071954566694,SOURCE_RUN\raw\task-0066-dynamic-stable-nu1p5-N80-s202-refinement-9d1193c30f\arrays.npz,80,student_t,1.5,dynamic,True,extreme
1.5,,0.5,0.5,0.0,2.0,-0.009714436467812969,0.001,0.01,stable,10,refinement,0.20371979005637275,,3,block,16384,202,0.021522324332503756,SOURCE_RUN\raw\task-0070-dynamic-stable-nu1p5-N160-s202-refinement-fe82d9c42b\arrays.npz,160,student_t,1.5,dynamic,True,primary
1.5,,0.5,0.5,0.0,2.0,0.047724179002189594,0.001,0.01,stable,10,refinement,0.6689650888677348,,3,block,16384,202,0.03907134642209148,SOURCE_RUN\raw\task-0062-dynamic-stable-nu1p5-N40-s202-refinement-2c7114f5eb\arrays.npz,40,student_t,1.5,dynamic,True,primary
1.5,,0.5,0.5,0.0,2.0,-0.5529930859927951,0.001,0.01,stable,10,refinement,0.5751354838135146,,3,block,16384,202,-0.08055564160082473,SOURCE_RUN\raw\task-0066-dynamic-stable-nu1p5-N80-s202-refinement-9d1193c30f\arrays.npz,80,student_t,1.5,dynamic,True,primary
1.5,,0.5,0.5,0.0,2.0,-0.34477026390728843,0.002,0.02,stable,10,refinement,0.7892536157776611,,-1,full,65536,202,-0.04511272958721489,SOURCE_RUN\raw\task-0070-dynamic-stable-nu1p5-N160-s202-refinement-fe82d9c42b\arrays.npz,160,student_t,1.5,dynamic,True,broad
1.5,,0.5,0.5,0.0,2.0,-0.3435918389183954,0.002,0.02,stable,10,refinement,0.7732011012910686,,-1,full,65536,202,-0.04406200192004034,SOURCE_RUN\raw\task-0062-dynamic-stable-nu1p5-N40-s202-refinement-2c7114f5eb\arrays.npz,40,student_t,1.5,dynamic,True,broad
1.5,,0.5,0.5,0.0,2.0,-0.34492459239273104,0.002,0.02,stable,10,refinement,0.7765126002777263,,-1,full,65536,202,-0.044900799304708805,SOURCE_RUN\raw\task-0066-dynamic-stable-nu1p5-N80-s202-refinement-9d1193c30f\arrays.npz,80,student_t,1.5,dynamic,True,broad
1.5,,0.5,0.5,0.0,2.0,-0.05482513229955081,0.001,0.005,stable,7,refinement,0.039516011473836876,,-1,full,65536,202,0.0039056406058668946,SOURCE_RUN\raw\task-0070-dynamic-stable-nu1p5-N160-s202-refinement-fe82d9c42b\arrays.npz,160,student_t,1.5,dynamic,True,extreme
1.5,,0.5,0.5,0.0,2.0,-0.05306813165480579,0.001,0.005,stable,7,refinement,0.06327043684251943,,-1,full,65536,202,0.004938909190771158,SOURCE_RUN\raw\task-0062-dynamic-stable-nu1p5-N40-s202-refinement-2c7114f5eb\arrays.npz,40,student_t,1.5,dynamic,True,extreme
1.5,,0.5,0.5,0.0,2.0,-0.05018370345403103,0.001,0.005,stable,7,refinement,0.0550718303751887,,-1,full,65536,202,0.004879199172273018,SOURCE_RUN\raw\task-0066-dynamic-stable-nu1p5-N80-s202-refinement-9d1193c30f\arrays.npz,80,student_t,1.5,dynamic,True,extreme
1.5,,0.5,0.5,0.0,2.0,-0.23692137532921784,0.001,0.01,stable,10,refinement,0.512326045472389,,-1,full,65536,202,-0.024851522675295418,SOURCE_RUN\raw\task-0070-dynamic-stable-nu1p5-N160-s202-refinement-fe82d9c42b\arrays.npz,160,student_t,1.5,dynamic,True,primary
1.5,,0.5,0.5,0.0,2.0,-0.23826203523490835,0.001,0.01,stable,10,refinement,0.49620192020029363,,-1,full,65536,202,-0.02430675220162986,SOURCE_RUN\raw\task-0062-dynamic-stable-nu1p5-N40-s202-refinement-2c7114f5eb\arrays.npz,40,student_t,1.5,dynamic,True,primary
1.5,,0.5,0.5,0.0,2.0,-0.23686533096349316,0.001,0.01,stable,10,refinement,0.4923088130696184,,-1,full,65536,202,-0.02460227701870717,SOURCE_RUN\raw\task-0066-dynamic-stable-nu1p5-N80-s202-refinement-9d1193c30f\arrays.npz,80,student_t,1.5,dynamic,True,primary
1.5,,0.5,0.5,0.0,2.0,-0.6129454936667164,0.002,0.02,stable,10,refinement,0.8217319753315198,,-1,nested,16384,202,-0.1161248856696618,SOURCE_RUN\raw\task-0070-dynamic-stable-nu1p5-N160-s202-refinement-fe82d9c42b\arrays.npz,160,student_t,1.5,dynamic,True,broad
1.5,,0.5,0.5,0.0,2.0,-0.41775272500407024,0.002,0.02,stable,10,refinement,0.29631557397910047,,-1,nested,16384,202,-0.058381759737749186,SOURCE_RUN\raw\task-0062-dynamic-stable-nu1p5-N40-s202-refinement-2c7114f5eb\arrays.npz,40,student_t,1.5,dynamic,True,broad
1.5,,0.5,0.5,0.0,2.0,-0.2407242005012353,0.002,0.02,stable,10,refinement,0.3676997266064437,,-1,nested,16384,202,-0.03209493239136167,SOURCE_RUN\raw\task-0066-dynamic-stable-nu1p5-N80-s202-refinement-9d1193c30f\arrays.npz,80,student_t,1.5,dynamic,True,broad
1.5,,0.5,0.5,0.0,2.0,0.24854535727810056,0.001,0.005,stable,7,refinement,0.2224806395747102,,-1,nested,16384,202,0.029933407266234356,SOURCE_RUN\raw\task-0070-dynamic-stable-nu1p5-N160-s202-refinement-fe82d9c42b\arrays.npz,160,student_t,1.5,dynamic,True,extreme
1.5,,0.5,0.5,0.0,2.0,0.11703837483816287,0.001,0.005,stable,7,refinement,0.09402173818270743,,-1,nested,16384,202,0.033638601678609666,SOURCE_RUN\raw\task-0062-dynamic-stable-nu1p5-N40-s202-refinement-2c7114f5eb\arrays.npz,40,student_t,1.5,dynamic,True,extreme
1.5,,0.5,0.5,0.0,2.0,0.5270951635304596,0.001,0.005,stable,7,refinement,0.729582853395629,,-1,nested,16384,202,0.10261433810900941,SOURCE_RUN\raw\task-0066-dynamic-stable-nu1p5-N80-s202-refinement-9d1193c30f\arrays.npz,80,student_t,1.5,dynamic,True,extreme
1.5,,0.5,0.5,0.0,2.0,-0.24048635701747367,0.001,0.01,stable,10,refinement,0.33588119937529626,,-1,nested,16384,202,-0.04730631529847441,SOURCE_RUN\raw\task-0070-dynamic-stable-nu1p5-N160-s202-refinement-fe82d9c42b\arrays.npz,160,student_t,1.5,dynamic,True,primary
1.5,,0.5,0.5,0.0,2.0,-0.08106849021271995,0.001,0.01,stable,10,refinement,0.00036369940521374655,,-1,nested,16384,202,0.0016481556940358363,SOURCE_RUN\raw\task-0062-dynamic-stable-nu1p5-N40-s202-refinement-2c7114f5eb\arrays.npz,40,student_t,1.5,dynamic,True,primary
1.5,,0.5,0.5,0.0,2.0,0.19480108948381203,0.001,0.01,stable,10,refinement,0.44532791870401056,,-1,nested,16384,202,0.05006590664006199,SOURCE_RUN\raw\task-0066-dynamic-stable-nu1p5-N80-s202-refinement-9d1193c30f\arrays.npz,80,student_t,1.5,dynamic,True,primary
1.5,,0.5,0.5,0.0,2.0,-0.45169536748595623,0.002,0.02,stable,10,refinement,0.8811237410748404,,-1,nested,32768,202,-0.06910703873021079,SOURCE_RUN\raw\task-0070-dynamic-stable-nu1p5-N160-s202-refinement-fe82d9c42b\arrays.npz,160,student_t,1.5,dynamic,True,broad
1.5,,0.5,0.5,0.0,2.0,-0.35683348216675204,0.002,0.02,stable,10,refinement,0.5433144314792988,,-1,nested,32768,202,-0.038967958149340544,SOURCE_RUN\raw\task-0062-dynamic-stable-nu1p5-N40-s202-refinement-2c7114f5eb\arrays.npz,40,student_t,1.5,dynamic,True,broad
1.5,,0.5,0.5,0.0,2.0,-0.33254931556753253,0.002,0.02,stable,10,refinement,0.6467546119586501,,-1,nested,32768,202,-0.04642986286192807,SOURCE_RUN\raw\task-0066-dynamic-stable-nu1p5-N80-s202-refinement-9d1193c30f\arrays.npz,80,student_t,1.5,dynamic,True,broad
1.5,,0.5,0.5,0.0,2.0,-0.20978950766093907,0.001,0.005,stable,7,refinement,0.33871990658567586,,-1,nested,32768,202,-0.027948154464979124,SOURCE_RUN\raw\task-0070-dynamic-stable-nu1p5-N160-s202-refinement-fe82d9c42b\arrays.npz,160,student_t,1.5,dynamic,True,extreme
1.5,,0.5,0.5,0.0,2.0,0.23847656292088165,0.001,0.005,stable,7,refinement,0.9685395327961359,,-1,nested,32768,202,0.06360797887706533,SOURCE_RUN\raw\task-0062-dynamic-stable-nu1p5-N40-s202-refinement-2c7114f5eb\arrays.npz,40,student_t,1.5,dynamic,True,extreme
1.5,,0.5,0.5,0.0,2.0,0.08251111780153543,0.001,0.005,stable,7,refinement,0.553306369069031,,-1,nested,32768,202,0.025291280807914575,SOURCE_RUN\raw\task-0066-dynamic-stable-nu1p5-N80-s202-refinement-9d1193c30f\arrays.npz,80,student_t,1.5,dynamic,True,extreme
1.5,,0.5,0.5,0.0,2.0,-0.3731319682536572,0.001,0.01,stable,10,refinement,0.7616633817253705,,-1,nested,32768,202,-0.05375830994348595,SOURCE_RUN\raw\task-0070-dynamic-stable-nu1p5-N160-s202-refinement-fe82d9c42b\arrays.npz,160,student_t,1.5,dynamic,True,primary
1.5,,0.5,0.5,0.0,2.0,-0.06414322682804176,0.001,0.01,stable,10,refinement,0.12488066223683936,,-1,nested,32768,202,0.015649121906262765,SOURCE_RUN\raw\task-0062-dynamic-stable-nu1p5-N40-s202-refinement-2c7114f5eb\arrays.npz,40,student_t,1.5,dynamic,True,primary
1.5,,0.5,0.5,0.0,2.0,-0.09938897392456288,0.001,0.01,stable,10,refinement,0.012324589949488263,,-1,nested,32768,202,-0.0035955109342225523,SOURCE_RUN\raw\task-0066-dynamic-stable-nu1p5-N80-s202-refinement-9d1193c30f\arrays.npz,80,student_t,1.5,dynamic,True,primary
1.5,,0.5,0.5,0.0,2.0,-0.14462087710553287,0.002,0.02,stable,10,refinement,0.08075722766779592,,0,block,16384,203,0.014445064820898919,SOURCE_RUN\raw\task-0071-dynamic-stable-nu1p5-N160-s203-refinement-ccccbf38ef\arrays.npz,160,student_t,1.5,dynamic,True,broad
1.5,,0.5,0.5,0.0,2.0,0.04935602497964351,0.002,0.02,stable,10,refinement,0.5924049251177507,,0,block,16384,203,0.04040862439038476,SOURCE_RUN\raw\task-0063-dynamic-stable-nu1p5-N40-s203-refinement-d6910c4a67\arrays.npz,40,student_t,1.5,dynamic,True,broad
1.5,,0.5,0.5,0.0,2.0,-0.20163881521514293,0.002,0.02,stable,10,refinement,0.03402245484526589,,0,block,16384,203,-0.005112439791207886,SOURCE_RUN\raw\task-0067-dynamic-stable-nu1p5-N80-s203-refinement-cb6a5893dc\arrays.npz,80,student_t,1.5,dynamic,True,broad
1.5,,0.5,0.5,0.0,2.0,-0.4734185319222587,0.001,0.005,stable,7,refinement,0.2051622912849277,,0,block,16384,203,-0.039792699214116635,SOURCE_RUN\raw\task-0071-dynamic-stable-nu1p5-N160-s203-refinement-ccccbf38ef\arrays.npz,160,student_t,1.5,dynamic,True,extreme
1.5,,0.5,0.5,0.0,2.0,-0.050932372235370664,0.001,0.005,stable,7,refinement,0.1849665244368105,,0,block,16384,203,0.024913923266330334,SOURCE_RUN\raw\task-0063-dynamic-stable-nu1p5-N40-s203-refinement-d6910c4a67\arrays.npz,40,student_t,1.5,dynamic,True,extreme
1.5,,0.5,0.5,0.0,2.0,0.4911342145331204,0.001,0.005,stable,7,refinement,0.7643057090155582,,0,block,16384,203,0.11491844310846212,SOURCE_RUN\raw\task-0067-dynamic-stable-nu1p5-N80-s203-refinement-cb6a5893dc\arrays.npz,80,student_t,1.5,dynamic,True,extreme
1.5,,0.5,0.5,0.0,2.0,-0.2397468044347662,0.001,0.01,stable,10,refinement,0.003417513569812125,,0,block,16384,203,-0.003144930487302064,SOURCE_RUN\raw\task-0071-dynamic-stable-nu1p5-N160-s203-refinement-ccccbf38ef\arrays.npz,160,student_t,1.5,dynamic,True,primary
1.5,,0.5,0.5,0.0,2.0,0.07599045997500946,0.001,0.01,stable,10,refinement,0.6099016863359706,,0,block,16384,203,0.04490556859902407,SOURCE_RUN\raw\task-0063-dynamic-stable-nu1p5-N40-s203-refinement-d6910c4a67\arrays.npz,40,student_t,1.5,dynamic,True,primary
1.5,,0.5,0.5,0.0,2.0,0.12774860336811375,0.001,0.01,stable,10,refinement,0.49826481257442157,,0,block,16384,203,0.057546023885131095,SOURCE_RUN\raw\task-0067-dynamic-stable-nu1p5-N80-s203-refinement-cb6a5893dc\arrays.npz,80,student_t,1.5,dynamic,True,primary
1.5,,0.5,0.5,0.0,2.0,-0.026507592888877433,0.002,0.02,stable,10,refinement,0.2804747360685824,,1,block,16384,203,0.018925899363815973,SOURCE_RUN\raw\task-0071-dynamic-stable-nu1p5-N160-s203-refinement-ccccbf38ef\arrays.npz,160,student_t,1.5,dynamic,True,broad
1.5,,0.5,0.5,0.0,2.0,-0.10091988490629995,0.002,0.02,stable,10,refinement,0.026187806643267586,,1,block,16384,203,0.008336837241310329,SOURCE_RUN\raw\task-0063-dynamic-stable-nu1p5-N40-s203-refinement-d6910c4a67\arrays.npz,40,student_t,1.5,dynamic,True,broad
1.5,,0.5,0.5,0.0,2.0,-0.23320652320872037,0.002,0.02,stable,10,refinement,0.28625715606668034,,1,block,16384,203,-0.02470824223186502,SOURCE_RUN\raw\task-0067-dynamic-stable-nu1p5-N80-s203-refinement-cb6a5893dc\arrays.npz,80,student_t,1.5,dynamic,True,broad
1.5,,0.5,0.5,0.0,2.0,0.2490604642158226,0.001,0.005,stable,7,refinement,0.5476922984725188,,1,block,16384,203,0.06886776510996546,SOURCE_RUN\raw\task-0071-dynamic-stable-nu1p5-N160-s203-refinement-ccccbf38ef\arrays.npz,160,student_t,1.5,dynamic,True,extreme
1.5,,0.5,0.5,0.0,2.0,-0.8621911670210344,0.001,0.005,stable,7,refinement,0.6027261953429762,,1,block,16384,203,-0.12133824743418946,SOURCE_RUN\raw\task-0063-dynamic-stable-nu1p5-N40-s203-refinement-d6910c4a67\arrays.npz,40,student_t,1.5,dynamic,True,extreme
1.5,,0.5,0.5,0.0,2.0,-0.5500136926372123,0.001,0.005,stable,7,refinement,0.474025953457477,,1,block,16384,203,-0.07694932006088205,SOURCE_RUN\raw\task-0067-dynamic-stable-nu1p5-N80-s203-refinement-cb6a5893dc\arrays.npz,80,student_t,1.5,dynamic,True,extreme
1.5,,0.5,0.5,0.0,2.0,0.22756291426348602,0.001,0.01,stable,10,refinement,0.7578175282562336,,1,block,16384,203,0.06557120387012526,SOURCE_RUN\raw\task-0071-dynamic-stable-nu1p5-N160-s203-refinement-ccccbf38ef\arrays.npz,160,student_t,1.5,dynamic,True,primary
1.5,,0.5,0.5,0.0,2.0,-0.5035031366570762,0.001,0.01,stable,10,refinement,0.4528635169712857,,1,block,16384,203,-0.06473076316839678,SOURCE_RUN\raw\task-0063-dynamic-stable-nu1p5-N40-s203-refinement-d6910c4a67\arrays.npz,40,student_t,1.5,dynamic,True,primary
1.5,,0.5,0.5,0.0,2.0,-0.3407084849431451,0.001,0.01,stable,10,refinement,0.3984211128511509,,1,block,16384,203,-0.043870033837680955,SOURCE_RUN\raw\task-0067-dynamic-stable-nu1p5-N80-s203-refinement-cb6a5893dc\arrays.npz,80,student_t,1.5,dynamic,True,primary
1.5,,0.5,0.5,0.0,2.0,-0.20674149539480538,0.002,0.02,stable,10,refinement,0.28918898049851893,,2,block,16384,203,-0.020155338384677195,SOURCE_RUN\raw\task-0071-dynamic-stable-nu1p5-N160-s203-refinement-ccccbf38ef\arrays.npz,160,student_t,1.5,dynamic,True,broad
1.5,,0.5,0.5,0.0,2.0,-0.12327801032409366,0.002,0.02,stable,10,refinement,0.27815744671880893,,2,block,16384,203,0.017236950069782285,SOURCE_RUN\raw\task-0063-dynamic-stable-nu1p5-N40-s203-refinement-d6910c4a67\arrays.npz,40,student_t,1.5,dynamic,True,broad
1.5,,0.5,0.5,0.0,2.0,-0.08818464475213442,0.002,0.02,stable,10,refinement,0.017835866358237196,,2,block,16384,203,0.004739117488282704,SOURCE_RUN\raw\task-0067-dynamic-stable-nu1p5-N80-s203-refinement-cb6a5893dc\arrays.npz,80,student_t,1.5,dynamic,True,broad
1.5,,0.5,0.5,0.0,2.0,0.29908272393109286,0.001,0.005,stable,7,refinement,0.3595931061715666,,2,block,16384,203,0.07053548360559506,SOURCE_RUN\raw\task-0071-dynamic-stable-nu1p5-N160-s203-refinement-ccccbf38ef\arrays.npz,160,student_t,1.5,dynamic,True,extreme
1.5,,0.5,0.5,0.0,2.0,-0.16696340228965745,0.001,0.005,stable,7,refinement,0.02246633326949843,,2,block,16384,203,0.00861509797018932,SOURCE_RUN\raw\task-0063-dynamic-stable-nu1p5-N40-s203-refinement-d6910c4a67\arrays.npz,40,student_t,1.5,dynamic,True,extreme
1.5,,0.5,0.5,0.0,2.0,0.2101252502104017,0.001,0.005,stable,7,refinement,0.8076570381845103,,2,block,16384,203,0.05787557461031977,SOURCE_RUN\raw\task-0067-dynamic-stable-nu1p5-N80-s203-refinement-cb6a5893dc\arrays.npz,80,student_t,1.5,dynamic,True,extreme
1.5,,0.5,0.5,0.0,2.0,0.08215650882546147,0.001,0.01,stable,10,refinement,0.26817719375397775,,2,block,16384,203,0.03640333060298288,SOURCE_RUN\raw\task-0071-dynamic-stable-nu1p5-N160-s203-refinement-ccccbf38ef\arrays.npz,160,student_t,1.5,dynamic,True,primary
1.5,,0.5,0.5,0.0,2.0,-0.11159673311010539,0.001,0.01,stable,10,refinement,0.20443589732985457,,2,block,16384,203,0.01726326457443687,SOURCE_RUN\raw\task-0063-dynamic-stable-nu1p5-N40-s203-refinement-d6910c4a67\arrays.npz,40,student_t,1.5,dynamic,True,primary
1.5,,0.5,0.5,0.0,2.0,0.15852306805224115,0.001,0.01,stable,10,refinement,0.8489268865564397,,2,block,16384,203,0.049911332636834574,SOURCE_RUN\raw\task-0067-dynamic-stable-nu1p5-N80-s203-refinement-cb6a5893dc\arrays.npz,80,student_t,1.5,dynamic,True,primary
1.5,,0.5,0.5,0.0,2.0,0.07157353286658,0.002,0.02,stable,10,refinement,0.5319612252315244,,3,block,16384,203,0.041174165143661644,SOURCE_RUN\raw\task-0071-dynamic-stable-nu1p5-N160-s203-refinement-ccccbf38ef\arrays.npz,160,student_t,1.5,dynamic,True,broad
1.5,,0.5,0.5,0.0,2.0,-0.1467156229807208,0.002,0.02,stable,10,refinement,0.07265009814700207,,3,block,16384,203,-0.01113127816897898,SOURCE_RUN\raw\task-0063-dynamic-stable-nu1p5-N40-s203-refinement-d6910c4a67\arrays.npz,40,student_t,1.5,dynamic,True,broad
1.5,,0.5,0.5,0.0,2.0,0.13932991748658372,0.002,0.02,stable,10,refinement,0.8805286174141619,,3,block,16384,203,0.06401624416975195,SOURCE_RUN\raw\task-0067-dynamic-stable-nu1p5-N80-s203-refinement-cb6a5893dc\arrays.npz,80,student_t,1.5,dynamic,True,broad
1.5,,0.5,0.5,0.0,2.0,0.14642863320311214,0.001,0.005,stable,7,refinement,0.2434847145536725,,3,block,16384,203,0.05299446147375123,SOURCE_RUN\raw\task-0071-dynamic-stable-nu1p5-N160-s203-refinement-ccccbf38ef\arrays.npz,160,student_t,1.5,dynamic,True,extreme
1.5,,0.5,0.5,0.0,2.0,1.0168847164673673,0.001,0.005,stable,7,refinement,0.9049222589034399,,3,block,16384,203,0.19234409165992297,SOURCE_RUN\raw\task-0063-dynamic-stable-nu1p5-N40-s203-refinement-d6910c4a67\arrays.npz,40,student_t,1.5,dynamic,True,extreme
1.5,,0.5,0.5,0.0,2.0,-0.0919256291634945,0.001,0.005,stable,7,refinement,0.30590163235366274,,3,block,16384,203,0.026499981836504274,SOURCE_RUN\raw\task-0067-dynamic-stable-nu1p5-N80-s203-refinement-cb6a5893dc\arrays.npz,80,student_t,1.5,dynamic,True,extreme
1.5,,0.5,0.5,0.0,2.0,0.11767262690194746,0.001,0.01,stable,10,refinement,0.41459480711625263,,3,block,16384,203,0.04823270385274449,SOURCE_RUN\raw\task-0071-dynamic-stable-nu1p5-N160-s203-refinement-ccccbf38ef\arrays.npz,160,student_t,1.5,dynamic,True,primary
1.5,,0.5,0.5,0.0,2.0,0.5273482202238879,0.001,0.01,stable,10,refinement,0.7520431377384661,,3,block,16384,203,0.1152365611240627,SOURCE_RUN\raw\task-0063-dynamic-stable-nu1p5-N40-s203-refinement-d6910c4a67\arrays.npz,40,student_t,1.5,dynamic,True,primary
1.5,,0.5,0.5,0.0,2.0,0.102738364215463,0.001,0.01,stable,10,refinement,0.7493270109701577,,3,block,16384,203,0.057097223726913456,SOURCE_RUN\raw\task-0067-dynamic-stable-nu1p5-N80-s203-refinement-cb6a5893dc\arrays.npz,80,student_t,1.5,dynamic,True,primary
1.5,,0.5,0.5,0.0,2.0,-0.08536167194206587,0.002,0.02,stable,10,refinement,0.3734348254305593,,-1,full,65536,203,0.011336478842988381,SOURCE_RUN\raw\task-0071-dynamic-stable-nu1p5-N160-s203-refinement-ccccbf38ef\arrays.npz,160,student_t,1.5,dynamic,True,broad
1.5,,0.5,0.5,0.0,2.0,-0.09098702261850317,0.002,0.02,stable,10,refinement,0.36467066801810333,,-1,full,65536,203,0.010914158555717838,SOURCE_RUN\raw\task-0063-dynamic-stable-nu1p5-N40-s203-refinement-d6910c4a67\arrays.npz,40,student_t,1.5,dynamic,True,broad
1.5,,0.5,0.5,0.0,2.0,-0.08772578370049693,0.002,0.02,stable,10,refinement,0.36374220131209756,,-1,full,65536,203,0.011099597881226332,SOURCE_RUN\raw\task-0067-dynamic-stable-nu1p5-N80-s203-refinement-cb6a5893dc\arrays.npz,80,student_t,1.5,dynamic,True,broad
1.5,,0.5,0.5,0.0,2.0,0.06388629129143968,0.001,0.005,stable,7,refinement,0.5922589423054401,,-1,full,65536,203,0.038432599371302625,SOURCE_RUN\raw\task-0071-dynamic-stable-nu1p5-N160-s203-refinement-ccccbf38ef\arrays.npz,160,student_t,1.5,dynamic,True,extreme
1.5,,0.5,0.5,0.0,2.0,0.07126382464634469,0.001,0.005,stable,7,refinement,0.6067458239851122,,-1,full,65536,203,0.040230431962698265,SOURCE_RUN\raw\task-0063-dynamic-stable-nu1p5-N40-s203-refinement-d6910c4a67\arrays.npz,40,student_t,1.5,dynamic,True,extreme
1.5,,0.5,0.5,0.0,2.0,0.06588188381403863,0.001,0.005,stable,7,refinement,0.586633279411427,,-1,full,65536,203,0.03892189184975193,SOURCE_RUN\raw\task-0067-dynamic-stable-nu1p5-N80-s203-refinement-cb6a5893dc\arrays.npz,80,student_t,1.5,dynamic,True,extreme
1.5,,0.5,0.5,0.0,2.0,0.033441506980158034,0.001,0.01,stable,10,refinement,0.74729936191578,,-1,full,65536,203,0.03364520089855235,SOURCE_RUN\raw\task-0071-dynamic-stable-nu1p5-N160-s203-refinement-ccccbf38ef\arrays.npz,160,student_t,1.5,dynamic,True,primary
1.5,,0.5,0.5,0.0,2.0,0.035629398791049434,0.001,0.01,stable,10,refinement,0.7507070799909454,,-1,full,65536,203,0.034627572063199434,SOURCE_RUN\raw\task-0063-dynamic-stable-nu1p5-N40-s203-refinement-d6910c4a67\arrays.npz,40,student_t,1.5,dynamic,True,primary
1.5,,0.5,0.5,0.0,2.0,0.032170257644104264,0.001,0.01,stable,10,refinement,0.7357125900442589,,-1,full,65536,203,0.033623613792767404,SOURCE_RUN\raw\task-0067-dynamic-stable-nu1p5-N80-s203-refinement-cb6a5893dc\arrays.npz,80,student_t,1.5,dynamic,True,primary
1.5,,0.5,0.5,0.0,2.0,-0.14462087710553287,0.002,0.02,stable,10,refinement,0.08075722766779592,,-1,nested,16384,203,0.014445064820898919,SOURCE_RUN\raw\task-0071-dynamic-stable-nu1p5-N160-s203-refinement-ccccbf38ef\arrays.npz,160,student_t,1.5,dynamic,True,broad
1.5,,0.5,0.5,0.0,2.0,0.04935602497964351,0.002,0.02,stable,10,refinement,0.5924049251177507,,-1,nested,16384,203,0.04040862439038476,SOURCE_RUN\raw\task-0063-dynamic-stable-nu1p5-N40-s203-refinement-d6910c4a67\arrays.npz,40,student_t,1.5,dynamic,True,broad
1.5,,0.5,0.5,0.0,2.0,-0.20163881521514293,0.002,0.02,stable,10,refinement,0.03402245484526589,,-1,nested,16384,203,-0.005112439791207886,SOURCE_RUN\raw\task-0067-dynamic-stable-nu1p5-N80-s203-refinement-cb6a5893dc\arrays.npz,80,student_t,1.5,dynamic,True,broad
1.5,,0.5,0.5,0.0,2.0,-0.4734185319222587,0.001,0.005,stable,7,refinement,0.2051622912849277,,-1,nested,16384,203,-0.039792699214116635,SOURCE_RUN\raw\task-0071-dynamic-stable-nu1p5-N160-s203-refinement-ccccbf38ef\arrays.npz,160,student_t,1.5,dynamic,True,extreme
1.5,,0.5,0.5,0.0,2.0,-0.050932372235370664,0.001,0.005,stable,7,refinement,0.1849665244368105,,-1,nested,16384,203,0.024913923266330334,SOURCE_RUN\raw\task-0063-dynamic-stable-nu1p5-N40-s203-refinement-d6910c4a67\arrays.npz,40,student_t,1.5,dynamic,True,extreme
1.5,,0.5,0.5,0.0,2.0,0.4911342145331204,0.001,0.005,stable,7,refinement,0.7643057090155582,,-1,nested,16384,203,0.11491844310846212,SOURCE_RUN\raw\task-0067-dynamic-stable-nu1p5-N80-s203-refinement-cb6a5893dc\arrays.npz,80,student_t,1.5,dynamic,True,extreme
1.5,,0.5,0.5,0.0,2.0,-0.2397468044347662,0.001,0.01,stable,10,refinement,0.003417513569812125,,-1,nested,16384,203,-0.003144930487302064,SOURCE_RUN\raw\task-0071-dynamic-stable-nu1p5-N160-s203-refinement-ccccbf38ef\arrays.npz,160,student_t,1.5,dynamic,True,primary
1.5,,0.5,0.5,0.0,2.0,0.07599045997500946,0.001,0.01,stable,10,refinement,0.6099016863359706,,-1,nested,16384,203,0.04490556859902407,SOURCE_RUN\raw\task-0063-dynamic-stable-nu1p5-N40-s203-refinement-d6910c4a67\arrays.npz,40,student_t,1.5,dynamic,True,primary
1.5,,0.5,0.5,0.0,2.0,0.12774860336811375,0.001,0.01,stable,10,refinement,0.49826481257442157,,-1,nested,16384,203,0.057546023885131095,SOURCE_RUN\raw\task-0067-dynamic-stable-nu1p5-N80-s203-refinement-cb6a5893dc\arrays.npz,80,student_t,1.5,dynamic,True,primary
1.5,,0.5,0.5,0.0,2.0,-0.10638476587611384,0.002,0.02,stable,10,refinement,0.21297621052572924,,-1,nested,32768,203,0.011580226045527177,SOURCE_RUN\raw\task-0071-dynamic-stable-nu1p5-N160-s203-refinement-ccccbf38ef\arrays.npz,160,student_t,1.5,dynamic,True,broad
1.5,,0.5,0.5,0.0,2.0,0.007995674512305833,0.002,0.02,stable,10,refinement,0.568161145188943,,-1,nested,32768,203,0.03175682306883226,SOURCE_RUN\raw\task-0063-dynamic-stable-nu1p5-N40-s203-refinement-d6910c4a67\arrays.npz,40,student_t,1.5,dynamic,True,broad
1.5,,0.5,0.5,0.0,2.0,-0.2100171857596132,0.002,0.02,stable,10,refinement,0.35369920838640123,,-1,nested,32768,203,-0.013927179585486182,SOURCE_RUN\raw\task-0067-dynamic-stable-nu1p5-N80-s203-refinement-cb6a5893dc\arrays.npz,80,student_t,1.5,dynamic,True,broad
1.5,,0.5,0.5,0.0,2.0,-0.05965135608708477,0.001,0.005,stable,7,refinement,0.2170295332472708,,-1,nested,32768,203,0.021243774349126197,SOURCE_RUN\raw\task-0071-dynamic-stable-nu1p5-N160-s203-refinement-ccccbf38ef\arrays.npz,160,student_t,1.5,dynamic,True,extreme
1.5,,0.5,0.5,0.0,2.0,-0.4499871926379111,0.001,0.005,stable,7,refinement,0.6308308152833006,,-1,nested,32768,203,-0.04652974503614952,SOURCE_RUN\raw\task-0063-dynamic-stable-nu1p5-N40-s203-refinement-d6910c4a67\arrays.npz,40,student_t,1.5,dynamic,True,extreme
1.5,,0.5,0.5,0.0,2.0,0.04235676945317143,0.001,0.005,stable,7,refinement,0.2857095075574815,,-1,nested,32768,203,0.030989054878491358,SOURCE_RUN\raw\task-0067-dynamic-stable-nu1p5-N80-s203-refinement-cb6a5893dc\arrays.npz,80,student_t,1.5,dynamic,True,extreme
1.5,,0.5,0.5,0.0,2.0,-0.02218947313950054,0.001,0.01,stable,10,refinement,0.5274757552523084,,-1,nested,32768,203,0.027222760031575588,SOURCE_RUN\raw\task-0071-dynamic-stable-nu1p5-N160-s203-refinement-ccccbf38ef\arrays.npz,160,student_t,1.5,dynamic,True,primary
1.5,,0.5,0.5,0.0,2.0,-0.198087743544451,0.001,0.01,stable,10,refinement,0.03462872523211635,,-1,nested,32768,203,-0.006823107270950285,SOURCE_RUN\raw\task-0063-dynamic-stable-nu1p5-N40-s203-refinement-d6910c4a67\arrays.npz,40,student_t,1.5,dynamic,True,primary
1.5,,0.5,0.5,0.0,2.0,-0.0682482770904606,0.001,0.01,stable,10,refinement,0.15952379351381019,,-1,nested,32768,203,0.013579706593558023,SOURCE_RUN\raw\task-0067-dynamic-stable-nu1p5-N80-s203-refinement-cb6a5893dc\arrays.npz,80,student_t,1.5,dynamic,True,primary
1.5,,0.5,0.5,-0.3333333333333333,2.0,-0.8485116062477087,0.002,0.02,stable,10,refinement,0.9612799707588493,,0,block,16384,200,-0.2529523813884038,SOURCE_RUN\raw\task-0080-dynamic-stable-nu3-N160-s200-refinement-32d011d4a5\arrays.npz,160,student_t,3.0,dynamic,True,broad
1.5,,0.5,0.5,-0.3333333333333333,2.0,-0.834933928243733,0.002,0.02,stable,10,refinement,0.9517022698918282,,0,block,16384,200,-0.24428456227840173,SOURCE_RUN\raw\task-0072-dynamic-stable-nu3-N40-s200-refinement-83a136740d\arrays.npz,40,student_t,3.0,dynamic,True,broad
1.5,,0.5,0.5,-0.3333333333333333,2.0,-0.7804132952308833,0.002,0.02,stable,10,refinement,0.9575224564851521,,0,block,16384,200,-0.2350880211075756,SOURCE_RUN\raw\task-0076-dynamic-stable-nu3-N80-s200-refinement-8d51dc2542\arrays.npz,80,student_t,3.0,dynamic,True,broad
1.5,,0.5,0.5,-0.3333333333333333,2.0,-1.7327324766465597,0.001,0.005,stable,7,refinement,0.9972946034355061,,0,block,16384,200,-0.4085098412360568,SOURCE_RUN\raw\task-0080-dynamic-stable-nu3-N160-s200-refinement-32d011d4a5\arrays.npz,160,student_t,3.0,dynamic,True,extreme
1.5,,0.5,0.5,-0.3333333333333333,2.0,-0.8238313640169798,0.001,0.005,stable,7,refinement,0.960878251325611,,0,block,16384,200,-0.24496073088247253,SOURCE_RUN\raw\task-0072-dynamic-stable-nu3-N40-s200-refinement-83a136740d\arrays.npz,40,student_t,3.0,dynamic,True,extreme
1.5,,0.5,0.5,-0.3333333333333333,2.0,-1.5847661284441932,0.001,0.005,stable,7,refinement,0.9773165560687187,,0,block,16384,200,-0.3757342770587885,SOURCE_RUN\raw\task-0076-dynamic-stable-nu3-N80-s200-refinement-8d51dc2542\arrays.npz,80,student_t,3.0,dynamic,True,extreme
1.5,,0.5,0.5,-0.3333333333333333,2.0,-1.4260894444071794,0.001,0.01,stable,10,refinement,0.9812099521479754,,0,block,16384,200,-0.3597585343552403,SOURCE_RUN\raw\task-0080-dynamic-stable-nu3-N160-s200-refinement-32d011d4a5\arrays.npz,160,student_t,3.0,dynamic,True,primary
1.5,,0.5,0.5,-0.3333333333333333,2.0,-1.0244103901160004,0.001,0.01,stable,10,refinement,0.9815887214687118,,0,block,16384,200,-0.2764100286215768,SOURCE_RUN\raw\task-0072-dynamic-stable-nu3-N40-s200-refinement-83a136740d\arrays.npz,40,student_t,3.0,dynamic,True,primary
1.5,,0.5,0.5,-0.3333333333333333,2.0,-1.270930404353083,0.001,0.01,stable,10,refinement,0.9756096684243772,,0,block,16384,200,-0.32619399868513416,SOURCE_RUN\raw\task-0076-dynamic-stable-nu3-N80-s200-refinement-8d51dc2542\arrays.npz,80,student_t,3.0,dynamic,True,primary
1.5,,0.5,0.5,-0.3333333333333333,2.0,-0.9352330601168892,0.002,0.02,stable,10,refinement,0.9645466481496692,,1,block,16384,200,-0.2761694015494413,SOURCE_RUN\raw\task-0080-dynamic-stable-nu3-N160-s200-refinement-32d011d4a5\arrays.npz,160,student_t,3.0,dynamic,True,broad
1.5,,0.5,0.5,-0.3333333333333333,2.0,-0.5722472686829886,0.002,0.02,stable,10,refinement,0.9816508204750338,,1,block,16384,200,-0.19485409034294507,SOURCE_RUN\raw\task-0072-dynamic-stable-nu3-N40-s200-refinement-83a136740d\arrays.npz,40,student_t,3.0,dynamic,True,broad
1.5,,0.5,0.5,-0.3333333333333333,2.0,-0.8556581551401812,0.002,0.02,stable,10,refinement,0.9862676184805053,,1,block,16384,200,-0.26239959417918046,SOURCE_RUN\raw\task-0076-dynamic-stable-nu3-N80-s200-refinement-8d51dc2542\arrays.npz,80,student_t,3.0,dynamic,True,broad
1.5,,0.5,0.5,-0.3333333333333333,2.0,-0.37326572036396605,0.001,0.005,stable,7,refinement,0.8754876937102458,,1,block,16384,200,-0.18254386827199903,SOURCE_RUN\raw\task-0080-dynamic-stable-nu3-N160-s200-refinement-32d011d4a5\arrays.npz,160,student_t,3.0,dynamic,True,extreme
1.5,,0.5,0.5,-0.3333333333333333,2.0,-1.6659248256202857,0.001,0.005,stable,7,refinement,0.9358058597166354,,1,block,16384,200,-0.38809824889008976,SOURCE_RUN\raw\task-0072-dynamic-stable-nu3-N40-s200-refinement-83a136740d\arrays.npz,40,student_t,3.0,dynamic,True,extreme
1.5,,0.5,0.5,-0.3333333333333333,2.0,-1.4324965750127612,0.001,0.005,stable,7,refinement,0.984269694238373,,1,block,16384,200,-0.3637656819382148,SOURCE_RUN\raw\task-0076-dynamic-stable-nu3-N80-s200-refinement-8d51dc2542\arrays.npz,80,student_t,3.0,dynamic,True,extreme
1.5,,0.5,0.5,-0.3333333333333333,2.0,-0.86483611705015,0.001,0.01,stable,10,refinement,0.9344402691824245,,1,block,16384,200,-0.2598329933702429,SOURCE_RUN\raw\task-0080-dynamic-stable-nu3-N160-s200-refinement-32d011d4a5\arrays.npz,160,student_t,3.0,dynamic,True,primary
1.5,,0.5,0.5,-0.3333333333333333,2.0,-1.2214518766324312,0.001,0.01,stable,10,refinement,0.9409097837730347,,1,block,16384,200,-0.3178692555913247,SOURCE_RUN\raw\task-0072-dynamic-stable-nu3-N40-s200-refinement-83a136740d\arrays.npz,40,student_t,3.0,dynamic,True,primary
1.5,,0.5,0.5,-0.3333333333333333,2.0,-1.2334071781589233,0.001,0.01,stable,10,refinement,0.9879200047847964,,1,block,16384,200,-0.3322624200566647,SOURCE_RUN\raw\task-0076-dynamic-stable-nu3-N80-s200-refinement-8d51dc2542\arrays.npz,80,student_t,3.0,dynamic,True,primary
1.5,,0.5,0.5,-0.3333333333333333,2.0,-0.7434293745678154,0.002,0.02,stable,10,refinement,0.9809184081146737,,2,block,16384,200,-0.23428071512394313,SOURCE_RUN\raw\task-0080-dynamic-stable-nu3-N160-s200-refinement-32d011d4a5\arrays.npz,160,student_t,3.0,dynamic,True,broad
1.5,,0.5,0.5,-0.3333333333333333,2.0,-0.944956134075954,0.002,0.02,stable,10,refinement,0.9818824900804138,,2,block,16384,200,-0.2773028139619641,SOURCE_RUN\raw\task-0072-dynamic-stable-nu3-N40-s200-refinement-83a136740d\arrays.npz,40,student_t,3.0,dynamic,True,broad
1.5,,0.5,0.5,-0.3333333333333333,2.0,-1.0133204654877674,0.002,0.02,stable,10,refinement,0.9743865565903806,,2,block,16384,200,-0.29367701502089805,SOURCE_RUN\raw\task-0076-dynamic-stable-nu3-N80-s200-refinement-8d51dc2542\arrays.npz,80,student_t,3.0,dynamic,True,broad
1.5,,0.5,0.5,-0.3333333333333333,2.0,-0.8196877056731257,0.001,0.005,stable,7,refinement,0.9643869276736213,,2,block,16384,200,-0.24657237256696257,SOURCE_RUN\raw\task-0080-dynamic-stable-nu3-N160-s200-refinement-32d011d4a5\arrays.npz,160,student_t,3.0,dynamic,True,extreme
1.5,,0.5,0.5,-0.3333333333333333,2.0,-0.7535782378631112,0.001,0.005,stable,7,refinement,0.9260901232220143,,2,block,16384,200,-0.24672899580095967,SOURCE_RUN\raw\task-0072-dynamic-stable-nu3-N40-s200-refinement-83a136740d\arrays.npz,40,student_t,3.0,dynamic,True,extreme
1.5,,0.5,0.5,-0.3333333333333333,2.0,-1.0236497310739776,0.001,0.005,stable,7,refinement,0.9405363038772113,,2,block,16384,200,-0.296800795202688,SOURCE_RUN\raw\task-0076-dynamic-stable-nu3-N80-s200-refinement-8d51dc2542\arrays.npz,80,student_t,3.0,dynamic,True,extreme
1.5,,0.5,0.5,-0.3333333333333333,2.0,-0.7861625973741547,0.001,0.01,stable,10,refinement,0.9841777751075659,,2,block,16384,200,-0.24147262296789343,SOURCE_RUN\raw\task-0080-dynamic-stable-nu3-N160-s200-refinement-32d011d4a5\arrays.npz,160,student_t,3.0,dynamic,True,primary
1.5,,0.5,0.5,-0.3333333333333333,2.0,-0.9866359961149722,0.001,0.01,stable,10,refinement,0.970991666332633,,2,block,16384,200,-0.28339570306011064,SOURCE_RUN\raw\task-0072-dynamic-stable-nu3-N40-s200-refinement-83a136740d\arrays.npz,40,student_t,3.0,dynamic,True,primary
1.5,,0.5,0.5,-0.3333333333333333,2.0,-1.1250390090811258,0.001,0.01,stable,10,refinement,0.9788141666165843,,2,block,16384,200,-0.31290145582933976,SOURCE_RUN\raw\task-0076-dynamic-stable-nu3-N80-s200-refinement-8d51dc2542\arrays.npz,80,student_t,3.0,dynamic,True,primary
1.5,,0.5,0.5,-0.3333333333333333,2.0,-0.6604403339699267,0.002,0.02,stable,10,refinement,0.9719403285074901,,3,block,16384,200,-0.20750917837256713,SOURCE_RUN\raw\task-0080-dynamic-stable-nu3-N160-s200-refinement-32d011d4a5\arrays.npz,160,student_t,3.0,dynamic,True,broad
1.5,,0.5,0.5,-0.3333333333333333,2.0,-0.9064160209357852,0.002,0.02,stable,10,refinement,0.9910811091077815,,3,block,16384,200,-0.275031955395158,SOURCE_RUN\raw\task-0072-dynamic-stable-nu3-N40-s200-refinement-83a136740d\arrays.npz,40,student_t,3.0,dynamic,True,broad
1.5,,0.5,0.5,-0.3333333333333333,2.0,-0.6156361584554593,0.002,0.02,stable,10,refinement,0.9742187223203773,,3,block,16384,200,-0.19927925526444562,SOURCE_RUN\raw\task-0076-dynamic-stable-nu3-N80-s200-refinement-8d51dc2542\arrays.npz,80,student_t,3.0,dynamic,True,broad
1.5,,0.5,0.5,-0.3333333333333333,2.0,-1.7817650275652197,0.001,0.005,stable,7,refinement,0.940124536359766,,3,block,16384,200,-0.4053846724118444,SOURCE_RUN\raw\task-0080-dynamic-stable-nu3-N160-s200-refinement-32d011d4a5\arrays.npz,160,student_t,3.0,dynamic,True,extreme
1.5,,0.5,0.5,-0.3333333333333333,2.0,-1.0914963515566012,0.001,0.005,stable,7,refinement,0.9829555989659475,,3,block,16384,200,-0.3075344932433872,SOURCE_RUN\raw\task-0072-dynamic-stable-nu3-N40-s200-refinement-83a136740d\arrays.npz,40,student_t,3.0,dynamic,True,extreme
1.5,,0.5,0.5,-0.3333333333333333,2.0,-0.4412889339667814,0.001,0.005,stable,7,refinement,0.9456472502545994,,3,block,16384,200,-0.1719066258431706,SOURCE_RUN\raw\task-0076-dynamic-stable-nu3-N80-s200-refinement-8d51dc2542\arrays.npz,80,student_t,3.0,dynamic,True,extreme
1.5,,0.5,0.5,-0.3333333333333333,2.0,-1.339852703280533,0.001,0.01,stable,10,refinement,0.9483681735786275,,3,block,16384,200,-0.3359576175785771,SOURCE_RUN\raw\task-0080-dynamic-stable-nu3-N160-s200-refinement-32d011d4a5\arrays.npz,160,student_t,3.0,dynamic,True,primary
1.5,,0.5,0.5,-0.3333333333333333,2.0,-1.064950851430291,0.001,0.01,stable,10,refinement,0.993377562376137,,3,block,16384,200,-0.30342871851947373,SOURCE_RUN\raw\task-0072-dynamic-stable-nu3-N40-s200-refinement-83a136740d\arrays.npz,40,student_t,3.0,dynamic,True,primary
1.5,,0.5,0.5,-0.3333333333333333,2.0,-0.6600148674204656,0.001,0.01,stable,10,refinement,0.9706341339098168,,3,block,16384,200,-0.20619953915258732,SOURCE_RUN\raw\task-0076-dynamic-stable-nu3-N80-s200-refinement-8d51dc2542\arrays.npz,80,student_t,3.0,dynamic,True,primary
1.5,,0.5,0.5,-0.3333333333333333,2.0,-0.8404158282511857,0.002,0.02,stable,10,refinement,0.9807803266780699,,-1,full,65536,200,-0.2528732692164746,SOURCE_RUN\raw\task-0080-dynamic-stable-nu3-N160-s200-refinement-32d011d4a5\arrays.npz,160,student_t,3.0,dynamic,True,broad
1.5,,0.5,0.5,-0.3333333333333333,2.0,-0.8495692874511492,0.002,0.02,stable,10,refinement,0.9820149435716988,,-1,full,65536,200,-0.2556619565506269,SOURCE_RUN\raw\task-0072-dynamic-stable-nu3-N40-s200-refinement-83a136740d\arrays.npz,40,student_t,3.0,dynamic,True,broad
1.5,,0.5,0.5,-0.3333333333333333,2.0,-0.8438963649077433,0.002,0.02,stable,10,refinement,0.9809587368794271,,-1,full,65536,200,-0.2539820712134925,SOURCE_RUN\raw\task-0076-dynamic-stable-nu3-N80-s200-refinement-8d51dc2542\arrays.npz,80,student_t,3.0,dynamic,True,broad
1.5,,0.5,0.5,-0.3333333333333333,2.0,-1.1364630903392274,0.001,0.005,stable,7,refinement,0.9968485582792369,,-1,full,65536,200,-0.30567715648752564,SOURCE_RUN\raw\task-0080-dynamic-stable-nu3-N160-s200-refinement-32d011d4a5\arrays.npz,160,student_t,3.0,dynamic,True,extreme
1.5,,0.5,0.5,-0.3333333333333333,2.0,-1.1592554725660127,0.001,0.005,stable,7,refinement,0.9967483461614718,,-1,full,65536,200,-0.3109241667153681,SOURCE_RUN\raw\task-0072-dynamic-stable-nu3-N40-s200-refinement-83a136740d\arrays.npz,40,student_t,3.0,dynamic,True,extreme
1.5,,0.5,0.5,-0.3333333333333333,2.0,-1.1280333343166635,0.001,0.005,stable,7,refinement,0.9967860909928382,,-1,full,65536,200,-0.30477966049562494,SOURCE_RUN\raw\task-0076-dynamic-stable-nu3-N80-s200-refinement-8d51dc2542\arrays.npz,80,student_t,3.0,dynamic,True,extreme
1.5,,0.5,0.5,-0.3333333333333333,2.0,-1.0990450431981809,0.001,0.01,stable,10,refinement,0.9976826629575092,,-1,full,65536,200,-0.2996516486531091,SOURCE_RUN\raw\task-0080-dynamic-stable-nu3-N160-s200-refinement-32d011d4a5\arrays.npz,160,student_t,3.0,dynamic,True,primary
1.5,,0.5,0.5,-0.3333333333333333,2.0,-1.1174382992872947,0.001,0.01,stable,10,refinement,0.9977504288646807,,-1,full,65536,200,-0.3042155343022878,SOURCE_RUN\raw\task-0072-dynamic-stable-nu3-N40-s200-refinement-83a136740d\arrays.npz,40,student_t,3.0,dynamic,True,primary
1.5,,0.5,0.5,-0.3333333333333333,2.0,-1.0986250058282327,0.001,0.01,stable,10,refinement,0.9977668267803667,,-1,full,65536,200,-0.3000163903410907,SOURCE_RUN\raw\task-0076-dynamic-stable-nu3-N80-s200-refinement-8d51dc2542\arrays.npz,80,student_t,3.0,dynamic,True,primary
1.5,,0.5,0.5,-0.3333333333333333,2.0,-0.8485116062477087,0.002,0.02,stable,10,refinement,0.9612799707588493,,-1,nested,16384,200,-0.2529523813884038,SOURCE_RUN\raw\task-0080-dynamic-stable-nu3-N160-s200-refinement-32d011d4a5\arrays.npz,160,student_t,3.0,dynamic,True,broad
1.5,,0.5,0.5,-0.3333333333333333,2.0,-0.834933928243733,0.002,0.02,stable,10,refinement,0.9517022698918282,,-1,nested,16384,200,-0.24428456227840173,SOURCE_RUN\raw\task-0072-dynamic-stable-nu3-N40-s200-refinement-83a136740d\arrays.npz,40,student_t,3.0,dynamic,True,broad
1.5,,0.5,0.5,-0.3333333333333333,2.0,-0.7804132952308833,0.002,0.02,stable,10,refinement,0.9575224564851521,,-1,nested,16384,200,-0.2350880211075756,SOURCE_RUN\raw\task-0076-dynamic-stable-nu3-N80-s200-refinement-8d51dc2542\arrays.npz,80,student_t,3.0,dynamic,True,broad
1.5,,0.5,0.5,-0.3333333333333333,2.0,-1.7327324766465597,0.001,0.005,stable,7,refinement,0.9972946034355061,,-1,nested,16384,200,-0.4085098412360568,SOURCE_RUN\raw\task-0080-dynamic-stable-nu3-N160-s200-refinement-32d011d4a5\arrays.npz,160,student_t,3.0,dynamic,True,extreme
1.5,,0.5,0.5,-0.3333333333333333,2.0,-0.8238313640169798,0.001,0.005,stable,7,refinement,0.960878251325611,,-1,nested,16384,200,-0.24496073088247253,SOURCE_RUN\raw\task-0072-dynamic-stable-nu3-N40-s200-refinement-83a136740d\arrays.npz,40,student_t,3.0,dynamic,True,extreme
1.5,,0.5,0.5,-0.3333333333333333,2.0,-1.5847661284441932,0.001,0.005,stable,7,refinement,0.9773165560687187,,-1,nested,16384,200,-0.3757342770587885,SOURCE_RUN\raw\task-0076-dynamic-stable-nu3-N80-s200-refinement-8d51dc2542\arrays.npz,80,student_t,3.0,dynamic,True,extreme
1.5,,0.5,0.5,-0.3333333333333333,2.0,-1.4260894444071794,0.001,0.01,stable,10,refinement,0.9812099521479754,,-1,nested,16384,200,-0.3597585343552403,SOURCE_RUN\raw\task-0080-dynamic-stable-nu3-N160-s200-refinement-32d011d4a5\arrays.npz,160,student_t,3.0,dynamic,True,primary
1.5,,0.5,0.5,-0.3333333333333333,2.0,-1.0244103901160004,0.001,0.01,stable,10,refinement,0.9815887214687118,,-1,nested,16384,200,-0.2764100286215768,SOURCE_RUN\raw\task-0072-dynamic-stable-nu3-N40-s200-refinement-83a136740d\arrays.npz,40,student_t,3.0,dynamic,True,primary
1.5,,0.5,0.5,-0.3333333333333333,2.0,-1.270930404353083,0.001,0.01,stable,10,refinement,0.9756096684243772,,-1,nested,16384,200,-0.32619399868513416,SOURCE_RUN\raw\task-0076-dynamic-stable-nu3-N80-s200-refinement-8d51dc2542\arrays.npz,80,student_t,3.0,dynamic,True,primary
1.5,,0.5,0.5,-0.3333333333333333,2.0,-0.9209277159532933,0.002,0.02,stable,10,refinement,0.9585997580853578,,-1,nested,32768,200,-0.2711434989619898,SOURCE_RUN\raw\task-0080-dynamic-stable-nu3-N160-s200-refinement-32d011d4a5\arrays.npz,160,student_t,3.0,dynamic,True,broad
1.5,,0.5,0.5,-0.3333333333333333,2.0,-0.7055314111785397,0.002,0.02,stable,10,refinement,0.9736080035588822,,-1,nested,32768,200,-0.2198602512920238,SOURCE_RUN\raw\task-0072-dynamic-stable-nu3-N40-s200-refinement-83a136740d\arrays.npz,40,student_t,3.0,dynamic,True,broad
1.5,,0.5,0.5,-0.3333333333333333,2.0,-0.8489349811465686,0.002,0.02,stable,10,refinement,0.9753358119546925,,-1,nested,32768,200,-0.25575613407939485,SOURCE_RUN\raw\task-0076-dynamic-stable-nu3-N80-s200-refinement-8d51dc2542\arrays.npz,80,student_t,3.0,dynamic,True,broad
1.5,,0.5,0.5,-0.3333333333333333,2.0,-0.819588955615874,0.001,0.005,stable,7,refinement,0.9659136134869363,,-1,nested,32768,200,-0.2570969291388517,SOURCE_RUN\raw\task-0080-dynamic-stable-nu3-N160-s200-refinement-32d011d4a5\arrays.npz,160,student_t,3.0,dynamic,True,extreme
1.5,,0.5,0.5,-0.3333333333333333,2.0,-1.3498676769292652,0.001,0.005,stable,7,refinement,0.9724650439144037,,-1,nested,32768,200,-0.33408775237499194,SOURCE_RUN\raw\task-0072-dynamic-stable-nu3-N40-s200-refinement-83a136740d\arrays.npz,40,student_t,3.0,dynamic,True,extreme
1.5,,0.5,0.5,-0.3333333333333333,2.0,-1.5322281819305994,0.001,0.005,stable,7,refinement,0.9967427344660095,,-1,nested,32768,200,-0.3752946573650185,SOURCE_RUN\raw\task-0076-dynamic-stable-nu3-N80-s200-refinement-8d51dc2542\arrays.npz,80,student_t,3.0,dynamic,True,extreme
1.5,,0.5,0.5,-0.3333333333333333,2.0,-1.0752140238635233,0.001,0.01,stable,10,refinement,0.9768286762084769,,-1,nested,32768,200,-0.2970348376737711,SOURCE_RUN\raw\task-0080-dynamic-stable-nu3-N160-s200-refinement-32d011d4a5\arrays.npz,160,student_t,3.0,dynamic,True,primary
1.5,,0.5,0.5,-0.3333333333333333,2.0,-1.1567406664820583,0.001,0.01,stable,10,refinement,0.9812713671316128,,-1,nested,32768,200,-0.3034795788548327,SOURCE_RUN\raw\task-0072-dynamic-stable-nu3-N40-s200-refinement-83a136740d\arrays.npz,40,student_t,3.0,dynamic,True,primary
1.5,,0.5,0.5,-0.3333333333333333,2.0,-1.2742888806992405,0.001,0.01,stable,10,refinement,0.9889257123343617,,-1,nested,32768,200,-0.3344804718700398,SOURCE_RUN\raw\task-0076-dynamic-stable-nu3-N80-s200-refinement-8d51dc2542\arrays.npz,80,student_t,3.0,dynamic,True,primary
1.5,,0.5,0.5,-0.3333333333333333,2.0,-0.6540301476290841,0.002,0.02,stable,10,refinement,0.983242712300747,,0,block,16384,201,-0.21172913831832751,SOURCE_RUN\raw\task-0081-dynamic-stable-nu3-N160-s201-refinement-987bf81fca\arrays.npz,160,student_t,3.0,dynamic,True,broad
1.5,,0.5,0.5,-0.3333333333333333,2.0,-0.8921209614572861,0.002,0.02,stable,10,refinement,0.9906860288668026,,0,block,16384,201,-0.28165627108237573,SOURCE_RUN\raw\task-0073-dynamic-stable-nu3-N40-s201-refinement-db83e14422\arrays.npz,40,student_t,3.0,dynamic,True,broad
1.5,,0.5,0.5,-0.3333333333333333,2.0,-0.8230746760435946,0.002,0.02,stable,10,refinement,0.9874437261839565,,0,block,16384,201,-0.25665909144012544,SOURCE_RUN\raw\task-0077-dynamic-stable-nu3-N80-s201-refinement-099f960814\arrays.npz,80,student_t,3.0,dynamic,True,broad
1.5,,0.5,0.5,-0.3333333333333333,2.0,-0.24825346219357805,0.001,0.005,stable,7,refinement,0.7277812649153874,,0,block,16384,201,-0.14025746122264393,SOURCE_RUN\raw\task-0081-dynamic-stable-nu3-N160-s201-refinement-987bf81fca\arrays.npz,160,student_t,3.0,dynamic,True,extreme
1.5,,0.5,0.5,-0.3333333333333333,2.0,-0.445405914179937,0.001,0.005,stable,7,refinement,0.958393869866229,,0,block,16384,201,-0.20510561753599926,SOURCE_RUN\raw\task-0073-dynamic-stable-nu3-N40-s201-refinement-db83e14422\arrays.npz,40,student_t,3.0,dynamic,True,extreme
1.5,,0.5,0.5,-0.3333333333333333,2.0,-1.16050902487749,0.001,0.005,stable,7,refinement,0.9702751222371377,,0,block,16384,201,-0.3152850217777071,SOURCE_RUN\raw\task-0077-dynamic-stable-nu3-N80-s201-refinement-099f960814\arrays.npz,80,student_t,3.0,dynamic,True,extreme
1.5,,0.5,0.5,-0.3333333333333333,2.0,-0.4680551102916277,0.001,0.01,stable,10,refinement,0.9070469239722744,,0,block,16384,201,-0.17492607568151824,SOURCE_RUN\raw\task-0081-dynamic-stable-nu3-N160-s201-refinement-987bf81fca\arrays.npz,160,student_t,3.0,dynamic,True,primary
1.5,,0.5,0.5,-0.3333333333333333,2.0,-0.7563960346408191,0.001,0.01,stable,10,refinement,0.9698366509092332,,0,block,16384,201,-0.25389322128364117,SOURCE_RUN\raw\task-0073-dynamic-stable-nu3-N40-s201-refinement-db83e14422\arrays.npz,40,student_t,3.0,dynamic,True,primary
1.5,,0.5,0.5,-0.3333333333333333,2.0,-1.0731856527482186,0.001,0.01,stable,10,refinement,0.9874664425711239,,0,block,16384,201,-0.30152581853044913,SOURCE_RUN\raw\task-0077-dynamic-stable-nu3-N80-s201-refinement-099f960814\arrays.npz,80,student_t,3.0,dynamic,True,primary
1.5,,0.5,0.5,-0.3333333333333333,2.0,-0.6089613885636999,0.002,0.02,stable,10,refinement,0.9779786602755406,,1,block,16384,201,-0.19560746855628097,SOURCE_RUN\raw\task-0081-dynamic-stable-nu3-N160-s201-refinement-987bf81fca\arrays.npz,160,student_t,3.0,dynamic,True,broad
1.5,,0.5,0.5,-0.3333333333333333,2.0,-0.6109310951576586,0.002,0.02,stable,10,refinement,0.9930281613239303,,1,block,16384,201,-0.19973339234109183,SOURCE_RUN\raw\task-0073-dynamic-stable-nu3-N40-s201-refinement-db83e14422\arrays.npz,40,student_t,3.0,dynamic,True,broad
1.5,,0.5,0.5,-0.3333333333333333,2.0,-0.7929435963852701,0.002,0.02,stable,10,refinement,0.9528160659903611,,1,block,16384,201,-0.23427933029102843,SOURCE_RUN\raw\task-0077-dynamic-stable-nu3-N80-s201-refinement-099f960814\arrays.npz,80,student_t,3.0,dynamic,True,broad
1.5,,0.5,0.5,-0.3333333333333333,2.0,-0.5249802755625883,0.001,0.005,stable,7,refinement,0.9197161376586027,,1,block,16384,201,-0.17939405848196066,SOURCE_RUN\raw\task-0081-dynamic-stable-nu3-N160-s201-refinement-987bf81fca\arrays.npz,160,student_t,3.0,dynamic,True,extreme
1.5,,0.5,0.5,-0.3333333333333333,2.0,-0.10079133618739393,0.001,0.005,stable,7,refinement,0.8416426395770079,,1,block,16384,201,-0.10963591807986567,SOURCE_RUN\raw\task-0073-dynamic-stable-nu3-N40-s201-refinement-db83e14422\arrays.npz,40,student_t,3.0,dynamic,True,extreme
1.5,,0.5,0.5,-0.3333333333333333,2.0,-0.5725095918663883,0.001,0.005,stable,7,refinement,0.9265787755265585,,1,block,16384,201,-0.19764303329879027,SOURCE_RUN\raw\task-0077-dynamic-stable-nu3-N80-s201-refinement-099f960814\arrays.npz,80,student_t,3.0,dynamic,True,extreme
1.5,,0.5,0.5,-0.3333333333333333,2.0,-0.5319352848888705,0.001,0.01,stable,10,refinement,0.9687508966420475,,1,block,16384,201,-0.18062455253666201,SOURCE_RUN\raw\task-0081-dynamic-stable-nu3-N160-s201-refinement-987bf81fca\arrays.npz,160,student_t,3.0,dynamic,True,primary
1.5,,0.5,0.5,-0.3333333333333333,2.0,-0.31777855986125636,0.001,0.01,stable,10,refinement,0.9280573244613073,,1,block,16384,201,-0.14401489451931043,SOURCE_RUN\raw\task-0073-dynamic-stable-nu3-N40-s201-refinement-db83e14422\arrays.npz,40,student_t,3.0,dynamic,True,primary
1.5,,0.5,0.5,-0.3333333333333333,2.0,-0.8477861076945225,0.001,0.01,stable,10,refinement,0.9659342898036507,,1,block,16384,201,-0.24090690129590428,SOURCE_RUN\raw\task-0077-dynamic-stable-nu3-N80-s201-refinement-099f960814\arrays.npz,80,student_t,3.0,dynamic,True,primary
1.5,,0.5,0.5,-0.3333333333333333,2.0,-0.8098631577274067,0.002,0.02,stable,10,refinement,0.9777970315498247,,2,block,16384,201,-0.23990429058053175,SOURCE_RUN\raw\task-0081-dynamic-stable-nu3-N160-s201-refinement-987bf81fca\arrays.npz,160,student_t,3.0,dynamic,True,broad
1.5,,0.5,0.5,-0.3333333333333333,2.0,-0.9042656081573878,0.002,0.02,stable,10,refinement,0.951767850884794,,2,block,16384,201,-0.25694803464123095,SOURCE_RUN\raw\task-0073-dynamic-stable-nu3-N40-s201-refinement-db83e14422\arrays.npz,40,student_t,3.0,dynamic,True,broad
1.5,,0.5,0.5,-0.3333333333333333,2.0,-0.8457492911524788,0.002,0.02,stable,10,refinement,0.9764266487727599,,2,block,16384,201,-0.2504599991465939,SOURCE_RUN\raw\task-0077-dynamic-stable-nu3-N80-s201-refinement-099f960814\arrays.npz,80,student_t,3.0,dynamic,True,broad
1.5,,0.5,0.5,-0.3333333333333333,2.0,-1.6977790033915454,0.001,0.005,stable,7,refinement,0.9576130565329157,,2,block,16384,201,-0.3966005888076321,SOURCE_RUN\raw\task-0081-dynamic-stable-nu3-N160-s201-refinement-987bf81fca\arrays.npz,160,student_t,3.0,dynamic,True,extreme
1.5,,0.5,0.5,-0.3333333333333333,2.0,-1.4121670727934426,0.001,0.005,stable,7,refinement,0.977935606049109,,2,block,16384,201,-0.3462391525132517,SOURCE_RUN\raw\task-0073-dynamic-stable-nu3-N40-s201-refinement-db83e14422\arrays.npz,40,student_t,3.0,dynamic,True,extreme
1.5,,0.5,0.5,-0.3333333333333333,2.0,-0.871350781297689,0.001,0.005,stable,7,refinement,0.9499733235725808,,2,block,16384,201,-0.25584153167187024,SOURCE_RUN\raw\task-0077-dynamic-stable-nu3-N80-s201-refinement-099f960814\arrays.npz,80,student_t,3.0,dynamic,True,extreme
1.5,,0.5,0.5,-0.3333333333333333,2.0,-1.398918723358595,0.001,0.01,stable,10,refinement,0.9717755343482564,,2,block,16384,201,-0.34946526791986615,SOURCE_RUN\raw\task-0081-dynamic-stable-nu3-N160-s201-refinement-987bf81fca\arrays.npz,160,student_t,3.0,dynamic,True,primary
1.5,,0.5,0.5,-0.3333333333333333,2.0,-1.3206440488768751,0.001,0.01,stable,10,refinement,0.9853371098317225,,2,block,16384,201,-0.33148765007683084,SOURCE_RUN\raw\task-0073-dynamic-stable-nu3-N40-s201-refinement-db83e14422\arrays.npz,40,student_t,3.0,dynamic,True,primary
1.5,,0.5,0.5,-0.3333333333333333,2.0,-0.9566309927577487,0.001,0.01,stable,10,refinement,0.9828205189245024,,2,block,16384,201,-0.2692735697899153,SOURCE_RUN\raw\task-0077-dynamic-stable-nu3-N80-s201-refinement-099f960814\arrays.npz,80,student_t,3.0,dynamic,True,primary
1.5,,0.5,0.5,-0.3333333333333333,2.0,-0.7431625611045636,0.002,0.02,stable,10,refinement,0.9640504264836206,,3,block,16384,201,-0.23298236788509985,SOURCE_RUN\raw\task-0081-dynamic-stable-nu3-N160-s201-refinement-987bf81fca\arrays.npz,160,student_t,3.0,dynamic,True,broad
1.5,,0.5,0.5,-0.3333333333333333,2.0,-0.5032725604259616,0.002,0.02,stable,10,refinement,0.9743375766815539,,3,block,16384,201,-0.16685810885284158,SOURCE_RUN\raw\task-0073-dynamic-stable-nu3-N40-s201-refinement-db83e14422\arrays.npz,40,student_t,3.0,dynamic,True,broad
1.5,,0.5,0.5,-0.3333333333333333,2.0,-0.3595819233835598,0.002,0.02,stable,10,refinement,0.9904194081062541,,3,block,16384,201,-0.14437439767387705,SOURCE_RUN\raw\task-0077-dynamic-stable-nu3-N80-s201-refinement-099f960814\arrays.npz,80,student_t,3.0,dynamic,True,broad
1.5,,0.5,0.5,-0.3333333333333333,2.0,-1.5096205672713863,0.001,0.005,stable,7,refinement,0.9677613842844409,,3,block,16384,201,-0.36949383569435995,SOURCE_RUN\raw\task-0081-dynamic-stable-nu3-N160-s201-refinement-987bf81fca\arrays.npz,160,student_t,3.0,dynamic,True,extreme
1.5,,0.5,0.5,-0.3333333333333333,2.0,-0.9944851780680359,0.001,0.005,stable,7,refinement,0.9900984215735423,,3,block,16384,201,-0.25175881121303384,SOURCE_RUN\raw\task-0073-dynamic-stable-nu3-N40-s201-refinement-db83e14422\arrays.npz,40,student_t,3.0,dynamic,True,extreme
1.5,,0.5,0.5,-0.3333333333333333,2.0,-0.7220122941248864,0.001,0.005,stable,7,refinement,0.9801643315120754,,3,block,16384,201,-0.2065630938526755,SOURCE_RUN\raw\task-0077-dynamic-stable-nu3-N80-s201-refinement-099f960814\arrays.npz,80,student_t,3.0,dynamic,True,extreme
1.5,,0.5,0.5,-0.3333333333333333,2.0,-1.3206560427887626,0.001,0.01,stable,10,refinement,0.9787532972191438,,3,block,16384,201,-0.3394443489162606,SOURCE_RUN\raw\task-0081-dynamic-stable-nu3-N160-s201-refinement-987bf81fca\arrays.npz,160,student_t,3.0,dynamic,True,primary
1.5,,0.5,0.5,-0.3333333333333333,2.0,-0.792812866852022,0.001,0.01,stable,10,refinement,0.9835725310613516,,3,block,16384,201,-0.2198925877585621,SOURCE_RUN\raw\task-0073-dynamic-stable-nu3-N40-s201-refinement-db83e14422\arrays.npz,40,student_t,3.0,dynamic,True,primary
1.5,,0.5,0.5,-0.3333333333333333,2.0,-0.49741695725694346,0.001,0.01,stable,10,refinement,0.9688888755021889,,3,block,16384,201,-0.1712388382520796,SOURCE_RUN\raw\task-0077-dynamic-stable-nu3-N80-s201-refinement-099f960814\arrays.npz,80,student_t,3.0,dynamic,True,primary
1.5,,0.5,0.5,-0.3333333333333333,2.0,-0.7182483990424372,0.002,0.02,stable,10,refinement,0.9865793570878311,,-1,full,65536,201,-0.22398222177261204,SOURCE_RUN\raw\task-0081-dynamic-stable-nu3-N160-s201-refinement-987bf81fca\arrays.npz,160,student_t,3.0,dynamic,True,broad
1.5,,0.5,0.5,-0.3333333333333333,2.0,-0.7255419770995438,0.002,0.02,stable,10,refinement,0.9881320407888762,,-1,full,65536,201,-0.22655990946846874,SOURCE_RUN\raw\task-0073-dynamic-stable-nu3-N40-s201-refinement-db83e14422\arrays.npz,40,student_t,3.0,dynamic,True,broad
1.5,,0.5,0.5,-0.3333333333333333,2.0,-0.7194469351010846,0.002,0.02,stable,10,refinement,0.988027434552917,,-1,full,65536,201,-0.22463807063014038,SOURCE_RUN\raw\task-0077-dynamic-stable-nu3-N80-s201-refinement-099f960814\arrays.npz,80,student_t,3.0,dynamic,True,broad
1.5,,0.5,0.5,-0.3333333333333333,2.0,-0.8704203814746734,0.001,0.005,stable,7,refinement,0.9909265410607755,,-1,full,65536,201,-0.25087305582529323,SOURCE_RUN\raw\task-0081-dynamic-stable-nu3-N160-s201-refinement-987bf81fca\arrays.npz,160,student_t,3.0,dynamic,True,extreme
1.5,,0.5,0.5,-0.3333333333333333,2.0,-0.8507757100628648,0.001,0.005,stable,7,refinement,0.99021897461083,,-1,full,65536,201,-0.24896669732239146,SOURCE_RUN\raw\task-0073-dynamic-stable-nu3-N40-s201-refinement-db83e14422\arrays.npz,40,student_t,3.0,dynamic,True,extreme
1.5,,0.5,0.5,-0.3333333333333333,2.0,-0.8681673025182719,0.001,0.005,stable,7,refinement,0.9911658070108892,,-1,full,65536,201,-0.2509083435352799,SOURCE_RUN\raw\task-0077-dynamic-stable-nu3-N80-s201-refinement-099f960814\arrays.npz,80,student_t,3.0,dynamic,True,extreme
1.5,,0.5,0.5,-0.3333333333333333,2.0,-0.8668591309501206,0.001,0.01,stable,10,refinement,0.9965348641289984,,-1,full,65536,201,-0.25026017177293447,SOURCE_RUN\raw\task-0081-dynamic-stable-nu3-N160-s201-refinement-987bf81fca\arrays.npz,160,student_t,3.0,dynamic,True,primary
1.5,,0.5,0.5,-0.3333333333333333,2.0,-0.8636080107925405,0.001,0.01,stable,10,refinement,0.9963781665421869,,-1,full,65536,201,-0.25093481707600085,SOURCE_RUN\raw\task-0073-dynamic-stable-nu3-N40-s201-refinement-db83e14422\arrays.npz,40,student_t,3.0,dynamic,True,primary
1.5,,0.5,0.5,-0.3333333333333333,2.0,-0.8632100687361774,0.001,0.01,stable,10,refinement,0.9966949636960055,,-1,full,65536,201,-0.2500812922478233,SOURCE_RUN\raw\task-0077-dynamic-stable-nu3-N80-s201-refinement-099f960814\arrays.npz,80,student_t,3.0,dynamic,True,primary
1.5,,0.5,0.5,-0.3333333333333333,2.0,-0.6540301476290841,0.002,0.02,stable,10,refinement,0.983242712300747,,-1,nested,16384,201,-0.21172913831832751,SOURCE_RUN\raw\task-0081-dynamic-stable-nu3-N160-s201-refinement-987bf81fca\arrays.npz,160,student_t,3.0,dynamic,True,broad
1.5,,0.5,0.5,-0.3333333333333333,2.0,-0.8921209614572861,0.002,0.02,stable,10,refinement,0.9906860288668026,,-1,nested,16384,201,-0.28165627108237573,SOURCE_RUN\raw\task-0073-dynamic-stable-nu3-N40-s201-refinement-db83e14422\arrays.npz,40,student_t,3.0,dynamic,True,broad
1.5,,0.5,0.5,-0.3333333333333333,2.0,-0.8230746760435946,0.002,0.02,stable,10,refinement,0.9874437261839565,,-1,nested,16384,201,-0.25665909144012544,SOURCE_RUN\raw\task-0077-dynamic-stable-nu3-N80-s201-refinement-099f960814\arrays.npz,80,student_t,3.0,dynamic,True,broad
1.5,,0.5,0.5,-0.3333333333333333,2.0,-0.24825346219357805,0.001,0.005,stable,7,refinement,0.7277812649153874,,-1,nested,16384,201,-0.14025746122264393,SOURCE_RUN\raw\task-0081-dynamic-stable-nu3-N160-s201-refinement-987bf81fca\arrays.npz,160,student_t,3.0,dynamic,True,extreme
1.5,,0.5,0.5,-0.3333333333333333,2.0,-0.445405914179937,0.001,0.005,stable,7,refinement,0.958393869866229,,-1,nested,16384,201,-0.20510561753599926,SOURCE_RUN\raw\task-0073-dynamic-stable-nu3-N40-s201-refinement-db83e14422\arrays.npz,40,student_t,3.0,dynamic,True,extreme
1.5,,0.5,0.5,-0.3333333333333333,2.0,-1.16050902487749,0.001,0.005,stable,7,refinement,0.9702751222371377,,-1,nested,16384,201,-0.3152850217777071,SOURCE_RUN\raw\task-0077-dynamic-stable-nu3-N80-s201-refinement-099f960814\arrays.npz,80,student_t,3.0,dynamic,True,extreme
1.5,,0.5,0.5,-0.3333333333333333,2.0,-0.4680551102916277,0.001,0.01,stable,10,refinement,0.9070469239722744,,-1,nested,16384,201,-0.17492607568151824,SOURCE_RUN\raw\task-0081-dynamic-stable-nu3-N160-s201-refinement-987bf81fca\arrays.npz,160,student_t,3.0,dynamic,True,primary
1.5,,0.5,0.5,-0.3333333333333333,2.0,-0.7563960346408191,0.001,0.01,stable,10,refinement,0.9698366509092332,,-1,nested,16384,201,-0.25389322128364117,SOURCE_RUN\raw\task-0073-dynamic-stable-nu3-N40-s201-refinement-db83e14422\arrays.npz,40,student_t,3.0,dynamic,True,primary
1.5,,0.5,0.5,-0.3333333333333333,2.0,-1.0731856527482186,0.001,0.01,stable,10,refinement,0.9874664425711239,,-1,nested,16384,201,-0.30152581853044913,SOURCE_RUN\raw\task-0077-dynamic-stable-nu3-N80-s201-refinement-099f960814\arrays.npz,80,student_t,3.0,dynamic,True,primary
1.5,,0.5,0.5,-0.3333333333333333,2.0,-0.6511480782880793,0.002,0.02,stable,10,refinement,0.9866897900051906,,-1,nested,32768,201,-0.20869157334873853,SOURCE_RUN\raw\task-0081-dynamic-stable-nu3-N160-s201-refinement-987bf81fca\arrays.npz,160,student_t,3.0,dynamic,True,broad
1.5,,0.5,0.5,-0.3333333333333333,2.0,-0.7250379736737198,0.002,0.02,stable,10,refinement,0.9961989120546564,,-1,nested,32768,201,-0.23438580123011593,SOURCE_RUN\raw\task-0073-dynamic-stable-nu3-N40-s201-refinement-db83e14422\arrays.npz,40,student_t,3.0,dynamic,True,broad
1.5,,0.5,0.5,-0.3333333333333333,2.0,-0.8129733725073097,0.002,0.02,stable,10,refinement,0.9804708240119424,,-1,nested,32768,201,-0.24672262383577623,SOURCE_RUN\raw\task-0077-dynamic-stable-nu3-N80-s201-refinement-099f960814\arrays.npz,80,student_t,3.0,dynamic,True,broad
1.5,,0.5,0.5,-0.3333333333333333,2.0,-0.38776300217698595,0.001,0.005,stable,7,refinement,0.8247756816932033,,-1,nested,32768,201,-0.16165352902467914,SOURCE_RUN\raw\task-0081-dynamic-stable-nu3-N160-s201-refinement-987bf81fca\arrays.npz,160,student_t,3.0,dynamic,True,extreme
1.5,,0.5,0.5,-0.3333333333333333,2.0,-0.6358932763147765,0.001,0.005,stable,7,refinement,0.9548802193725696,,-1,nested,32768,201,-0.21887523844474793,SOURCE_RUN\raw\task-0073-dynamic-stable-nu3-N40-s201-refinement-db83e14422\arrays.npz,40,student_t,3.0,dynamic,True,extreme
1.5,,0.5,0.5,-0.3333333333333333,2.0,-0.7900244797204774,0.001,0.005,stable,7,refinement,0.9776230602754168,,-1,nested,32768,201,-0.24411553509177908,SOURCE_RUN\raw\task-0077-dynamic-stable-nu3-N80-s201-refinement-099f960814\arrays.npz,80,student_t,3.0,dynamic,True,extreme
1.5,,0.5,0.5,-0.3333333333333333,2.0,-0.5112536260050118,0.001,0.01,stable,10,refinement,0.9393725547955036,,-1,nested,32768,201,-0.1811832300034601,SOURCE_RUN\raw\task-0081-dynamic-stable-nu3-N160-s201-refinement-987bf81fca\arrays.npz,160,student_t,3.0,dynamic,True,primary
1.5,,0.5,0.5,-0.3333333333333333,2.0,-0.6999899941220943,0.001,0.01,stable,10,refinement,0.984004429015067,,-1,nested,32768,201,-0.22896951049646527,SOURCE_RUN\raw\task-0073-dynamic-stable-nu3-N40-s201-refinement-db83e14422\arrays.npz,40,student_t,3.0,dynamic,True,primary
1.5,,0.5,0.5,-0.3333333333333333,2.0,-0.9262954497962417,0.001,0.01,stable,10,refinement,0.989308078878162,,-1,nested,32768,201,-0.26550096314659566,SOURCE_RUN\raw\task-0077-dynamic-stable-nu3-N80-s201-refinement-099f960814\arrays.npz,80,student_t,3.0,dynamic,True,primary
1.5,,0.5,0.5,-0.3333333333333333,2.0,-0.5701453976605836,0.002,0.02,stable,10,refinement,0.9632465318106701,,0,block,16384,202,-0.1832357629730552,SOURCE_RUN\raw\task-0082-dynamic-stable-nu3-N160-s202-refinement-135253af90\arrays.npz,160,student_t,3.0,dynamic,True,broad
1.5,,0.5,0.5,-0.3333333333333333,2.0,-0.717276664623258,0.002,0.02,stable,10,refinement,0.9691879988702701,,0,block,16384,202,-0.21575691641003605,SOURCE_RUN\raw\task-0074-dynamic-stable-nu3-N40-s202-refinement-9c397be7fa\arrays.npz,40,student_t,3.0,dynamic,True,broad
1.5,,0.5,0.5,-0.3333333333333333,2.0,-0.8408083930444449,0.002,0.02,stable,10,refinement,0.9536391690923617,,0,block,16384,202,-0.2448302840262345,SOURCE_RUN\raw\task-0078-dynamic-stable-nu3-N80-s202-refinement-ba49bc5bb5\arrays.npz,80,student_t,3.0,dynamic,True,broad
1.5,,0.5,0.5,-0.3333333333333333,2.0,-0.5027576385667197,0.001,0.005,stable,7,refinement,0.9109625568679129,,0,block,16384,202,-0.17230962981742418,SOURCE_RUN\raw\task-0082-dynamic-stable-nu3-N160-s202-refinement-135253af90\arrays.npz,160,student_t,3.0,dynamic,True,extreme
1.5,,0.5,0.5,-0.3333333333333333,2.0,-0.6109845717838929,0.001,0.005,stable,7,refinement,0.9032865892994907,,0,block,16384,202,-0.19932788839638896,SOURCE_RUN\raw\task-0074-dynamic-stable-nu3-N40-s202-refinement-9c397be7fa\arrays.npz,40,student_t,3.0,dynamic,True,extreme
1.5,,0.5,0.5,-0.3333333333333333,2.0,-1.0195953104947046,0.001,0.005,stable,7,refinement,0.9563437888542953,,0,block,16384,202,-0.277408128671116,SOURCE_RUN\raw\task-0078-dynamic-stable-nu3-N80-s202-refinement-ba49bc5bb5\arrays.npz,80,student_t,3.0,dynamic,True,extreme
1.5,,0.5,0.5,-0.3333333333333333,2.0,-0.6302535291977244,0.001,0.01,stable,10,refinement,0.9670130017411379,,0,block,16384,202,-0.1924543540907641,SOURCE_RUN\raw\task-0082-dynamic-stable-nu3-N160-s202-refinement-135253af90\arrays.npz,160,student_t,3.0,dynamic,True,primary
1.5,,0.5,0.5,-0.3333333333333333,2.0,-0.7838755173888777,0.001,0.01,stable,10,refinement,0.9629332537136082,,0,block,16384,202,-0.22644969601109471,SOURCE_RUN\raw\task-0074-dynamic-stable-nu3-N40-s202-refinement-9c397be7fa\arrays.npz,40,student_t,3.0,dynamic,True,primary
1.5,,0.5,0.5,-0.3333333333333333,2.0,-1.0815280940151688,0.001,0.01,stable,10,refinement,0.9775546298809077,,0,block,16384,202,-0.2868105174179292,SOURCE_RUN\raw\task-0078-dynamic-stable-nu3-N80-s202-refinement-ba49bc5bb5\arrays.npz,80,student_t,3.0,dynamic,True,primary
1.5,,0.5,0.5,-0.3333333333333333,2.0,-0.6626615541749165,0.002,0.02,stable,10,refinement,0.9641261070567754,,1,block,16384,202,-0.2057140692352422,SOURCE_RUN\raw\task-0082-dynamic-stable-nu3-N160-s202-refinement-135253af90\arrays.npz,160,student_t,3.0,dynamic,True,broad
1.5,,0.5,0.5,-0.3333333333333333,2.0,-0.6004070269449386,0.002,0.02,stable,10,refinement,0.9897744915485506,,1,block,16384,202,-0.18428685653056215,SOURCE_RUN\raw\task-0074-dynamic-stable-nu3-N40-s202-refinement-9c397be7fa\arrays.npz,40,student_t,3.0,dynamic,True,broad
1.5,,0.5,0.5,-0.3333333333333333,2.0,-0.5540859859083778,0.002,0.02,stable,10,refinement,0.9814962730065212,,1,block,16384,202,-0.18659590827039244,SOURCE_RUN\raw\task-0078-dynamic-stable-nu3-N80-s202-refinement-ba49bc5bb5\arrays.npz,80,student_t,3.0,dynamic,True,broad
1.5,,0.5,0.5,-0.3333333333333333,2.0,-0.9270106348588969,0.001,0.005,stable,7,refinement,0.8818410870222412,,1,block,16384,202,-0.2551788210781909,SOURCE_RUN\raw\task-0082-dynamic-stable-nu3-N160-s202-refinement-135253af90\arrays.npz,160,student_t,3.0,dynamic,True,extreme
1.5,,0.5,0.5,-0.3333333333333333,2.0,-0.5036872953932962,0.001,0.005,stable,7,refinement,0.8629601345999771,,1,block,16384,202,-0.1697047396225284,SOURCE_RUN\raw\task-0074-dynamic-stable-nu3-N40-s202-refinement-9c397be7fa\arrays.npz,40,student_t,3.0,dynamic,True,extreme
1.5,,0.5,0.5,-0.3333333333333333,2.0,-0.8314311277520765,0.001,0.005,stable,7,refinement,0.8089476966553714,,1,block,16384,202,-0.234349883384647,SOURCE_RUN\raw\task-0078-dynamic-stable-nu3-N80-s202-refinement-ba49bc5bb5\arrays.npz,80,student_t,3.0,dynamic,True,extreme
1.5,,0.5,0.5,-0.3333333333333333,2.0,-0.851747083426742,0.001,0.01,stable,10,refinement,0.9506122540193606,,1,block,16384,202,-0.24334016692528146,SOURCE_RUN\raw\task-0082-dynamic-stable-nu3-N160-s202-refinement-135253af90\arrays.npz,160,student_t,3.0,dynamic,True,primary
1.5,,0.5,0.5,-0.3333333333333333,2.0,-0.6111761569787608,0.001,0.01,stable,10,refinement,0.9514011799727181,,1,block,16384,202,-0.18662185295134626,SOURCE_RUN\raw\task-0074-dynamic-stable-nu3-N40-s202-refinement-9c397be7fa\arrays.npz,40,student_t,3.0,dynamic,True,primary
1.5,,0.5,0.5,-0.3333333333333333,2.0,-0.7042506837538213,0.001,0.01,stable,10,refinement,0.9065417012398485,,1,block,16384,202,-0.21448404189523812,SOURCE_RUN\raw\task-0078-dynamic-stable-nu3-N80-s202-refinement-ba49bc5bb5\arrays.npz,80,student_t,3.0,dynamic,True,primary
1.5,,0.5,0.5,-0.3333333333333333,2.0,-0.8369676934182795,0.002,0.02,stable,10,refinement,0.959508786150711,,2,block,16384,202,-0.25699442397535355,SOURCE_RUN\raw\task-0082-dynamic-stable-nu3-N160-s202-refinement-135253af90\arrays.npz,160,student_t,3.0,dynamic,True,broad
1.5,,0.5,0.5,-0.3333333333333333,2.0,-0.6729996416791891,0.002,0.02,stable,10,refinement,0.9587755659174374,,2,block,16384,202,-0.22432157235258005,SOURCE_RUN\raw\task-0074-dynamic-stable-nu3-N40-s202-refinement-9c397be7fa\arrays.npz,40,student_t,3.0,dynamic,True,broad
1.5,,0.5,0.5,-0.3333333333333333,2.0,-0.8587234563734196,0.002,0.02,stable,10,refinement,0.9823754152377541,,2,block,16384,202,-0.26130479683584157,SOURCE_RUN\raw\task-0078-dynamic-stable-nu3-N80-s202-refinement-ba49bc5bb5\arrays.npz,80,student_t,3.0,dynamic,True,broad
1.5,,0.5,0.5,-0.3333333333333333,2.0,-0.8303176047460841,0.001,0.005,stable,7,refinement,0.9590852599034327,,2,block,16384,202,-0.2571048054415859,SOURCE_RUN\raw\task-0082-dynamic-stable-nu3-N160-s202-refinement-135253af90\arrays.npz,160,student_t,3.0,dynamic,True,extreme
1.5,,0.5,0.5,-0.3333333333333333,2.0,-1.1896838901285678,0.001,0.005,stable,7,refinement,0.9839359573895197,,2,block,16384,202,-0.31786089952562724,SOURCE_RUN\raw\task-0074-dynamic-stable-nu3-N40-s202-refinement-9c397be7fa\arrays.npz,40,student_t,3.0,dynamic,True,extreme
1.5,,0.5,0.5,-0.3333333333333333,2.0,-1.1156997965821027,0.001,0.005,stable,7,refinement,0.9715323791339142,,2,block,16384,202,-0.30727100313754785,SOURCE_RUN\raw\task-0078-dynamic-stable-nu3-N80-s202-refinement-ba49bc5bb5\arrays.npz,80,student_t,3.0,dynamic,True,extreme
1.5,,0.5,0.5,-0.3333333333333333,2.0,-0.9933351571157623,0.001,0.01,stable,10,refinement,0.9834562761796746,,2,block,16384,202,-0.2826737793992139,SOURCE_RUN\raw\task-0082-dynamic-stable-nu3-N160-s202-refinement-135253af90\arrays.npz,160,student_t,3.0,dynamic,True,primary
1.5,,0.5,0.5,-0.3333333333333333,2.0,-1.1143805493915722,0.001,0.01,stable,10,refinement,0.9868960203447802,,2,block,16384,202,-0.3056709374785301,SOURCE_RUN\raw\task-0074-dynamic-stable-nu3-N40-s202-refinement-9c397be7fa\arrays.npz,40,student_t,3.0,dynamic,True,primary
1.5,,0.5,0.5,-0.3333333333333333,2.0,-1.0975726188344948,0.001,0.01,stable,10,refinement,0.9893634008893598,,2,block,16384,202,-0.3044496742845443,SOURCE_RUN\raw\task-0078-dynamic-stable-nu3-N80-s202-refinement-ba49bc5bb5\arrays.npz,80,student_t,3.0,dynamic,True,primary
1.5,,0.5,0.5,-0.3333333333333333,2.0,-0.9001321998096947,0.002,0.02,stable,10,refinement,0.9683714084698335,,3,block,16384,202,-0.2621590333764065,SOURCE_RUN\raw\task-0082-dynamic-stable-nu3-N160-s202-refinement-135253af90\arrays.npz,160,student_t,3.0,dynamic,True,broad
1.5,,0.5,0.5,-0.3333333333333333,2.0,-1.0292292623761847,0.002,0.02,stable,10,refinement,0.9839777559733344,,3,block,16384,202,-0.2977271495500664,SOURCE_RUN\raw\task-0074-dynamic-stable-nu3-N40-s202-refinement-9c397be7fa\arrays.npz,40,student_t,3.0,dynamic,True,broad
1.5,,0.5,0.5,-0.3333333333333333,2.0,-0.7688534838347973,0.002,0.02,stable,10,refinement,0.9684909894410241,,3,block,16384,202,-0.23060037614732412,SOURCE_RUN\raw\task-0078-dynamic-stable-nu3-N80-s202-refinement-ba49bc5bb5\arrays.npz,80,student_t,3.0,dynamic,True,broad
1.5,,0.5,0.5,-0.3333333333333333,2.0,-0.7656210437001884,0.001,0.005,stable,7,refinement,0.9523840333222963,,3,block,16384,202,-0.2413807666945845,SOURCE_RUN\raw\task-0082-dynamic-stable-nu3-N160-s202-refinement-135253af90\arrays.npz,160,student_t,3.0,dynamic,True,extreme
1.5,,0.5,0.5,-0.3333333333333333,2.0,-0.8642285189643446,0.001,0.005,stable,7,refinement,0.9238424553721292,,3,block,16384,202,-0.26929006833035624,SOURCE_RUN\raw\task-0074-dynamic-stable-nu3-N40-s202-refinement-9c397be7fa\arrays.npz,40,student_t,3.0,dynamic,True,extreme
1.5,,0.5,0.5,-0.3333333333333333,2.0,-0.5053801810067822,0.001,0.005,stable,7,refinement,0.8135791714947394,,3,block,16384,202,-0.1850150224975662,SOURCE_RUN\raw\task-0078-dynamic-stable-nu3-N80-s202-refinement-ba49bc5bb5\arrays.npz,80,student_t,3.0,dynamic,True,extreme
1.5,,0.5,0.5,-0.3333333333333333,2.0,-0.9836899199822138,0.001,0.01,stable,10,refinement,0.977854271556966,,3,block,16384,202,-0.2755584061787,SOURCE_RUN\raw\task-0082-dynamic-stable-nu3-N160-s202-refinement-135253af90\arrays.npz,160,student_t,3.0,dynamic,True,primary
1.5,,0.5,0.5,-0.3333333333333333,2.0,-1.0188849702404308,0.001,0.01,stable,10,refinement,0.9710877954795818,,3,block,16384,202,-0.29383471154511454,SOURCE_RUN\raw\task-0074-dynamic-stable-nu3-N40-s202-refinement-9c397be7fa\arrays.npz,40,student_t,3.0,dynamic,True,primary
1.5,,0.5,0.5,-0.3333333333333333,2.0,-0.700430226112473,0.001,0.01,stable,10,refinement,0.9341614392086625,,3,block,16384,202,-0.21575939025605229,SOURCE_RUN\raw\task-0078-dynamic-stable-nu3-N80-s202-refinement-ba49bc5bb5\arrays.npz,80,student_t,3.0,dynamic,True,primary
1.5,,0.5,0.5,-0.3333333333333333,2.0,-0.7685066041234363,0.002,0.02,stable,10,refinement,0.9835879640568962,,-1,full,65536,202,-0.23365243990203757,SOURCE_RUN\raw\task-0082-dynamic-stable-nu3-N160-s202-refinement-135253af90\arrays.npz,160,student_t,3.0,dynamic,True,broad
1.5,,0.5,0.5,-0.3333333333333333,2.0,-0.7742823683970301,0.002,0.02,stable,10,refinement,0.9844790209256257,,-1,full,65536,202,-0.23583989052372978,SOURCE_RUN\raw\task-0074-dynamic-stable-nu3-N40-s202-refinement-9c397be7fa\arrays.npz,40,student_t,3.0,dynamic,True,broad
1.5,,0.5,0.5,-0.3333333333333333,2.0,-0.7730350866120556,0.002,0.02,stable,10,refinement,0.9833659668367244,,-1,full,65536,202,-0.2349171928360303,SOURCE_RUN\raw\task-0078-dynamic-stable-nu3-N80-s202-refinement-ba49bc5bb5\arrays.npz,80,student_t,3.0,dynamic,True,broad
1.5,,0.5,0.5,-0.3333333333333333,2.0,-0.8832118210198985,0.001,0.005,stable,7,refinement,0.9845963851902958,,-1,full,65536,202,-0.25425553446425203,SOURCE_RUN\raw\task-0082-dynamic-stable-nu3-N160-s202-refinement-135253af90\arrays.npz,160,student_t,3.0,dynamic,True,extreme
1.5,,0.5,0.5,-0.3333333333333333,2.0,-0.9132672935249164,0.001,0.005,stable,7,refinement,0.9850984067227084,,-1,full,65536,202,-0.2604690175022107,SOURCE_RUN\raw\task-0074-dynamic-stable-nu3-N40-s202-refinement-9c397be7fa\arrays.npz,40,student_t,3.0,dynamic,True,extreme
1.5,,0.5,0.5,-0.3333333333333333,2.0,-0.8919863272135584,0.001,0.005,stable,7,refinement,0.9858817505186787,,-1,full,65536,202,-0.2562627648714097,SOURCE_RUN\raw\task-0078-dynamic-stable-nu3-N80-s202-refinement-ba49bc5bb5\arrays.npz,80,student_t,3.0,dynamic,True,extreme
1.5,,0.5,0.5,-0.3333333333333333,2.0,-0.9138205636888567,0.001,0.01,stable,10,refinement,0.9943678573758953,,-1,full,65536,202,-0.2590448504355389,SOURCE_RUN\raw\task-0082-dynamic-stable-nu3-N160-s202-refinement-135253af90\arrays.npz,160,student_t,3.0,dynamic,True,primary
1.5,,0.5,0.5,-0.3333333333333333,2.0,-0.9274051621303481,0.001,0.01,stable,10,refinement,0.9947004900854008,,-1,full,65536,202,-0.26267689878544603,SOURCE_RUN\raw\task-0074-dynamic-stable-nu3-N40-s202-refinement-9c397be7fa\arrays.npz,40,student_t,3.0,dynamic,True,primary
1.5,,0.5,0.5,-0.3333333333333333,2.0,-0.9236497161933249,0.001,0.01,stable,10,refinement,0.9947767431817138,,-1,full,65536,202,-0.26121863108309656,SOURCE_RUN\raw\task-0078-dynamic-stable-nu3-N80-s202-refinement-ba49bc5bb5\arrays.npz,80,student_t,3.0,dynamic,True,primary
1.5,,0.5,0.5,-0.3333333333333333,2.0,-0.5701453976605836,0.002,0.02,stable,10,refinement,0.9632465318106701,,-1,nested,16384,202,-0.1832357629730552,SOURCE_RUN\raw\task-0082-dynamic-stable-nu3-N160-s202-refinement-135253af90\arrays.npz,160,student_t,3.0,dynamic,True,broad
1.5,,0.5,0.5,-0.3333333333333333,2.0,-0.717276664623258,0.002,0.02,stable,10,refinement,0.9691879988702701,,-1,nested,16384,202,-0.21575691641003605,SOURCE_RUN\raw\task-0074-dynamic-stable-nu3-N40-s202-refinement-9c397be7fa\arrays.npz,40,student_t,3.0,dynamic,True,broad
1.5,,0.5,0.5,-0.3333333333333333,2.0,-0.8408083930444449,0.002,0.02,stable,10,refinement,0.9536391690923617,,-1,nested,16384,202,-0.2448302840262345,SOURCE_RUN\raw\task-0078-dynamic-stable-nu3-N80-s202-refinement-ba49bc5bb5\arrays.npz,80,student_t,3.0,dynamic,True,broad
1.5,,0.5,0.5,-0.3333333333333333,2.0,-0.5027576385667197,0.001,0.005,stable,7,refinement,0.9109625568679129,,-1,nested,16384,202,-0.17230962981742418,SOURCE_RUN\raw\task-0082-dynamic-stable-nu3-N160-s202-refinement-135253af90\arrays.npz,160,student_t,3.0,dynamic,True,extreme
1.5,,0.5,0.5,-0.3333333333333333,2.0,-0.6109845717838929,0.001,0.005,stable,7,refinement,0.9032865892994907,,-1,nested,16384,202,-0.19932788839638896,SOURCE_RUN\raw\task-0074-dynamic-stable-nu3-N40-s202-refinement-9c397be7fa\arrays.npz,40,student_t,3.0,dynamic,True,extreme
1.5,,0.5,0.5,-0.3333333333333333,2.0,-1.0195953104947046,0.001,0.005,stable,7,refinement,0.9563437888542953,,-1,nested,16384,202,-0.277408128671116,SOURCE_RUN\raw\task-0078-dynamic-stable-nu3-N80-s202-refinement-ba49bc5bb5\arrays.npz,80,student_t,3.0,dynamic,True,extreme
1.5,,0.5,0.5,-0.3333333333333333,2.0,-0.6302535291977244,0.001,0.01,stable,10,refinement,0.9670130017411379,,-1,nested,16384,202,-0.1924543540907641,SOURCE_RUN\raw\task-0082-dynamic-stable-nu3-N160-s202-refinement-135253af90\arrays.npz,160,student_t,3.0,dynamic,True,primary
1.5,,0.5,0.5,-0.3333333333333333,2.0,-0.7838755173888777,0.001,0.01,stable,10,refinement,0.9629332537136082,,-1,nested,16384,202,-0.22644969601109471,SOURCE_RUN\raw\task-0074-dynamic-stable-nu3-N40-s202-refinement-9c397be7fa\arrays.npz,40,student_t,3.0,dynamic,True,primary
1.5,,0.5,0.5,-0.3333333333333333,2.0,-1.0815280940151688,0.001,0.01,stable,10,refinement,0.9775546298809077,,-1,nested,16384,202,-0.2868105174179292,SOURCE_RUN\raw\task-0078-dynamic-stable-nu3-N80-s202-refinement-ba49bc5bb5\arrays.npz,80,student_t,3.0,dynamic,True,primary
1.5,,0.5,0.5,-0.3333333333333333,2.0,-0.6212423338437159,0.002,0.02,stable,10,refinement,0.983885944576514,,-1,nested,32768,202,-0.1959970333884476,SOURCE_RUN\raw\task-0082-dynamic-stable-nu3-N160-s202-refinement-135253af90\arrays.npz,160,student_t,3.0,dynamic,True,broad
1.5,,0.5,0.5,-0.3333333333333333,2.0,-0.6945661007718122,0.002,0.02,stable,10,refinement,0.9813548931154539,,-1,nested,32768,202,-0.2082180399937058,SOURCE_RUN\raw\task-0074-dynamic-stable-nu3-N40-s202-refinement-9c397be7fa\arrays.npz,40,student_t,3.0,dynamic,True,broad
1.5,,0.5,0.5,-0.3333333333333333,2.0,-0.6845936346344635,0.002,0.02,stable,10,refinement,0.9808677192564881,,-1,nested,32768,202,-0.21305352861407864,SOURCE_RUN\raw\task-0078-dynamic-stable-nu3-N80-s202-refinement-ba49bc5bb5\arrays.npz,80,student_t,3.0,dynamic,True,broad
1.5,,0.5,0.5,-0.3333333333333333,2.0,-0.722112352916065,0.001,0.005,stable,7,refinement,0.9577586528029963,,-1,nested,32768,202,-0.21550557928274738,SOURCE_RUN\raw\task-0082-dynamic-stable-nu3-N160-s202-refinement-135253af90\arrays.npz,160,student_t,3.0,dynamic,True,extreme
1.5,,0.5,0.5,-0.3333333333333333,2.0,-0.5431268363624457,0.001,0.005,stable,7,refinement,0.9380199848255827,,-1,nested,32768,202,-0.18284892228595126,SOURCE_RUN\raw\task-0074-dynamic-stable-nu3-N40-s202-refinement-9c397be7fa\arrays.npz,40,student_t,3.0,dynamic,True,extreme
1.5,,0.5,0.5,-0.3333333333333333,2.0,-0.9527703363502182,0.001,0.005,stable,7,refinement,0.957873289359583,,-1,nested,32768,202,-0.2614295072020681,SOURCE_RUN\raw\task-0078-dynamic-stable-nu3-N80-s202-refinement-ba49bc5bb5\arrays.npz,80,student_t,3.0,dynamic,True,extreme
1.5,,0.5,0.5,-0.3333333333333333,2.0,-0.7356399875429024,0.001,0.01,stable,10,refinement,0.9831358669000144,,-1,nested,32768,202,-0.21767771950408674,SOURCE_RUN\raw\task-0082-dynamic-stable-nu3-N160-s202-refinement-135253af90\arrays.npz,160,student_t,3.0,dynamic,True,primary
1.5,,0.5,0.5,-0.3333333333333333,2.0,-0.7016086451642544,0.001,0.01,stable,10,refinement,0.974615612059386,,-1,nested,32768,202,-0.20775749030096863,SOURCE_RUN\raw\task-0074-dynamic-stable-nu3-N40-s202-refinement-9c397be7fa\arrays.npz,40,student_t,3.0,dynamic,True,primary
1.5,,0.5,0.5,-0.3333333333333333,2.0,-0.9204154110757975,0.001,0.01,stable,10,refinement,0.9832311761181061,,-1,nested,32768,202,-0.25627000438864844,SOURCE_RUN\raw\task-0078-dynamic-stable-nu3-N80-s202-refinement-ba49bc5bb5\arrays.npz,80,student_t,3.0,dynamic,True,primary
1.5,,0.5,0.5,-0.3333333333333333,2.0,-0.4967187942456521,0.002,0.02,stable,10,refinement,0.947830913085188,,0,block,16384,203,-0.16555882860799775,SOURCE_RUN\raw\task-0083-dynamic-stable-nu3-N160-s203-refinement-5b8b268c83\arrays.npz,160,student_t,3.0,dynamic,True,broad
1.5,,0.5,0.5,-0.3333333333333333,2.0,-0.5340235996800374,0.002,0.02,stable,10,refinement,0.9546851882378763,,0,block,16384,203,-0.18235887832232336,SOURCE_RUN\raw\task-0075-dynamic-stable-nu3-N40-s203-refinement-f03b23c000\arrays.npz,40,student_t,3.0,dynamic,True,broad
1.5,,0.5,0.5,-0.3333333333333333,2.0,-0.3308968711884327,0.002,0.02,stable,10,refinement,0.9244978652323936,,0,block,16384,203,-0.11667870543067686,SOURCE_RUN\raw\task-0079-dynamic-stable-nu3-N80-s203-refinement-f82f645ca2\arrays.npz,80,student_t,3.0,dynamic,True,broad
1.5,,0.5,0.5,-0.3333333333333333,2.0,-1.585593714908361,0.001,0.005,stable,7,refinement,0.955625742545452,,0,block,16384,203,-0.3550311286406765,SOURCE_RUN\raw\task-0083-dynamic-stable-nu3-N160-s203-refinement-5b8b268c83\arrays.npz,160,student_t,3.0,dynamic,True,extreme
1.5,,0.5,0.5,-0.3333333333333333,2.0,-1.3132866983165672,0.001,0.005,stable,7,refinement,0.97495131224351,,0,block,16384,203,-0.318205838668953,SOURCE_RUN\raw\task-0075-dynamic-stable-nu3-N40-s203-refinement-f03b23c000\arrays.npz,40,student_t,3.0,dynamic,True,extreme
1.5,,0.5,0.5,-0.3333333333333333,2.0,-0.5686369686535718,0.001,0.005,stable,7,refinement,0.8152620854830772,,0,block,16384,203,-0.16015016820293573,SOURCE_RUN\raw\task-0079-dynamic-stable-nu3-N80-s203-refinement-f82f645ca2\arrays.npz,80,student_t,3.0,dynamic,True,extreme
1.5,,0.5,0.5,-0.3333333333333333,2.0,-1.0659446067495952,0.001,0.01,stable,10,refinement,0.9214803846454737,,0,block,16384,203,-0.2727974245801788,SOURCE_RUN\raw\task-0083-dynamic-stable-nu3-N160-s203-refinement-5b8b268c83\arrays.npz,160,student_t,3.0,dynamic,True,primary
1.5,,0.5,0.5,-0.3333333333333333,2.0,-0.9868137866613499,0.001,0.01,stable,10,refinement,0.962821649382334,,0,block,16384,203,-0.26649515050762435,SOURCE_RUN\raw\task-0075-dynamic-stable-nu3-N40-s203-refinement-f03b23c000\arrays.npz,40,student_t,3.0,dynamic,True,primary
1.5,,0.5,0.5,-0.3333333333333333,2.0,-0.5046079372342575,0.001,0.01,stable,10,refinement,0.9097526820164016,,0,block,16384,203,-0.1502745100226954,SOURCE_RUN\raw\task-0079-dynamic-stable-nu3-N80-s203-refinement-f82f645ca2\arrays.npz,80,student_t,3.0,dynamic,True,primary
1.5,,0.5,0.5,-0.3333333333333333,2.0,-0.5640807787365457,0.002,0.02,stable,10,refinement,0.9559272757873413,,1,block,16384,203,-0.18121092688733476,SOURCE_RUN\raw\task-0083-dynamic-stable-nu3-N160-s203-refinement-5b8b268c83\arrays.npz,160,student_t,3.0,dynamic,True,broad
1.5,,0.5,0.5,-0.3333333333333333,2.0,-0.5512114141384924,0.002,0.02,stable,10,refinement,0.9782066137239229,,1,block,16384,203,-0.1803176055570842,SOURCE_RUN\raw\task-0075-dynamic-stable-nu3-N40-s203-refinement-f03b23c000\arrays.npz,40,student_t,3.0,dynamic,True,broad
1.5,,0.5,0.5,-0.3333333333333333,2.0,-0.6057610869033885,0.002,0.02,stable,10,refinement,0.9525879201925174,,1,block,16384,203,-0.19159830822412252,SOURCE_RUN\raw\task-0079-dynamic-stable-nu3-N80-s203-refinement-f82f645ca2\arrays.npz,80,student_t,3.0,dynamic,True,broad
1.5,,0.5,0.5,-0.3333333333333333,2.0,-1.4426871874330969,0.001,0.005,stable,7,refinement,0.9332574280927215,,1,block,16384,203,-0.33600295890835685,SOURCE_RUN\raw\task-0083-dynamic-stable-nu3-N160-s203-refinement-5b8b268c83\arrays.npz,160,student_t,3.0,dynamic,True,extreme
1.5,,0.5,0.5,-0.3333333333333333,2.0,-1.397983000620615,0.001,0.005,stable,7,refinement,0.8639694197155907,,1,block,16384,203,-0.32995184867421057,SOURCE_RUN\raw\task-0075-dynamic-stable-nu3-N40-s203-refinement-f03b23c000\arrays.npz,40,student_t,3.0,dynamic,True,extreme
1.5,,0.5,0.5,-0.3333333333333333,2.0,-1.7086916184838656,0.001,0.005,stable,7,refinement,0.8884552747719897,,1,block,16384,203,-0.38587247591783447,SOURCE_RUN\raw\task-0079-dynamic-stable-nu3-N80-s203-refinement-f82f645ca2\arrays.npz,80,student_t,3.0,dynamic,True,extreme
1.5,,0.5,0.5,-0.3333333333333333,2.0,-1.0919482199224269,0.001,0.01,stable,10,refinement,0.9481031538300511,,1,block,16384,203,-0.2807501781314745,SOURCE_RUN\raw\task-0083-dynamic-stable-nu3-N160-s203-refinement-5b8b268c83\arrays.npz,160,student_t,3.0,dynamic,True,primary
1.5,,0.5,0.5,-0.3333333333333333,2.0,-1.0314456774076959,0.001,0.01,stable,10,refinement,0.9071662365624377,,1,block,16384,203,-0.2721961348419451,SOURCE_RUN\raw\task-0075-dynamic-stable-nu3-N40-s203-refinement-f03b23c000\arrays.npz,40,student_t,3.0,dynamic,True,primary
1.5,,0.5,0.5,-0.3333333333333333,2.0,-1.3292041470641556,0.001,0.01,stable,10,refinement,0.9250642220799242,,1,block,16384,203,-0.3258512444027046,SOURCE_RUN\raw\task-0079-dynamic-stable-nu3-N80-s203-refinement-f82f645ca2\arrays.npz,80,student_t,3.0,dynamic,True,primary
1.5,,0.5,0.5,-0.3333333333333333,2.0,-0.48929936632799026,0.002,0.02,stable,10,refinement,0.9929961823206994,,2,block,16384,203,-0.17303030963070407,SOURCE_RUN\raw\task-0083-dynamic-stable-nu3-N160-s203-refinement-5b8b268c83\arrays.npz,160,student_t,3.0,dynamic,True,broad
1.5,,0.5,0.5,-0.3333333333333333,2.0,-0.8945412983903742,0.002,0.02,stable,10,refinement,0.9609410078391537,,2,block,16384,203,-0.2548046105423779,SOURCE_RUN\raw\task-0075-dynamic-stable-nu3-N40-s203-refinement-f03b23c000\arrays.npz,40,student_t,3.0,dynamic,True,broad
1.5,,0.5,0.5,-0.3333333333333333,2.0,-0.6678594185364938,0.002,0.02,stable,10,refinement,0.9811024315244924,,2,block,16384,203,-0.22494341045151017,SOURCE_RUN\raw\task-0079-dynamic-stable-nu3-N80-s203-refinement-f82f645ca2\arrays.npz,80,student_t,3.0,dynamic,True,broad
1.5,,0.5,0.5,-0.3333333333333333,2.0,-0.19082226320533513,0.001,0.005,stable,7,refinement,0.9547724490649866,,2,block,16384,203,-0.12177015012901618,SOURCE_RUN\raw\task-0083-dynamic-stable-nu3-N160-s203-refinement-5b8b268c83\arrays.npz,160,student_t,3.0,dynamic,True,extreme
1.5,,0.5,0.5,-0.3333333333333333,2.0,-1.53311201726998,0.001,0.005,stable,7,refinement,0.9527204332389079,,2,block,16384,203,-0.3673807419306404,SOURCE_RUN\raw\task-0075-dynamic-stable-nu3-N40-s203-refinement-f03b23c000\arrays.npz,40,student_t,3.0,dynamic,True,extreme
1.5,,0.5,0.5,-0.3333333333333333,2.0,-2.009255762564782,0.001,0.005,stable,7,refinement,0.9656576386894553,,2,block,16384,203,-0.4571986274418403,SOURCE_RUN\raw\task-0079-dynamic-stable-nu3-N80-s203-refinement-f82f645ca2\arrays.npz,80,student_t,3.0,dynamic,True,extreme
1.5,,0.5,0.5,-0.3333333333333333,2.0,-0.36404774437901455,0.001,0.01,stable,10,refinement,0.9707070246816647,,2,block,16384,203,-0.14911627011464307,SOURCE_RUN\raw\task-0083-dynamic-stable-nu3-N160-s203-refinement-5b8b268c83\arrays.npz,160,student_t,3.0,dynamic,True,primary
1.5,,0.5,0.5,-0.3333333333333333,2.0,-1.3679853949824126,0.001,0.01,stable,10,refinement,0.9737560625290972,,2,block,16384,203,-0.34107115443811686,SOURCE_RUN\raw\task-0075-dynamic-stable-nu3-N40-s203-refinement-f03b23c000\arrays.npz,40,student_t,3.0,dynamic,True,primary
1.5,,0.5,0.5,-0.3333333333333333,2.0,-1.3124043495202133,0.001,0.01,stable,10,refinement,0.9321015253677897,,2,block,16384,203,-0.3473732694098045,SOURCE_RUN\raw\task-0079-dynamic-stable-nu3-N80-s203-refinement-f82f645ca2\arrays.npz,80,student_t,3.0,dynamic,True,primary
1.5,,0.5,0.5,-0.3333333333333333,2.0,-0.8305489673589717,0.002,0.02,stable,10,refinement,0.9757740886706525,,3,block,16384,203,-0.2525980157144455,SOURCE_RUN\raw\task-0083-dynamic-stable-nu3-N160-s203-refinement-5b8b268c83\arrays.npz,160,student_t,3.0,dynamic,True,broad
1.5,,0.5,0.5,-0.3333333333333333,2.0,-0.5498679274572248,0.002,0.02,stable,10,refinement,0.9898086379694006,,3,block,16384,203,-0.18876485990656763,SOURCE_RUN\raw\task-0075-dynamic-stable-nu3-N40-s203-refinement-f03b23c000\arrays.npz,40,student_t,3.0,dynamic,True,broad
1.5,,0.5,0.5,-0.3333333333333333,2.0,-0.7255005040480043,0.002,0.02,stable,10,refinement,0.9588761564181052,,3,block,16384,203,-0.2284707596549166,SOURCE_RUN\raw\task-0079-dynamic-stable-nu3-N80-s203-refinement-f82f645ca2\arrays.npz,80,student_t,3.0,dynamic,True,broad
1.5,,0.5,0.5,-0.3333333333333333,2.0,-1.5810659081068204,0.001,0.005,stable,7,refinement,0.9642608200759626,,3,block,16384,203,-0.38641279948862706,SOURCE_RUN\raw\task-0083-dynamic-stable-nu3-N160-s203-refinement-5b8b268c83\arrays.npz,160,student_t,3.0,dynamic,True,extreme
1.5,,0.5,0.5,-0.3333333333333333,2.0,-0.8042212582093752,0.001,0.005,stable,7,refinement,0.8714880470817181,,3,block,16384,203,-0.23271057830890823,SOURCE_RUN\raw\task-0075-dynamic-stable-nu3-N40-s203-refinement-f03b23c000\arrays.npz,40,student_t,3.0,dynamic,True,extreme
1.5,,0.5,0.5,-0.3333333333333333,2.0,-0.628120375522284,0.001,0.005,stable,7,refinement,0.8924398096812768,,3,block,16384,203,-0.2141103250424773,SOURCE_RUN\raw\task-0079-dynamic-stable-nu3-N80-s203-refinement-f82f645ca2\arrays.npz,80,student_t,3.0,dynamic,True,extreme
1.5,,0.5,0.5,-0.3333333333333333,2.0,-1.3496807255156904,0.001,0.01,stable,10,refinement,0.9725999007530454,,3,block,16384,203,-0.3495648198501379,SOURCE_RUN\raw\task-0083-dynamic-stable-nu3-N160-s203-refinement-5b8b268c83\arrays.npz,160,student_t,3.0,dynamic,True,primary
1.5,,0.5,0.5,-0.3333333333333333,2.0,-0.7041892876545702,0.001,0.01,stable,10,refinement,0.9399091896725876,,3,block,16384,203,-0.2170454768824952,SOURCE_RUN\raw\task-0075-dynamic-stable-nu3-N40-s203-refinement-f03b23c000\arrays.npz,40,student_t,3.0,dynamic,True,primary
1.5,,0.5,0.5,-0.3333333333333333,2.0,-0.8289057927515328,0.001,0.01,stable,10,refinement,0.9559870038969542,,3,block,16384,203,-0.24544941444210303,SOURCE_RUN\raw\task-0079-dynamic-stable-nu3-N80-s203-refinement-f82f645ca2\arrays.npz,80,student_t,3.0,dynamic,True,primary
1.5,,0.5,0.5,-0.3333333333333333,2.0,-0.6115500599011718,0.002,0.02,stable,10,refinement,0.9882374003179462,,-1,full,65536,203,-0.19698959376579153,SOURCE_RUN\raw\task-0083-dynamic-stable-nu3-N160-s203-refinement-5b8b268c83\arrays.npz,160,student_t,3.0,dynamic,True,broad
1.5,,0.5,0.5,-0.3333333333333333,2.0,-0.6236827597841543,0.002,0.02,stable,10,refinement,0.9876571370695847,,-1,full,65536,203,-0.2004702529260132,SOURCE_RUN\raw\task-0075-dynamic-stable-nu3-N40-s203-refinement-f03b23c000\arrays.npz,40,student_t,3.0,dynamic,True,broad
1.5,,0.5,0.5,-0.3333333333333333,2.0,-0.6184538563704274,0.002,0.02,stable,10,refinement,0.9876571957732964,,-1,full,65536,203,-0.19881832688537734,SOURCE_RUN\raw\task-0079-dynamic-stable-nu3-N80-s203-refinement-f82f645ca2\arrays.npz,80,student_t,3.0,dynamic,True,broad
1.5,,0.5,0.5,-0.3333333333333333,2.0,-1.2291751632046684,0.001,0.005,stable,7,refinement,0.9606144853841277,,-1,full,65536,203,-0.305291004826828,SOURCE_RUN\raw\task-0083-dynamic-stable-nu3-N160-s203-refinement-5b8b268c83\arrays.npz,160,student_t,3.0,dynamic,True,extreme
1.5,,0.5,0.5,-0.3333333333333333,2.0,-1.2299402218833695,0.001,0.005,stable,7,refinement,0.9629321393102501,,-1,full,65536,203,-0.30670308727995066,SOURCE_RUN\raw\task-0075-dynamic-stable-nu3-N40-s203-refinement-f03b23c000\arrays.npz,40,student_t,3.0,dynamic,True,extreme
1.5,,0.5,0.5,-0.3333333333333333,2.0,-1.2225354813752534,0.001,0.005,stable,7,refinement,0.9620364114713205,,-1,full,65536,203,-0.30481792599567675,SOURCE_RUN\raw\task-0079-dynamic-stable-nu3-N80-s203-refinement-f82f645ca2\arrays.npz,80,student_t,3.0,dynamic,True,extreme
1.5,,0.5,0.5,-0.3333333333333333,2.0,-0.9832388717500996,0.001,0.01,stable,10,refinement,0.9695590171892035,,-1,full,65536,203,-0.26639433923416117,SOURCE_RUN\raw\task-0083-dynamic-stable-nu3-N160-s203-refinement-5b8b268c83\arrays.npz,160,student_t,3.0,dynamic,True,primary
1.5,,0.5,0.5,-0.3333333333333333,2.0,-0.9900624698405677,0.001,0.01,stable,10,refinement,0.9714952045358579,,-1,full,65536,203,-0.26876210878591295,SOURCE_RUN\raw\task-0075-dynamic-stable-nu3-N40-s203-refinement-f03b23c000\arrays.npz,40,student_t,3.0,dynamic,True,primary
1.5,,0.5,0.5,-0.3333333333333333,2.0,-0.9863836132442324,0.001,0.01,stable,10,refinement,0.9709481451106843,,-1,full,65536,203,-0.2674487177485122,SOURCE_RUN\raw\task-0079-dynamic-stable-nu3-N80-s203-refinement-f82f645ca2\arrays.npz,80,student_t,3.0,dynamic,True,primary
1.5,,0.5,0.5,-0.3333333333333333,2.0,-0.4967187942456521,0.002,0.02,stable,10,refinement,0.947830913085188,,-1,nested,16384,203,-0.16555882860799775,SOURCE_RUN\raw\task-0083-dynamic-stable-nu3-N160-s203-refinement-5b8b268c83\arrays.npz,160,student_t,3.0,dynamic,True,broad
1.5,,0.5,0.5,-0.3333333333333333,2.0,-0.5340235996800374,0.002,0.02,stable,10,refinement,0.9546851882378763,,-1,nested,16384,203,-0.18235887832232336,SOURCE_RUN\raw\task-0075-dynamic-stable-nu3-N40-s203-refinement-f03b23c000\arrays.npz,40,student_t,3.0,dynamic,True,broad
1.5,,0.5,0.5,-0.3333333333333333,2.0,-0.3308968711884327,0.002,0.02,stable,10,refinement,0.9244978652323936,,-1,nested,16384,203,-0.11667870543067686,SOURCE_RUN\raw\task-0079-dynamic-stable-nu3-N80-s203-refinement-f82f645ca2\arrays.npz,80,student_t,3.0,dynamic,True,broad
1.5,,0.5,0.5,-0.3333333333333333,2.0,-1.585593714908361,0.001,0.005,stable,7,refinement,0.955625742545452,,-1,nested,16384,203,-0.3550311286406765,SOURCE_RUN\raw\task-0083-dynamic-stable-nu3-N160-s203-refinement-5b8b268c83\arrays.npz,160,student_t,3.0,dynamic,True,extreme
1.5,,0.5,0.5,-0.3333333333333333,2.0,-1.3132866983165672,0.001,0.005,stable,7,refinement,0.97495131224351,,-1,nested,16384,203,-0.318205838668953,SOURCE_RUN\raw\task-0075-dynamic-stable-nu3-N40-s203-refinement-f03b23c000\arrays.npz,40,student_t,3.0,dynamic,True,extreme
1.5,,0.5,0.5,-0.3333333333333333,2.0,-0.5686369686535718,0.001,0.005,stable,7,refinement,0.8152620854830772,,-1,nested,16384,203,-0.16015016820293573,SOURCE_RUN\raw\task-0079-dynamic-stable-nu3-N80-s203-refinement-f82f645ca2\arrays.npz,80,student_t,3.0,dynamic,True,extreme
1.5,,0.5,0.5,-0.3333333333333333,2.0,-1.0659446067495952,0.001,0.01,stable,10,refinement,0.9214803846454737,,-1,nested,16384,203,-0.2727974245801788,SOURCE_RUN\raw\task-0083-dynamic-stable-nu3-N160-s203-refinement-5b8b268c83\arrays.npz,160,student_t,3.0,dynamic,True,primary
1.5,,0.5,0.5,-0.3333333333333333,2.0,-0.9868137866613499,0.001,0.01,stable,10,refinement,0.962821649382334,,-1,nested,16384,203,-0.26649515050762435,SOURCE_RUN\raw\task-0075-dynamic-stable-nu3-N40-s203-refinement-f03b23c000\arrays.npz,40,student_t,3.0,dynamic,True,primary
1.5,,0.5,0.5,-0.3333333333333333,2.0,-0.5046079372342575,0.001,0.01,stable,10,refinement,0.9097526820164016,,-1,nested,16384,203,-0.1502745100226954,SOURCE_RUN\raw\task-0079-dynamic-stable-nu3-N80-s203-refinement-f82f645ca2\arrays.npz,80,student_t,3.0,dynamic,True,primary
1.5,,0.5,0.5,-0.3333333333333333,2.0,-0.5416442920329946,0.002,0.02,stable,10,refinement,0.9631946490508916,,-1,nested,32768,203,-0.17560562734003313,SOURCE_RUN\raw\task-0083-dynamic-stable-nu3-N160-s203-refinement-5b8b268c83\arrays.npz,160,student_t,3.0,dynamic,True,broad
1.5,,0.5,0.5,-0.3333333333333333,2.0,-0.5588965957798148,0.002,0.02,stable,10,refinement,0.9814747074513759,,-1,nested,32768,203,-0.18501749378616641,SOURCE_RUN\raw\task-0075-dynamic-stable-nu3-N40-s203-refinement-f03b23c000\arrays.npz,40,student_t,3.0,dynamic,True,broad
1.5,,0.5,0.5,-0.3333333333333333,2.0,-0.461641676100084,0.002,0.02,stable,10,refinement,0.9786025890530978,,-1,nested,32768,203,-0.15235408650318885,SOURCE_RUN\raw\task-0079-dynamic-stable-nu3-N80-s203-refinement-f82f645ca2\arrays.npz,80,student_t,3.0,dynamic,True,broad
1.5,,0.5,0.5,-0.3333333333333333,2.0,-1.5773556019914885,0.001,0.005,stable,7,refinement,0.9620487940618098,,-1,nested,32768,203,-0.356878277570673,SOURCE_RUN\raw\task-0083-dynamic-stable-nu3-N160-s203-refinement-5b8b268c83\arrays.npz,160,student_t,3.0,dynamic,True,extreme
1.5,,0.5,0.5,-0.3333333333333333,2.0,-1.352161315552818,0.001,0.005,stable,7,refinement,0.9573603221335617,,-1,nested,32768,203,-0.32413163646260235,SOURCE_RUN\raw\task-0075-dynamic-stable-nu3-N40-s203-refinement-f03b23c000\arrays.npz,40,student_t,3.0,dynamic,True,extreme
1.5,,0.5,0.5,-0.3333333333333333,2.0,-1.085744232322916,0.001,0.005,stable,7,refinement,0.9308831862345268,,-1,nested,32768,203,-0.2628442688100983,SOURCE_RUN\raw\task-0079-dynamic-stable-nu3-N80-s203-refinement-f82f645ca2\arrays.npz,80,student_t,3.0,dynamic,True,extreme
1.5,,0.5,0.5,-0.3333333333333333,2.0,-1.1210192822304732,0.001,0.01,stable,10,refinement,0.9462566940485292,,-1,nested,32768,203,-0.2848181819586297,SOURCE_RUN\raw\task-0083-dynamic-stable-nu3-N160-s203-refinement-5b8b268c83\arrays.npz,160,student_t,3.0,dynamic,True,primary
1.5,,0.5,0.5,-0.3333333333333333,2.0,-1.0265290774630864,0.001,0.01,stable,10,refinement,0.9588198138175525,,-1,nested,32768,203,-0.2726608346088198,SOURCE_RUN\raw\task-0075-dynamic-stable-nu3-N40-s203-refinement-f03b23c000\arrays.npz,40,student_t,3.0,dynamic,True,primary
1.5,,0.5,0.5,-0.3333333333333333,2.0,-0.8652012429077947,0.001,0.01,stable,10,refinement,0.9549509426011566,,-1,nested,32768,203,-0.22799623901789945,SOURCE_RUN\raw\task-0079-dynamic-stable-nu3-N80-s203-refinement-f82f645ca2\arrays.npz,80,student_t,3.0,dynamic,True,primary
1.5,,0.5,1.0,nan,2.0,0.8104530525948914,0.002,0.02,vp,10,refinement,0.9987108806164154,,0,block,16384,200,0.4594995597323796,SOURCE_RUN\raw\task-0092-dynamic-vp-nu1p5-N160-s200-refinement-a1ee02dd4a\arrays.npz,160,student_t,1.5,dynamic,True,broad
1.5,,0.5,1.0,nan,2.0,0.796095814436083,0.002,0.02,vp,10,refinement,0.9982912541545662,,0,block,16384,200,0.45559978282066255,SOURCE_RUN\raw\task-0084-dynamic-vp-nu1p5-N40-s200-refinement-39ff189c4f\arrays.npz,40,student_t,1.5,dynamic,True,broad
1.5,,0.5,1.0,nan,2.0,0.7605334452306075,0.002,0.02,vp,10,refinement,0.9983548956121122,,0,block,16384,200,0.44957612557522125,SOURCE_RUN\raw\task-0088-dynamic-vp-nu1p5-N80-s200-refinement-5c6d0e802d\arrays.npz,80,student_t,1.5,dynamic,True,broad
1.5,,0.5,1.0,nan,2.0,1.2023751569886723,0.001,0.005,vp,7,refinement,0.9955935650053562,,0,block,16384,200,0.5284446481889266,SOURCE_RUN\raw\task-0092-dynamic-vp-nu1p5-N160-s200-refinement-a1ee02dd4a\arrays.npz,160,student_t,1.5,dynamic,True,extreme
1.5,,0.5,1.0,nan,2.0,1.246668622511544,0.001,0.005,vp,7,refinement,0.9988429608872138,,0,block,16384,200,0.5341057165308368,SOURCE_RUN\raw\task-0084-dynamic-vp-nu1p5-N40-s200-refinement-39ff189c4f\arrays.npz,40,student_t,1.5,dynamic,True,extreme
1.5,,0.5,1.0,nan,2.0,1.1668444682476444,0.001,0.005,vp,7,refinement,0.998410239814935,,0,block,16384,200,0.5202235601205301,SOURCE_RUN\raw\task-0088-dynamic-vp-nu1p5-N80-s200-refinement-5c6d0e802d\arrays.npz,80,student_t,1.5,dynamic,True,extreme
1.5,,0.5,1.0,nan,2.0,1.0571742833188815,0.001,0.01,vp,10,refinement,0.9973120758906454,,0,block,16384,200,0.5055798415459558,SOURCE_RUN\raw\task-0092-dynamic-vp-nu1p5-N160-s200-refinement-a1ee02dd4a\arrays.npz,160,student_t,1.5,dynamic,True,primary
1.5,,0.5,1.0,nan,2.0,1.0476873229795751,0.001,0.01,vp,10,refinement,0.9974545993143057,,0,block,16384,200,0.5027077095228165,SOURCE_RUN\raw\task-0084-dynamic-vp-nu1p5-N40-s200-refinement-39ff189c4f\arrays.npz,40,student_t,1.5,dynamic,True,primary
1.5,,0.5,1.0,nan,2.0,0.9850297770796289,0.001,0.01,vp,10,refinement,0.9975940804415249,,0,block,16384,200,0.4915457786295579,SOURCE_RUN\raw\task-0088-dynamic-vp-nu1p5-N80-s200-refinement-5c6d0e802d\arrays.npz,80,student_t,1.5,dynamic,True,primary
1.5,,0.5,1.0,nan,2.0,0.7233730785791138,0.002,0.02,vp,10,refinement,0.9976576019632383,,1,block,16384,200,0.43419902913649744,SOURCE_RUN\raw\task-0092-dynamic-vp-nu1p5-N160-s200-refinement-a1ee02dd4a\arrays.npz,160,student_t,1.5,dynamic,True,broad
1.5,,0.5,1.0,nan,2.0,0.7933360948573281,0.002,0.02,vp,10,refinement,0.9985403506985856,,1,block,16384,200,0.4631964283667418,SOURCE_RUN\raw\task-0084-dynamic-vp-nu1p5-N40-s200-refinement-39ff189c4f\arrays.npz,40,student_t,1.5,dynamic,True,broad
1.5,,0.5,1.0,nan,2.0,0.8069213692537238,0.002,0.02,vp,10,refinement,0.9985647413358504,,1,block,16384,200,0.4571127666651093,SOURCE_RUN\raw\task-0088-dynamic-vp-nu1p5-N80-s200-refinement-5c6d0e802d\arrays.npz,80,student_t,1.5,dynamic,True,broad
1.5,,0.5,1.0,nan,2.0,1.0069438879586259,0.001,0.005,vp,7,refinement,0.9992269476645992,,1,block,16384,200,0.4844970146323533,SOURCE_RUN\raw\task-0092-dynamic-vp-nu1p5-N160-s200-refinement-a1ee02dd4a\arrays.npz,160,student_t,1.5,dynamic,True,extreme
1.5,,0.5,1.0,nan,2.0,0.8293468808135119,0.001,0.005,vp,7,refinement,0.9989365626977253,,1,block,16384,200,0.4698918040695395,SOURCE_RUN\raw\task-0084-dynamic-vp-nu1p5-N40-s200-refinement-39ff189c4f\arrays.npz,40,student_t,1.5,dynamic,True,extreme
1.5,,0.5,1.0,nan,2.0,1.1855052729584425,0.001,0.005,vp,7,refinement,0.9986027747046128,,1,block,16384,200,0.5236554478767742,SOURCE_RUN\raw\task-0088-dynamic-vp-nu1p5-N80-s200-refinement-5c6d0e802d\arrays.npz,80,student_t,1.5,dynamic,True,extreme
1.5,,0.5,1.0,nan,2.0,0.927249888601907,0.001,0.01,vp,10,refinement,0.9991031237952845,,1,block,16384,200,0.471843373173901,SOURCE_RUN\raw\task-0092-dynamic-vp-nu1p5-N160-s200-refinement-a1ee02dd4a\arrays.npz,160,student_t,1.5,dynamic,True,primary
1.5,,0.5,1.0,nan,2.0,0.8583381296854186,0.001,0.01,vp,10,refinement,0.9995225229670537,,1,block,16384,200,0.47439773807745544,SOURCE_RUN\raw\task-0084-dynamic-vp-nu1p5-N40-s200-refinement-39ff189c4f\arrays.npz,40,student_t,1.5,dynamic,True,primary
1.5,,0.5,1.0,nan,2.0,1.0480162192656342,0.001,0.01,vp,10,refinement,0.9980893778710902,,1,block,16384,200,0.5018731535504419,SOURCE_RUN\raw\task-0088-dynamic-vp-nu1p5-N80-s200-refinement-5c6d0e802d\arrays.npz,80,student_t,1.5,dynamic,True,primary
1.5,,0.5,1.0,nan,2.0,0.8249878882962045,0.002,0.02,vp,10,refinement,0.9974055094032525,,2,block,16384,200,0.4605656006044006,SOURCE_RUN\raw\task-0092-dynamic-vp-nu1p5-N160-s200-refinement-a1ee02dd4a\arrays.npz,160,student_t,1.5,dynamic,True,broad
1.5,,0.5,1.0,nan,2.0,0.8643549984824002,0.002,0.02,vp,10,refinement,0.9960357251822448,,2,block,16384,200,0.46827578033150385,SOURCE_RUN\raw\task-0084-dynamic-vp-nu1p5-N40-s200-refinement-39ff189c4f\arrays.npz,40,student_t,1.5,dynamic,True,broad
1.5,,0.5,1.0,nan,2.0,0.8445411154532496,0.002,0.02,vp,10,refinement,0.995882459736775,,2,block,16384,200,0.4654510477554634,SOURCE_RUN\raw\task-0088-dynamic-vp-nu1p5-N80-s200-refinement-5c6d0e802d\arrays.npz,80,student_t,1.5,dynamic,True,broad
1.5,,0.5,1.0,nan,2.0,1.2815256166737587,0.001,0.005,vp,7,refinement,0.9978312662699264,,2,block,16384,200,0.540458051814553,SOURCE_RUN\raw\task-0092-dynamic-vp-nu1p5-N160-s200-refinement-a1ee02dd4a\arrays.npz,160,student_t,1.5,dynamic,True,extreme
1.5,,0.5,1.0,nan,2.0,1.2618361462231202,0.001,0.005,vp,7,refinement,0.9989649492502455,,2,block,16384,200,0.5380623290376196,SOURCE_RUN\raw\task-0084-dynamic-vp-nu1p5-N40-s200-refinement-39ff189c4f\arrays.npz,40,student_t,1.5,dynamic,True,extreme
1.5,,0.5,1.0,nan,2.0,1.1212814715491963,0.001,0.005,vp,7,refinement,0.9998374924973249,,2,block,16384,200,0.5147908439073331,SOURCE_RUN\raw\task-0088-dynamic-vp-nu1p5-N80-s200-refinement-5c6d0e802d\arrays.npz,80,student_t,1.5,dynamic,True,extreme
1.5,,0.5,1.0,nan,2.0,1.1163397896608602,0.001,0.01,vp,10,refinement,0.9974160127117064,,2,block,16384,200,0.5142993588479233,SOURCE_RUN\raw\task-0092-dynamic-vp-nu1p5-N160-s200-refinement-a1ee02dd4a\arrays.npz,160,student_t,1.5,dynamic,True,primary
1.5,,0.5,1.0,nan,2.0,1.155444551517231,0.001,0.01,vp,10,refinement,0.9989650611231248,,2,block,16384,200,0.5212296855177331,SOURCE_RUN\raw\task-0084-dynamic-vp-nu1p5-N40-s200-refinement-39ff189c4f\arrays.npz,40,student_t,1.5,dynamic,True,primary
1.5,,0.5,1.0,nan,2.0,1.0832443634853364,0.001,0.01,vp,10,refinement,0.999478496051616,,2,block,16384,200,0.508661361067374,SOURCE_RUN\raw\task-0088-dynamic-vp-nu1p5-N80-s200-refinement-5c6d0e802d\arrays.npz,80,student_t,1.5,dynamic,True,primary
1.5,,0.5,1.0,nan,2.0,0.8991247466071906,0.002,0.02,vp,10,refinement,0.9972808024719103,,3,block,16384,200,0.4746216376430015,SOURCE_RUN\raw\task-0092-dynamic-vp-nu1p5-N160-s200-refinement-a1ee02dd4a\arrays.npz,160,student_t,1.5,dynamic,True,broad
1.5,,0.5,1.0,nan,2.0,0.7752779154910325,0.002,0.02,vp,10,refinement,0.9979966932465391,,3,block,16384,200,0.4515251788426952,SOURCE_RUN\raw\task-0084-dynamic-vp-nu1p5-N40-s200-refinement-39ff189c4f\arrays.npz,40,student_t,1.5,dynamic,True,broad
1.5,,0.5,1.0,nan,2.0,0.8114073870316696,0.002,0.02,vp,10,refinement,0.9981517396801822,,3,block,16384,200,0.45415159446414444,SOURCE_RUN\raw\task-0088-dynamic-vp-nu1p5-N80-s200-refinement-5c6d0e802d\arrays.npz,80,student_t,1.5,dynamic,True,broad
1.5,,0.5,1.0,nan,2.0,1.0596830419479117,0.001,0.005,vp,7,refinement,0.9993554878228766,,3,block,16384,200,0.5031108696135809,SOURCE_RUN\raw\task-0092-dynamic-vp-nu1p5-N160-s200-refinement-a1ee02dd4a\arrays.npz,160,student_t,1.5,dynamic,True,extreme
1.5,,0.5,1.0,nan,2.0,1.2014804013027554,0.001,0.005,vp,7,refinement,0.9950672973153264,,3,block,16384,200,0.5269774175278582,SOURCE_RUN\raw\task-0084-dynamic-vp-nu1p5-N40-s200-refinement-39ff189c4f\arrays.npz,40,student_t,1.5,dynamic,True,extreme
1.5,,0.5,1.0,nan,2.0,1.2443318248805288,0.001,0.005,vp,7,refinement,0.9946544154149499,,3,block,16384,200,0.5301857936575118,SOURCE_RUN\raw\task-0088-dynamic-vp-nu1p5-N80-s200-refinement-5c6d0e802d\arrays.npz,80,student_t,1.5,dynamic,True,extreme
1.5,,0.5,1.0,nan,2.0,1.0575594675054352,0.001,0.01,vp,10,refinement,0.9997709289947464,,3,block,16384,200,0.5027554094002533,SOURCE_RUN\raw\task-0092-dynamic-vp-nu1p5-N160-s200-refinement-a1ee02dd4a\arrays.npz,160,student_t,1.5,dynamic,True,primary
1.5,,0.5,1.0,nan,2.0,1.0653428152109867,0.001,0.01,vp,10,refinement,0.9972068918728701,,3,block,16384,200,0.5055028631957035,SOURCE_RUN\raw\task-0084-dynamic-vp-nu1p5-N40-s200-refinement-39ff189c4f\arrays.npz,40,student_t,1.5,dynamic,True,primary
1.5,,0.5,1.0,nan,2.0,1.0647567240549622,0.001,0.01,vp,10,refinement,0.9963336209874745,,3,block,16384,200,0.5019142601524268,SOURCE_RUN\raw\task-0088-dynamic-vp-nu1p5-N80-s200-refinement-5c6d0e802d\arrays.npz,80,student_t,1.5,dynamic,True,primary
1.5,,0.5,1.0,nan,2.0,0.8085456288085413,0.002,0.02,vp,10,refinement,0.9983116761563394,,-1,full,65536,200,0.45569396905925946,SOURCE_RUN\raw\task-0092-dynamic-vp-nu1p5-N160-s200-refinement-a1ee02dd4a\arrays.npz,160,student_t,1.5,dynamic,True,broad
1.5,,0.5,1.0,nan,2.0,0.7969043297518186,0.002,0.02,vp,10,refinement,0.998427468178004,,-1,full,65536,200,0.4570875291231354,SOURCE_RUN\raw\task-0084-dynamic-vp-nu1p5-N40-s200-refinement-39ff189c4f\arrays.npz,40,student_t,1.5,dynamic,True,broad
1.5,,0.5,1.0,nan,2.0,0.8054714948905224,0.002,0.02,vp,10,refinement,0.9984360096899988,,-1,full,65536,200,0.4563229214992539,SOURCE_RUN\raw\task-0088-dynamic-vp-nu1p5-N80-s200-refinement-5c6d0e802d\arrays.npz,80,student_t,1.5,dynamic,True,broad
1.5,,0.5,1.0,nan,2.0,1.1567962392714997,0.001,0.005,vp,7,refinement,0.9989749038393365,,-1,full,65536,200,0.5171330676506959,SOURCE_RUN\raw\task-0092-dynamic-vp-nu1p5-N160-s200-refinement-a1ee02dd4a\arrays.npz,160,student_t,1.5,dynamic,True,extreme
1.5,,0.5,1.0,nan,2.0,1.1373314177554528,0.001,0.005,vp,7,refinement,0.9991126817799718,,-1,full,65536,200,0.5170380313315869,SOURCE_RUN\raw\task-0084-dynamic-vp-nu1p5-N40-s200-refinement-39ff189c4f\arrays.npz,40,student_t,1.5,dynamic,True,extreme
1.5,,0.5,1.0,nan,2.0,1.1479782085182715,0.001,0.005,vp,7,refinement,0.9989167007569522,,-1,full,65536,200,0.5167546945136315,SOURCE_RUN\raw\task-0088-dynamic-vp-nu1p5-N80-s200-refinement-5c6d0e802d\arrays.npz,80,student_t,1.5,dynamic,True,extreme
1.5,,0.5,1.0,nan,2.0,1.0460765897163744,0.001,0.01,vp,10,refinement,0.9988686296645397,,-1,full,65536,200,0.4996220941496208,SOURCE_RUN\raw\task-0092-dynamic-vp-nu1p5-N160-s200-refinement-a1ee02dd4a\arrays.npz,160,student_t,1.5,dynamic,True,primary
1.5,,0.5,1.0,nan,2.0,1.024809436882629,0.001,0.01,vp,10,refinement,0.9988757906474113,,-1,full,65536,200,0.49923655477978013,SOURCE_RUN\raw\task-0084-dynamic-vp-nu1p5-N40-s200-refinement-39ff189c4f\arrays.npz,40,student_t,1.5,dynamic,True,primary
1.5,,0.5,1.0,nan,2.0,1.0387104876174935,0.001,0.01,vp,10,refinement,0.9988673640702764,,-1,full,65536,200,0.4994744547024056,SOURCE_RUN\raw\task-0088-dynamic-vp-nu1p5-N80-s200-refinement-5c6d0e802d\arrays.npz,80,student_t,1.5,dynamic,True,primary
1.5,,0.5,1.0,nan,2.0,0.8104530525948914,0.002,0.02,vp,10,refinement,0.9987108806164154,,-1,nested,16384,200,0.4594995597323796,SOURCE_RUN\raw\task-0092-dynamic-vp-nu1p5-N160-s200-refinement-a1ee02dd4a\arrays.npz,160,student_t,1.5,dynamic,True,broad
1.5,,0.5,1.0,nan,2.0,0.796095814436083,0.002,0.02,vp,10,refinement,0.9982912541545662,,-1,nested,16384,200,0.45559978282066255,SOURCE_RUN\raw\task-0084-dynamic-vp-nu1p5-N40-s200-refinement-39ff189c4f\arrays.npz,40,student_t,1.5,dynamic,True,broad
1.5,,0.5,1.0,nan,2.0,0.7605334452306075,0.002,0.02,vp,10,refinement,0.9983548956121122,,-1,nested,16384,200,0.44957612557522125,SOURCE_RUN\raw\task-0088-dynamic-vp-nu1p5-N80-s200-refinement-5c6d0e802d\arrays.npz,80,student_t,1.5,dynamic,True,broad
1.5,,0.5,1.0,nan,2.0,1.2023751569886723,0.001,0.005,vp,7,refinement,0.9955935650053562,,-1,nested,16384,200,0.5284446481889266,SOURCE_RUN\raw\task-0092-dynamic-vp-nu1p5-N160-s200-refinement-a1ee02dd4a\arrays.npz,160,student_t,1.5,dynamic,True,extreme
1.5,,0.5,1.0,nan,2.0,1.246668622511544,0.001,0.005,vp,7,refinement,0.9988429608872138,,-1,nested,16384,200,0.5341057165308368,SOURCE_RUN\raw\task-0084-dynamic-vp-nu1p5-N40-s200-refinement-39ff189c4f\arrays.npz,40,student_t,1.5,dynamic,True,extreme
1.5,,0.5,1.0,nan,2.0,1.1668444682476444,0.001,0.005,vp,7,refinement,0.998410239814935,,-1,nested,16384,200,0.5202235601205301,SOURCE_RUN\raw\task-0088-dynamic-vp-nu1p5-N80-s200-refinement-5c6d0e802d\arrays.npz,80,student_t,1.5,dynamic,True,extreme
1.5,,0.5,1.0,nan,2.0,1.0571742833188815,0.001,0.01,vp,10,refinement,0.9973120758906454,,-1,nested,16384,200,0.5055798415459558,SOURCE_RUN\raw\task-0092-dynamic-vp-nu1p5-N160-s200-refinement-a1ee02dd4a\arrays.npz,160,student_t,1.5,dynamic,True,primary
1.5,,0.5,1.0,nan,2.0,1.0476873229795751,0.001,0.01,vp,10,refinement,0.9974545993143057,,-1,nested,16384,200,0.5027077095228165,SOURCE_RUN\raw\task-0084-dynamic-vp-nu1p5-N40-s200-refinement-39ff189c4f\arrays.npz,40,student_t,1.5,dynamic,True,primary
1.5,,0.5,1.0,nan,2.0,0.9850297770796289,0.001,0.01,vp,10,refinement,0.9975940804415249,,-1,nested,16384,200,0.4915457786295579,SOURCE_RUN\raw\task-0088-dynamic-vp-nu1p5-N80-s200-refinement-5c6d0e802d\arrays.npz,80,student_t,1.5,dynamic,True,primary
1.5,,0.5,1.0,nan,2.0,0.772377951219404,0.002,0.02,vp,10,refinement,0.9980891233706045,,-1,nested,32768,200,0.4478519145165161,SOURCE_RUN\raw\task-0092-dynamic-vp-nu1p5-N160-s200-refinement-a1ee02dd4a\arrays.npz,160,student_t,1.5,dynamic,True,broad
1.5,,0.5,1.0,nan,2.0,0.7898045939544673,0.002,0.02,vp,10,refinement,0.9988661652630864,,-1,nested,32768,200,0.45795288251850813,SOURCE_RUN\raw\task-0084-dynamic-vp-nu1p5-N40-s200-refinement-39ff189c4f\arrays.npz,40,student_t,1.5,dynamic,True,broad
1.5,,0.5,1.0,nan,2.0,0.7836417400703205,0.002,0.02,vp,10,refinement,0.9984691716672126,,-1,nested,32768,200,0.4532720753081874,SOURCE_RUN\raw\task-0088-dynamic-vp-nu1p5-N80-s200-refinement-5c6d0e802d\arrays.npz,80,student_t,1.5,dynamic,True,broad
1.5,,0.5,1.0,nan,2.0,1.0924294781352566,0.001,0.005,vp,7,refinement,0.9990915335617476,,-1,nested,32768,200,0.5042188571078655,SOURCE_RUN\raw\task-0092-dynamic-vp-nu1p5-N160-s200-refinement-a1ee02dd4a\arrays.npz,160,student_t,1.5,dynamic,True,extreme
1.5,,0.5,1.0,nan,2.0,1.048280697881847,0.001,0.005,vp,7,refinement,0.9998683680888639,,-1,nested,32768,200,0.503146542295504,SOURCE_RUN\raw\task-0084-dynamic-vp-nu1p5-N40-s200-refinement-39ff189c4f\arrays.npz,40,student_t,1.5,dynamic,True,extreme
1.5,,0.5,1.0,nan,2.0,1.1792466549111038,0.001,0.005,vp,7,refinement,0.9992263835602886,,-1,nested,32768,200,0.5222901529535695,SOURCE_RUN\raw\task-0088-dynamic-vp-nu1p5-N80-s200-refinement-5c6d0e802d\arrays.npz,80,student_t,1.5,dynamic,True,extreme
1.5,,0.5,1.0,nan,2.0,0.9866602865816465,0.001,0.01,vp,10,refinement,0.998998949985586,,-1,nested,32768,200,0.487509082759293,SOURCE_RUN\raw\task-0092-dynamic-vp-nu1p5-N160-s200-refinement-a1ee02dd4a\arrays.npz,160,student_t,1.5,dynamic,True,primary
1.5,,0.5,1.0,nan,2.0,0.9496134097571594,0.001,0.01,vp,10,refinement,0.9993100517351542,,-1,nested,32768,200,0.4875371689503367,SOURCE_RUN\raw\task-0084-dynamic-vp-nu1p5-N40-s200-refinement-39ff189c4f\arrays.npz,40,student_t,1.5,dynamic,True,primary
1.5,,0.5,1.0,nan,2.0,1.0174895174264373,0.001,0.01,vp,10,refinement,0.998148480926847,,-1,nested,32768,200,0.49672937887991425,SOURCE_RUN\raw\task-0088-dynamic-vp-nu1p5-N80-s200-refinement-5c6d0e802d\arrays.npz,80,student_t,1.5,dynamic,True,primary
1.5,,0.5,1.0,nan,2.0,0.8231459407710712,0.002,0.02,vp,10,refinement,0.9962991927525086,,0,block,16384,201,0.4570430737456623,SOURCE_RUN\raw\task-0093-dynamic-vp-nu1p5-N160-s201-refinement-3e4cbb963b\arrays.npz,160,student_t,1.5,dynamic,True,broad
1.5,,0.5,1.0,nan,2.0,0.828885657867979,0.002,0.02,vp,10,refinement,0.9954159478510826,,0,block,16384,201,0.46238190474596397,SOURCE_RUN\raw\task-0085-dynamic-vp-nu1p5-N40-s201-refinement-d6e04fbda2\arrays.npz,40,student_t,1.5,dynamic,True,broad
1.5,,0.5,1.0,nan,2.0,0.9216913836723717,0.002,0.02,vp,10,refinement,0.9979829763879269,,0,block,16384,201,0.48309283238481815,SOURCE_RUN\raw\task-0089-dynamic-vp-nu1p5-N80-s201-refinement-0fc10b801a\arrays.npz,80,student_t,1.5,dynamic,True,broad
1.5,,0.5,1.0,nan,2.0,1.109732143018116,0.001,0.005,vp,7,refinement,0.9997102558299131,,0,block,16384,201,0.5075366585514162,SOURCE_RUN\raw\task-0093-dynamic-vp-nu1p5-N160-s201-refinement-3e4cbb963b\arrays.npz,160,student_t,1.5,dynamic,True,extreme
1.5,,0.5,1.0,nan,2.0,1.1429565678271403,0.001,0.005,vp,7,refinement,0.9997070924322462,,0,block,16384,201,0.5182932546780735,SOURCE_RUN\raw\task-0085-dynamic-vp-nu1p5-N40-s201-refinement-d6e04fbda2\arrays.npz,40,student_t,1.5,dynamic,True,extreme
1.5,,0.5,1.0,nan,2.0,0.9512668871761262,0.001,0.005,vp,7,refinement,0.998538075426406,,0,block,16384,201,0.48909397034946944,SOURCE_RUN\raw\task-0089-dynamic-vp-nu1p5-N80-s201-refinement-0fc10b801a\arrays.npz,80,student_t,1.5,dynamic,True,extreme
1.5,,0.5,1.0,nan,2.0,1.0440192733682445,0.001,0.01,vp,10,refinement,0.99929966740721,,0,block,16384,201,0.49705685931787363,SOURCE_RUN\raw\task-0093-dynamic-vp-nu1p5-N160-s201-refinement-3e4cbb963b\arrays.npz,160,student_t,1.5,dynamic,True,primary
1.5,,0.5,1.0,nan,2.0,1.0947347903533942,0.001,0.01,vp,10,refinement,0.9995871371947201,,0,block,16384,201,0.5106008256746767,SOURCE_RUN\raw\task-0085-dynamic-vp-nu1p5-N40-s201-refinement-d6e04fbda2\arrays.npz,40,student_t,1.5,dynamic,True,primary
1.5,,0.5,1.0,nan,2.0,1.0052872062170923,0.001,0.01,vp,10,refinement,0.9993130048634569,,0,block,16384,201,0.4975572282695558,SOURCE_RUN\raw\task-0089-dynamic-vp-nu1p5-N80-s201-refinement-0fc10b801a\arrays.npz,80,student_t,1.5,dynamic,True,primary
1.5,,0.5,1.0,nan,2.0,0.7963800759797376,0.002,0.02,vp,10,refinement,0.9984963858631817,,1,block,16384,201,0.46014408086388636,SOURCE_RUN\raw\task-0093-dynamic-vp-nu1p5-N160-s201-refinement-3e4cbb963b\arrays.npz,160,student_t,1.5,dynamic,True,broad
1.5,,0.5,1.0,nan,2.0,0.7939495764081349,0.002,0.02,vp,10,refinement,0.9993748385065855,,1,block,16384,201,0.45825068900110805,SOURCE_RUN\raw\task-0085-dynamic-vp-nu1p5-N40-s201-refinement-d6e04fbda2\arrays.npz,40,student_t,1.5,dynamic,True,broad
1.5,,0.5,1.0,nan,2.0,0.6680669424802932,0.002,0.02,vp,10,refinement,0.9987402928098479,,1,block,16384,201,0.42628464650646286,SOURCE_RUN\raw\task-0089-dynamic-vp-nu1p5-N80-s201-refinement-0fc10b801a\arrays.npz,80,student_t,1.5,dynamic,True,broad
1.5,,0.5,1.0,nan,2.0,1.0879115016465049,0.001,0.005,vp,7,refinement,0.9994931249121284,,1,block,16384,201,0.5111780103302246,SOURCE_RUN\raw\task-0093-dynamic-vp-nu1p5-N160-s201-refinement-3e4cbb963b\arrays.npz,160,student_t,1.5,dynamic,True,extreme
1.5,,0.5,1.0,nan,2.0,0.8710529093499401,0.001,0.005,vp,7,refinement,0.9979659172783696,,1,block,16384,201,0.47214313553673115,SOURCE_RUN\raw\task-0085-dynamic-vp-nu1p5-N40-s201-refinement-d6e04fbda2\arrays.npz,40,student_t,1.5,dynamic,True,extreme
1.5,,0.5,1.0,nan,2.0,0.9088469954889041,0.001,0.005,vp,7,refinement,0.994483148426552,,1,block,16384,201,0.4689188710986039,SOURCE_RUN\raw\task-0089-dynamic-vp-nu1p5-N80-s201-refinement-0fc10b801a\arrays.npz,80,student_t,1.5,dynamic,True,extreme
1.5,,0.5,1.0,nan,2.0,0.989180056609363,0.001,0.01,vp,10,refinement,0.9993036251451529,,1,block,16384,201,0.4956383051536978,SOURCE_RUN\raw\task-0093-dynamic-vp-nu1p5-N160-s201-refinement-3e4cbb963b\arrays.npz,160,student_t,1.5,dynamic,True,primary
1.5,,0.5,1.0,nan,2.0,0.8550034800421956,0.001,0.01,vp,10,refinement,0.9992817264453858,,1,block,16384,201,0.46963074111574965,SOURCE_RUN\raw\task-0085-dynamic-vp-nu1p5-N40-s201-refinement-d6e04fbda2\arrays.npz,40,student_t,1.5,dynamic,True,primary
1.5,,0.5,1.0,nan,2.0,0.8436688842225379,0.001,0.01,vp,10,refinement,0.9977027988243499,,1,block,16384,201,0.4586057522381145,SOURCE_RUN\raw\task-0089-dynamic-vp-nu1p5-N80-s201-refinement-0fc10b801a\arrays.npz,80,student_t,1.5,dynamic,True,primary
1.5,,0.5,1.0,nan,2.0,0.7012958058951008,0.002,0.02,vp,10,refinement,0.9996215591437613,,2,block,16384,201,0.4311685326240665,SOURCE_RUN\raw\task-0093-dynamic-vp-nu1p5-N160-s201-refinement-3e4cbb963b\arrays.npz,160,student_t,1.5,dynamic,True,broad
1.5,,0.5,1.0,nan,2.0,0.7647603129240452,0.002,0.02,vp,10,refinement,0.9990216704090097,,2,block,16384,201,0.4490158428896364,SOURCE_RUN\raw\task-0085-dynamic-vp-nu1p5-N40-s201-refinement-d6e04fbda2\arrays.npz,40,student_t,1.5,dynamic,True,broad
1.5,,0.5,1.0,nan,2.0,0.8166706905568476,0.002,0.02,vp,10,refinement,0.9986292457476607,,2,block,16384,201,0.4629549345664091,SOURCE_RUN\raw\task-0089-dynamic-vp-nu1p5-N80-s201-refinement-0fc10b801a\arrays.npz,80,student_t,1.5,dynamic,True,broad
1.5,,0.5,1.0,nan,2.0,0.90817449534152,0.001,0.005,vp,7,refinement,0.993318388343161,,2,block,16384,201,0.46761330003743756,SOURCE_RUN\raw\task-0093-dynamic-vp-nu1p5-N160-s201-refinement-3e4cbb963b\arrays.npz,160,student_t,1.5,dynamic,True,extreme
1.5,,0.5,1.0,nan,2.0,1.0106658825582686,0.001,0.005,vp,7,refinement,0.9983744229782899,,2,block,16384,201,0.49199651309874454,SOURCE_RUN\raw\task-0085-dynamic-vp-nu1p5-N40-s201-refinement-d6e04fbda2\arrays.npz,40,student_t,1.5,dynamic,True,extreme
1.5,,0.5,1.0,nan,2.0,1.0468312023544002,0.001,0.005,vp,7,refinement,0.9976146902037745,,2,block,16384,201,0.5028878106986339,SOURCE_RUN\raw\task-0089-dynamic-vp-nu1p5-N80-s201-refinement-0fc10b801a\arrays.npz,80,student_t,1.5,dynamic,True,extreme
1.5,,0.5,1.0,nan,2.0,0.81972462126727,0.001,0.01,vp,10,refinement,0.9970773115774134,,2,block,16384,201,0.4536877652452447,SOURCE_RUN\raw\task-0093-dynamic-vp-nu1p5-N160-s201-refinement-3e4cbb963b\arrays.npz,160,student_t,1.5,dynamic,True,primary
1.5,,0.5,1.0,nan,2.0,0.9138868895693769,0.001,0.01,vp,10,refinement,0.9988150351295886,,2,block,16384,201,0.4767666174348983,SOURCE_RUN\raw\task-0085-dynamic-vp-nu1p5-N40-s201-refinement-d6e04fbda2\arrays.npz,40,student_t,1.5,dynamic,True,primary
1.5,,0.5,1.0,nan,2.0,0.9696939084765561,0.001,0.01,vp,10,refinement,0.998669341064948,,2,block,16384,201,0.4906756653517352,SOURCE_RUN\raw\task-0089-dynamic-vp-nu1p5-N80-s201-refinement-0fc10b801a\arrays.npz,80,student_t,1.5,dynamic,True,primary
1.5,,0.5,1.0,nan,2.0,0.9333224288808769,0.002,0.02,vp,10,refinement,0.9963460339323584,,3,block,16384,201,0.48286957915554346,SOURCE_RUN\raw\task-0093-dynamic-vp-nu1p5-N160-s201-refinement-3e4cbb963b\arrays.npz,160,student_t,1.5,dynamic,True,broad
1.5,,0.5,1.0,nan,2.0,0.827421058682765,0.002,0.02,vp,10,refinement,0.9960679518287034,,3,block,16384,201,0.4681959583645792,SOURCE_RUN\raw\task-0085-dynamic-vp-nu1p5-N40-s201-refinement-d6e04fbda2\arrays.npz,40,student_t,1.5,dynamic,True,broad
1.5,,0.5,1.0,nan,2.0,0.8285176285573912,0.002,0.02,vp,10,refinement,0.9967810475671928,,3,block,16384,201,0.4605492479281661,SOURCE_RUN\raw\task-0089-dynamic-vp-nu1p5-N80-s201-refinement-0fc10b801a\arrays.npz,80,student_t,1.5,dynamic,True,broad
1.5,,0.5,1.0,nan,2.0,1.2476563770814368,0.001,0.005,vp,7,refinement,0.9996582039679015,,3,block,16384,201,0.5377861726414619,SOURCE_RUN\raw\task-0093-dynamic-vp-nu1p5-N160-s201-refinement-3e4cbb963b\arrays.npz,160,student_t,1.5,dynamic,True,extreme
1.5,,0.5,1.0,nan,2.0,1.1468001032024062,0.001,0.005,vp,7,refinement,0.9992075870616568,,3,block,16384,201,0.523809604688802,SOURCE_RUN\raw\task-0085-dynamic-vp-nu1p5-N40-s201-refinement-d6e04fbda2\arrays.npz,40,student_t,1.5,dynamic,True,extreme
1.5,,0.5,1.0,nan,2.0,1.324082338074803,0.001,0.005,vp,7,refinement,0.9994327054548462,,3,block,16384,201,0.5472315721509059,SOURCE_RUN\raw\task-0089-dynamic-vp-nu1p5-N80-s201-refinement-0fc10b801a\arrays.npz,80,student_t,1.5,dynamic,True,extreme
1.5,,0.5,1.0,nan,2.0,1.1604422319042207,0.001,0.01,vp,10,refinement,0.9992796324084664,,3,block,16384,201,0.5239397768922164,SOURCE_RUN\raw\task-0093-dynamic-vp-nu1p5-N160-s201-refinement-3e4cbb963b\arrays.npz,160,student_t,1.5,dynamic,True,primary
1.5,,0.5,1.0,nan,2.0,1.0415963172381932,0.001,0.01,vp,10,refinement,0.9987841781225347,,3,block,16384,201,0.5071160394130151,SOURCE_RUN\raw\task-0085-dynamic-vp-nu1p5-N40-s201-refinement-d6e04fbda2\arrays.npz,40,student_t,1.5,dynamic,True,primary
1.5,,0.5,1.0,nan,2.0,1.1389210653120576,0.001,0.01,vp,10,refinement,0.9977017111547639,,3,block,16384,201,0.5179234671562907,SOURCE_RUN\raw\task-0089-dynamic-vp-nu1p5-N80-s201-refinement-0fc10b801a\arrays.npz,80,student_t,1.5,dynamic,True,primary
1.5,,0.5,1.0,nan,2.0,0.8196653273936092,0.002,0.02,vp,10,refinement,0.9983250129284124,,-1,full,65536,201,0.4590601546210957,SOURCE_RUN\raw\task-0093-dynamic-vp-nu1p5-N160-s201-refinement-3e4cbb963b\arrays.npz,160,student_t,1.5,dynamic,True,broad
1.5,,0.5,1.0,nan,2.0,0.8044161721743583,0.002,0.02,vp,10,refinement,0.9984580835459449,,-1,full,65536,201,0.4595436137084963,SOURCE_RUN\raw\task-0085-dynamic-vp-nu1p5-N40-s201-refinement-d6e04fbda2\arrays.npz,40,student_t,1.5,dynamic,True,broad
1.5,,0.5,1.0,nan,2.0,0.8139058708358331,0.002,0.02,vp,10,refinement,0.998356011411999,,-1,full,65536,201,0.4590308303677272,SOURCE_RUN\raw\task-0089-dynamic-vp-nu1p5-N80-s201-refinement-0fc10b801a\arrays.npz,80,student_t,1.5,dynamic,True,broad
1.5,,0.5,1.0,nan,2.0,1.0235491219943726,0.001,0.005,vp,7,refinement,0.9997471743070835,,-1,full,65536,201,0.494930181650201,SOURCE_RUN\raw\task-0093-dynamic-vp-nu1p5-N160-s201-refinement-3e4cbb963b\arrays.npz,160,student_t,1.5,dynamic,True,extreme
1.5,,0.5,1.0,nan,2.0,1.0098803402156329,0.001,0.005,vp,7,refinement,0.9998302742304847,,-1,full,65536,201,0.495718156111036,SOURCE_RUN\raw\task-0085-dynamic-vp-nu1p5-N40-s201-refinement-d6e04fbda2\arrays.npz,40,student_t,1.5,dynamic,True,extreme
1.5,,0.5,1.0,nan,2.0,1.0203553976458666,0.001,0.005,vp,7,refinement,0.9997834013524206,,-1,full,65536,201,0.4953663078160325,SOURCE_RUN\raw\task-0089-dynamic-vp-nu1p5-N80-s201-refinement-0fc10b801a\arrays.npz,80,student_t,1.5,dynamic,True,extreme
1.5,,0.5,1.0,nan,2.0,0.9740444758091688,0.001,0.01,vp,10,refinement,0.99960635645839,,-1,full,65536,201,0.48704661834776947,SOURCE_RUN\raw\task-0093-dynamic-vp-nu1p5-N160-s201-refinement-3e4cbb963b\arrays.npz,160,student_t,1.5,dynamic,True,primary
1.5,,0.5,1.0,nan,2.0,0.9600271739747492,0.001,0.01,vp,10,refinement,0.9997009243971056,,-1,full,65536,201,0.4877987293851522,SOURCE_RUN\raw\task-0085-dynamic-vp-nu1p5-N40-s201-refinement-d6e04fbda2\arrays.npz,40,student_t,1.5,dynamic,True,primary
1.5,,0.5,1.0,nan,2.0,0.9709412826879322,0.001,0.01,vp,10,refinement,0.999643914502126,,-1,full,65536,201,0.4875029353503865,SOURCE_RUN\raw\task-0089-dynamic-vp-nu1p5-N80-s201-refinement-0fc10b801a\arrays.npz,80,student_t,1.5,dynamic,True,primary
1.5,,0.5,1.0,nan,2.0,0.8231459407710712,0.002,0.02,vp,10,refinement,0.9962991927525086,,-1,nested,16384,201,0.4570430737456623,SOURCE_RUN\raw\task-0093-dynamic-vp-nu1p5-N160-s201-refinement-3e4cbb963b\arrays.npz,160,student_t,1.5,dynamic,True,broad
1.5,,0.5,1.0,nan,2.0,0.828885657867979,0.002,0.02,vp,10,refinement,0.9954159478510826,,-1,nested,16384,201,0.46238190474596397,SOURCE_RUN\raw\task-0085-dynamic-vp-nu1p5-N40-s201-refinement-d6e04fbda2\arrays.npz,40,student_t,1.5,dynamic,True,broad
1.5,,0.5,1.0,nan,2.0,0.9216913836723717,0.002,0.02,vp,10,refinement,0.9979829763879269,,-1,nested,16384,201,0.48309283238481815,SOURCE_RUN\raw\task-0089-dynamic-vp-nu1p5-N80-s201-refinement-0fc10b801a\arrays.npz,80,student_t,1.5,dynamic,True,broad
1.5,,0.5,1.0,nan,2.0,1.109732143018116,0.001,0.005,vp,7,refinement,0.9997102558299131,,-1,nested,16384,201,0.5075366585514162,SOURCE_RUN\raw\task-0093-dynamic-vp-nu1p5-N160-s201-refinement-3e4cbb963b\arrays.npz,160,student_t,1.5,dynamic,True,extreme
1.5,,0.5,1.0,nan,2.0,1.1429565678271403,0.001,0.005,vp,7,refinement,0.9997070924322462,,-1,nested,16384,201,0.5182932546780735,SOURCE_RUN\raw\task-0085-dynamic-vp-nu1p5-N40-s201-refinement-d6e04fbda2\arrays.npz,40,student_t,1.5,dynamic,True,extreme
1.5,,0.5,1.0,nan,2.0,0.9512668871761262,0.001,0.005,vp,7,refinement,0.998538075426406,,-1,nested,16384,201,0.48909397034946944,SOURCE_RUN\raw\task-0089-dynamic-vp-nu1p5-N80-s201-refinement-0fc10b801a\arrays.npz,80,student_t,1.5,dynamic,True,extreme
1.5,,0.5,1.0,nan,2.0,1.0440192733682445,0.001,0.01,vp,10,refinement,0.99929966740721,,-1,nested,16384,201,0.49705685931787363,SOURCE_RUN\raw\task-0093-dynamic-vp-nu1p5-N160-s201-refinement-3e4cbb963b\arrays.npz,160,student_t,1.5,dynamic,True,primary
1.5,,0.5,1.0,nan,2.0,1.0947347903533942,0.001,0.01,vp,10,refinement,0.9995871371947201,,-1,nested,16384,201,0.5106008256746767,SOURCE_RUN\raw\task-0085-dynamic-vp-nu1p5-N40-s201-refinement-d6e04fbda2\arrays.npz,40,student_t,1.5,dynamic,True,primary
1.5,,0.5,1.0,nan,2.0,1.0052872062170923,0.001,0.01,vp,10,refinement,0.9993130048634569,,-1,nested,16384,201,0.4975572282695558,SOURCE_RUN\raw\task-0089-dynamic-vp-nu1p5-N80-s201-refinement-0fc10b801a\arrays.npz,80,student_t,1.5,dynamic,True,primary
1.5,,0.5,1.0,nan,2.0,0.7889708584888884,0.002,0.02,vp,10,refinement,0.9976214805277254,,-1,nested,32768,201,0.4538772232448234,SOURCE_RUN\raw\task-0093-dynamic-vp-nu1p5-N160-s201-refinement-3e4cbb963b\arrays.npz,160,student_t,1.5,dynamic,True,broad
1.5,,0.5,1.0,nan,2.0,0.8153779214839565,0.002,0.02,vp,10,refinement,0.9982740765173086,,-1,nested,32768,201,0.4609928688172035,SOURCE_RUN\raw\task-0085-dynamic-vp-nu1p5-N40-s201-refinement-d6e04fbda2\arrays.npz,40,student_t,1.5,dynamic,True,broad
1.5,,0.5,1.0,nan,2.0,0.8048262705958023,0.002,0.02,vp,10,refinement,0.9986619391613439,,-1,nested,32768,201,0.4566718786788008,SOURCE_RUN\raw\task-0089-dynamic-vp-nu1p5-N80-s201-refinement-0fc10b801a\arrays.npz,80,student_t,1.5,dynamic,True,broad
1.5,,0.5,1.0,nan,2.0,1.102516439590417,0.001,0.005,vp,7,refinement,0.9998295325855449,,-1,nested,32768,201,0.5089781981143103,SOURCE_RUN\raw\task-0093-dynamic-vp-nu1p5-N160-s201-refinement-3e4cbb963b\arrays.npz,160,student_t,1.5,dynamic,True,extreme
1.5,,0.5,1.0,nan,2.0,1.0072289419354636,0.001,0.005,vp,7,refinement,0.9994538634504847,,-1,nested,32768,201,0.4949409961048886,SOURCE_RUN\raw\task-0085-dynamic-vp-nu1p5-N40-s201-refinement-d6e04fbda2\arrays.npz,40,student_t,1.5,dynamic,True,extreme
1.5,,0.5,1.0,nan,2.0,0.8653256923824113,0.001,0.005,vp,7,refinement,0.9992995485313345,,-1,nested,32768,201,0.4676101053308267,SOURCE_RUN\raw\task-0089-dynamic-vp-nu1p5-N80-s201-refinement-0fc10b801a\arrays.npz,80,student_t,1.5,dynamic,True,extreme
1.5,,0.5,1.0,nan,2.0,1.0089693967694597,0.001,0.01,vp,10,refinement,0.9992433468990012,,-1,nested,32768,201,0.4941425420065513,SOURCE_RUN\raw\task-0093-dynamic-vp-nu1p5-N160-s201-refinement-3e4cbb963b\arrays.npz,160,student_t,1.5,dynamic,True,primary
1.5,,0.5,1.0,nan,2.0,0.9715735580035083,0.001,0.01,vp,10,refinement,0.9996264816100497,,-1,nested,32768,201,0.4892531588622283,SOURCE_RUN\raw\task-0085-dynamic-vp-nu1p5-N40-s201-refinement-d6e04fbda2\arrays.npz,40,student_t,1.5,dynamic,True,primary
1.5,,0.5,1.0,nan,2.0,0.8886474509755666,0.001,0.01,vp,10,refinement,0.9997083886504884,,-1,nested,32768,201,0.47124783707599677,SOURCE_RUN\raw\task-0089-dynamic-vp-nu1p5-N80-s201-refinement-0fc10b801a\arrays.npz,80,student_t,1.5,dynamic,True,primary
1.5,,0.5,1.0,nan,2.0,0.795816562132546,0.002,0.02,vp,10,refinement,0.9987882046780464,,0,block,16384,202,0.45706871921225933,SOURCE_RUN\raw\task-0094-dynamic-vp-nu1p5-N160-s202-refinement-824645f334\arrays.npz,160,student_t,1.5,dynamic,True,broad
1.5,,0.5,1.0,nan,2.0,0.8302363010644731,0.002,0.02,vp,10,refinement,0.9989904791513246,,0,block,16384,202,0.4741403207060613,SOURCE_RUN\raw\task-0086-dynamic-vp-nu1p5-N40-s202-refinement-c0cb1d0686\arrays.npz,40,student_t,1.5,dynamic,True,broad
1.5,,0.5,1.0,nan,2.0,0.8200823704130397,0.002,0.02,vp,10,refinement,0.9983954564412064,,0,block,16384,202,0.4636970198232781,SOURCE_RUN\raw\task-0090-dynamic-vp-nu1p5-N80-s202-refinement-ee74ad0c8d\arrays.npz,80,student_t,1.5,dynamic,True,broad
1.5,,0.5,1.0,nan,2.0,1.1224296581889521,0.001,0.005,vp,7,refinement,0.9992128256274658,,0,block,16384,202,0.5142291446296677,SOURCE_RUN\raw\task-0094-dynamic-vp-nu1p5-N160-s202-refinement-824645f334\arrays.npz,160,student_t,1.5,dynamic,True,extreme
1.5,,0.5,1.0,nan,2.0,1.0011301034509705,0.001,0.005,vp,7,refinement,0.9988279726093038,,0,block,16384,202,0.5050164583649268,SOURCE_RUN\raw\task-0086-dynamic-vp-nu1p5-N40-s202-refinement-c0cb1d0686\arrays.npz,40,student_t,1.5,dynamic,True,extreme
1.5,,0.5,1.0,nan,2.0,1.1929348303089338,0.001,0.005,vp,7,refinement,0.9958347039651505,,0,block,16384,202,0.5292743955350652,SOURCE_RUN\raw\task-0090-dynamic-vp-nu1p5-N80-s202-refinement-ee74ad0c8d\arrays.npz,80,student_t,1.5,dynamic,True,extreme
1.5,,0.5,1.0,nan,2.0,0.9982706657530042,0.001,0.01,vp,10,refinement,0.9987380069804058,,0,block,16384,202,0.4945924026573377,SOURCE_RUN\raw\task-0094-dynamic-vp-nu1p5-N160-s202-refinement-824645f334\arrays.npz,160,student_t,1.5,dynamic,True,primary
1.5,,0.5,1.0,nan,2.0,0.9747196695270393,0.001,0.01,vp,10,refinement,0.9993968115369511,,0,block,16384,202,0.5008143216791511,SOURCE_RUN\raw\task-0086-dynamic-vp-nu1p5-N40-s202-refinement-c0cb1d0686\arrays.npz,40,student_t,1.5,dynamic,True,primary
1.5,,0.5,1.0,nan,2.0,1.0492668378655379,0.001,0.01,vp,10,refinement,0.9974003997457833,,0,block,16384,202,0.5066165409798907,SOURCE_RUN\raw\task-0090-dynamic-vp-nu1p5-N80-s202-refinement-ee74ad0c8d\arrays.npz,80,student_t,1.5,dynamic,True,primary
1.5,,0.5,1.0,nan,2.0,0.8321133383708843,0.002,0.02,vp,10,refinement,0.9987482106120731,,1,block,16384,202,0.46295484403928894,SOURCE_RUN\raw\task-0094-dynamic-vp-nu1p5-N160-s202-refinement-824645f334\arrays.npz,160,student_t,1.5,dynamic,True,broad
1.5,,0.5,1.0,nan,2.0,0.8654145463389845,0.002,0.02,vp,10,refinement,0.9982877548440865,,1,block,16384,202,0.47592546161909244,SOURCE_RUN\raw\task-0086-dynamic-vp-nu1p5-N40-s202-refinement-c0cb1d0686\arrays.npz,40,student_t,1.5,dynamic,True,broad
1.5,,0.5,1.0,nan,2.0,0.9082770549851565,0.002,0.02,vp,10,refinement,0.9953529894233368,,1,block,16384,202,0.4762865562579889,SOURCE_RUN\raw\task-0090-dynamic-vp-nu1p5-N80-s202-refinement-ee74ad0c8d\arrays.npz,80,student_t,1.5,dynamic,True,broad
1.5,,0.5,1.0,nan,2.0,1.179384786954126,0.001,0.005,vp,7,refinement,0.9983497800402803,,1,block,16384,202,0.5239743542076705,SOURCE_RUN\raw\task-0094-dynamic-vp-nu1p5-N160-s202-refinement-824645f334\arrays.npz,160,student_t,1.5,dynamic,True,extreme
1.5,,0.5,1.0,nan,2.0,1.1346182230407862,0.001,0.005,vp,7,refinement,0.9995513925086359,,1,block,16384,202,0.5225658649984454,SOURCE_RUN\raw\task-0086-dynamic-vp-nu1p5-N40-s202-refinement-c0cb1d0686\arrays.npz,40,student_t,1.5,dynamic,True,extreme
1.5,,0.5,1.0,nan,2.0,1.1262830813985132,0.001,0.005,vp,7,refinement,0.9984764917744041,,1,block,16384,202,0.5148423903560774,SOURCE_RUN\raw\task-0090-dynamic-vp-nu1p5-N80-s202-refinement-ee74ad0c8d\arrays.npz,80,student_t,1.5,dynamic,True,extreme
1.5,,0.5,1.0,nan,2.0,1.057063960784915,0.001,0.01,vp,10,refinement,0.9985069699698325,,1,block,16384,202,0.5046446467134951,SOURCE_RUN\raw\task-0094-dynamic-vp-nu1p5-N160-s202-refinement-824645f334\arrays.npz,160,student_t,1.5,dynamic,True,primary
1.5,,0.5,1.0,nan,2.0,1.033190896182298,0.001,0.01,vp,10,refinement,0.9991197076988416,,1,block,16384,202,0.5065078784888395,SOURCE_RUN\raw\task-0086-dynamic-vp-nu1p5-N40-s202-refinement-c0cb1d0686\arrays.npz,40,student_t,1.5,dynamic,True,primary
1.5,,0.5,1.0,nan,2.0,1.1116437707125069,0.001,0.01,vp,10,refinement,0.9992358566963772,,1,block,16384,202,0.5124273448533809,SOURCE_RUN\raw\task-0090-dynamic-vp-nu1p5-N80-s202-refinement-ee74ad0c8d\arrays.npz,80,student_t,1.5,dynamic,True,primary
1.5,,0.5,1.0,nan,2.0,0.8984957839673935,0.002,0.02,vp,10,refinement,0.9969947544948102,,2,block,16384,202,0.47554630368700773,SOURCE_RUN\raw\task-0094-dynamic-vp-nu1p5-N160-s202-refinement-824645f334\arrays.npz,160,student_t,1.5,dynamic,True,broad
1.5,,0.5,1.0,nan,2.0,0.8414964986365384,0.002,0.02,vp,10,refinement,0.9980385243771607,,2,block,16384,202,0.46545546907066054,SOURCE_RUN\raw\task-0086-dynamic-vp-nu1p5-N40-s202-refinement-c0cb1d0686\arrays.npz,40,student_t,1.5,dynamic,True,broad
1.5,,0.5,1.0,nan,2.0,0.8750672116075917,0.002,0.02,vp,10,refinement,0.9973820028382057,,2,block,16384,202,0.4750431170710295,SOURCE_RUN\raw\task-0090-dynamic-vp-nu1p5-N80-s202-refinement-ee74ad0c8d\arrays.npz,80,student_t,1.5,dynamic,True,broad
1.5,,0.5,1.0,nan,2.0,1.2076659160018557,0.001,0.005,vp,7,refinement,0.9990810157957735,,2,block,16384,202,0.5297272684290013,SOURCE_RUN\raw\task-0094-dynamic-vp-nu1p5-N160-s202-refinement-824645f334\arrays.npz,160,student_t,1.5,dynamic,True,extreme
1.5,,0.5,1.0,nan,2.0,1.1277467353309558,0.001,0.005,vp,7,refinement,0.9989604500246226,,2,block,16384,202,0.5158463905131723,SOURCE_RUN\raw\task-0086-dynamic-vp-nu1p5-N40-s202-refinement-c0cb1d0686\arrays.npz,40,student_t,1.5,dynamic,True,extreme
1.5,,0.5,1.0,nan,2.0,1.0941189029794252,0.001,0.005,vp,7,refinement,0.9990894659254549,,2,block,16384,202,0.513338491457036,SOURCE_RUN\raw\task-0090-dynamic-vp-nu1p5-N80-s202-refinement-ee74ad0c8d\arrays.npz,80,student_t,1.5,dynamic,True,extreme
1.5,,0.5,1.0,nan,2.0,1.1096591324031058,0.001,0.01,vp,10,refinement,0.9990808468529812,,2,block,16384,202,0.5142174025939524,SOURCE_RUN\raw\task-0094-dynamic-vp-nu1p5-N160-s202-refinement-824645f334\arrays.npz,160,student_t,1.5,dynamic,True,primary
1.5,,0.5,1.0,nan,2.0,1.0362340859449075,0.001,0.01,vp,10,refinement,0.9991449345784552,,2,block,16384,202,0.5013856901597294,SOURCE_RUN\raw\task-0086-dynamic-vp-nu1p5-N40-s202-refinement-c0cb1d0686\arrays.npz,40,student_t,1.5,dynamic,True,primary
1.5,,0.5,1.0,nan,2.0,1.0474646096834948,0.001,0.01,vp,10,refinement,0.9994914435230878,,2,block,16384,202,0.5059347532074308,SOURCE_RUN\raw\task-0090-dynamic-vp-nu1p5-N80-s202-refinement-ee74ad0c8d\arrays.npz,80,student_t,1.5,dynamic,True,primary
1.5,,0.5,1.0,nan,2.0,0.8158464805670572,0.002,0.02,vp,10,refinement,0.9974210283694611,,3,block,16384,202,0.4628415281753534,SOURCE_RUN\raw\task-0094-dynamic-vp-nu1p5-N160-s202-refinement-824645f334\arrays.npz,160,student_t,1.5,dynamic,True,broad
1.5,,0.5,1.0,nan,2.0,0.7792734270373035,0.002,0.02,vp,10,refinement,0.9939398824367026,,3,block,16384,202,0.4523243077679785,SOURCE_RUN\raw\task-0086-dynamic-vp-nu1p5-N40-s202-refinement-c0cb1d0686\arrays.npz,40,student_t,1.5,dynamic,True,broad
1.5,,0.5,1.0,nan,2.0,0.749161785773071,0.002,0.02,vp,10,refinement,0.99891630842508,,3,block,16384,202,0.4503693413687686,SOURCE_RUN\raw\task-0090-dynamic-vp-nu1p5-N80-s202-refinement-ee74ad0c8d\arrays.npz,80,student_t,1.5,dynamic,True,broad
1.5,,0.5,1.0,nan,2.0,1.1294004813027538,0.001,0.005,vp,7,refinement,0.9995076255540183,,3,block,16384,202,0.5172751982719976,SOURCE_RUN\raw\task-0094-dynamic-vp-nu1p5-N160-s202-refinement-824645f334\arrays.npz,160,student_t,1.5,dynamic,True,extreme
1.5,,0.5,1.0,nan,2.0,1.3235300456731107,0.001,0.005,vp,7,refinement,0.9995241351707861,,3,block,16384,202,0.5473246704952321,SOURCE_RUN\raw\task-0086-dynamic-vp-nu1p5-N40-s202-refinement-c0cb1d0686\arrays.npz,40,student_t,1.5,dynamic,True,extreme
1.5,,0.5,1.0,nan,2.0,1.1251969325703555,0.001,0.005,vp,7,refinement,0.9987725803704285,,3,block,16384,202,0.5153801404129683,SOURCE_RUN\raw\task-0090-dynamic-vp-nu1p5-N80-s202-refinement-ee74ad0c8d\arrays.npz,80,student_t,1.5,dynamic,True,extreme
1.5,,0.5,1.0,nan,2.0,1.0143388630257744,0.001,0.01,vp,10,refinement,0.9987674578096184,,3,block,16384,202,0.49902358602451313,SOURCE_RUN\raw\task-0094-dynamic-vp-nu1p5-N160-s202-refinement-824645f334\arrays.npz,160,student_t,1.5,dynamic,True,primary
1.5,,0.5,1.0,nan,2.0,1.1356611680975899,0.001,0.01,vp,10,refinement,0.9974405871776645,,3,block,16384,202,0.517554326213273,SOURCE_RUN\raw\task-0086-dynamic-vp-nu1p5-N40-s202-refinement-c0cb1d0686\arrays.npz,40,student_t,1.5,dynamic,True,primary
1.5,,0.5,1.0,nan,2.0,0.9370069203490998,0.001,0.01,vp,10,refinement,0.9973796610604484,,3,block,16384,202,0.4856737776624904,SOURCE_RUN\raw\task-0090-dynamic-vp-nu1p5-N80-s202-refinement-ee74ad0c8d\arrays.npz,80,student_t,1.5,dynamic,True,primary
1.5,,0.5,1.0,nan,2.0,0.8387858235295967,0.002,0.02,vp,10,refinement,0.9979996391211057,,-1,full,65536,202,0.46507730948223613,SOURCE_RUN\raw\task-0094-dynamic-vp-nu1p5-N160-s202-refinement-824645f334\arrays.npz,160,student_t,1.5,dynamic,True,broad
1.5,,0.5,1.0,nan,2.0,0.8200117572607035,0.002,0.02,vp,10,refinement,0.9981783856486307,,-1,full,65536,202,0.4648577528846689,SOURCE_RUN\raw\task-0086-dynamic-vp-nu1p5-N40-s202-refinement-c0cb1d0686\arrays.npz,40,student_t,1.5,dynamic,True,broad
1.5,,0.5,1.0,nan,2.0,0.8310137453134556,0.002,0.02,vp,10,refinement,0.9980645027088617,,-1,full,65536,202,0.46471141177277697,SOURCE_RUN\raw\task-0090-dynamic-vp-nu1p5-N80-s202-refinement-ee74ad0c8d\arrays.npz,80,student_t,1.5,dynamic,True,broad
1.5,,0.5,1.0,nan,2.0,1.1650174224074505,0.001,0.005,vp,7,refinement,0.9998462758910494,,-1,full,65536,202,0.5220893838423815,SOURCE_RUN\raw\task-0094-dynamic-vp-nu1p5-N160-s202-refinement-824645f334\arrays.npz,160,student_t,1.5,dynamic,True,extreme
1.5,,0.5,1.0,nan,2.0,1.1457261565906272,0.001,0.005,vp,7,refinement,0.9997949284967486,,-1,full,65536,202,0.5217957886082255,SOURCE_RUN\raw\task-0086-dynamic-vp-nu1p5-N40-s202-refinement-c0cb1d0686\arrays.npz,40,student_t,1.5,dynamic,True,extreme
1.5,,0.5,1.0,nan,2.0,1.160935827885926,0.001,0.005,vp,7,refinement,0.9997877322093222,,-1,full,65536,202,0.5222451365236651,SOURCE_RUN\raw\task-0090-dynamic-vp-nu1p5-N80-s202-refinement-ee74ad0c8d\arrays.npz,80,student_t,1.5,dynamic,True,extreme
1.5,,0.5,1.0,nan,2.0,1.0516529726641546,0.001,0.01,vp,10,refinement,0.999172787356943,,-1,full,65536,202,0.5041612621517234,SOURCE_RUN\raw\task-0094-dynamic-vp-nu1p5-N160-s202-refinement-824645f334\arrays.npz,160,student_t,1.5,dynamic,True,primary
1.5,,0.5,1.0,nan,2.0,1.0334472097816738,0.001,0.01,vp,10,refinement,0.9992009392309547,,-1,full,65536,202,0.5040503644143407,SOURCE_RUN\raw\task-0086-dynamic-vp-nu1p5-N40-s202-refinement-c0cb1d0686\arrays.npz,40,student_t,1.5,dynamic,True,primary
1.5,,0.5,1.0,nan,2.0,1.0407280920279653,0.001,0.01,vp,10,refinement,0.9990803470584935,,-1,full,65536,202,0.5032437588009995,SOURCE_RUN\raw\task-0090-dynamic-vp-nu1p5-N80-s202-refinement-ee74ad0c8d\arrays.npz,80,student_t,1.5,dynamic,True,primary
1.5,,0.5,1.0,nan,2.0,0.795816562132546,0.002,0.02,vp,10,refinement,0.9987882046780464,,-1,nested,16384,202,0.45706871921225933,SOURCE_RUN\raw\task-0094-dynamic-vp-nu1p5-N160-s202-refinement-824645f334\arrays.npz,160,student_t,1.5,dynamic,True,broad
1.5,,0.5,1.0,nan,2.0,0.8302363010644731,0.002,0.02,vp,10,refinement,0.9989904791513246,,-1,nested,16384,202,0.4741403207060613,SOURCE_RUN\raw\task-0086-dynamic-vp-nu1p5-N40-s202-refinement-c0cb1d0686\arrays.npz,40,student_t,1.5,dynamic,True,broad
1.5,,0.5,1.0,nan,2.0,0.8200823704130397,0.002,0.02,vp,10,refinement,0.9983954564412064,,-1,nested,16384,202,0.4636970198232781,SOURCE_RUN\raw\task-0090-dynamic-vp-nu1p5-N80-s202-refinement-ee74ad0c8d\arrays.npz,80,student_t,1.5,dynamic,True,broad
1.5,,0.5,1.0,nan,2.0,1.1224296581889521,0.001,0.005,vp,7,refinement,0.9992128256274658,,-1,nested,16384,202,0.5142291446296677,SOURCE_RUN\raw\task-0094-dynamic-vp-nu1p5-N160-s202-refinement-824645f334\arrays.npz,160,student_t,1.5,dynamic,True,extreme
1.5,,0.5,1.0,nan,2.0,1.0011301034509705,0.001,0.005,vp,7,refinement,0.9988279726093038,,-1,nested,16384,202,0.5050164583649268,SOURCE_RUN\raw\task-0086-dynamic-vp-nu1p5-N40-s202-refinement-c0cb1d0686\arrays.npz,40,student_t,1.5,dynamic,True,extreme
1.5,,0.5,1.0,nan,2.0,1.1929348303089338,0.001,0.005,vp,7,refinement,0.9958347039651505,,-1,nested,16384,202,0.5292743955350652,SOURCE_RUN\raw\task-0090-dynamic-vp-nu1p5-N80-s202-refinement-ee74ad0c8d\arrays.npz,80,student_t,1.5,dynamic,True,extreme
1.5,,0.5,1.0,nan,2.0,0.9982706657530042,0.001,0.01,vp,10,refinement,0.9987380069804058,,-1,nested,16384,202,0.4945924026573377,SOURCE_RUN\raw\task-0094-dynamic-vp-nu1p5-N160-s202-refinement-824645f334\arrays.npz,160,student_t,1.5,dynamic,True,primary
1.5,,0.5,1.0,nan,2.0,0.9747196695270393,0.001,0.01,vp,10,refinement,0.9993968115369511,,-1,nested,16384,202,0.5008143216791511,SOURCE_RUN\raw\task-0086-dynamic-vp-nu1p5-N40-s202-refinement-c0cb1d0686\arrays.npz,40,student_t,1.5,dynamic,True,primary
1.5,,0.5,1.0,nan,2.0,1.0492668378655379,0.001,0.01,vp,10,refinement,0.9974003997457833,,-1,nested,16384,202,0.5066165409798907,SOURCE_RUN\raw\task-0090-dynamic-vp-nu1p5-N80-s202-refinement-ee74ad0c8d\arrays.npz,80,student_t,1.5,dynamic,True,primary
1.5,,0.5,1.0,nan,2.0,0.8095660325266996,0.002,0.02,vp,10,refinement,0.9989280684251349,,-1,nested,32768,202,0.4588816461797476,SOURCE_RUN\raw\task-0094-dynamic-vp-nu1p5-N160-s202-refinement-824645f334\arrays.npz,160,student_t,1.5,dynamic,True,broad
1.5,,0.5,1.0,nan,2.0,0.8435586875267962,0.002,0.02,vp,10,refinement,0.998404733027073,,-1,nested,32768,202,0.4742052250588145,SOURCE_RUN\raw\task-0086-dynamic-vp-nu1p5-N40-s202-refinement-c0cb1d0686\arrays.npz,40,student_t,1.5,dynamic,True,broad
1.5,,0.5,1.0,nan,2.0,0.8582570355259869,0.002,0.02,vp,10,refinement,0.9972824556291925,,-1,nested,32768,202,0.46857969670738425,SOURCE_RUN\raw\task-0090-dynamic-vp-nu1p5-N80-s202-refinement-ee74ad0c8d\arrays.npz,80,student_t,1.5,dynamic,True,broad
1.5,,0.5,1.0,nan,2.0,1.1695276260830565,0.001,0.005,vp,7,refinement,0.998769662527342,,-1,nested,32768,202,0.5219406837325602,SOURCE_RUN\raw\task-0094-dynamic-vp-nu1p5-N160-s202-refinement-824645f334\arrays.npz,160,student_t,1.5,dynamic,True,extreme
1.5,,0.5,1.0,nan,2.0,1.0459169246449382,0.001,0.005,vp,7,refinement,0.9997647878066501,,-1,nested,32768,202,0.509639598383195,SOURCE_RUN\raw\task-0086-dynamic-vp-nu1p5-N40-s202-refinement-c0cb1d0686\arrays.npz,40,student_t,1.5,dynamic,True,extreme
1.5,,0.5,1.0,nan,2.0,1.1904025003357357,0.001,0.005,vp,7,refinement,0.9989535266581993,,-1,nested,32768,202,0.5267675108541363,SOURCE_RUN\raw\task-0090-dynamic-vp-nu1p5-N80-s202-refinement-ee74ad0c8d\arrays.npz,80,student_t,1.5,dynamic,True,extreme
1.5,,0.5,1.0,nan,2.0,1.0323788267164329,0.001,0.01,vp,10,refinement,0.9984616513091954,,-1,nested,32768,202,0.5002700131327986,SOURCE_RUN\raw\task-0094-dynamic-vp-nu1p5-N160-s202-refinement-824645f334\arrays.npz,160,student_t,1.5,dynamic,True,primary
1.5,,0.5,1.0,nan,2.0,0.9910991436834905,0.001,0.01,vp,10,refinement,0.9996292079834772,,-1,nested,32768,202,0.5009273453625542,SOURCE_RUN\raw\task-0086-dynamic-vp-nu1p5-N40-s202-refinement-c0cb1d0686\arrays.npz,40,student_t,1.5,dynamic,True,primary
1.5,,0.5,1.0,nan,2.0,1.0888964689673284,0.001,0.01,vp,10,refinement,0.9990914714882144,,-1,nested,32768,202,0.5107549932494063,SOURCE_RUN\raw\task-0090-dynamic-vp-nu1p5-N80-s202-refinement-ee74ad0c8d\arrays.npz,80,student_t,1.5,dynamic,True,primary
1.5,,0.5,1.0,nan,2.0,0.7598598079693664,0.002,0.02,vp,10,refinement,0.997976778779835,,0,block,16384,203,0.4440730741808038,SOURCE_RUN\raw\task-0095-dynamic-vp-nu1p5-N160-s203-refinement-898dea3cbc\arrays.npz,160,student_t,1.5,dynamic,True,broad
1.5,,0.5,1.0,nan,2.0,0.7661390902072156,0.002,0.02,vp,10,refinement,0.999351684333766,,0,block,16384,203,0.45162164736085686,SOURCE_RUN\raw\task-0087-dynamic-vp-nu1p5-N40-s203-refinement-cb0641bab6\arrays.npz,40,student_t,1.5,dynamic,True,broad
1.5,,0.5,1.0,nan,2.0,0.7937987701350048,0.002,0.02,vp,10,refinement,0.9980974788978992,,0,block,16384,203,0.4468478371077796,SOURCE_RUN\raw\task-0091-dynamic-vp-nu1p5-N80-s203-refinement-c51d7e1221\arrays.npz,80,student_t,1.5,dynamic,True,broad
1.5,,0.5,1.0,nan,2.0,1.1616541939551324,0.001,0.005,vp,7,refinement,0.9993281137682596,,0,block,16384,203,0.5141941164303684,SOURCE_RUN\raw\task-0095-dynamic-vp-nu1p5-N160-s203-refinement-898dea3cbc\arrays.npz,160,student_t,1.5,dynamic,True,extreme
1.5,,0.5,1.0,nan,2.0,0.8655239114835813,0.001,0.005,vp,7,refinement,0.99859138708808,,0,block,16384,203,0.46956041446933394,SOURCE_RUN\raw\task-0087-dynamic-vp-nu1p5-N40-s203-refinement-cb0641bab6\arrays.npz,40,student_t,1.5,dynamic,True,extreme
1.5,,0.5,1.0,nan,2.0,1.024288856483972,0.001,0.005,vp,7,refinement,0.9966516875514128,,0,block,16384,203,0.487814376728202,SOURCE_RUN\raw\task-0091-dynamic-vp-nu1p5-N80-s203-refinement-c51d7e1221\arrays.npz,80,student_t,1.5,dynamic,True,extreme
1.5,,0.5,1.0,nan,2.0,1.0161909996379541,0.001,0.01,vp,10,refinement,0.998519507325157,,0,block,16384,203,0.4912215822142946,SOURCE_RUN\raw\task-0095-dynamic-vp-nu1p5-N160-s203-refinement-898dea3cbc\arrays.npz,160,student_t,1.5,dynamic,True,primary
1.5,,0.5,1.0,nan,2.0,0.8436537374611965,0.001,0.01,vp,10,refinement,0.9993788011845572,,0,block,16384,203,0.4660543664637593,SOURCE_RUN\raw\task-0087-dynamic-vp-nu1p5-N40-s203-refinement-cb0641bab6\arrays.npz,40,student_t,1.5,dynamic,True,primary
1.5,,0.5,1.0,nan,2.0,0.9765916225258783,0.001,0.01,vp,10,refinement,0.998635403218075,,0,block,16384,203,0.480254153061591,SOURCE_RUN\raw\task-0091-dynamic-vp-nu1p5-N80-s203-refinement-c51d7e1221\arrays.npz,80,student_t,1.5,dynamic,True,primary
1.5,,0.5,1.0,nan,2.0,0.8396459505019287,0.002,0.02,vp,10,refinement,0.998054637749213,,1,block,16384,203,0.45459168413757645,SOURCE_RUN\raw\task-0095-dynamic-vp-nu1p5-N160-s203-refinement-898dea3cbc\arrays.npz,160,student_t,1.5,dynamic,True,broad
1.5,,0.5,1.0,nan,2.0,0.7831847503638655,0.002,0.02,vp,10,refinement,0.9980375770900125,,1,block,16384,203,0.4491454089875646,SOURCE_RUN\raw\task-0087-dynamic-vp-nu1p5-N40-s203-refinement-cb0641bab6\arrays.npz,40,student_t,1.5,dynamic,True,broad
1.5,,0.5,1.0,nan,2.0,0.8120250289348722,0.002,0.02,vp,10,refinement,0.9978531131041377,,1,block,16384,203,0.4595998433269835,SOURCE_RUN\raw\task-0091-dynamic-vp-nu1p5-N80-s203-refinement-c51d7e1221\arrays.npz,80,student_t,1.5,dynamic,True,broad
1.5,,0.5,1.0,nan,2.0,1.096195878575775,0.001,0.005,vp,7,refinement,0.9991431290542159,,1,block,16384,203,0.4998544201747546,SOURCE_RUN\raw\task-0095-dynamic-vp-nu1p5-N160-s203-refinement-898dea3cbc\arrays.npz,160,student_t,1.5,dynamic,True,extreme
1.5,,0.5,1.0,nan,2.0,1.1963923510097514,0.001,0.005,vp,7,refinement,0.999210486288848,,1,block,16384,203,0.5213417381555323,SOURCE_RUN\raw\task-0087-dynamic-vp-nu1p5-N40-s203-refinement-cb0641bab6\arrays.npz,40,student_t,1.5,dynamic,True,extreme
1.5,,0.5,1.0,nan,2.0,1.1390564715937352,0.001,0.005,vp,7,refinement,0.9984600032381227,,1,block,16384,203,0.5169687126236698,SOURCE_RUN\raw\task-0091-dynamic-vp-nu1p5-N80-s203-refinement-c51d7e1221\arrays.npz,80,student_t,1.5,dynamic,True,extreme
1.5,,0.5,1.0,nan,2.0,1.0304818536187255,0.001,0.01,vp,10,refinement,0.9992977325527488,,1,block,16384,203,0.48942182019832353,SOURCE_RUN\raw\task-0095-dynamic-vp-nu1p5-N160-s203-refinement-898dea3cbc\arrays.npz,160,student_t,1.5,dynamic,True,primary
1.5,,0.5,1.0,nan,2.0,1.0342381349998286,0.001,0.01,vp,10,refinement,0.9979627673642398,,1,block,16384,203,0.49568330586540377,SOURCE_RUN\raw\task-0087-dynamic-vp-nu1p5-N40-s203-refinement-cb0641bab6\arrays.npz,40,student_t,1.5,dynamic,True,primary
1.5,,0.5,1.0,nan,2.0,1.042974955125056,0.001,0.01,vp,10,refinement,0.9989473073903833,,1,block,16384,203,0.5018027391199243,SOURCE_RUN\raw\task-0091-dynamic-vp-nu1p5-N80-s203-refinement-c51d7e1221\arrays.npz,80,student_t,1.5,dynamic,True,primary
1.5,,0.5,1.0,nan,2.0,0.73398429998573,0.002,0.02,vp,10,refinement,0.9988901873366122,,2,block,16384,203,0.444136693416864,SOURCE_RUN\raw\task-0095-dynamic-vp-nu1p5-N160-s203-refinement-898dea3cbc\arrays.npz,160,student_t,1.5,dynamic,True,broad
1.5,,0.5,1.0,nan,2.0,0.8044281797105333,0.002,0.02,vp,10,refinement,0.9992810210729336,,2,block,16384,203,0.4557054867572557,SOURCE_RUN\raw\task-0087-dynamic-vp-nu1p5-N40-s203-refinement-cb0641bab6\arrays.npz,40,student_t,1.5,dynamic,True,broad
1.5,,0.5,1.0,nan,2.0,0.8895015216245321,0.002,0.02,vp,10,refinement,0.9958298207118026,,2,block,16384,203,0.4686501971815264,SOURCE_RUN\raw\task-0091-dynamic-vp-nu1p5-N80-s203-refinement-c51d7e1221\arrays.npz,80,student_t,1.5,dynamic,True,broad
1.5,,0.5,1.0,nan,2.0,0.9886689434924119,0.001,0.005,vp,7,refinement,0.9993022938746026,,2,block,16384,203,0.4879824748441023,SOURCE_RUN\raw\task-0095-dynamic-vp-nu1p5-N160-s203-refinement-898dea3cbc\arrays.npz,160,student_t,1.5,dynamic,True,extreme
1.5,,0.5,1.0,nan,2.0,1.1335368668304233,0.001,0.005,vp,7,refinement,0.9978933081175226,,2,block,16384,203,0.5131015930888547,SOURCE_RUN\raw\task-0087-dynamic-vp-nu1p5-N40-s203-refinement-cb0641bab6\arrays.npz,40,student_t,1.5,dynamic,True,extreme
1.5,,0.5,1.0,nan,2.0,1.1348388791813282,0.001,0.005,vp,7,refinement,0.9988102837170663,,2,block,16384,203,0.5120566193905719,SOURCE_RUN\raw\task-0091-dynamic-vp-nu1p5-N80-s203-refinement-c51d7e1221\arrays.npz,80,student_t,1.5,dynamic,True,extreme
1.5,,0.5,1.0,nan,2.0,0.8757391216560338,0.001,0.01,vp,10,refinement,0.9988879615495324,,2,block,16384,203,0.4701336044694213,SOURCE_RUN\raw\task-0095-dynamic-vp-nu1p5-N160-s203-refinement-898dea3cbc\arrays.npz,160,student_t,1.5,dynamic,True,primary
1.5,,0.5,1.0,nan,2.0,1.001932213171813,0.001,0.01,vp,10,refinement,0.9980887671962692,,2,block,16384,203,0.49228071409255714,SOURCE_RUN\raw\task-0087-dynamic-vp-nu1p5-N40-s203-refinement-cb0641bab6\arrays.npz,40,student_t,1.5,dynamic,True,primary
1.5,,0.5,1.0,nan,2.0,1.1073007698418782,0.001,0.01,vp,10,refinement,0.999180203156206,,2,block,16384,203,0.507586625445583,SOURCE_RUN\raw\task-0091-dynamic-vp-nu1p5-N80-s203-refinement-c51d7e1221\arrays.npz,80,student_t,1.5,dynamic,True,primary
1.5,,0.5,1.0,nan,2.0,0.9413090462848598,0.002,0.02,vp,10,refinement,0.9990767936695818,,3,block,16384,203,0.4794147187493846,SOURCE_RUN\raw\task-0095-dynamic-vp-nu1p5-N160-s203-refinement-898dea3cbc\arrays.npz,160,student_t,1.5,dynamic,True,broad
1.5,,0.5,1.0,nan,2.0,0.8592640570643403,0.002,0.02,vp,10,refinement,0.9957724832510803,,3,block,16384,203,0.46625973229802337,SOURCE_RUN\raw\task-0087-dynamic-vp-nu1p5-N40-s203-refinement-cb0641bab6\arrays.npz,40,student_t,1.5,dynamic,True,broad
1.5,,0.5,1.0,nan,2.0,0.7894242073828208,0.002,0.02,vp,10,refinement,0.9997235337782241,,3,block,16384,203,0.4536859545109943,SOURCE_RUN\raw\task-0091-dynamic-vp-nu1p5-N80-s203-refinement-c51d7e1221\arrays.npz,80,student_t,1.5,dynamic,True,broad
1.5,,0.5,1.0,nan,2.0,1.1247360222451863,0.001,0.005,vp,7,refinement,0.997617703935516,,3,block,16384,203,0.511730245409791,SOURCE_RUN\raw\task-0095-dynamic-vp-nu1p5-N160-s203-refinement-898dea3cbc\arrays.npz,160,student_t,1.5,dynamic,True,extreme
1.5,,0.5,1.0,nan,2.0,0.9723263685015625,0.001,0.005,vp,7,refinement,0.9990389528009551,,3,block,16384,203,0.4871386520563775,SOURCE_RUN\raw\task-0087-dynamic-vp-nu1p5-N40-s203-refinement-cb0641bab6\arrays.npz,40,student_t,1.5,dynamic,True,extreme
1.5,,0.5,1.0,nan,2.0,1.0149657550044993,0.001,0.005,vp,7,refinement,0.9978987002452911,,3,block,16384,203,0.4929658507458943,SOURCE_RUN\raw\task-0091-dynamic-vp-nu1p5-N80-s203-refinement-c51d7e1221\arrays.npz,80,student_t,1.5,dynamic,True,extreme
1.5,,0.5,1.0,nan,2.0,1.0734433054146375,0.001,0.01,vp,10,refinement,0.9989774733634997,,3,block,16384,203,0.5036031780281768,SOURCE_RUN\raw\task-0095-dynamic-vp-nu1p5-N160-s203-refinement-898dea3cbc\arrays.npz,160,student_t,1.5,dynamic,True,primary
1.5,,0.5,1.0,nan,2.0,1.0066833529194,0.001,0.01,vp,10,refinement,0.9996118443885033,,3,block,16384,203,0.49256259920591916,SOURCE_RUN\raw\task-0087-dynamic-vp-nu1p5-N40-s203-refinement-cb0641bab6\arrays.npz,40,student_t,1.5,dynamic,True,primary
1.5,,0.5,1.0,nan,2.0,0.9045812892502201,0.001,0.01,vp,10,refinement,0.9985302777612003,,3,block,16384,203,0.47556012258695846,SOURCE_RUN\raw\task-0091-dynamic-vp-nu1p5-N80-s203-refinement-c51d7e1221\arrays.npz,80,student_t,1.5,dynamic,True,primary
1.5,,0.5,1.0,nan,2.0,0.8149038184689107,0.002,0.02,vp,10,refinement,0.9986389081215518,,-1,full,65536,203,0.45414180420059824,SOURCE_RUN\raw\task-0095-dynamic-vp-nu1p5-N160-s203-refinement-898dea3cbc\arrays.npz,160,student_t,1.5,dynamic,True,broad
1.5,,0.5,1.0,nan,2.0,0.8009500305713843,0.002,0.02,vp,10,refinement,0.9988392307061327,,-1,full,65536,203,0.4549748585819562,SOURCE_RUN\raw\task-0087-dynamic-vp-nu1p5-N40-s203-refinement-cb0641bab6\arrays.npz,40,student_t,1.5,dynamic,True,broad
1.5,,0.5,1.0,nan,2.0,0.8100147999113133,0.002,0.02,vp,10,refinement,0.998718403210035,,-1,full,65536,203,0.4544541849626242,SOURCE_RUN\raw\task-0091-dynamic-vp-nu1p5-N80-s203-refinement-c51d7e1221\arrays.npz,80,student_t,1.5,dynamic,True,broad
1.5,,0.5,1.0,nan,2.0,1.0848184377845205,0.001,0.005,vp,7,refinement,0.9995411345163017,,-1,full,65536,203,0.5017039499516993,SOURCE_RUN\raw\task-0095-dynamic-vp-nu1p5-N160-s203-refinement-898dea3cbc\arrays.npz,160,student_t,1.5,dynamic,True,extreme
1.5,,0.5,1.0,nan,2.0,1.053188906382601,0.001,0.005,vp,7,refinement,0.9993951168371605,,-1,full,65536,203,0.49953589350370053,SOURCE_RUN\raw\task-0087-dynamic-vp-nu1p5-N40-s203-refinement-cb0641bab6\arrays.npz,40,student_t,1.5,dynamic,True,extreme
1.5,,0.5,1.0,nan,2.0,1.0732573643909242,0.001,0.005,vp,7,refinement,0.9994610908769831,,-1,full,65536,203,0.5008690318638602,SOURCE_RUN\raw\task-0091-dynamic-vp-nu1p5-N80-s203-refinement-c51d7e1221\arrays.npz,80,student_t,1.5,dynamic,True,extreme
1.5,,0.5,1.0,nan,2.0,1.0043469392172744,0.001,0.01,vp,10,refinement,0.9993368087262564,,-1,full,65536,203,0.4889489088073676,SOURCE_RUN\raw\task-0095-dynamic-vp-nu1p5-N160-s203-refinement-898dea3cbc\arrays.npz,160,student_t,1.5,dynamic,True,primary
1.5,,0.5,1.0,nan,2.0,0.9803952595944824,0.001,0.01,vp,10,refinement,0.9993528064837783,,-1,full,65536,203,0.4879914981998505,SOURCE_RUN\raw\task-0087-dynamic-vp-nu1p5-N40-s203-refinement-cb0641bab6\arrays.npz,40,student_t,1.5,dynamic,True,primary
1.5,,0.5,1.0,nan,2.0,0.995632056914823,0.001,0.01,vp,10,refinement,0.9993661784007758,,-1,full,65536,203,0.4885722839823775,SOURCE_RUN\raw\task-0091-dynamic-vp-nu1p5-N80-s203-refinement-c51d7e1221\arrays.npz,80,student_t,1.5,dynamic,True,primary
1.5,,0.5,1.0,nan,2.0,0.7598598079693664,0.002,0.02,vp,10,refinement,0.997976778779835,,-1,nested,16384,203,0.4440730741808038,SOURCE_RUN\raw\task-0095-dynamic-vp-nu1p5-N160-s203-refinement-898dea3cbc\arrays.npz,160,student_t,1.5,dynamic,True,broad
1.5,,0.5,1.0,nan,2.0,0.7661390902072156,0.002,0.02,vp,10,refinement,0.999351684333766,,-1,nested,16384,203,0.45162164736085686,SOURCE_RUN\raw\task-0087-dynamic-vp-nu1p5-N40-s203-refinement-cb0641bab6\arrays.npz,40,student_t,1.5,dynamic,True,broad
1.5,,0.5,1.0,nan,2.0,0.7937987701350048,0.002,0.02,vp,10,refinement,0.9980974788978992,,-1,nested,16384,203,0.4468478371077796,SOURCE_RUN\raw\task-0091-dynamic-vp-nu1p5-N80-s203-refinement-c51d7e1221\arrays.npz,80,student_t,1.5,dynamic,True,broad
1.5,,0.5,1.0,nan,2.0,1.1616541939551324,0.001,0.005,vp,7,refinement,0.9993281137682596,,-1,nested,16384,203,0.5141941164303684,SOURCE_RUN\raw\task-0095-dynamic-vp-nu1p5-N160-s203-refinement-898dea3cbc\arrays.npz,160,student_t,1.5,dynamic,True,extreme
1.5,,0.5,1.0,nan,2.0,0.8655239114835813,0.001,0.005,vp,7,refinement,0.99859138708808,,-1,nested,16384,203,0.46956041446933394,SOURCE_RUN\raw\task-0087-dynamic-vp-nu1p5-N40-s203-refinement-cb0641bab6\arrays.npz,40,student_t,1.5,dynamic,True,extreme
1.5,,0.5,1.0,nan,2.0,1.024288856483972,0.001,0.005,vp,7,refinement,0.9966516875514128,,-1,nested,16384,203,0.487814376728202,SOURCE_RUN\raw\task-0091-dynamic-vp-nu1p5-N80-s203-refinement-c51d7e1221\arrays.npz,80,student_t,1.5,dynamic,True,extreme
1.5,,0.5,1.0,nan,2.0,1.0161909996379541,0.001,0.01,vp,10,refinement,0.998519507325157,,-1,nested,16384,203,0.4912215822142946,SOURCE_RUN\raw\task-0095-dynamic-vp-nu1p5-N160-s203-refinement-898dea3cbc\arrays.npz,160,student_t,1.5,dynamic,True,primary
1.5,,0.5,1.0,nan,2.0,0.8436537374611965,0.001,0.01,vp,10,refinement,0.9993788011845572,,-1,nested,16384,203,0.4660543664637593,SOURCE_RUN\raw\task-0087-dynamic-vp-nu1p5-N40-s203-refinement-cb0641bab6\arrays.npz,40,student_t,1.5,dynamic,True,primary
1.5,,0.5,1.0,nan,2.0,0.9765916225258783,0.001,0.01,vp,10,refinement,0.998635403218075,,-1,nested,16384,203,0.480254153061591,SOURCE_RUN\raw\task-0091-dynamic-vp-nu1p5-N80-s203-refinement-c51d7e1221\arrays.npz,80,student_t,1.5,dynamic,True,primary
1.5,,0.5,1.0,nan,2.0,0.7991425117036515,0.002,0.02,vp,10,refinement,0.9980474271500995,,-1,nested,32768,203,0.4489351552657044,SOURCE_RUN\raw\task-0095-dynamic-vp-nu1p5-N160-s203-refinement-898dea3cbc\arrays.npz,160,student_t,1.5,dynamic,True,broad
1.5,,0.5,1.0,nan,2.0,0.7729783702839161,0.002,0.02,vp,10,refinement,0.998948606561834,,-1,nested,32768,203,0.44974179925937047,SOURCE_RUN\raw\task-0087-dynamic-vp-nu1p5-N40-s203-refinement-cb0641bab6\arrays.npz,40,student_t,1.5,dynamic,True,broad
1.5,,0.5,1.0,nan,2.0,0.7947091695864801,0.002,0.02,vp,10,refinement,0.9986235004150747,,-1,nested,32768,203,0.4512918310122897,SOURCE_RUN\raw\task-0091-dynamic-vp-nu1p5-N80-s203-refinement-c51d7e1221\arrays.npz,80,student_t,1.5,dynamic,True,broad
1.5,,0.5,1.0,nan,2.0,1.1101563615688406,0.001,0.005,vp,7,refinement,0.9996598868272542,,-1,nested,32768,203,0.5038011751091396,SOURCE_RUN\raw\task-0095-dynamic-vp-nu1p5-N160-s203-refinement-898dea3cbc\arrays.npz,160,student_t,1.5,dynamic,True,extreme
1.5,,0.5,1.0,nan,2.0,1.0467003665138341,0.001,0.005,vp,7,refinement,0.9993287607615685,,-1,nested,32768,203,0.4980415520137108,SOURCE_RUN\raw\task-0087-dynamic-vp-nu1p5-N40-s203-refinement-cb0641bab6\arrays.npz,40,student_t,1.5,dynamic,True,extreme
1.5,,0.5,1.0,nan,2.0,1.0295627465218489,0.001,0.005,vp,7,refinement,0.9991780007160151,,-1,nested,32768,203,0.4931580173140817,SOURCE_RUN\raw\task-0091-dynamic-vp-nu1p5-N80-s203-refinement-c51d7e1221\arrays.npz,80,student_t,1.5,dynamic,True,extreme
1.5,,0.5,1.0,nan,2.0,1.0238947013890523,0.001,0.01,vp,10,refinement,0.9993729053031294,,-1,nested,32768,203,0.4901477825267136,SOURCE_RUN\raw\task-0095-dynamic-vp-nu1p5-N160-s203-refinement-898dea3cbc\arrays.npz,160,student_t,1.5,dynamic,True,primary
1.5,,0.5,1.0,nan,2.0,0.9521487799195819,0.001,0.01,vp,10,refinement,0.9988551425736426,,-1,nested,32768,203,0.483016597560074,SOURCE_RUN\raw\task-0087-dynamic-vp-nu1p5-N40-s203-refinement-cb0641bab6\arrays.npz,40,student_t,1.5,dynamic,True,primary
1.5,,0.5,1.0,nan,2.0,0.9743164016976055,0.001,0.01,vp,10,refinement,0.9994629808896084,,-1,nested,32768,203,0.4843997269240229,SOURCE_RUN\raw\task-0091-dynamic-vp-nu1p5-N80-s203-refinement-c51d7e1221\arrays.npz,80,student_t,1.5,dynamic,True,primary
