alpha_theory,control_distribution,epsilon,eta,exceedance_count,exceedance_sum,expected,horizon,model,purpose,ratio,reason,replicate,sample_kind,sample_size,seed,source,steps,target,target_nu,task_kind,threshold,threshold_fraction,valid
1.5,gaussian,0.5,1.0,198,52.90627054891227,0.0,2.0,gaussian,control,0.09003604540987097,,0,block,65536,1000,SOURCE_RUN\raw\task-0120-control-gaussian-N0-s1000-control-e8a6fc3657\arrays.npz,0,direct_control,0.0,control,2.9677379253417717,0.003,True
1.5,gaussian,0.5,1.0,389,116.67122080410593,0.0,2.0,gaussian,control,0.10915206685654981,,0,block,65536,1000,SOURCE_RUN\raw\task-0120-control-gaussian-N0-s1000-control-e8a6fc3657\arrays.npz,0,direct_control,0.0,control,2.7477813854449926,0.006,True
1.5,gaussian,0.5,1.0,813,252.89549378310747,0.0,2.0,gaussian,control,0.12382432193104183,,0,block,65536,1000,SOURCE_RUN\raw\task-0120-control-gaussian-N0-s1000-control-e8a6fc3657\arrays.npz,0,direct_control,0.0,control,2.5121443279304616,0.012,True
1.5,gaussian,0.5,1.0,197,54.7332104720984,0.0,2.0,gaussian,control,0.09361795505037224,,1,block,65536,1000,SOURCE_RUN\raw\task-0120-control-gaussian-N0-s1000-control-e8a6fc3657\arrays.npz,0,direct_control,0.0,control,2.9677379253417717,0.003,True
1.5,gaussian,0.5,1.0,385,116.52334832611382,0.0,2.0,gaussian,control,0.11014633449497706,,1,block,65536,1000,SOURCE_RUN\raw\task-0120-control-gaussian-N0-s1000-control-e8a6fc3657\arrays.npz,0,direct_control,0.0,control,2.7477813854449926,0.006,True
1.5,gaussian,0.5,1.0,750,245.4028551006209,0.0,2.0,gaussian,control,0.1302488090206118,,1,block,65536,1000,SOURCE_RUN\raw\task-0120-control-gaussian-N0-s1000-control-e8a6fc3657\arrays.npz,0,direct_control,0.0,control,2.5121443279304616,0.012,True
1.5,gaussian,0.5,1.0,192,53.59358168386739,0.0,2.0,gaussian,control,0.09405589204938428,,2,block,65536,1000,SOURCE_RUN\raw\task-0120-control-gaussian-N0-s1000-control-e8a6fc3657\arrays.npz,0,direct_control,0.0,control,2.9677379253417717,0.003,True
1.5,gaussian,0.5,1.0,406,117.08383363692558,0.0,2.0,gaussian,control,0.1049515176933307,,2,block,65536,1000,SOURCE_RUN\raw\task-0120-control-gaussian-N0-s1000-control-e8a6fc3657\arrays.npz,0,direct_control,0.0,control,2.7477813854449926,0.006,True
1.5,gaussian,0.5,1.0,757,249.5470086932055,0.0,2.0,gaussian,control,0.13122358607200688,,2,block,65536,1000,SOURCE_RUN\raw\task-0120-control-gaussian-N0-s1000-control-e8a6fc3657\arrays.npz,0,direct_control,0.0,control,2.5121443279304616,0.012,True
1.5,gaussian,0.5,1.0,212,69.33247553632962,0.0,2.0,gaussian,control,0.11019840267980818,,3,block,65536,1000,SOURCE_RUN\raw\task-0120-control-gaussian-N0-s1000-control-e8a6fc3657\arrays.npz,0,direct_control,0.0,control,2.9677379253417717,0.003,True
1.5,gaussian,0.5,1.0,407,135.75653576121647,0.0,2.0,gaussian,control,0.12139034920546743,,3,block,65536,1000,SOURCE_RUN\raw\task-0120-control-gaussian-N0-s1000-control-e8a6fc3657\arrays.npz,0,direct_control,0.0,control,2.7477813854449926,0.006,True
1.5,gaussian,0.5,1.0,804,273.6184953822152,0.0,2.0,gaussian,control,0.1354705252742319,,3,block,65536,1000,SOURCE_RUN\raw\task-0120-control-gaussian-N0-s1000-control-e8a6fc3657\arrays.npz,0,direct_control,0.0,control,2.5121443279304616,0.012,True
1.5,gaussian,0.5,1.0,799,230.56553824120766,0.0,2.0,gaussian,control,0.09723487706843416,,-1,full,262144,1000,SOURCE_RUN\raw\task-0120-control-gaussian-N0-s1000-control-e8a6fc3657\arrays.npz,0,direct_control,0.0,control,2.9677379253417717,0.003,True
1.5,gaussian,0.5,1.0,1587,486.03493852836175,0.0,2.0,gaussian,control,0.1114572659722001,,-1,full,262144,1000,SOURCE_RUN\raw\task-0120-control-gaussian-N0-s1000-control-e8a6fc3657\arrays.npz,0,direct_control,0.0,control,2.7477813854449926,0.006,True
1.5,gaussian,0.5,1.0,3124,1021.4638529591491,0.0,2.0,gaussian,control,0.1301569582177937,,-1,full,262144,1000,SOURCE_RUN\raw\task-0120-control-gaussian-N0-s1000-control-e8a6fc3657\arrays.npz,0,direct_control,0.0,control,2.5121443279304616,0.012,True
1.5,gaussian,0.5,1.0,395,107.63948102101065,0.0,2.0,gaussian,control,0.09182246616728551,,-1,nested,131072,1000,SOURCE_RUN\raw\task-0120-control-gaussian-N0-s1000-control-e8a6fc3657\arrays.npz,0,direct_control,0.0,control,2.9677379253417717,0.003,True
1.5,gaussian,0.5,1.0,774,233.19456913021975,0.0,2.0,gaussian,control,0.10964663150873907,,-1,nested,131072,1000,SOURCE_RUN\raw\task-0120-control-gaussian-N0-s1000-control-e8a6fc3657\arrays.npz,0,direct_control,0.0,control,2.7477813854449926,0.006,True
1.5,gaussian,0.5,1.0,1563,498.2983488837284,0.0,2.0,gaussian,control,0.12690708924849384,,-1,nested,131072,1000,SOURCE_RUN\raw\task-0120-control-gaussian-N0-s1000-control-e8a6fc3657\arrays.npz,0,direct_control,0.0,control,2.5121443279304616,0.012,True
1.5,gaussian,0.5,1.0,198,52.90627054891227,0.0,2.0,gaussian,control,0.09003604540987097,,-1,nested,65536,1000,SOURCE_RUN\raw\task-0120-control-gaussian-N0-s1000-control-e8a6fc3657\arrays.npz,0,direct_control,0.0,control,2.9677379253417717,0.003,True
1.5,gaussian,0.5,1.0,389,116.67122080410593,0.0,2.0,gaussian,control,0.10915206685654981,,-1,nested,65536,1000,SOURCE_RUN\raw\task-0120-control-gaussian-N0-s1000-control-e8a6fc3657\arrays.npz,0,direct_control,0.0,control,2.7477813854449926,0.006,True
1.5,gaussian,0.5,1.0,813,252.89549378310747,0.0,2.0,gaussian,control,0.12382432193104183,,-1,nested,65536,1000,SOURCE_RUN\raw\task-0120-control-gaussian-N0-s1000-control-e8a6fc3657\arrays.npz,0,direct_control,0.0,control,2.5121443279304616,0.012,True
1.5,gaussian,0.5,1.0,176,54.02222952184709,0.0,2.0,gaussian,control,0.10342708609765038,,0,block,65536,1001,SOURCE_RUN\raw\task-0121-control-gaussian-N0-s1001-control-dcf2931550\arrays.npz,0,direct_control,0.0,control,2.9677379253417717,0.003,True
1.5,gaussian,0.5,1.0,374,113.03839772225598,0.0,2.0,gaussian,control,0.10999481499536215,,0,block,65536,1001,SOURCE_RUN\raw\task-0121-control-gaussian-N0-s1001-control-dcf2931550\arrays.npz,0,direct_control,0.0,control,2.7477813854449926,0.006,True
1.5,gaussian,0.5,1.0,776,246.39627246625838,0.0,2.0,gaussian,control,0.1263943978627181,,0,block,65536,1001,SOURCE_RUN\raw\task-0121-control-gaussian-N0-s1001-control-dcf2931550\arrays.npz,0,direct_control,0.0,control,2.5121443279304616,0.012,True
1.5,gaussian,0.5,1.0,189,52.55891416192396,0.0,2.0,gaussian,control,0.0937041948837875,,1,block,65536,1001,SOURCE_RUN\raw\task-0121-control-gaussian-N0-s1001-control-dcf2931550\arrays.npz,0,direct_control,0.0,control,2.9677379253417717,0.003,True
1.5,gaussian,0.5,1.0,378,112.82367497078947,0.0,2.0,gaussian,control,0.10862411842207643,,1,block,65536,1001,SOURCE_RUN\raw\task-0121-control-gaussian-N0-s1001-control-dcf2931550\arrays.npz,0,direct_control,0.0,control,2.7477813854449926,0.006,True
1.5,gaussian,0.5,1.0,787,246.48055099960249,0.0,2.0,gaussian,control,0.12467039540722316,,1,block,65536,1001,SOURCE_RUN\raw\task-0121-control-gaussian-N0-s1001-control-dcf2931550\arrays.npz,0,direct_control,0.0,control,2.5121443279304616,0.012,True
1.5,gaussian,0.5,1.0,200,60.575151455274494,0.0,2.0,gaussian,control,0.10205609959359621,,2,block,65536,1001,SOURCE_RUN\raw\task-0121-control-gaussian-N0-s1001-control-dcf2931550\arrays.npz,0,direct_control,0.0,control,2.9677379253417717,0.003,True
1.5,gaussian,0.5,1.0,410,126.4083216624998,0.0,2.0,gaussian,control,0.11220433375732457,,2,block,65536,1001,SOURCE_RUN\raw\task-0121-control-gaussian-N0-s1001-control-dcf2931550\arrays.npz,0,direct_control,0.0,control,2.7477813854449926,0.006,True
1.5,gaussian,0.5,1.0,774,259.07499880027035,0.0,2.0,gaussian,control,0.13324163621917878,,2,block,65536,1001,SOURCE_RUN\raw\task-0121-control-gaussian-N0-s1001-control-dcf2931550\arrays.npz,0,direct_control,0.0,control,2.5121443279304616,0.012,True
1.5,gaussian,0.5,1.0,195,54.42152676554193,0.0,2.0,gaussian,control,0.09403955459162207,,3,block,65536,1001,SOURCE_RUN\raw\task-0121-control-gaussian-N0-s1001-control-dcf2931550\arrays.npz,0,direct_control,0.0,control,2.9677379253417717,0.003,True
1.5,gaussian,0.5,1.0,408,118.43193357154985,0.0,2.0,gaussian,control,0.10563953469030578,,3,block,65536,1001,SOURCE_RUN\raw\task-0121-control-gaussian-N0-s1001-control-dcf2931550\arrays.npz,0,direct_control,0.0,control,2.7477813854449926,0.006,True
1.5,gaussian,0.5,1.0,798,257.9036598646504,0.0,2.0,gaussian,control,0.12865007002057258,,3,block,65536,1001,SOURCE_RUN\raw\task-0121-control-gaussian-N0-s1001-control-dcf2931550\arrays.npz,0,direct_control,0.0,control,2.5121443279304616,0.012,True
1.5,gaussian,0.5,1.0,760,221.57782190458747,0.0,2.0,gaussian,control,0.09823972769777349,,-1,full,262144,1001,SOURCE_RUN\raw\task-0121-control-gaussian-N0-s1001-control-dcf2931550\arrays.npz,0,direct_control,0.0,control,2.9677379253417717,0.003,True
1.5,gaussian,0.5,1.0,1570,470.70232792709504,0.0,2.0,gaussian,control,0.1091099901694001,,-1,full,262144,1001,SOURCE_RUN\raw\task-0121-control-gaussian-N0-s1001-control-dcf2931550\arrays.npz,0,direct_control,0.0,control,2.7477813854449926,0.006,True
1.5,gaussian,0.5,1.0,3135,1009.8554821307816,0.0,2.0,gaussian,control,0.12822629545040357,,-1,full,262144,1001,SOURCE_RUN\raw\task-0121-control-gaussian-N0-s1001-control-dcf2931550\arrays.npz,0,direct_control,0.0,control,2.5121443279304616,0.012,True
1.5,gaussian,0.5,1.0,365,106.58114368377105,0.0,2.0,gaussian,control,0.09839249311293781,,-1,nested,131072,1001,SOURCE_RUN\raw\task-0121-control-gaussian-N0-s1001-control-dcf2931550\arrays.npz,0,direct_control,0.0,control,2.9677379253417717,0.003,True
1.5,gaussian,0.5,1.0,752,225.86207269304546,0.0,2.0,gaussian,control,0.10930582123910951,,-1,nested,131072,1001,SOURCE_RUN\raw\task-0121-control-gaussian-N0-s1001-control-dcf2931550\arrays.npz,0,direct_control,0.0,control,2.7477813854449926,0.006,True
1.5,gaussian,0.5,1.0,1563,492.87682346586087,0.0,2.0,gaussian,control,0.12552633008762243,,-1,nested,131072,1001,SOURCE_RUN\raw\task-0121-control-gaussian-N0-s1001-control-dcf2931550\arrays.npz,0,direct_control,0.0,control,2.5121443279304616,0.012,True
1.5,gaussian,0.5,1.0,176,54.02222952184709,0.0,2.0,gaussian,control,0.10342708609765038,,-1,nested,65536,1001,SOURCE_RUN\raw\task-0121-control-gaussian-N0-s1001-control-dcf2931550\arrays.npz,0,direct_control,0.0,control,2.9677379253417717,0.003,True
1.5,gaussian,0.5,1.0,374,113.03839772225598,0.0,2.0,gaussian,control,0.10999481499536215,,-1,nested,65536,1001,SOURCE_RUN\raw\task-0121-control-gaussian-N0-s1001-control-dcf2931550\arrays.npz,0,direct_control,0.0,control,2.7477813854449926,0.006,True
1.5,gaussian,0.5,1.0,776,246.39627246625838,0.0,2.0,gaussian,control,0.1263943978627181,,-1,nested,65536,1001,SOURCE_RUN\raw\task-0121-control-gaussian-N0-s1001-control-dcf2931550\arrays.npz,0,direct_control,0.0,control,2.5121443279304616,0.012,True
1.5,gaussian,0.5,1.0,209,67.67395140485166,0.0,2.0,gaussian,control,0.1091062683751767,,0,block,65536,1002,SOURCE_RUN\raw\task-0122-control-gaussian-N0-s1002-control-941793292c\arrays.npz,0,direct_control,0.0,control,2.9677379253417717,0.003,True
1.5,gaussian,0.5,1.0,418,134.81953637379124,0.0,2.0,gaussian,control,0.11738007169068194,,0,block,65536,1002,SOURCE_RUN\raw\task-0122-control-gaussian-N0-s1002-control-941793292c\arrays.npz,0,direct_control,0.0,control,2.7477813854449926,0.006,True
1.5,gaussian,0.5,1.0,830,277.9808818295524,0.0,2.0,gaussian,control,0.1333190618756189,,0,block,65536,1002,SOURCE_RUN\raw\task-0122-control-gaussian-N0-s1002-control-941793292c\arrays.npz,0,direct_control,0.0,control,2.5121443279304616,0.012,True
1.5,gaussian,0.5,1.0,179,54.115871811409406,0.0,2.0,gaussian,control,0.10186994735196331,,1,block,65536,1002,SOURCE_RUN\raw\task-0122-control-gaussian-N0-s1002-control-941793292c\arrays.npz,0,direct_control,0.0,control,2.9677379253417717,0.003,True
1.5,gaussian,0.5,1.0,400,114.37997563809017,0.0,2.0,gaussian,control,0.10406575305077152,,1,block,65536,1002,SOURCE_RUN\raw\task-0122-control-gaussian-N0-s1002-control-941793292c\arrays.npz,0,direct_control,0.0,control,2.7477813854449926,0.006,True
1.5,gaussian,0.5,1.0,797,252.1868499955623,0.0,2.0,gaussian,control,0.1259561938754805,,1,block,65536,1002,SOURCE_RUN\raw\task-0122-control-gaussian-N0-s1002-control-941793292c\arrays.npz,0,direct_control,0.0,control,2.5121443279304616,0.012,True
1.5,gaussian,0.5,1.0,189,58.17486149984858,0.0,2.0,gaussian,control,0.10371653688516026,,2,block,65536,1002,SOURCE_RUN\raw\task-0122-control-gaussian-N0-s1002-control-941793292c\arrays.npz,0,direct_control,0.0,control,2.9677379253417717,0.003,True
1.5,gaussian,0.5,1.0,376,118.87672114040393,0.0,2.0,gaussian,control,0.11506064276779798,,2,block,65536,1002,SOURCE_RUN\raw\task-0122-control-gaussian-N0-s1002-control-941793292c\arrays.npz,0,direct_control,0.0,control,2.7477813854449926,0.006,True
1.5,gaussian,0.5,1.0,779,248.89509275347285,0.0,2.0,gaussian,control,0.12718453002550464,,2,block,65536,1002,SOURCE_RUN\raw\task-0122-control-gaussian-N0-s1002-control-941793292c\arrays.npz,0,direct_control,0.0,control,2.5121443279304616,0.012,True
1.5,gaussian,0.5,1.0,193,52.07323826136299,0.0,2.0,gaussian,control,0.0909142018122111,,3,block,65536,1002,SOURCE_RUN\raw\task-0122-control-gaussian-N0-s1002-control-941793292c\arrays.npz,0,direct_control,0.0,control,2.9677379253417717,0.003,True
1.5,gaussian,0.5,1.0,395,114.01558247796152,0.0,2.0,gaussian,control,0.10504731045088529,,3,block,65536,1002,SOURCE_RUN\raw\task-0122-control-gaussian-N0-s1002-control-941793292c\arrays.npz,0,direct_control,0.0,control,2.7477813854449926,0.006,True
1.5,gaussian,0.5,1.0,821,252.81219387441539,0.0,2.0,gaussian,control,0.12257736278126292,,3,block,65536,1002,SOURCE_RUN\raw\task-0122-control-gaussian-N0-s1002-control-941793292c\arrays.npz,0,direct_control,0.0,control,2.5121443279304616,0.012,True
1.5,gaussian,0.5,1.0,770,232.03792297747265,0.0,2.0,gaussian,control,0.10154129491878623,,-1,full,262144,1002,SOURCE_RUN\raw\task-0122-control-gaussian-N0-s1002-control-941793292c\arrays.npz,0,direct_control,0.0,control,2.9677379253417717,0.003,True
1.5,gaussian,0.5,1.0,1589,482.09181563024686,0.0,2.0,gaussian,control,0.11041388325727211,,-1,full,262144,1002,SOURCE_RUN\raw\task-0122-control-gaussian-N0-s1002-control-941793292c\arrays.npz,0,direct_control,0.0,control,2.7477813854449926,0.006,True
1.5,gaussian,0.5,1.0,3227,1031.8750184530031,0.0,2.0,gaussian,control,0.1272868520634666,,-1,full,262144,1002,SOURCE_RUN\raw\task-0122-control-gaussian-N0-s1002-control-941793292c\arrays.npz,0,direct_control,0.0,control,2.5121443279304616,0.012,True
1.5,gaussian,0.5,1.0,388,121.78982321626108,0.0,2.0,gaussian,control,0.10576786254230248,,-1,nested,131072,1002,SOURCE_RUN\raw\task-0122-control-gaussian-N0-s1002-control-941793292c\arrays.npz,0,direct_control,0.0,control,2.9677379253417717,0.003,True
1.5,gaussian,0.5,1.0,818,249.19951201188144,0.0,2.0,gaussian,control,0.11086940242911207,,-1,nested,131072,1002,SOURCE_RUN\raw\task-0122-control-gaussian-N0-s1002-control-941793292c\arrays.npz,0,direct_control,0.0,control,2.7477813854449926,0.006,True
1.5,gaussian,0.5,1.0,1627,530.1677318251147,0.0,2.0,gaussian,control,0.1297122974035167,,-1,nested,131072,1002,SOURCE_RUN\raw\task-0122-control-gaussian-N0-s1002-control-941793292c\arrays.npz,0,direct_control,0.0,control,2.5121443279304616,0.012,True
1.5,gaussian,0.5,1.0,209,67.67395140485166,0.0,2.0,gaussian,control,0.1091062683751767,,-1,nested,65536,1002,SOURCE_RUN\raw\task-0122-control-gaussian-N0-s1002-control-941793292c\arrays.npz,0,direct_control,0.0,control,2.9677379253417717,0.003,True
1.5,gaussian,0.5,1.0,418,134.81953637379124,0.0,2.0,gaussian,control,0.11738007169068194,,-1,nested,65536,1002,SOURCE_RUN\raw\task-0122-control-gaussian-N0-s1002-control-941793292c\arrays.npz,0,direct_control,0.0,control,2.7477813854449926,0.006,True
1.5,gaussian,0.5,1.0,830,277.9808818295524,0.0,2.0,gaussian,control,0.1333190618756189,,-1,nested,65536,1002,SOURCE_RUN\raw\task-0122-control-gaussian-N0-s1002-control-941793292c\arrays.npz,0,direct_control,0.0,control,2.5121443279304616,0.012,True
1.5,gaussian,0.5,1.0,231,73.9597404526331,0.0,2.0,gaussian,control,0.10788420158583023,,0,block,65536,1003,SOURCE_RUN\raw\task-0123-control-gaussian-N0-s1003-control-669b2468bc\arrays.npz,0,direct_control,0.0,control,2.9677379253417717,0.003,True
1.5,gaussian,0.5,1.0,435,144.31195976688977,0.0,2.0,gaussian,control,0.12073436169460641,,0,block,65536,1003,SOURCE_RUN\raw\task-0123-control-gaussian-N0-s1003-control-669b2468bc\arrays.npz,0,direct_control,0.0,control,2.7477813854449926,0.006,True
1.5,gaussian,0.5,1.0,811,286.424038147781,0.0,2.0,gaussian,control,0.1405866305307796,,0,block,65536,1003,SOURCE_RUN\raw\task-0123-control-gaussian-N0-s1003-control-669b2468bc\arrays.npz,0,direct_control,0.0,control,2.5121443279304616,0.012,True
1.5,gaussian,0.5,1.0,210,60.60012670868947,0.0,2.0,gaussian,control,0.09723635954576673,,1,block,65536,1003,SOURCE_RUN\raw\task-0123-control-gaussian-N0-s1003-control-669b2468bc\arrays.npz,0,direct_control,0.0,control,2.9677379253417717,0.003,True
1.5,gaussian,0.5,1.0,437,129.38704461345037,0.0,2.0,gaussian,control,0.10775245628775056,,1,block,65536,1003,SOURCE_RUN\raw\task-0123-control-gaussian-N0-s1003-control-669b2468bc\arrays.npz,0,direct_control,0.0,control,2.7477813854449926,0.006,True
1.5,gaussian,0.5,1.0,817,275.18370943025855,0.0,2.0,gaussian,control,0.13407755359453769,,1,block,65536,1003,SOURCE_RUN\raw\task-0123-control-gaussian-N0-s1003-control-669b2468bc\arrays.npz,0,direct_control,0.0,control,2.5121443279304616,0.012,True
1.5,gaussian,0.5,1.0,172,51.14368362825526,0.0,2.0,gaussian,control,0.10019314552663885,,2,block,65536,1003,SOURCE_RUN\raw\task-0123-control-gaussian-N0-s1003-control-669b2468bc\arrays.npz,0,direct_control,0.0,control,2.9677379253417717,0.003,True
1.5,gaussian,0.5,1.0,388,111.60159414366814,0.0,2.0,gaussian,control,0.10467826011220385,,2,block,65536,1003,SOURCE_RUN\raw\task-0123-control-gaussian-N0-s1003-control-669b2468bc\arrays.npz,0,direct_control,0.0,control,2.7477813854449926,0.006,True
1.5,gaussian,0.5,1.0,792,248.67442761615962,0.0,2.0,gaussian,control,0.1249859968875196,,2,block,65536,1003,SOURCE_RUN\raw\task-0123-control-gaussian-N0-s1003-control-669b2468bc\arrays.npz,0,direct_control,0.0,control,2.5121443279304616,0.012,True
1.5,gaussian,0.5,1.0,193,52.73341931196191,0.0,2.0,gaussian,control,0.09206680601488235,,3,block,65536,1003,SOURCE_RUN\raw\task-0123-control-gaussian-N0-s1003-control-669b2468bc\arrays.npz,0,direct_control,0.0,control,2.9677379253417717,0.003,True
1.5,gaussian,0.5,1.0,362,114.11483909519688,0.0,2.0,gaussian,control,0.11472323228158737,,3,block,65536,1003,SOURCE_RUN\raw\task-0123-control-gaussian-N0-s1003-control-669b2468bc\arrays.npz,0,direct_control,0.0,control,2.7477813854449926,0.006,True
1.5,gaussian,0.5,1.0,734,238.15114567732883,0.0,2.0,gaussian,control,0.129155239264267,,3,block,65536,1003,SOURCE_RUN\raw\task-0123-control-gaussian-N0-s1003-control-669b2468bc\arrays.npz,0,direct_control,0.0,control,2.5121443279304616,0.012,True
1.5,gaussian,0.5,1.0,806,238.43697010153977,0.0,2.0,gaussian,control,0.09968114226103224,,-1,full,262144,1003,SOURCE_RUN\raw\task-0123-control-gaussian-N0-s1003-control-669b2468bc\arrays.npz,0,direct_control,0.0,control,2.9677379253417717,0.003,True
1.5,gaussian,0.5,1.0,1622,499.41543761920514,0.0,2.0,gaussian,control,0.11205440551440844,,-1,full,262144,1003,SOURCE_RUN\raw\task-0123-control-gaussian-N0-s1003-control-669b2468bc\arrays.npz,0,direct_control,0.0,control,2.7477813854449926,0.006,True
1.5,gaussian,0.5,1.0,3154,1048.433320871528,0.0,2.0,gaussian,control,0.13232275643693311,,-1,full,262144,1003,SOURCE_RUN\raw\task-0123-control-gaussian-N0-s1003-control-669b2468bc\arrays.npz,0,direct_control,0.0,control,2.5121443279304616,0.012,True
1.5,gaussian,0.5,1.0,441,134.5598671613226,0.0,2.0,gaussian,control,0.10281380061437143,,-1,nested,131072,1003,SOURCE_RUN\raw\task-0123-control-gaussian-N0-s1003-control-669b2468bc\arrays.npz,0,direct_control,0.0,control,2.9677379253417717,0.003,True
1.5,gaussian,0.5,1.0,872,273.69900438034017,0.0,2.0,gaussian,control,0.11422852148497797,,-1,nested,131072,1003,SOURCE_RUN\raw\task-0123-control-gaussian-N0-s1003-control-669b2468bc\arrays.npz,0,direct_control,0.0,control,2.7477813854449926,0.006,True
1.5,gaussian,0.5,1.0,1628,561.6077475780395,0.0,2.0,gaussian,control,0.13732009744913976,,-1,nested,131072,1003,SOURCE_RUN\raw\task-0123-control-gaussian-N0-s1003-control-669b2468bc\arrays.npz,0,direct_control,0.0,control,2.5121443279304616,0.012,True
1.5,gaussian,0.5,1.0,231,73.9597404526331,0.0,2.0,gaussian,control,0.10788420158583023,,-1,nested,65536,1003,SOURCE_RUN\raw\task-0123-control-gaussian-N0-s1003-control-669b2468bc\arrays.npz,0,direct_control,0.0,control,2.9677379253417717,0.003,True
1.5,gaussian,0.5,1.0,435,144.31195976688977,0.0,2.0,gaussian,control,0.12073436169460641,,-1,nested,65536,1003,SOURCE_RUN\raw\task-0123-control-gaussian-N0-s1003-control-669b2468bc\arrays.npz,0,direct_control,0.0,control,2.7477813854449926,0.006,True
1.5,gaussian,0.5,1.0,811,286.424038147781,0.0,2.0,gaussian,control,0.1405866305307796,,-1,nested,65536,1003,SOURCE_RUN\raw\task-0123-control-gaussian-N0-s1003-control-669b2468bc\arrays.npz,0,direct_control,0.0,control,2.5121443279304616,0.012,True
1.5,gaussian,0.5,1.0,186,49.05301783981537,0.0,2.0,gaussian,control,0.08886428283057624,,0,block,65536,1004,SOURCE_RUN\raw\task-0124-control-gaussian-N0-s1004-control-de4185842c\arrays.npz,0,direct_control,0.0,control,2.9677379253417717,0.003,True
1.5,gaussian,0.5,1.0,400,110.15751184554581,0.0,2.0,gaussian,control,0.10022405023653858,,0,block,65536,1004,SOURCE_RUN\raw\task-0124-control-gaussian-N0-s1004-control-de4185842c\arrays.npz,0,direct_control,0.0,control,2.7477813854449926,0.006,True
1.5,gaussian,0.5,1.0,770,242.80159506529037,0.0,2.0,gaussian,control,0.12552095169540275,,0,block,65536,1004,SOURCE_RUN\raw\task-0124-control-gaussian-N0-s1004-control-de4185842c\arrays.npz,0,direct_control,0.0,control,2.5121443279304616,0.012,True
1.5,gaussian,0.5,1.0,170,45.73921097855902,0.0,2.0,gaussian,control,0.09065968390582631,,1,block,65536,1004,SOURCE_RUN\raw\task-0124-control-gaussian-N0-s1004-control-de4185842c\arrays.npz,0,direct_control,0.0,control,2.9677379253417717,0.003,True
1.5,gaussian,0.5,1.0,389,106.94199692993509,0.0,2.0,gaussian,control,0.10004986592424875,,1,block,65536,1004,SOURCE_RUN\raw\task-0124-control-gaussian-N0-s1004-control-de4185842c\arrays.npz,0,direct_control,0.0,control,2.7477813854449926,0.006,True
1.5,gaussian,0.5,1.0,749,237.3188509637606,0.0,2.0,gaussian,control,0.12612635132451994,,1,block,65536,1004,SOURCE_RUN\raw\task-0124-control-gaussian-N0-s1004-control-de4185842c\arrays.npz,0,direct_control,0.0,control,2.5121443279304616,0.012,True
1.5,gaussian,0.5,1.0,205,58.79869695177764,0.0,2.0,gaussian,control,0.09664698136270229,,2,block,65536,1004,SOURCE_RUN\raw\task-0124-control-gaussian-N0-s1004-control-de4185842c\arrays.npz,0,direct_control,0.0,control,2.9677379253417717,0.003,True
1.5,gaussian,0.5,1.0,396,122.76074431320974,0.0,2.0,gaussian,control,0.11281897505416315,,2,block,65536,1004,SOURCE_RUN\raw\task-0124-control-gaussian-N0-s1004-control-de4185842c\arrays.npz,0,direct_control,0.0,control,2.7477813854449926,0.006,True
1.5,gaussian,0.5,1.0,772,257.4051690172723,0.0,2.0,gaussian,control,0.13272580760201805,,2,block,65536,1004,SOURCE_RUN\raw\task-0124-control-gaussian-N0-s1004-control-de4185842c\arrays.npz,0,direct_control,0.0,control,2.5121443279304616,0.012,True
1.5,gaussian,0.5,1.0,208,56.059503008570786,0.0,2.0,gaussian,control,0.09081558013796698,,3,block,65536,1004,SOURCE_RUN\raw\task-0124-control-gaussian-N0-s1004-control-de4185842c\arrays.npz,0,direct_control,0.0,control,2.9677379253417717,0.003,True
1.5,gaussian,0.5,1.0,376,118.37228270892757,0.0,2.0,gaussian,control,0.11457239738547541,,3,block,65536,1004,SOURCE_RUN\raw\task-0124-control-gaussian-N0-s1004-control-de4185842c\arrays.npz,0,direct_control,0.0,control,2.7477813854449926,0.006,True
1.5,gaussian,0.5,1.0,758,248.67045370268863,0.0,2.0,gaussian,control,0.13059014202358832,,3,block,65536,1004,SOURCE_RUN\raw\task-0124-control-gaussian-N0-s1004-control-de4185842c\arrays.npz,0,direct_control,0.0,control,2.5121443279304616,0.012,True
1.5,gaussian,0.5,1.0,769,209.6504287787228,0.0,2.0,gaussian,control,0.09186368623995937,,-1,full,262144,1004,SOURCE_RUN\raw\task-0124-control-gaussian-N0-s1004-control-de4185842c\arrays.npz,0,direct_control,0.0,control,2.9677379253417717,0.003,True
1.5,gaussian,0.5,1.0,1561,458.2325357976182,0.0,2.0,gaussian,control,0.10683187282353335,,-1,full,262144,1004,SOURCE_RUN\raw\task-0124-control-gaussian-N0-s1004-control-de4185842c\arrays.npz,0,direct_control,0.0,control,2.7477813854449926,0.006,True
1.5,gaussian,0.5,1.0,3049,986.1960687490119,0.0,2.0,gaussian,control,0.12875415581179517,,-1,full,262144,1004,SOURCE_RUN\raw\task-0124-control-gaussian-N0-s1004-control-de4185842c\arrays.npz,0,direct_control,0.0,control,2.5121443279304616,0.012,True
1.5,gaussian,0.5,1.0,356,94.79222881837438,0.0,2.0,gaussian,control,0.08972163727662262,,-1,nested,131072,1004,SOURCE_RUN\raw\task-0124-control-gaussian-N0-s1004-control-de4185842c\arrays.npz,0,direct_control,0.0,control,2.9677379253417717,0.003,True
1.5,gaussian,0.5,1.0,789,217.0995087754809,0.0,2.0,gaussian,control,0.1001381722929635,,-1,nested,131072,1004,SOURCE_RUN\raw\task-0124-control-gaussian-N0-s1004-control-de4185842c\arrays.npz,0,direct_control,0.0,control,2.7477813854449926,0.006,True
1.5,gaussian,0.5,1.0,1519,480.120446029051,0.0,2.0,gaussian,control,0.1258194667198983,,-1,nested,131072,1004,SOURCE_RUN\raw\task-0124-control-gaussian-N0-s1004-control-de4185842c\arrays.npz,0,direct_control,0.0,control,2.5121443279304616,0.012,True
1.5,gaussian,0.5,1.0,186,49.05301783981537,0.0,2.0,gaussian,control,0.08886428283057624,,-1,nested,65536,1004,SOURCE_RUN\raw\task-0124-control-gaussian-N0-s1004-control-de4185842c\arrays.npz,0,direct_control,0.0,control,2.9677379253417717,0.003,True
1.5,gaussian,0.5,1.0,400,110.15751184554581,0.0,2.0,gaussian,control,0.10022405023653858,,-1,nested,65536,1004,SOURCE_RUN\raw\task-0124-control-gaussian-N0-s1004-control-de4185842c\arrays.npz,0,direct_control,0.0,control,2.7477813854449926,0.006,True
1.5,gaussian,0.5,1.0,770,242.80159506529037,0.0,2.0,gaussian,control,0.12552095169540275,,-1,nested,65536,1004,SOURCE_RUN\raw\task-0124-control-gaussian-N0-s1004-control-de4185842c\arrays.npz,0,direct_control,0.0,control,2.5121443279304616,0.012,True
1.5,gaussian,0.5,1.0,210,58.21345867176746,0.0,2.0,gaussian,control,0.09340681456032264,,0,block,65536,1005,SOURCE_RUN\raw\task-0125-control-gaussian-N0-s1005-control-9814195af3\arrays.npz,0,direct_control,0.0,control,2.9677379253417717,0.003,True
1.5,gaussian,0.5,1.0,411,123.49728881231283,0.0,2.0,gaussian,control,0.10935368549797816,,0,block,65536,1005,SOURCE_RUN\raw\task-0125-control-gaussian-N0-s1005-control-9814195af3\arrays.npz,0,direct_control,0.0,control,2.7477813854449926,0.006,True
1.5,gaussian,0.5,1.0,800,259.4727781192237,0.0,2.0,gaussian,control,0.12910921121965396,,0,block,65536,1005,SOURCE_RUN\raw\task-0125-control-gaussian-N0-s1005-control-9814195af3\arrays.npz,0,direct_control,0.0,control,2.5121443279304616,0.012,True
1.5,gaussian,0.5,1.0,176,57.69264631701843,0.0,2.0,gaussian,control,0.1104542028465977,,1,block,65536,1005,SOURCE_RUN\raw\task-0125-control-gaussian-N0-s1005-control-9814195af3\arrays.npz,0,direct_control,0.0,control,2.9677379253417717,0.003,True
1.5,gaussian,0.5,1.0,398,117.81492391393304,0.0,2.0,gaussian,control,0.10772960263020966,,1,block,65536,1005,SOURCE_RUN\raw\task-0125-control-gaussian-N0-s1005-control-9814195af3\arrays.npz,0,direct_control,0.0,control,2.7477813854449926,0.006,True
1.5,gaussian,0.5,1.0,765,252.76250193578403,0.0,2.0,gaussian,control,0.13152448909440556,,1,block,65536,1005,SOURCE_RUN\raw\task-0125-control-gaussian-N0-s1005-control-9814195af3\arrays.npz,0,direct_control,0.0,control,2.5121443279304616,0.012,True
1.5,gaussian,0.5,1.0,213,59.50751568206359,0.0,2.0,gaussian,control,0.09413836899524688,,2,block,65536,1005,SOURCE_RUN\raw\task-0125-control-gaussian-N0-s1005-control-9814195af3\arrays.npz,0,direct_control,0.0,control,2.9677379253417717,0.003,True
1.5,gaussian,0.5,1.0,396,124.21189277340935,0.0,2.0,gaussian,control,0.11415260237002106,,2,block,65536,1005,SOURCE_RUN\raw\task-0125-control-gaussian-N0-s1005-control-9814195af3\arrays.npz,0,direct_control,0.0,control,2.7477813854449926,0.006,True
1.5,gaussian,0.5,1.0,793,259.22572088116715,0.0,2.0,gaussian,control,0.13012487240208592,,2,block,65536,1005,SOURCE_RUN\raw\task-0125-control-gaussian-N0-s1005-control-9814195af3\arrays.npz,0,direct_control,0.0,control,2.5121443279304616,0.012,True
1.5,gaussian,0.5,1.0,193,52.786718673236365,0.0,2.0,gaussian,control,0.09215986089391727,,3,block,65536,1005,SOURCE_RUN\raw\task-0125-control-gaussian-N0-s1005-control-9814195af3\arrays.npz,0,direct_control,0.0,control,2.9677379253417717,0.003,True
1.5,gaussian,0.5,1.0,398,116.14801465157277,0.0,2.0,gaussian,control,0.10620538594789973,,3,block,65536,1005,SOURCE_RUN\raw\task-0125-control-gaussian-N0-s1005-control-9814195af3\arrays.npz,0,direct_control,0.0,control,2.7477813854449926,0.006,True
1.5,gaussian,0.5,1.0,799,253.1602385971994,0.0,2.0,gaussian,control,0.12612585696967546,,3,block,65536,1005,SOURCE_RUN\raw\task-0125-control-gaussian-N0-s1005-control-9814195af3\arrays.npz,0,direct_control,0.0,control,2.5121443279304616,0.012,True
1.5,gaussian,0.5,1.0,792,228.20033934408582,0.0,2.0,gaussian,control,0.09708800064038203,,-1,full,262144,1005,SOURCE_RUN\raw\task-0125-control-gaussian-N0-s1005-control-9814195af3\arrays.npz,0,direct_control,0.0,control,2.9677379253417717,0.003,True
1.5,gaussian,0.5,1.0,1603,481.672120151228,0.0,2.0,gaussian,control,0.10935428617110723,,-1,full,262144,1005,SOURCE_RUN\raw\task-0125-control-gaussian-N0-s1005-control-9814195af3\arrays.npz,0,direct_control,0.0,control,2.7477813854449926,0.006,True
1.5,gaussian,0.5,1.0,3157,1024.6212395333741,0.0,2.0,gaussian,control,0.1291945475662237,,-1,full,262144,1005,SOURCE_RUN\raw\task-0125-control-gaussian-N0-s1005-control-9814195af3\arrays.npz,0,direct_control,0.0,control,2.5121443279304616,0.012,True
1.5,gaussian,0.5,1.0,386,115.9061049887859,0.0,2.0,gaussian,control,0.10117971699137034,,-1,nested,131072,1005,SOURCE_RUN\raw\task-0125-control-gaussian-N0-s1005-control-9814195af3\arrays.npz,0,direct_control,0.0,control,2.9677379253417717,0.003,True
1.5,gaussian,0.5,1.0,809,241.3122127262459,0.0,2.0,gaussian,control,0.10855469293756795,,-1,nested,131072,1005,SOURCE_RUN\raw\task-0125-control-gaussian-N0-s1005-control-9814195af3\arrays.npz,0,direct_control,0.0,control,2.7477813854449926,0.006,True
1.5,gaussian,0.5,1.0,1565,512.2352800550077,0.0,2.0,gaussian,control,0.13028984225747184,,-1,nested,131072,1005,SOURCE_RUN\raw\task-0125-control-gaussian-N0-s1005-control-9814195af3\arrays.npz,0,direct_control,0.0,control,2.5121443279304616,0.012,True
1.5,gaussian,0.5,1.0,210,58.21345867176746,0.0,2.0,gaussian,control,0.09340681456032264,,-1,nested,65536,1005,SOURCE_RUN\raw\task-0125-control-gaussian-N0-s1005-control-9814195af3\arrays.npz,0,direct_control,0.0,control,2.9677379253417717,0.003,True
1.5,gaussian,0.5,1.0,411,123.49728881231283,0.0,2.0,gaussian,control,0.10935368549797816,,-1,nested,65536,1005,SOURCE_RUN\raw\task-0125-control-gaussian-N0-s1005-control-9814195af3\arrays.npz,0,direct_control,0.0,control,2.7477813854449926,0.006,True
1.5,gaussian,0.5,1.0,800,259.4727781192237,0.0,2.0,gaussian,control,0.12910921121965396,,-1,nested,65536,1005,SOURCE_RUN\raw\task-0125-control-gaussian-N0-s1005-control-9814195af3\arrays.npz,0,direct_control,0.0,control,2.5121443279304616,0.012,True
1.5,gaussian,0.5,1.0,186,54.228752169957865,0.0,2.0,gaussian,control,0.09824062580852823,,0,block,65536,1006,SOURCE_RUN\raw\task-0126-control-gaussian-N0-s1006-control-789bd6c8e2\arrays.npz,0,direct_control,0.0,control,2.9677379253417717,0.003,True
1.5,gaussian,0.5,1.0,402,117.39008401114287,0.0,2.0,gaussian,control,0.10627305938634055,,0,block,65536,1006,SOURCE_RUN\raw\task-0126-control-gaussian-N0-s1006-control-789bd6c8e2\arrays.npz,0,direct_control,0.0,control,2.7477813854449926,0.006,True
1.5,gaussian,0.5,1.0,788,252.73499474556414,0.0,2.0,gaussian,control,0.12767168080172675,,0,block,65536,1006,SOURCE_RUN\raw\task-0126-control-gaussian-N0-s1006-control-789bd6c8e2\arrays.npz,0,direct_control,0.0,control,2.5121443279304616,0.012,True
1.5,gaussian,0.5,1.0,168,49.086975686886284,0.0,2.0,gaussian,control,0.09845356511894836,,1,block,65536,1006,SOURCE_RUN\raw\task-0126-control-gaussian-N0-s1006-control-789bd6c8e2\arrays.npz,0,direct_control,0.0,control,2.9677379253417717,0.003,True
1.5,gaussian,0.5,1.0,375,107.48685574412357,0.0,2.0,gaussian,control,0.10431383545865457,,1,block,65536,1006,SOURCE_RUN\raw\task-0126-control-gaussian-N0-s1006-control-789bd6c8e2\arrays.npz,0,direct_control,0.0,control,2.7477813854449926,0.006,True
1.5,gaussian,0.5,1.0,761,237.03076356142745,0.0,2.0,gaussian,control,0.12398680585476558,,1,block,65536,1006,SOURCE_RUN\raw\task-0126-control-gaussian-N0-s1006-control-789bd6c8e2\arrays.npz,0,direct_control,0.0,control,2.5121443279304616,0.012,True
1.5,gaussian,0.5,1.0,217,68.32152439917306,0.0,2.0,gaussian,control,0.10608946695390659,,2,block,65536,1006,SOURCE_RUN\raw\task-0126-control-gaussian-N0-s1006-control-789bd6c8e2\arrays.npz,0,direct_control,0.0,control,2.9677379253417717,0.003,True
1.5,gaussian,0.5,1.0,419,136.3046333484653,0.0,2.0,gaussian,control,0.11838983595626247,,2,block,65536,1006,SOURCE_RUN\raw\task-0126-control-gaussian-N0-s1006-control-789bd6c8e2\arrays.npz,0,direct_control,0.0,control,2.7477813854449926,0.006,True
1.5,gaussian,0.5,1.0,818,275.795822499907,0.0,2.0,gaussian,control,0.13421151940356713,,2,block,65536,1006,SOURCE_RUN\raw\task-0126-control-gaussian-N0-s1006-control-789bd6c8e2\arrays.npz,0,direct_control,0.0,control,2.5121443279304616,0.012,True
1.5,gaussian,0.5,1.0,157,48.788934403371485,0.0,2.0,gaussian,control,0.10471192261180928,,3,block,65536,1006,SOURCE_RUN\raw\task-0126-control-gaussian-N0-s1006-control-789bd6c8e2\arrays.npz,0,direct_control,0.0,control,2.9677379253417717,0.003,True
1.5,gaussian,0.5,1.0,349,99.55735607540228,0.0,2.0,gaussian,control,0.10381634874578922,,3,block,65536,1006,SOURCE_RUN\raw\task-0126-control-gaussian-N0-s1006-control-789bd6c8e2\arrays.npz,0,direct_control,0.0,control,2.7477813854449926,0.006,True
1.5,gaussian,0.5,1.0,775,228.21928808689208,0.0,2.0,gaussian,control,0.11722117136473358,,3,block,65536,1006,SOURCE_RUN\raw\task-0126-control-gaussian-N0-s1006-control-789bd6c8e2\arrays.npz,0,direct_control,0.0,control,2.5121443279304616,0.012,True
1.5,gaussian,0.5,1.0,728,220.4261866593887,0.0,2.0,gaussian,control,0.10202491966953484,,-1,full,262144,1006,SOURCE_RUN\raw\task-0126-control-gaussian-N0-s1006-control-789bd6c8e2\arrays.npz,0,direct_control,0.0,control,2.9677379253417717,0.003,True
1.5,gaussian,0.5,1.0,1545,460.738929179134,0.0,2.0,gaussian,control,0.1085286117464458,,-1,full,262144,1006,SOURCE_RUN\raw\task-0126-control-gaussian-N0-s1006-control-789bd6c8e2\arrays.npz,0,direct_control,0.0,control,2.7477813854449926,0.006,True
1.5,gaussian,0.5,1.0,3142,993.7808688937907,0.0,2.0,gaussian,control,0.12590409751974022,,-1,full,262144,1006,SOURCE_RUN\raw\task-0126-control-gaussian-N0-s1006-control-789bd6c8e2\arrays.npz,0,direct_control,0.0,control,2.5121443279304616,0.012,True
1.5,gaussian,0.5,1.0,354,103.31572785684415,0.0,2.0,gaussian,control,0.09834168175245642,,-1,nested,131072,1006,SOURCE_RUN\raw\task-0126-control-gaussian-N0-s1006-control-789bd6c8e2\arrays.npz,0,direct_control,0.0,control,2.9677379253417717,0.003,True
1.5,gaussian,0.5,1.0,777,224.87693975526645,0.0,2.0,gaussian,control,0.10532748799266972,,-1,nested,131072,1006,SOURCE_RUN\raw\task-0126-control-gaussian-N0-s1006-control-789bd6c8e2\arrays.npz,0,direct_control,0.0,control,2.7477813854449926,0.006,True
1.5,gaussian,0.5,1.0,1549,489.7657583069916,0.0,2.0,gaussian,control,0.1258613581195851,,-1,nested,131072,1006,SOURCE_RUN\raw\task-0126-control-gaussian-N0-s1006-control-789bd6c8e2\arrays.npz,0,direct_control,0.0,control,2.5121443279304616,0.012,True
1.5,gaussian,0.5,1.0,186,54.228752169957865,0.0,2.0,gaussian,control,0.09824062580852823,,-1,nested,65536,1006,SOURCE_RUN\raw\task-0126-control-gaussian-N0-s1006-control-789bd6c8e2\arrays.npz,0,direct_control,0.0,control,2.9677379253417717,0.003,True
1.5,gaussian,0.5,1.0,402,117.39008401114287,0.0,2.0,gaussian,control,0.10627305938634055,,-1,nested,65536,1006,SOURCE_RUN\raw\task-0126-control-gaussian-N0-s1006-control-789bd6c8e2\arrays.npz,0,direct_control,0.0,control,2.7477813854449926,0.006,True
1.5,gaussian,0.5,1.0,788,252.73499474556414,0.0,2.0,gaussian,control,0.12767168080172675,,-1,nested,65536,1006,SOURCE_RUN\raw\task-0126-control-gaussian-N0-s1006-control-789bd6c8e2\arrays.npz,0,direct_control,0.0,control,2.5121443279304616,0.012,True
1.5,gaussian,0.5,1.0,171,51.533582891441085,0.0,2.0,gaussian,control,0.10154737022022821,,0,block,65536,1007,SOURCE_RUN\raw\task-0127-control-gaussian-N0-s1007-control-224fa7cda1\arrays.npz,0,direct_control,0.0,control,2.9677379253417717,0.003,True
1.5,gaussian,0.5,1.0,376,108.74504550029746,0.0,2.0,gaussian,control,0.10525420547475867,,0,block,65536,1007,SOURCE_RUN\raw\task-0127-control-gaussian-N0-s1007-control-224fa7cda1\arrays.npz,0,direct_control,0.0,control,2.7477813854449926,0.006,True
1.5,gaussian,0.5,1.0,799,240.7380529584426,0.0,2.0,gaussian,control,0.11993705410787438,,0,block,65536,1007,SOURCE_RUN\raw\task-0127-control-gaussian-N0-s1007-control-224fa7cda1\arrays.npz,0,direct_control,0.0,control,2.5121443279304616,0.012,True
1.5,gaussian,0.5,1.0,170,48.406832515885114,0.0,2.0,gaussian,control,0.09594717619483249,,1,block,65536,1007,SOURCE_RUN\raw\task-0127-control-gaussian-N0-s1007-control-224fa7cda1\arrays.npz,0,direct_control,0.0,control,2.9677379253417717,0.003,True
1.5,gaussian,0.5,1.0,366,103.89076039610424,0.0,2.0,gaussian,control,0.10330317328189068,,1,block,65536,1007,SOURCE_RUN\raw\task-0127-control-gaussian-N0-s1007-control-224fa7cda1\arrays.npz,0,direct_control,0.0,control,2.7477813854449926,0.006,True
1.5,gaussian,0.5,1.0,745,226.95902353288864,0.0,2.0,gaussian,control,0.12126810598452886,,1,block,65536,1007,SOURCE_RUN\raw\task-0127-control-gaussian-N0-s1007-control-224fa7cda1\arrays.npz,0,direct_control,0.0,control,2.5121443279304616,0.012,True
1.5,gaussian,0.5,1.0,215,53.76802566084643,0.0,2.0,gaussian,control,0.08426749483083364,,2,block,65536,1007,SOURCE_RUN\raw\task-0127-control-gaussian-N0-s1007-control-224fa7cda1\arrays.npz,0,direct_control,0.0,control,2.9677379253417717,0.003,True
1.5,gaussian,0.5,1.0,401,119.45443889726855,0.0,2.0,gaussian,control,0.10841159722496489,,2,block,65536,1007,SOURCE_RUN\raw\task-0127-control-gaussian-N0-s1007-control-224fa7cda1\arrays.npz,0,direct_control,0.0,control,2.7477813854449926,0.006,True
1.5,gaussian,0.5,1.0,838,261.08617367358244,0.0,2.0,gaussian,control,0.12402101118850813,,2,block,65536,1007,SOURCE_RUN\raw\task-0127-control-gaussian-N0-s1007-control-224fa7cda1\arrays.npz,0,direct_control,0.0,control,2.5121443279304616,0.012,True
1.5,gaussian,0.5,1.0,183,61.16611224638644,0.0,2.0,gaussian,control,0.11262485399151606,,3,block,65536,1007,SOURCE_RUN\raw\task-0127-control-gaussian-N0-s1007-control-224fa7cda1\arrays.npz,0,direct_control,0.0,control,2.9677379253417717,0.003,True
1.5,gaussian,0.5,1.0,382,121.75245334733424,0.0,2.0,gaussian,control,0.11599310685719469,,3,block,65536,1007,SOURCE_RUN\raw\task-0127-control-gaussian-N0-s1007-control-224fa7cda1\arrays.npz,0,direct_control,0.0,control,2.7477813854449926,0.006,True
1.5,gaussian,0.5,1.0,766,251.2952757405788,0.0,2.0,gaussian,control,0.13059031442960822,,3,block,65536,1007,SOURCE_RUN\raw\task-0127-control-gaussian-N0-s1007-control-224fa7cda1\arrays.npz,0,direct_control,0.0,control,2.5121443279304616,0.012,True
1.5,gaussian,0.5,1.0,739,214.87455331455908,0.0,2.0,gaussian,control,0.09797493901198542,,-1,full,262144,1007,SOURCE_RUN\raw\task-0127-control-gaussian-N0-s1007-control-224fa7cda1\arrays.npz,0,direct_control,0.0,control,2.9677379253417717,0.003,True
1.5,gaussian,0.5,1.0,1525,453.84269814100446,0.0,2.0,gaussian,control,0.1083062032697315,,-1,full,262144,1007,SOURCE_RUN\raw\task-0127-control-gaussian-N0-s1007-control-224fa7cda1\arrays.npz,0,direct_control,0.0,control,2.7477813854449926,0.006,True
1.5,gaussian,0.5,1.0,3148,980.0785259054925,0.0,2.0,gaussian,control,0.12393145915492863,,-1,full,262144,1007,SOURCE_RUN\raw\task-0127-control-gaussian-N0-s1007-control-224fa7cda1\arrays.npz,0,direct_control,0.0,control,2.5121443279304616,0.012,True
1.5,gaussian,0.5,1.0,341,99.94041540732619,0.0,2.0,gaussian,control,0.09875548463572006,,-1,nested,131072,1007,SOURCE_RUN\raw\task-0127-control-gaussian-N0-s1007-control-224fa7cda1\arrays.npz,0,direct_control,0.0,control,2.9677379253417717,0.003,True
1.5,gaussian,0.5,1.0,742,212.63580589640168,0.0,2.0,gaussian,control,0.10429183649552728,,-1,nested,131072,1007,SOURCE_RUN\raw\task-0127-control-gaussian-N0-s1007-control-224fa7cda1\arrays.npz,0,direct_control,0.0,control,2.7477813854449926,0.006,True
1.5,gaussian,0.5,1.0,1544,467.69707649133125,0.0,2.0,gaussian,control,0.12057930387996478,,-1,nested,131072,1007,SOURCE_RUN\raw\task-0127-control-gaussian-N0-s1007-control-224fa7cda1\arrays.npz,0,direct_control,0.0,control,2.5121443279304616,0.012,True
1.5,gaussian,0.5,1.0,171,51.533582891441085,0.0,2.0,gaussian,control,0.10154737022022821,,-1,nested,65536,1007,SOURCE_RUN\raw\task-0127-control-gaussian-N0-s1007-control-224fa7cda1\arrays.npz,0,direct_control,0.0,control,2.9677379253417717,0.003,True
1.5,gaussian,0.5,1.0,376,108.74504550029746,0.0,2.0,gaussian,control,0.10525420547475867,,-1,nested,65536,1007,SOURCE_RUN\raw\task-0127-control-gaussian-N0-s1007-control-224fa7cda1\arrays.npz,0,direct_control,0.0,control,2.7477813854449926,0.006,True
1.5,gaussian,0.5,1.0,799,240.7380529584426,0.0,2.0,gaussian,control,0.11993705410787438,,-1,nested,65536,1007,SOURCE_RUN\raw\task-0127-control-gaussian-N0-s1007-control-224fa7cda1\arrays.npz,0,direct_control,0.0,control,2.5121443279304616,0.012,True
1.5,gaussian,0.5,1.0,181,48.00606904292997,0.0,2.0,gaussian,control,0.08937005472244461,,0,block,65536,1008,SOURCE_RUN\raw\task-0128-control-gaussian-N0-s1008-control-d3877f30c9\arrays.npz,0,direct_control,0.0,control,2.9677379253417717,0.003,True
1.5,gaussian,0.5,1.0,396,109.84664220010886,0.0,2.0,gaussian,control,0.10095072048878197,,0,block,65536,1008,SOURCE_RUN\raw\task-0128-control-gaussian-N0-s1008-control-d3877f30c9\arrays.npz,0,direct_control,0.0,control,2.7477813854449926,0.006,True
1.5,gaussian,0.5,1.0,777,242.95164674193296,0.0,2.0,gaussian,control,0.12446700556155504,,0,block,65536,1008,SOURCE_RUN\raw\task-0128-control-gaussian-N0-s1008-control-d3877f30c9\arrays.npz,0,direct_control,0.0,control,2.5121443279304616,0.012,True
1.5,gaussian,0.5,1.0,200,57.90670655581033,0.0,2.0,gaussian,control,0.09756034395985565,,1,block,65536,1008,SOURCE_RUN\raw\task-0128-control-gaussian-N0-s1008-control-d3877f30c9\arrays.npz,0,direct_control,0.0,control,2.9677379253417717,0.003,True
1.5,gaussian,0.5,1.0,386,121.49888449056984,0.0,2.0,gaussian,control,0.11455203500712995,,1,block,65536,1008,SOURCE_RUN\raw\task-0128-control-gaussian-N0-s1008-control-d3877f30c9\arrays.npz,0,direct_control,0.0,control,2.7477813854449926,0.006,True
1.5,gaussian,0.5,1.0,770,253.6425993891874,0.0,2.0,gaussian,control,0.1311254172661648,,1,block,65536,1008,SOURCE_RUN\raw\task-0128-control-gaussian-N0-s1008-control-d3877f30c9\arrays.npz,0,direct_control,0.0,control,2.5121443279304616,0.012,True
1.5,gaussian,0.5,1.0,197,58.26737041233385,0.0,2.0,gaussian,control,0.0996629289075965,,2,block,65536,1008,SOURCE_RUN\raw\task-0128-control-gaussian-N0-s1008-control-d3877f30c9\arrays.npz,0,direct_control,0.0,control,2.9677379253417717,0.003,True
1.5,gaussian,0.5,1.0,419,123.58927628824219,0.0,2.0,gaussian,control,0.10734568434157293,,2,block,65536,1008,SOURCE_RUN\raw\task-0128-control-gaussian-N0-s1008-control-d3877f30c9\arrays.npz,0,direct_control,0.0,control,2.7477813854449926,0.006,True
1.5,gaussian,0.5,1.0,822,265.2699883521368,0.0,2.0,gaussian,control,0.1284611228817551,,2,block,65536,1008,SOURCE_RUN\raw\task-0128-control-gaussian-N0-s1008-control-d3877f30c9\arrays.npz,0,direct_control,0.0,control,2.5121443279304616,0.012,True
1.5,gaussian,0.5,1.0,209,64.47679470994346,0.0,2.0,gaussian,control,0.10395170256143675,,3,block,65536,1008,SOURCE_RUN\raw\task-0128-control-gaussian-N0-s1008-control-d3877f30c9\arrays.npz,0,direct_control,0.0,control,2.9677379253417717,0.003,True
1.5,gaussian,0.5,1.0,387,130.0518416924855,0.0,2.0,gaussian,control,0.12229912914589315,,3,block,65536,1008,SOURCE_RUN\raw\task-0128-control-gaussian-N0-s1008-control-d3877f30c9\arrays.npz,0,direct_control,0.0,control,2.7477813854449926,0.006,True
1.5,gaussian,0.5,1.0,745,258.1352525770455,0.0,2.0,gaussian,control,0.13792610084665824,,3,block,65536,1008,SOURCE_RUN\raw\task-0128-control-gaussian-N0-s1008-control-d3877f30c9\arrays.npz,0,direct_control,0.0,control,2.5121443279304616,0.012,True
1.5,gaussian,0.5,1.0,787,228.65694072101763,0.0,2.0,gaussian,control,0.09790031960212249,,-1,full,262144,1008,SOURCE_RUN\raw\task-0128-control-gaussian-N0-s1008-control-d3877f30c9\arrays.npz,0,direct_control,0.0,control,2.9677379253417717,0.003,True
1.5,gaussian,0.5,1.0,1588,484.9866446714064,0.0,2.0,gaussian,control,0.11114683598544679,,-1,full,262144,1008,SOURCE_RUN\raw\task-0128-control-gaussian-N0-s1008-control-d3877f30c9\arrays.npz,0,direct_control,0.0,control,2.7477813854449926,0.006,True
1.5,gaussian,0.5,1.0,3114,1019.9994870603027,0.0,2.0,gaussian,control,0.13038774012711568,,-1,full,262144,1008,SOURCE_RUN\raw\task-0128-control-gaussian-N0-s1008-control-d3877f30c9\arrays.npz,0,direct_control,0.0,control,2.5121443279304616,0.012,True
1.5,gaussian,0.5,1.0,381,105.91277559874031,0.0,2.0,gaussian,control,0.09366941915153178,,-1,nested,131072,1008,SOURCE_RUN\raw\task-0128-control-gaussian-N0-s1008-control-d3877f30c9\arrays.npz,0,direct_control,0.0,control,2.9677379253417717,0.003,True
1.5,gaussian,0.5,1.0,782,231.3455266906787,0.0,2.0,gaussian,control,0.10766441282136806,,-1,nested,131072,1008,SOURCE_RUN\raw\task-0128-control-gaussian-N0-s1008-control-d3877f30c9\arrays.npz,0,direct_control,0.0,control,2.7477813854449926,0.006,True
1.5,gaussian,0.5,1.0,1547,496.59424613112037,0.0,2.0,gaussian,control,0.12778114713398525,,-1,nested,131072,1008,SOURCE_RUN\raw\task-0128-control-gaussian-N0-s1008-control-d3877f30c9\arrays.npz,0,direct_control,0.0,control,2.5121443279304616,0.012,True
1.5,gaussian,0.5,1.0,181,48.00606904292997,0.0,2.0,gaussian,control,0.08937005472244461,,-1,nested,65536,1008,SOURCE_RUN\raw\task-0128-control-gaussian-N0-s1008-control-d3877f30c9\arrays.npz,0,direct_control,0.0,control,2.9677379253417717,0.003,True
1.5,gaussian,0.5,1.0,396,109.84664220010886,0.0,2.0,gaussian,control,0.10095072048878197,,-1,nested,65536,1008,SOURCE_RUN\raw\task-0128-control-gaussian-N0-s1008-control-d3877f30c9\arrays.npz,0,direct_control,0.0,control,2.7477813854449926,0.006,True
1.5,gaussian,0.5,1.0,777,242.95164674193296,0.0,2.0,gaussian,control,0.12446700556155504,,-1,nested,65536,1008,SOURCE_RUN\raw\task-0128-control-gaussian-N0-s1008-control-d3877f30c9\arrays.npz,0,direct_control,0.0,control,2.5121443279304616,0.012,True
1.5,gaussian,0.5,1.0,200,58.14701518883621,0.0,2.0,gaussian,control,0.09796521231257281,,0,block,65536,1009,SOURCE_RUN\raw\task-0129-control-gaussian-N0-s1009-control-551387ecac\arrays.npz,0,direct_control,0.0,control,2.9677379253417717,0.003,True
1.5,gaussian,0.5,1.0,392,120.0350461884024,0.0,2.0,gaussian,control,0.11143967061697117,,0,block,65536,1009,SOURCE_RUN\raw\task-0129-control-gaussian-N0-s1009-control-551387ecac\arrays.npz,0,direct_control,0.0,control,2.7477813854449926,0.006,True
1.5,gaussian,0.5,1.0,768,253.5900446277027,0.0,2.0,gaussian,control,0.13143964975969646,,0,block,65536,1009,SOURCE_RUN\raw\task-0129-control-gaussian-N0-s1009-control-551387ecac\arrays.npz,0,direct_control,0.0,control,2.5121443279304616,0.012,True
1.5,gaussian,0.5,1.0,194,59.72033183800814,0.0,2.0,gaussian,control,0.10372774476578392,,1,block,65536,1009,SOURCE_RUN\raw\task-0129-control-gaussian-N0-s1009-control-551387ecac\arrays.npz,0,direct_control,0.0,control,2.9677379253417717,0.003,True
1.5,gaussian,0.5,1.0,368,119.66828132108093,0.0,2.0,gaussian,control,0.11834476672367883,,1,block,65536,1009,SOURCE_RUN\raw\task-0129-control-gaussian-N0-s1009-control-551387ecac\arrays.npz,0,direct_control,0.0,control,2.7477813854449926,0.006,True
1.5,gaussian,0.5,1.0,760,247.0533703695932,0.0,2.0,gaussian,control,0.1293995016752539,,1,block,65536,1009,SOURCE_RUN\raw\task-0129-control-gaussian-N0-s1009-control-551387ecac\arrays.npz,0,direct_control,0.0,control,2.5121443279304616,0.012,True
1.5,gaussian,0.5,1.0,200,64.06618161000097,0.0,2.0,gaussian,control,0.10793773443223252,,2,block,65536,1009,SOURCE_RUN\raw\task-0129-control-gaussian-N0-s1009-control-551387ecac\arrays.npz,0,direct_control,0.0,control,2.9677379253417717,0.003,True
1.5,gaussian,0.5,1.0,398,128.27543096932234,0.0,2.0,gaussian,control,0.11729465798101417,,2,block,65536,1009,SOURCE_RUN\raw\task-0129-control-gaussian-N0-s1009-control-551387ecac\arrays.npz,0,direct_control,0.0,control,2.7477813854449926,0.006,True
1.5,gaussian,0.5,1.0,803,267.35259970563584,0.0,2.0,gaussian,control,0.13253307647141593,,2,block,65536,1009,SOURCE_RUN\raw\task-0129-control-gaussian-N0-s1009-control-551387ecac\arrays.npz,0,direct_control,0.0,control,2.5121443279304616,0.012,True
1.5,gaussian,0.5,1.0,184,47.073901486702454,0.0,2.0,gaussian,control,0.08620586708104294,,3,block,65536,1009,SOURCE_RUN\raw\task-0129-control-gaussian-N0-s1009-control-551387ecac\arrays.npz,0,direct_control,0.0,control,2.9677379253417717,0.003,True
1.5,gaussian,0.5,1.0,391,107.89540005622457,0.0,2.0,gaussian,control,0.100425498252334,,3,block,65536,1009,SOURCE_RUN\raw\task-0129-control-gaussian-N0-s1009-control-551387ecac\arrays.npz,0,direct_control,0.0,control,2.7477813854449926,0.006,True
1.5,gaussian,0.5,1.0,795,243.5184236915792,0.0,2.0,gaussian,control,0.12193267688694524,,3,block,65536,1009,SOURCE_RUN\raw\task-0129-control-gaussian-N0-s1009-control-551387ecac\arrays.npz,0,direct_control,0.0,control,2.5121443279304616,0.012,True
1.5,gaussian,0.5,1.0,778,229.00743012354778,0.0,2.0,gaussian,control,0.09918464187202448,,-1,full,262144,1009,SOURCE_RUN\raw\task-0129-control-gaussian-N0-s1009-control-551387ecac\arrays.npz,0,direct_control,0.0,control,2.9677379253417717,0.003,True
1.5,gaussian,0.5,1.0,1549,475.87415853503023,0.0,2.0,gaussian,control,0.11180430518352018,,-1,full,262144,1009,SOURCE_RUN\raw\task-0129-control-gaussian-N0-s1009-control-551387ecac\arrays.npz,0,direct_control,0.0,control,2.7477813854449926,0.006,True
1.5,gaussian,0.5,1.0,3126,1011.514438394511,0.0,2.0,gaussian,control,0.12880672131167892,,-1,full,262144,1009,SOURCE_RUN\raw\task-0129-control-gaussian-N0-s1009-control-551387ecac\arrays.npz,0,direct_control,0.0,control,2.5121443279304616,0.012,True
1.5,gaussian,0.5,1.0,394,117.86734702684434,0.0,2.0,gaussian,control,0.10080260138851939,,-1,nested,131072,1009,SOURCE_RUN\raw\task-0129-control-gaussian-N0-s1009-control-551387ecac\arrays.npz,0,direct_control,0.0,control,2.9677379253417717,0.003,True
1.5,gaussian,0.5,1.0,760,239.70332750948333,0.0,2.0,gaussian,control,0.11478319083706119,,-1,nested,131072,1009,SOURCE_RUN\raw\task-0129-control-gaussian-N0-s1009-control-551387ecac\arrays.npz,0,direct_control,0.0,control,2.7477813854449926,0.006,True
1.5,gaussian,0.5,1.0,1528,500.64341499729585,0.0,2.0,gaussian,control,0.1304249164192669,,-1,nested,131072,1009,SOURCE_RUN\raw\task-0129-control-gaussian-N0-s1009-control-551387ecac\arrays.npz,0,direct_control,0.0,control,2.5121443279304616,0.012,True
1.5,gaussian,0.5,1.0,200,58.14701518883621,0.0,2.0,gaussian,control,0.09796521231257281,,-1,nested,65536,1009,SOURCE_RUN\raw\task-0129-control-gaussian-N0-s1009-control-551387ecac\arrays.npz,0,direct_control,0.0,control,2.9677379253417717,0.003,True
1.5,gaussian,0.5,1.0,392,120.0350461884024,0.0,2.0,gaussian,control,0.11143967061697117,,-1,nested,65536,1009,SOURCE_RUN\raw\task-0129-control-gaussian-N0-s1009-control-551387ecac\arrays.npz,0,direct_control,0.0,control,2.7477813854449926,0.006,True
1.5,gaussian,0.5,1.0,768,253.5900446277027,0.0,2.0,gaussian,control,0.13143964975969646,,-1,nested,65536,1009,SOURCE_RUN\raw\task-0129-control-gaussian-N0-s1009-control-551387ecac\arrays.npz,0,direct_control,0.0,control,2.5121443279304616,0.012,True
1.5,gaussian,0.5,1.0,197,55.3009515570139,0.0,2.0,gaussian,control,0.09458904296773395,,0,block,65536,1010,SOURCE_RUN\raw\task-0130-control-gaussian-N0-s1010-control-92502c6c8b\arrays.npz,0,direct_control,0.0,control,2.9677379253417717,0.003,True
1.5,gaussian,0.5,1.0,402,117.86555199753492,0.0,2.0,gaussian,control,0.10670349981050235,,0,block,65536,1010,SOURCE_RUN\raw\task-0130-control-gaussian-N0-s1010-control-92502c6c8b\arrays.npz,0,direct_control,0.0,control,2.7477813854449926,0.006,True
1.5,gaussian,0.5,1.0,825,253.92195733472207,0.0,2.0,gaussian,control,0.12251851427752591,,0,block,65536,1010,SOURCE_RUN\raw\task-0130-control-gaussian-N0-s1010-control-92502c6c8b\arrays.npz,0,direct_control,0.0,control,2.5121443279304616,0.012,True
1.5,gaussian,0.5,1.0,197,50.90630372169441,0.0,2.0,gaussian,control,0.08707225489773965,,1,block,65536,1010,SOURCE_RUN\raw\task-0130-control-gaussian-N0-s1010-control-92502c6c8b\arrays.npz,0,direct_control,0.0,control,2.9677379253417717,0.003,True
1.5,gaussian,0.5,1.0,376,111.46784161421888,0.0,2.0,gaussian,control,0.10788959672704129,,1,block,65536,1010,SOURCE_RUN\raw\task-0130-control-gaussian-N0-s1010-control-92502c6c8b\arrays.npz,0,direct_control,0.0,control,2.7477813854449926,0.006,True
1.5,gaussian,0.5,1.0,773,241.32693258461455,0.0,2.0,gaussian,control,0.12427441056490282,,1,block,65536,1010,SOURCE_RUN\raw\task-0130-control-gaussian-N0-s1010-control-92502c6c8b\arrays.npz,0,direct_control,0.0,control,2.5121443279304616,0.012,True
1.5,gaussian,0.5,1.0,200,54.97075626503246,0.0,2.0,gaussian,control,0.09261389928610678,,2,block,65536,1010,SOURCE_RUN\raw\task-0130-control-gaussian-N0-s1010-control-92502c6c8b\arrays.npz,0,direct_control,0.0,control,2.9677379253417717,0.003,True
1.5,gaussian,0.5,1.0,375,116.2841799852905,0.0,2.0,gaussian,control,0.11285146200858454,,2,block,65536,1010,SOURCE_RUN\raw\task-0130-control-gaussian-N0-s1010-control-92502c6c8b\arrays.npz,0,direct_control,0.0,control,2.7477813854449926,0.006,True
1.5,gaussian,0.5,1.0,756,244.58231637822857,0.0,2.0,gaussian,control,0.128783039618351,,2,block,65536,1010,SOURCE_RUN\raw\task-0130-control-gaussian-N0-s1010-control-92502c6c8b\arrays.npz,0,direct_control,0.0,control,2.5121443279304616,0.012,True
1.5,gaussian,0.5,1.0,196,61.593342441109485,0.0,2.0,gaussian,control,0.10588931875186648,,3,block,65536,1010,SOURCE_RUN\raw\task-0130-control-gaussian-N0-s1010-control-92502c6c8b\arrays.npz,0,direct_control,0.0,control,2.9677379253417717,0.003,True
1.5,gaussian,0.5,1.0,385,123.64898375789267,0.0,2.0,gaussian,control,0.11688200279693298,,3,block,65536,1010,SOURCE_RUN\raw\task-0130-control-gaussian-N0-s1010-control-92502c6c8b\arrays.npz,0,direct_control,0.0,control,2.7477813854449926,0.006,True
1.5,gaussian,0.5,1.0,775,253.4872560928436,0.0,2.0,gaussian,control,0.13019965724335275,,3,block,65536,1010,SOURCE_RUN\raw\task-0130-control-gaussian-N0-s1010-control-92502c6c8b\arrays.npz,0,direct_control,0.0,control,2.5121443279304616,0.012,True
1.5,gaussian,0.5,1.0,790,222.77135398485026,0.0,2.0,gaussian,control,0.09501817976213352,,-1,full,262144,1010,SOURCE_RUN\raw\task-0130-control-gaussian-N0-s1010-control-92502c6c8b\arrays.npz,0,direct_control,0.0,control,2.9677379253417717,0.003,True
1.5,gaussian,0.5,1.0,1538,469.26655735493705,0.0,2.0,gaussian,control,0.11104041913083738,,-1,full,262144,1010,SOURCE_RUN\raw\task-0130-control-gaussian-N0-s1010-control-92502c6c8b\arrays.npz,0,direct_control,0.0,control,2.7477813854449926,0.006,True
1.5,gaussian,0.5,1.0,3129,993.3184623904087,0.0,2.0,gaussian,control,0.1263683624035476,,-1,full,262144,1010,SOURCE_RUN\raw\task-0130-control-gaussian-N0-s1010-control-92502c6c8b\arrays.npz,0,direct_control,0.0,control,2.5121443279304616,0.012,True
1.5,gaussian,0.5,1.0,394,106.20725527870832,0.0,2.0,gaussian,control,0.09083064893273679,,-1,nested,131072,1010,SOURCE_RUN\raw\task-0130-control-gaussian-N0-s1010-control-92502c6c8b\arrays.npz,0,direct_control,0.0,control,2.9677379253417717,0.003,True
1.5,gaussian,0.5,1.0,778,229.3333936117538,0.0,2.0,gaussian,control,0.10727672916862398,,-1,nested,131072,1010,SOURCE_RUN\raw\task-0130-control-gaussian-N0-s1010-control-92502c6c8b\arrays.npz,0,direct_control,0.0,control,2.7477813854449926,0.006,True
1.5,gaussian,0.5,1.0,1598,495.24888991933665,0.0,2.0,gaussian,control,0.12336789339526205,,-1,nested,131072,1010,SOURCE_RUN\raw\task-0130-control-gaussian-N0-s1010-control-92502c6c8b\arrays.npz,0,direct_control,0.0,control,2.5121443279304616,0.012,True
1.5,gaussian,0.5,1.0,197,55.3009515570139,0.0,2.0,gaussian,control,0.09458904296773395,,-1,nested,65536,1010,SOURCE_RUN\raw\task-0130-control-gaussian-N0-s1010-control-92502c6c8b\arrays.npz,0,direct_control,0.0,control,2.9677379253417717,0.003,True
1.5,gaussian,0.5,1.0,402,117.86555199753492,0.0,2.0,gaussian,control,0.10670349981050235,,-1,nested,65536,1010,SOURCE_RUN\raw\task-0130-control-gaussian-N0-s1010-control-92502c6c8b\arrays.npz,0,direct_control,0.0,control,2.7477813854449926,0.006,True
1.5,gaussian,0.5,1.0,825,253.92195733472207,0.0,2.0,gaussian,control,0.12251851427752591,,-1,nested,65536,1010,SOURCE_RUN\raw\task-0130-control-gaussian-N0-s1010-control-92502c6c8b\arrays.npz,0,direct_control,0.0,control,2.5121443279304616,0.012,True
1.5,gaussian,0.5,1.0,203,57.53957916079867,0.0,2.0,gaussian,control,0.0955091756391908,,0,block,65536,1011,SOURCE_RUN\raw\task-0131-control-gaussian-N0-s1011-control-acc7426796\arrays.npz,0,direct_control,0.0,control,2.9677379253417717,0.003,True
1.5,gaussian,0.5,1.0,402,122.55166382015663,0.0,2.0,gaussian,control,0.1109458295116144,,0,block,65536,1011,SOURCE_RUN\raw\task-0131-control-gaussian-N0-s1011-control-acc7426796\arrays.npz,0,direct_control,0.0,control,2.7477813854449926,0.006,True
1.5,gaussian,0.5,1.0,788,257.59539898059006,0.0,2.0,gaussian,control,0.13012696396774143,,0,block,65536,1011,SOURCE_RUN\raw\task-0131-control-gaussian-N0-s1011-control-acc7426796\arrays.npz,0,direct_control,0.0,control,2.5121443279304616,0.012,True
1.5,gaussian,0.5,1.0,179,53.52906865111845,0.0,2.0,gaussian,control,0.10076532489936517,,1,block,65536,1011,SOURCE_RUN\raw\task-0131-control-gaussian-N0-s1011-control-acc7426796\arrays.npz,0,direct_control,0.0,control,2.9677379253417717,0.003,True
1.5,gaussian,0.5,1.0,372,111.91207115216812,0.0,2.0,gaussian,control,0.10948429250603167,,1,block,65536,1011,SOURCE_RUN\raw\task-0131-control-gaussian-N0-s1011-control-acc7426796\arrays.npz,0,direct_control,0.0,control,2.7477813854449926,0.006,True
1.5,gaussian,0.5,1.0,767,241.0014120806944,0.0,2.0,gaussian,control,0.12507762793194305,,1,block,65536,1011,SOURCE_RUN\raw\task-0131-control-gaussian-N0-s1011-control-acc7426796\arrays.npz,0,direct_control,0.0,control,2.5121443279304616,0.012,True
1.5,gaussian,0.5,1.0,175,47.366543042055,0.0,2.0,gaussian,control,0.09120278375292985,,2,block,65536,1011,SOURCE_RUN\raw\task-0131-control-gaussian-N0-s1011-control-acc7426796\arrays.npz,0,direct_control,0.0,control,2.9677379253417717,0.003,True
1.5,gaussian,0.5,1.0,370,104.95673485570694,0.0,2.0,gaussian,control,0.10323486885236009,,2,block,65536,1011,SOURCE_RUN\raw\task-0131-control-gaussian-N0-s1011-control-acc7426796\arrays.npz,0,direct_control,0.0,control,2.7477813854449926,0.006,True
1.5,gaussian,0.5,1.0,754,232.80814168999493,0.0,2.0,gaussian,control,0.12290858857682439,,2,block,65536,1011,SOURCE_RUN\raw\task-0131-control-gaussian-N0-s1011-control-acc7426796\arrays.npz,0,direct_control,0.0,control,2.5121443279304616,0.012,True
1.5,gaussian,0.5,1.0,222,60.97084905514706,0.0,2.0,gaussian,control,0.09254303146755978,,3,block,65536,1011,SOURCE_RUN\raw\task-0131-control-gaussian-N0-s1011-control-acc7426796\arrays.npz,0,direct_control,0.0,control,2.9677379253417717,0.003,True
1.5,gaussian,0.5,1.0,414,128.4710754835233,0.0,2.0,gaussian,control,0.11293351395852379,,3,block,65536,1011,SOURCE_RUN\raw\task-0131-control-gaussian-N0-s1011-control-acc7426796\arrays.npz,0,direct_control,0.0,control,2.7477813854449926,0.006,True
1.5,gaussian,0.5,1.0,775,264.33554506661466,0.0,2.0,gaussian,control,0.13577170661511487,,3,block,65536,1011,SOURCE_RUN\raw\task-0131-control-gaussian-N0-s1011-control-acc7426796\arrays.npz,0,direct_control,0.0,control,2.5121443279304616,0.012,True
1.5,gaussian,0.5,1.0,779,219.4060399091192,0.0,2.0,gaussian,control,0.09490423100680757,,-1,full,262144,1011,SOURCE_RUN\raw\task-0131-control-gaussian-N0-s1011-control-acc7426796\arrays.npz,0,direct_control,0.0,control,2.9677379253417717,0.003,True
1.5,gaussian,0.5,1.0,1558,467.891545311555,0.0,2.0,gaussian,control,0.10929381035309041,,-1,full,262144,1011,SOURCE_RUN\raw\task-0131-control-gaussian-N0-s1011-control-acc7426796\arrays.npz,0,direct_control,0.0,control,2.7477813854449926,0.006,True
1.5,gaussian,0.5,1.0,3084,995.740497817894,0.0,2.0,gaussian,control,0.1285248821802919,,-1,full,262144,1011,SOURCE_RUN\raw\task-0131-control-gaussian-N0-s1011-control-acc7426796\arrays.npz,0,direct_control,0.0,control,2.5121443279304616,0.012,True
1.5,gaussian,0.5,1.0,382,111.06864781191712,0.0,2.0,gaussian,control,0.09797213563283273,,-1,nested,131072,1011,SOURCE_RUN\raw\task-0131-control-gaussian-N0-s1011-control-acc7426796\arrays.npz,0,direct_control,0.0,control,2.9677379253417717,0.003,True
1.5,gaussian,0.5,1.0,774,234.46373497232477,0.0,2.0,gaussian,control,0.11024338536939633,,-1,nested,131072,1011,SOURCE_RUN\raw\task-0131-control-gaussian-N0-s1011-control-acc7426796\arrays.npz,0,direct_control,0.0,control,2.7477813854449926,0.006,True
1.5,gaussian,0.5,1.0,1555,498.5968110612844,0.0,2.0,gaussian,control,0.12763639114493927,,-1,nested,131072,1011,SOURCE_RUN\raw\task-0131-control-gaussian-N0-s1011-control-acc7426796\arrays.npz,0,direct_control,0.0,control,2.5121443279304616,0.012,True
1.5,gaussian,0.5,1.0,203,57.53957916079867,0.0,2.0,gaussian,control,0.0955091756391908,,-1,nested,65536,1011,SOURCE_RUN\raw\task-0131-control-gaussian-N0-s1011-control-acc7426796\arrays.npz,0,direct_control,0.0,control,2.9677379253417717,0.003,True
1.5,gaussian,0.5,1.0,402,122.55166382015663,0.0,2.0,gaussian,control,0.1109458295116144,,-1,nested,65536,1011,SOURCE_RUN\raw\task-0131-control-gaussian-N0-s1011-control-acc7426796\arrays.npz,0,direct_control,0.0,control,2.7477813854449926,0.006,True
1.5,gaussian,0.5,1.0,788,257.59539898059006,0.0,2.0,gaussian,control,0.13012696396774143,,-1,nested,65536,1011,SOURCE_RUN\raw\task-0131-control-gaussian-N0-s1011-control-acc7426796\arrays.npz,0,direct_control,0.0,control,2.5121443279304616,0.012,True
1.5,pareto,0.5,1.0,201,20383.77129992943,2.0,2.0,pareto,control,2.10945039471507,,0,block,65536,1000,SOURCE_RUN\raw\task-0108-control-pareto-N0-s1000-control-6731650e23\arrays.npz,0,direct_control,0.0,control,48.0749856769136,0.003,True
1.5,pareto,0.5,1.0,405,25346.96335543362,2.0,2.0,pareto,control,2.066514295803454,,0,block,65536,1000,SOURCE_RUN\raw\task-0108-control-pareto-N0-s1000-control-6731650e23\arrays.npz,0,direct_control,0.0,control,30.285343213868988,0.006,True
1.5,pareto,0.5,1.0,762,31509.053538225824,2.0,2.0,pareto,control,2.1673774514428534,,0,block,65536,1000,SOURCE_RUN\raw\task-0108-control-pareto-N0-s1000-control-6731650e23\arrays.npz,0,direct_control,0.0,control,19.078570709222195,0.012,True
1.5,pareto,0.5,1.0,172,13824.172721143877,2.0,2.0,pareto,control,1.6718277932748147,,1,block,65536,1000,SOURCE_RUN\raw\task-0108-control-pareto-N0-s1000-control-6731650e23\arrays.npz,0,direct_control,0.0,control,48.0749856769136,0.003,True
1.5,pareto,0.5,1.0,384,18376.445706068567,2.0,2.0,pareto,control,1.580148094132825,,1,block,65536,1000,SOURCE_RUN\raw\task-0108-control-pareto-N0-s1000-control-6731650e23\arrays.npz,0,direct_control,0.0,control,30.285343213868988,0.006,True
1.5,pareto,0.5,1.0,787,24499.87278848301,2.0,2.0,pareto,control,1.6317110741964316,,1,block,65536,1000,SOURCE_RUN\raw\task-0108-control-pareto-N0-s1000-control-6731650e23\arrays.npz,0,direct_control,0.0,control,19.078570709222195,0.012,True
1.5,pareto,0.5,1.0,185,16447.175210348545,2.0,2.0,pareto,control,1.8492704372943956,,2,block,65536,1000,SOURCE_RUN\raw\task-0108-control-pareto-N0-s1000-control-6731650e23\arrays.npz,0,direct_control,0.0,control,48.0749856769136,0.003,True
1.5,pareto,0.5,1.0,384,21226.852830046137,2.0,2.0,pareto,control,1.8252480147865984,,2,block,65536,1000,SOURCE_RUN\raw\task-0108-control-pareto-N0-s1000-control-6731650e23\arrays.npz,0,direct_control,0.0,control,30.285343213868988,0.006,True
1.5,pareto,0.5,1.0,777,27369.00194893549,2.0,2.0,pareto,control,1.8462567908818328,,2,block,65536,1000,SOURCE_RUN\raw\task-0108-control-pareto-N0-s1000-control-6731650e23\arrays.npz,0,direct_control,0.0,control,19.078570709222195,0.012,True
1.5,pareto,0.5,1.0,206,17063.077352175696,2.0,2.0,pareto,control,1.7229432607642716,,3,block,65536,1000,SOURCE_RUN\raw\task-0108-control-pareto-N0-s1000-control-6731650e23\arrays.npz,0,direct_control,0.0,control,48.0749856769136,0.003,True
1.5,pareto,0.5,1.0,390,21996.378201628148,2.0,2.0,pareto,control,1.8623189887422507,,3,block,65536,1000,SOURCE_RUN\raw\task-0108-control-pareto-N0-s1000-control-6731650e23\arrays.npz,0,direct_control,0.0,control,30.285343213868988,0.006,True
1.5,pareto,0.5,1.0,755,28075.67604494129,2.0,2.0,pareto,control,1.9491148710298483,,3,block,65536,1000,SOURCE_RUN\raw\task-0108-control-pareto-N0-s1000-control-6731650e23\arrays.npz,0,direct_control,0.0,control,19.078570709222195,0.012,True
1.5,pareto,0.5,1.0,764,67718.19658359754,2.0,2.0,pareto,control,1.843711063348037,,-1,full,262144,1000,SOURCE_RUN\raw\task-0108-control-pareto-N0-s1000-control-6731650e23\arrays.npz,0,direct_control,0.0,control,48.0749856769136,0.003,True
1.5,pareto,0.5,1.0,1563,86946.64009317648,2.0,2.0,pareto,control,1.8367976975271498,,-1,full,262144,1000,SOURCE_RUN\raw\task-0108-control-pareto-N0-s1000-control-6731650e23\arrays.npz,0,direct_control,0.0,control,30.285343213868988,0.006,True
1.5,pareto,0.5,1.0,3081,111453.60432058561,2.0,2.0,pareto,control,1.8960796778756135,,-1,full,262144,1000,SOURCE_RUN\raw\task-0108-control-pareto-N0-s1000-control-6731650e23\arrays.npz,0,direct_control,0.0,control,19.078570709222195,0.012,True
1.5,pareto,0.5,1.0,373,34207.94402107331,2.0,2.0,pareto,control,1.9076512326568287,,-1,nested,131072,1000,SOURCE_RUN\raw\task-0108-control-pareto-N0-s1000-control-6731650e23\arrays.npz,0,direct_control,0.0,control,48.0749856769136,0.003,True
1.5,pareto,0.5,1.0,789,43723.409061502185,2.0,2.0,pareto,control,1.8298037489827672,,-1,nested,131072,1000,SOURCE_RUN\raw\task-0108-control-pareto-N0-s1000-control-6731650e23\arrays.npz,0,direct_control,0.0,control,30.285343213868988,0.006,True
1.5,pareto,0.5,1.0,1549,56008.92632670884,2.0,2.0,pareto,control,1.8952215838554205,,-1,nested,131072,1000,SOURCE_RUN\raw\task-0108-control-pareto-N0-s1000-control-6731650e23\arrays.npz,0,direct_control,0.0,control,19.078570709222195,0.012,True
1.5,pareto,0.5,1.0,201,20383.77129992943,2.0,2.0,pareto,control,2.10945039471507,,-1,nested,65536,1000,SOURCE_RUN\raw\task-0108-control-pareto-N0-s1000-control-6731650e23\arrays.npz,0,direct_control,0.0,control,48.0749856769136,0.003,True
1.5,pareto,0.5,1.0,405,25346.96335543362,2.0,2.0,pareto,control,2.066514295803454,,-1,nested,65536,1000,SOURCE_RUN\raw\task-0108-control-pareto-N0-s1000-control-6731650e23\arrays.npz,0,direct_control,0.0,control,30.285343213868988,0.006,True
1.5,pareto,0.5,1.0,762,31509.053538225824,2.0,2.0,pareto,control,2.1673774514428534,,-1,nested,65536,1000,SOURCE_RUN\raw\task-0108-control-pareto-N0-s1000-control-6731650e23\arrays.npz,0,direct_control,0.0,control,19.078570709222195,0.012,True
1.5,pareto,0.5,1.0,182,11903.659148674535,2.0,2.0,pareto,control,1.360473012652841,,0,block,65536,1001,SOURCE_RUN\raw\task-0109-control-pareto-N0-s1001-control-50c97add0d\arrays.npz,0,direct_control,0.0,control,48.0749856769136,0.003,True
1.5,pareto,0.5,1.0,384,16733.274293539092,2.0,2.0,pareto,control,1.4388555821110605,,0,block,65536,1001,SOURCE_RUN\raw\task-0109-control-pareto-N0-s1001-control-50c97add0d\arrays.npz,0,direct_control,0.0,control,30.285343213868988,0.006,True
1.5,pareto,0.5,1.0,738,22646.08378683696,2.0,2.0,pareto,control,1.6083883251188777,,0,block,65536,1001,SOURCE_RUN\raw\task-0109-control-pareto-N0-s1001-control-50c97add0d\arrays.npz,0,direct_control,0.0,control,19.078570709222195,0.012,True
1.5,pareto,0.5,1.0,200,13391.342695732696,2.0,2.0,pareto,control,1.3927557655168932,,1,block,65536,1001,SOURCE_RUN\raw\task-0109-control-pareto-N0-s1001-control-50c97add0d\arrays.npz,0,direct_control,0.0,control,48.0749856769136,0.003,True
1.5,pareto,0.5,1.0,393,18343.16924781308,2.0,2.0,pareto,control,1.5411656582809152,,1,block,65536,1001,SOURCE_RUN\raw\task-0109-control-pareto-N0-s1001-control-50c97add0d\arrays.npz,0,direct_control,0.0,control,30.285343213868988,0.006,True
1.5,pareto,0.5,1.0,758,24354.676062987295,2.0,2.0,pareto,control,1.6840978285176618,,1,block,65536,1001,SOURCE_RUN\raw\task-0109-control-pareto-N0-s1001-control-50c97add0d\arrays.npz,0,direct_control,0.0,control,19.078570709222195,0.012,True
1.5,pareto,0.5,1.0,206,16607.869859700513,2.0,2.0,pareto,control,1.676978710219143,,2,block,65536,1001,SOURCE_RUN\raw\task-0109-control-pareto-N0-s1001-control-50c97add0d\arrays.npz,0,direct_control,0.0,control,48.0749856769136,0.003,True
1.5,pareto,0.5,1.0,380,21601.5476194074,2.0,2.0,pareto,control,1.8770194395477937,,2,block,65536,1001,SOURCE_RUN\raw\task-0109-control-pareto-N0-s1001-control-50c97add0d\arrays.npz,0,direct_control,0.0,control,30.285343213868988,0.006,True
1.5,pareto,0.5,1.0,771,27639.92049268396,2.0,2.0,pareto,control,1.8790423804881873,,2,block,65536,1001,SOURCE_RUN\raw\task-0109-control-pareto-N0-s1001-control-50c97add0d\arrays.npz,0,direct_control,0.0,control,19.078570709222195,0.012,True
1.5,pareto,0.5,1.0,192,23072.40186040683,2.0,2.0,pareto,control,2.4996109306658814,,3,block,65536,1001,SOURCE_RUN\raw\task-0109-control-pareto-N0-s1001-control-50c97add0d\arrays.npz,0,direct_control,0.0,control,48.0749856769136,0.003,True
1.5,pareto,0.5,1.0,396,27951.82593598739,2.0,2.0,pareto,control,2.330679184706978,,3,block,65536,1001,SOURCE_RUN\raw\task-0109-control-pareto-N0-s1001-control-50c97add0d\arrays.npz,0,direct_control,0.0,control,30.285343213868988,0.006,True
1.5,pareto,0.5,1.0,790,34184.48785751265,2.0,2.0,pareto,control,2.2680684143801217,,3,block,65536,1001,SOURCE_RUN\raw\task-0109-control-pareto-N0-s1001-control-50c97add0d\arrays.npz,0,direct_control,0.0,control,19.078570709222195,0.012,True
1.5,pareto,0.5,1.0,780,64975.27356451457,2.0,2.0,pareto,control,1.7327437876912672,,-1,full,262144,1001,SOURCE_RUN\raw\task-0109-control-pareto-N0-s1001-control-50c97add0d\arrays.npz,0,direct_control,0.0,control,48.0749856769136,0.003,True
1.5,pareto,0.5,1.0,1553,84629.81709674696,2.0,2.0,pareto,control,1.799365738188778,,-1,full,262144,1001,SOURCE_RUN\raw\task-0109-control-pareto-N0-s1001-control-50c97add0d\arrays.npz,0,direct_control,0.0,control,30.285343213868988,0.006,True
1.5,pareto,0.5,1.0,3057,108825.16820002087,2.0,2.0,pareto,control,1.8658987440859693,,-1,full,262144,1001,SOURCE_RUN\raw\task-0109-control-pareto-N0-s1001-control-50c97add0d\arrays.npz,0,direct_control,0.0,control,19.078570709222195,0.012,True
1.5,pareto,0.5,1.0,382,25295.001844407227,2.0,2.0,pareto,control,1.37737497750313,,-1,nested,131072,1001,SOURCE_RUN\raw\task-0109-control-pareto-N0-s1001-control-50c97add0d\arrays.npz,0,direct_control,0.0,control,48.0749856769136,0.003,True
1.5,pareto,0.5,1.0,777,35076.44354135217,2.0,2.0,pareto,control,1.4906031495946552,,-1,nested,131072,1001,SOURCE_RUN\raw\task-0109-control-pareto-N0-s1001-control-50c97add0d\arrays.npz,0,direct_control,0.0,control,30.285343213868988,0.006,True
1.5,pareto,0.5,1.0,1496,47000.75984982425,2.0,2.0,pareto,control,1.6467491563864434,,-1,nested,131072,1001,SOURCE_RUN\raw\task-0109-control-pareto-N0-s1001-control-50c97add0d\arrays.npz,0,direct_control,0.0,control,19.078570709222195,0.012,True
1.5,pareto,0.5,1.0,182,11903.659148674535,2.0,2.0,pareto,control,1.360473012652841,,-1,nested,65536,1001,SOURCE_RUN\raw\task-0109-control-pareto-N0-s1001-control-50c97add0d\arrays.npz,0,direct_control,0.0,control,48.0749856769136,0.003,True
1.5,pareto,0.5,1.0,384,16733.274293539092,2.0,2.0,pareto,control,1.4388555821110605,,-1,nested,65536,1001,SOURCE_RUN\raw\task-0109-control-pareto-N0-s1001-control-50c97add0d\arrays.npz,0,direct_control,0.0,control,30.285343213868988,0.006,True
1.5,pareto,0.5,1.0,738,22646.08378683696,2.0,2.0,pareto,control,1.6083883251188777,,-1,nested,65536,1001,SOURCE_RUN\raw\task-0109-control-pareto-N0-s1001-control-50c97add0d\arrays.npz,0,direct_control,0.0,control,19.078570709222195,0.012,True
1.5,pareto,0.5,1.0,195,13954.393505542035,2.0,2.0,pareto,control,1.4885286251988998,,0,block,65536,1002,SOURCE_RUN\raw\task-0110-control-pareto-N0-s1002-control-f63a360323\arrays.npz,0,direct_control,0.0,control,48.0749856769136,0.003,True
1.5,pareto,0.5,1.0,378,18724.52671436515,2.0,2.0,pareto,control,1.6356355815031134,,0,block,65536,1002,SOURCE_RUN\raw\task-0110-control-pareto-N0-s1002-control-f63a360323\arrays.npz,0,direct_control,0.0,control,30.285343213868988,0.006,True
1.5,pareto,0.5,1.0,757,24727.30565076309,2.0,2.0,pareto,control,1.7121234738761004,,0,block,65536,1002,SOURCE_RUN\raw\task-0110-control-pareto-N0-s1002-control-f63a360323\arrays.npz,0,direct_control,0.0,control,19.078570709222195,0.012,True
1.5,pareto,0.5,1.0,207,22799.750335889097,2.0,2.0,pareto,control,2.291081731560635,,1,block,65536,1002,SOURCE_RUN\raw\task-0110-control-pareto-N0-s1002-control-f63a360323\arrays.npz,0,direct_control,0.0,control,48.0749856769136,0.003,True
1.5,pareto,0.5,1.0,414,28019.44077925943,2.0,2.0,pareto,control,2.2347380436672952,,1,block,65536,1002,SOURCE_RUN\raw\task-0110-control-pareto-N0-s1002-control-f63a360323\arrays.npz,0,direct_control,0.0,control,30.285343213868988,0.006,True
1.5,pareto,0.5,1.0,797,34387.670931214074,2.0,2.0,pareto,control,2.261510480799667,,1,block,65536,1002,SOURCE_RUN\raw\task-0110-control-pareto-N0-s1002-control-f63a360323\arrays.npz,0,direct_control,0.0,control,19.078570709222195,0.012,True
1.5,pareto,0.5,1.0,196,13364.09186847859,2.0,2.0,pareto,control,1.4182873115000927,,2,block,65536,1002,SOURCE_RUN\raw\task-0110-control-pareto-N0-s1002-control-f63a360323\arrays.npz,0,direct_control,0.0,control,48.0749856769136,0.003,True
1.5,pareto,0.5,1.0,386,18150.075135767835,2.0,2.0,pareto,control,1.5525965715097583,,2,block,65536,1002,SOURCE_RUN\raw\task-0110-control-pareto-N0-s1002-control-f63a360323\arrays.npz,0,direct_control,0.0,control,30.285343213868988,0.006,True
1.5,pareto,0.5,1.0,805,24361.410462955115,2.0,2.0,pareto,control,1.586210107368452,,2,block,65536,1002,SOURCE_RUN\raw\task-0110-control-pareto-N0-s1002-control-f63a360323\arrays.npz,0,direct_control,0.0,control,19.078570709222195,0.012,True
1.5,pareto,0.5,1.0,210,19608.133005720672,2.0,2.0,pareto,control,1.9422171554976044,,3,block,65536,1002,SOURCE_RUN\raw\task-0110-control-pareto-N0-s1002-control-f63a360323\arrays.npz,0,direct_control,0.0,control,48.0749856769136,0.003,True
1.5,pareto,0.5,1.0,393,24740.775879631103,2.0,2.0,pareto,control,2.07868300345417,,3,block,65536,1002,SOURCE_RUN\raw\task-0110-control-pareto-N0-s1002-control-f63a360323\arrays.npz,0,direct_control,0.0,control,30.285343213868988,0.006,True
1.5,pareto,0.5,1.0,739,30668.489391433206,2.0,2.0,pareto,control,2.1752146047627994,,3,block,65536,1002,SOURCE_RUN\raw\task-0110-control-pareto-N0-s1002-control-f63a360323\arrays.npz,0,direct_control,0.0,control,19.078570709222195,0.012,True
1.5,pareto,0.5,1.0,808,69726.36871563041,2.0,2.0,pareto,control,1.7950085594744458,,-1,full,262144,1002,SOURCE_RUN\raw\task-0110-control-pareto-N0-s1002-control-f63a360323\arrays.npz,0,direct_control,0.0,control,48.0749856769136,0.003,True
1.5,pareto,0.5,1.0,1571,89634.81850902352,2.0,2.0,pareto,control,1.8839443009845274,,-1,full,262144,1002,SOURCE_RUN\raw\task-0110-control-pareto-N0-s1002-control-f63a360323\arrays.npz,0,direct_control,0.0,control,30.285343213868988,0.006,True
1.5,pareto,0.5,1.0,3098,114144.87643636548,2.0,2.0,pareto,control,1.931208538499953,,-1,full,262144,1002,SOURCE_RUN\raw\task-0110-control-pareto-N0-s1002-control-f63a360323\arrays.npz,0,direct_control,0.0,control,19.078570709222195,0.012,True
1.5,pareto,0.5,1.0,402,36754.143841431134,2.0,2.0,pareto,control,1.9017835829523306,,-1,nested,131072,1002,SOURCE_RUN\raw\task-0110-control-pareto-N0-s1002-control-f63a360323\arrays.npz,0,direct_control,0.0,control,48.0749856769136,0.003,True
1.5,pareto,0.5,1.0,792,46743.96749362458,2.0,2.0,pareto,control,1.9488027776343901,,-1,nested,131072,1002,SOURCE_RUN\raw\task-0110-control-pareto-N0-s1002-control-f63a360323\arrays.npz,0,direct_control,0.0,control,30.285343213868988,0.006,True
1.5,pareto,0.5,1.0,1554,59114.976581977164,2.0,2.0,pareto,control,1.9938875951876078,,-1,nested,131072,1002,SOURCE_RUN\raw\task-0110-control-pareto-N0-s1002-control-f63a360323\arrays.npz,0,direct_control,0.0,control,19.078570709222195,0.012,True
1.5,pareto,0.5,1.0,195,13954.393505542035,2.0,2.0,pareto,control,1.4885286251988998,,-1,nested,65536,1002,SOURCE_RUN\raw\task-0110-control-pareto-N0-s1002-control-f63a360323\arrays.npz,0,direct_control,0.0,control,48.0749856769136,0.003,True
1.5,pareto,0.5,1.0,378,18724.52671436515,2.0,2.0,pareto,control,1.6356355815031134,,-1,nested,65536,1002,SOURCE_RUN\raw\task-0110-control-pareto-N0-s1002-control-f63a360323\arrays.npz,0,direct_control,0.0,control,30.285343213868988,0.006,True
1.5,pareto,0.5,1.0,757,24727.30565076309,2.0,2.0,pareto,control,1.7121234738761004,,-1,nested,65536,1002,SOURCE_RUN\raw\task-0110-control-pareto-N0-s1002-control-f63a360323\arrays.npz,0,direct_control,0.0,control,19.078570709222195,0.012,True
1.5,pareto,0.5,1.0,179,15824.291145562805,2.0,2.0,pareto,control,1.8388744147010438,,0,block,65536,1003,SOURCE_RUN\raw\task-0111-control-pareto-N0-s1003-control-103722c446\arrays.npz,0,direct_control,0.0,control,48.0749856769136,0.003,True
1.5,pareto,0.5,1.0,364,20280.495078498818,2.0,2.0,pareto,control,1.8396900912299075,,0,block,65536,1003,SOURCE_RUN\raw\task-0111-control-pareto-N0-s1003-control-103722c446\arrays.npz,0,direct_control,0.0,control,30.285343213868988,0.006,True
1.5,pareto,0.5,1.0,745,26090.27038264901,2.0,2.0,pareto,control,1.8355933309506218,,0,block,65536,1003,SOURCE_RUN\raw\task-0111-control-pareto-N0-s1003-control-103722c446\arrays.npz,0,direct_control,0.0,control,19.078570709222195,0.012,True
1.5,pareto,0.5,1.0,193,25364.887733632815,2.0,2.0,pareto,control,2.7337353703760265,,1,block,65536,1003,SOURCE_RUN\raw\task-0111-control-pareto-N0-s1003-control-103722c446\arrays.npz,0,direct_control,0.0,control,48.0749856769136,0.003,True
1.5,pareto,0.5,1.0,391,30303.64177322919,2.0,2.0,pareto,control,2.5590900386641167,,1,block,65536,1003,SOURCE_RUN\raw\task-0111-control-pareto-N0-s1003-control-103722c446\arrays.npz,0,direct_control,0.0,control,30.285343213868988,0.006,True
1.5,pareto,0.5,1.0,792,36516.2829050802,2.0,2.0,pareto,control,2.4166599538380407,,1,block,65536,1003,SOURCE_RUN\raw\task-0111-control-pareto-N0-s1003-control-103722c446\arrays.npz,0,direct_control,0.0,control,19.078570709222195,0.012,True
1.5,pareto,0.5,1.0,200,12425.572807567325,2.0,2.0,pareto,control,1.2923116494587215,,2,block,65536,1003,SOURCE_RUN\raw\task-0111-control-pareto-N0-s1003-control-103722c446\arrays.npz,0,direct_control,0.0,control,48.0749856769136,0.003,True
1.5,pareto,0.5,1.0,408,17544.16933514882,2.0,2.0,pareto,control,1.4198424212487606,,2,block,65536,1003,SOURCE_RUN\raw\task-0111-control-pareto-N0-s1003-control-103722c446\arrays.npz,0,direct_control,0.0,control,30.285343213868988,0.006,True
1.5,pareto,0.5,1.0,792,23937.8793065617,2.0,2.0,pareto,control,1.5842169491990608,,2,block,65536,1003,SOURCE_RUN\raw\task-0111-control-pareto-N0-s1003-control-103722c446\arrays.npz,0,direct_control,0.0,control,19.078570709222195,0.012,True
1.5,pareto,0.5,1.0,190,11234.761373147241,2.0,2.0,pareto,control,1.2299602835858936,,3,block,65536,1003,SOURCE_RUN\raw\task-0111-control-pareto-N0-s1003-control-103722c446\arrays.npz,0,direct_control,0.0,control,48.0749856769136,0.003,True
1.5,pareto,0.5,1.0,375,15893.202520129944,2.0,2.0,pareto,control,1.3994186259578087,,3,block,65536,1003,SOURCE_RUN\raw\task-0111-control-pareto-N0-s1003-control-103722c446\arrays.npz,0,direct_control,0.0,control,30.285343213868988,0.006,True
1.5,pareto,0.5,1.0,753,21835.301743881515,2.0,2.0,pareto,control,1.5199117964205047,,3,block,65536,1003,SOURCE_RUN\raw\task-0111-control-pareto-N0-s1003-control-103722c446\arrays.npz,0,direct_control,0.0,control,19.078570709222195,0.012,True
1.5,pareto,0.5,1.0,762,64849.51305991019,2.0,2.0,pareto,control,1.7702417722928139,,-1,full,262144,1003,SOURCE_RUN\raw\task-0111-control-pareto-N0-s1003-control-103722c446\arrays.npz,0,direct_control,0.0,control,48.0749856769136,0.003,True
1.5,pareto,0.5,1.0,1538,84021.50870700677,2.0,2.0,pareto,control,1.8038550656235555,,-1,full,262144,1003,SOURCE_RUN\raw\task-0111-control-pareto-N0-s1003-control-103722c446\arrays.npz,0,direct_control,0.0,control,30.285343213868988,0.006,True
1.5,pareto,0.5,1.0,3082,108379.73433817242,2.0,2.0,pareto,control,1.8431879044348596,,-1,full,262144,1003,SOURCE_RUN\raw\task-0111-control-pareto-N0-s1003-control-103722c446\arrays.npz,0,direct_control,0.0,control,19.078570709222195,0.012,True
1.5,pareto,0.5,1.0,372,41189.17887919562,2.0,2.0,pareto,control,2.303143673962527,,-1,nested,131072,1003,SOURCE_RUN\raw\task-0111-control-pareto-N0-s1003-control-103722c446\arrays.npz,0,direct_control,0.0,control,48.0749856769136,0.003,True
1.5,pareto,0.5,1.0,755,50584.136851728006,2.0,2.0,pareto,control,2.2122535077157033,,-1,nested,131072,1003,SOURCE_RUN\raw\task-0111-control-pareto-N0-s1003-control-103722c446\arrays.npz,0,direct_control,0.0,control,30.285343213868988,0.006,True
1.5,pareto,0.5,1.0,1537,62606.55328772921,2.0,2.0,pareto,control,2.135010875079988,,-1,nested,131072,1003,SOURCE_RUN\raw\task-0111-control-pareto-N0-s1003-control-103722c446\arrays.npz,0,direct_control,0.0,control,19.078570709222195,0.012,True
1.5,pareto,0.5,1.0,179,15824.291145562805,2.0,2.0,pareto,control,1.8388744147010438,,-1,nested,65536,1003,SOURCE_RUN\raw\task-0111-control-pareto-N0-s1003-control-103722c446\arrays.npz,0,direct_control,0.0,control,48.0749856769136,0.003,True
1.5,pareto,0.5,1.0,364,20280.495078498818,2.0,2.0,pareto,control,1.8396900912299075,,-1,nested,65536,1003,SOURCE_RUN\raw\task-0111-control-pareto-N0-s1003-control-103722c446\arrays.npz,0,direct_control,0.0,control,30.285343213868988,0.006,True
1.5,pareto,0.5,1.0,745,26090.27038264901,2.0,2.0,pareto,control,1.8355933309506218,,-1,nested,65536,1003,SOURCE_RUN\raw\task-0111-control-pareto-N0-s1003-control-103722c446\arrays.npz,0,direct_control,0.0,control,19.078570709222195,0.012,True
1.5,pareto,0.5,1.0,199,16215.030730800023,2.0,2.0,pareto,control,1.6949056840917907,,0,block,65536,1004,SOURCE_RUN\raw\task-0112-control-pareto-N0-s1004-control-f2070af537\arrays.npz,0,direct_control,0.0,control,48.0749856769136,0.003,True
1.5,pareto,0.5,1.0,406,21287.77493456603,2.0,2.0,pareto,control,1.7312976385413699,,0,block,65536,1004,SOURCE_RUN\raw\task-0112-control-pareto-N0-s1004-control-f2070af537\arrays.npz,0,direct_control,0.0,control,30.285343213868988,0.006,True
1.5,pareto,0.5,1.0,791,27511.372338099343,2.0,2.0,pareto,control,1.8230137117054503,,0,block,65536,1004,SOURCE_RUN\raw\task-0112-control-pareto-N0-s1004-control-f2070af537\arrays.npz,0,direct_control,0.0,control,19.078570709222195,0.012,True
1.5,pareto,0.5,1.0,185,16795.39133400273,2.0,2.0,pareto,control,1.88842280084785,,1,block,65536,1004,SOURCE_RUN\raw\task-0112-control-pareto-N0-s1004-control-f2070af537\arrays.npz,0,direct_control,0.0,control,48.0749856769136,0.003,True
1.5,pareto,0.5,1.0,383,21668.33701355793,2.0,2.0,pareto,control,1.868074997997362,,1,block,65536,1004,SOURCE_RUN\raw\task-0112-control-pareto-N0-s1004-control-f2070af537\arrays.npz,0,direct_control,0.0,control,30.285343213868988,0.006,True
1.5,pareto,0.5,1.0,748,27691.554209221016,2.0,2.0,pareto,control,1.9404385664728647,,1,block,65536,1004,SOURCE_RUN\raw\task-0112-control-pareto-N0-s1004-control-f2070af537\arrays.npz,0,direct_control,0.0,control,19.078570709222195,0.012,True
1.5,pareto,0.5,1.0,175,16984.19459714586,2.0,2.0,pareto,control,2.0187741959479237,,2,block,65536,1004,SOURCE_RUN\raw\task-0112-control-pareto-N0-s1004-control-f2070af537\arrays.npz,0,direct_control,0.0,control,48.0749856769136,0.003,True
1.5,pareto,0.5,1.0,365,21414.382738438857,2.0,2.0,pareto,control,1.9372255858167127,,2,block,65536,1004,SOURCE_RUN\raw\task-0112-control-pareto-N0-s1004-control-f2070af537\arrays.npz,0,direct_control,0.0,control,30.285343213868988,0.006,True
1.5,pareto,0.5,1.0,756,27249.519617666167,2.0,2.0,pareto,control,1.8892577786858498,,2,block,65536,1004,SOURCE_RUN\raw\task-0112-control-pareto-N0-s1004-control-f2070af537\arrays.npz,0,direct_control,0.0,control,19.078570709222195,0.012,True
1.5,pareto,0.5,1.0,198,21061.949656517056,2.0,2.0,pareto,control,2.212657614265391,,3,block,65536,1004,SOURCE_RUN\raw\task-0112-control-pareto-N0-s1004-control-f2070af537\arrays.npz,0,direct_control,0.0,control,48.0749856769136,0.003,True
1.5,pareto,0.5,1.0,391,26015.395501667863,2.0,2.0,pareto,control,2.196955071553141,,3,block,65536,1004,SOURCE_RUN\raw\task-0112-control-pareto-N0-s1004-control-f2070af537\arrays.npz,0,direct_control,0.0,control,30.285343213868988,0.006,True
1.5,pareto,0.5,1.0,798,32155.412964279014,2.0,2.0,pareto,control,2.112055684294923,,3,block,65536,1004,SOURCE_RUN\raw\task-0112-control-pareto-N0-s1004-control-f2070af537\arrays.npz,0,direct_control,0.0,control,19.078570709222195,0.012,True
1.5,pareto,0.5,1.0,757,71056.56631846567,2.0,2.0,pareto,control,1.9524916000086565,,-1,full,262144,1004,SOURCE_RUN\raw\task-0112-control-pareto-N0-s1004-control-f2070af537\arrays.npz,0,direct_control,0.0,control,48.0749856769136,0.003,True
1.5,pareto,0.5,1.0,1545,90385.89018823068,2.0,2.0,pareto,control,1.9316998946803652,,-1,full,262144,1004,SOURCE_RUN\raw\task-0112-control-pareto-N0-s1004-control-f2070af537\arrays.npz,0,direct_control,0.0,control,30.285343213868988,0.006,True
1.5,pareto,0.5,1.0,3093,114607.85912926553,2.0,2.0,pareto,control,1.9421762723681102,,-1,full,262144,1004,SOURCE_RUN\raw\task-0112-control-pareto-N0-s1004-control-f2070af537\arrays.npz,0,direct_control,0.0,control,19.078570709222195,0.012,True
1.5,pareto,0.5,1.0,384,33010.422064802755,2.0,2.0,pareto,control,1.7881365866956214,,-1,nested,131072,1004,SOURCE_RUN\raw\task-0112-control-pareto-N0-s1004-control-f2070af537\arrays.npz,0,direct_control,0.0,control,48.0749856769136,0.003,True
1.5,pareto,0.5,1.0,789,42956.111948123966,2.0,2.0,pareto,control,1.797692731914811,,-1,nested,131072,1004,SOURCE_RUN\raw\task-0112-control-pareto-N0-s1004-control-f2070af537\arrays.npz,0,direct_control,0.0,control,30.285343213868988,0.006,True
1.5,pareto,0.5,1.0,1539,55202.926547320356,2.0,2.0,pareto,control,1.8800857008971497,,-1,nested,131072,1004,SOURCE_RUN\raw\task-0112-control-pareto-N0-s1004-control-f2070af537\arrays.npz,0,direct_control,0.0,control,19.078570709222195,0.012,True
1.5,pareto,0.5,1.0,199,16215.030730800023,2.0,2.0,pareto,control,1.6949056840917907,,-1,nested,65536,1004,SOURCE_RUN\raw\task-0112-control-pareto-N0-s1004-control-f2070af537\arrays.npz,0,direct_control,0.0,control,48.0749856769136,0.003,True
1.5,pareto,0.5,1.0,406,21287.77493456603,2.0,2.0,pareto,control,1.7312976385413699,,-1,nested,65536,1004,SOURCE_RUN\raw\task-0112-control-pareto-N0-s1004-control-f2070af537\arrays.npz,0,direct_control,0.0,control,30.285343213868988,0.006,True
1.5,pareto,0.5,1.0,791,27511.372338099343,2.0,2.0,pareto,control,1.8230137117054503,,-1,nested,65536,1004,SOURCE_RUN\raw\task-0112-control-pareto-N0-s1004-control-f2070af537\arrays.npz,0,direct_control,0.0,control,19.078570709222195,0.012,True
1.5,pareto,0.5,1.0,234,18646.140453742137,2.0,2.0,pareto,control,1.6575015008625096,,0,block,65536,1005,SOURCE_RUN\raw\task-0113-control-pareto-N0-s1005-control-a66136762e\arrays.npz,0,direct_control,0.0,control,48.0749856769136,0.003,True
1.5,pareto,0.5,1.0,413,23972.499000783337,2.0,2.0,pareto,control,1.9165967959996544,,0,block,65536,1005,SOURCE_RUN\raw\task-0113-control-pareto-N0-s1005-control-a66136762e\arrays.npz,0,direct_control,0.0,control,30.285343213868988,0.006,True
1.5,pareto,0.5,1.0,806,30434.294277538083,2.0,2.0,pareto,control,1.979166620761266,,0,block,65536,1005,SOURCE_RUN\raw\task-0113-control-pareto-N0-s1005-control-a66136762e\arrays.npz,0,direct_control,0.0,control,19.078570709222195,0.012,True
1.5,pareto,0.5,1.0,188,66779.22915059055,2.0,2.0,pareto,control,7.388637993192531,,1,block,65536,1005,SOURCE_RUN\raw\task-0113-control-pareto-N0-s1005-control-a66136762e\arrays.npz,0,direct_control,0.0,control,48.0749856769136,0.003,True
1.5,pareto,0.5,1.0,394,71711.47842506802,2.0,2.0,pareto,control,6.009799103305871,,1,block,65536,1005,SOURCE_RUN\raw\task-0113-control-pareto-N0-s1005-control-a66136762e\arrays.npz,0,direct_control,0.0,control,30.285343213868988,0.006,True
1.5,pareto,0.5,1.0,796,77903.25260426392,2.0,2.0,pareto,control,5.129755749836847,,1,block,65536,1005,SOURCE_RUN\raw\task-0113-control-pareto-N0-s1005-control-a66136762e\arrays.npz,0,direct_control,0.0,control,19.078570709222195,0.012,True
1.5,pareto,0.5,1.0,192,23420.30445131089,2.0,2.0,pareto,control,2.53730189688137,,2,block,65536,1005,SOURCE_RUN\raw\task-0113-control-pareto-N0-s1005-control-a66136762e\arrays.npz,0,direct_control,0.0,control,48.0749856769136,0.003,True
1.5,pareto,0.5,1.0,393,28288.395747115683,2.0,2.0,pareto,control,2.376748721244686,,2,block,65536,1005,SOURCE_RUN\raw\task-0113-control-pareto-N0-s1005-control-a66136762e\arrays.npz,0,direct_control,0.0,control,30.285343213868988,0.006,True
1.5,pareto,0.5,1.0,825,34672.940348821496,2.0,2.0,pareto,control,2.202880243177997,,2,block,65536,1005,SOURCE_RUN\raw\task-0113-control-pareto-N0-s1005-control-a66136762e\arrays.npz,0,direct_control,0.0,control,19.078570709222195,0.012,True
1.5,pareto,0.5,1.0,196,18447.466528799843,2.0,2.0,pareto,control,1.9577692195330627,,3,block,65536,1005,SOURCE_RUN\raw\task-0113-control-pareto-N0-s1005-control-a66136762e\arrays.npz,0,direct_control,0.0,control,48.0749856769136,0.003,True
1.5,pareto,0.5,1.0,392,23270.597430805246,2.0,2.0,pareto,control,1.9601484631334989,,3,block,65536,1005,SOURCE_RUN\raw\task-0113-control-pareto-N0-s1005-control-a66136762e\arrays.npz,0,direct_control,0.0,control,30.285343213868988,0.006,True
1.5,pareto,0.5,1.0,809,29566.020529034853,2.0,2.0,pareto,control,1.915572159764442,,3,block,65536,1005,SOURCE_RUN\raw\task-0113-control-pareto-N0-s1005-control-a66136762e\arrays.npz,0,direct_control,0.0,control,19.078570709222195,0.012,True
1.5,pareto,0.5,1.0,810,127293.1405844434,2.0,2.0,pareto,control,3.2688938582120075,,-1,full,262144,1005,SOURCE_RUN\raw\task-0113-control-pareto-N0-s1005-control-a66136762e\arrays.npz,0,direct_control,0.0,control,48.0749856769136,0.003,True
1.5,pareto,0.5,1.0,1592,147242.9706037723,2.0,2.0,pareto,control,3.053929502793884,,-1,full,262144,1005,SOURCE_RUN\raw\task-0113-control-pareto-N0-s1005-control-a66136762e\arrays.npz,0,direct_control,0.0,control,30.285343213868988,0.006,True
1.5,pareto,0.5,1.0,3236,172576.50775965836,2.0,2.0,pareto,control,2.7952929391455474,,-1,full,262144,1005,SOURCE_RUN\raw\task-0113-control-pareto-N0-s1005-control-a66136762e\arrays.npz,0,direct_control,0.0,control,19.078570709222195,0.012,True
1.5,pareto,0.5,1.0,422,85425.36960433269,2.0,2.0,pareto,control,4.210709227303373,,-1,nested,131072,1005,SOURCE_RUN\raw\task-0113-control-pareto-N0-s1005-control-a66136762e\arrays.npz,0,direct_control,0.0,control,48.0749856769136,0.003,True
1.5,pareto,0.5,1.0,807,95683.97742585134,2.0,2.0,pareto,control,3.91501279237964,,-1,nested,131072,1005,SOURCE_RUN\raw\task-0113-control-pareto-N0-s1005-control-a66136762e\arrays.npz,0,direct_control,0.0,control,30.285343213868988,0.006,True
1.5,pareto,0.5,1.0,1602,108337.54688180199,2.0,2.0,pareto,control,3.5446278858949496,,-1,nested,131072,1005,SOURCE_RUN\raw\task-0113-control-pareto-N0-s1005-control-a66136762e\arrays.npz,0,direct_control,0.0,control,19.078570709222195,0.012,True
1.5,pareto,0.5,1.0,234,18646.140453742137,2.0,2.0,pareto,control,1.6575015008625096,,-1,nested,65536,1005,SOURCE_RUN\raw\task-0113-control-pareto-N0-s1005-control-a66136762e\arrays.npz,0,direct_control,0.0,control,48.0749856769136,0.003,True
1.5,pareto,0.5,1.0,413,23972.499000783337,2.0,2.0,pareto,control,1.9165967959996544,,-1,nested,65536,1005,SOURCE_RUN\raw\task-0113-control-pareto-N0-s1005-control-a66136762e\arrays.npz,0,direct_control,0.0,control,30.285343213868988,0.006,True
1.5,pareto,0.5,1.0,806,30434.294277538083,2.0,2.0,pareto,control,1.979166620761266,,-1,nested,65536,1005,SOURCE_RUN\raw\task-0113-control-pareto-N0-s1005-control-a66136762e\arrays.npz,0,direct_control,0.0,control,19.078570709222195,0.012,True
1.5,pareto,0.5,1.0,202,14077.789468043225,2.0,2.0,pareto,control,1.4496525810300591,,0,block,65536,1006,SOURCE_RUN\raw\task-0114-control-pareto-N0-s1006-control-b93db9dc47\arrays.npz,0,direct_control,0.0,control,48.0749856769136,0.003,True
1.5,pareto,0.5,1.0,422,19335.41953954802,2.0,2.0,pareto,control,1.512894517688228,,0,block,65536,1006,SOURCE_RUN\raw\task-0114-control-pareto-N0-s1006-control-b93db9dc47\arrays.npz,0,direct_control,0.0,control,30.285343213868988,0.006,True
1.5,pareto,0.5,1.0,812,25885.430205183333,2.0,2.0,pareto,control,1.6709117843751051,,0,block,65536,1006,SOURCE_RUN\raw\task-0114-control-pareto-N0-s1006-control-b93db9dc47\arrays.npz,0,direct_control,0.0,control,19.078570709222195,0.012,True
1.5,pareto,0.5,1.0,176,12591.266001423875,2.0,2.0,pareto,control,1.488118677346889,,1,block,65536,1006,SOURCE_RUN\raw\task-0114-control-pareto-N0-s1006-control-b93db9dc47\arrays.npz,0,direct_control,0.0,control,48.0749856769136,0.003,True
1.5,pareto,0.5,1.0,374,17178.031184438714,2.0,2.0,pareto,control,1.5165938302208513,,1,block,65536,1006,SOURCE_RUN\raw\task-0114-control-pareto-N0-s1006-control-b93db9dc47\arrays.npz,0,direct_control,0.0,control,30.285343213868988,0.006,True
1.5,pareto,0.5,1.0,791,23331.794087116265,2.0,2.0,pareto,control,1.5460581179586341,,1,block,65536,1006,SOURCE_RUN\raw\task-0114-control-pareto-N0-s1006-control-b93db9dc47\arrays.npz,0,direct_control,0.0,control,19.078570709222195,0.012,True
1.5,pareto,0.5,1.0,198,15250.032274984327,2.0,2.0,pareto,control,1.6020881533441584,,2,block,65536,1006,SOURCE_RUN\raw\task-0114-control-pareto-N0-s1006-control-b93db9dc47\arrays.npz,0,direct_control,0.0,control,48.0749856769136,0.003,True
1.5,pareto,0.5,1.0,372,20002.669770037566,2.0,2.0,pareto,control,1.7754666764604266,,2,block,65536,1006,SOURCE_RUN\raw\task-0114-control-pareto-N0-s1006-control-b93db9dc47\arrays.npz,0,direct_control,0.0,control,30.285343213868988,0.006,True
1.5,pareto,0.5,1.0,788,26040.13401813465,2.0,2.0,pareto,control,1.732092820610983,,2,block,65536,1006,SOURCE_RUN\raw\task-0114-control-pareto-N0-s1006-control-b93db9dc47\arrays.npz,0,direct_control,0.0,control,19.078570709222195,0.012,True
1.5,pareto,0.5,1.0,198,14846.687529271478,2.0,2.0,pareto,control,1.5597148765426287,,3,block,65536,1006,SOURCE_RUN\raw\task-0114-control-pareto-N0-s1006-control-b93db9dc47\arrays.npz,0,direct_control,0.0,control,48.0749856769136,0.003,True
1.5,pareto,0.5,1.0,374,19633.345708541758,2.0,2.0,pareto,control,1.7333657535294766,,3,block,65536,1006,SOURCE_RUN\raw\task-0114-control-pareto-N0-s1006-control-b93db9dc47\arrays.npz,0,direct_control,0.0,control,30.285343213868988,0.006,True
1.5,pareto,0.5,1.0,760,25653.311857812972,2.0,2.0,pareto,control,1.7692288495873791,,3,block,65536,1006,SOURCE_RUN\raw\task-0114-control-pareto-N0-s1006-control-b93db9dc47\arrays.npz,0,direct_control,0.0,control,19.078570709222195,0.012,True
1.5,pareto,0.5,1.0,774,56765.7752737229,2.0,2.0,pareto,control,1.5255500109802431,,-1,full,262144,1006,SOURCE_RUN\raw\task-0114-control-pareto-N0-s1006-control-b93db9dc47\arrays.npz,0,direct_control,0.0,control,48.0749856769136,0.003,True
1.5,pareto,0.5,1.0,1542,76149.46620256605,2.0,2.0,pareto,control,1.6306095813426285,,-1,full,262144,1006,SOURCE_RUN\raw\task-0114-control-pareto-N0-s1006-control-b93db9dc47\arrays.npz,0,direct_control,0.0,control,30.285343213868988,0.006,True
1.5,pareto,0.5,1.0,3151,100910.67016824722,2.0,2.0,pareto,control,1.6785831191830298,,-1,full,262144,1006,SOURCE_RUN\raw\task-0114-control-pareto-N0-s1006-control-b93db9dc47\arrays.npz,0,direct_control,0.0,control,19.078570709222195,0.012,True
1.5,pareto,0.5,1.0,378,26669.055469467097,2.0,2.0,pareto,control,1.4675627211140856,,-1,nested,131072,1006,SOURCE_RUN\raw\task-0114-control-pareto-N0-s1006-control-b93db9dc47\arrays.npz,0,direct_control,0.0,control,48.0749856769136,0.003,True
1.5,pareto,0.5,1.0,796,36513.45072398674,2.0,2.0,pareto,control,1.5146326368932548,,-1,nested,131072,1006,SOURCE_RUN\raw\task-0114-control-pareto-N0-s1006-control-b93db9dc47\arrays.npz,0,direct_control,0.0,control,30.285343213868988,0.006,True
1.5,pareto,0.5,1.0,1603,49217.224292299594,2.0,2.0,pareto,control,1.609302769942523,,-1,nested,131072,1006,SOURCE_RUN\raw\task-0114-control-pareto-N0-s1006-control-b93db9dc47\arrays.npz,0,direct_control,0.0,control,19.078570709222195,0.012,True
1.5,pareto,0.5,1.0,202,14077.789468043225,2.0,2.0,pareto,control,1.4496525810300591,,-1,nested,65536,1006,SOURCE_RUN\raw\task-0114-control-pareto-N0-s1006-control-b93db9dc47\arrays.npz,0,direct_control,0.0,control,48.0749856769136,0.003,True
1.5,pareto,0.5,1.0,422,19335.41953954802,2.0,2.0,pareto,control,1.512894517688228,,-1,nested,65536,1006,SOURCE_RUN\raw\task-0114-control-pareto-N0-s1006-control-b93db9dc47\arrays.npz,0,direct_control,0.0,control,30.285343213868988,0.006,True
1.5,pareto,0.5,1.0,812,25885.430205183333,2.0,2.0,pareto,control,1.6709117843751051,,-1,nested,65536,1006,SOURCE_RUN\raw\task-0114-control-pareto-N0-s1006-control-b93db9dc47\arrays.npz,0,direct_control,0.0,control,19.078570709222195,0.012,True
1.5,pareto,0.5,1.0,203,15642.3874287656,2.0,2.0,pareto,control,1.6028313815017636,,0,block,65536,1007,SOURCE_RUN\raw\task-0115-control-pareto-N0-s1007-control-d01bd9be17\arrays.npz,0,direct_control,0.0,control,48.0749856769136,0.003,True
1.5,pareto,0.5,1.0,376,20491.926888383,2.0,2.0,pareto,control,1.799543930189051,,0,block,65536,1007,SOURCE_RUN\raw\task-0115-control-pareto-N0-s1007-control-d01bd9be17\arrays.npz,0,direct_control,0.0,control,30.285343213868988,0.006,True
1.5,pareto,0.5,1.0,741,26354.157339321526,2.0,2.0,pareto,control,1.864168179450854,,0,block,65536,1007,SOURCE_RUN\raw\task-0115-control-pareto-N0-s1007-control-d01bd9be17\arrays.npz,0,direct_control,0.0,control,19.078570709222195,0.012,True
1.5,pareto,0.5,1.0,176,15732.556841229149,2.0,2.0,pareto,control,1.8593771011753026,,1,block,65536,1007,SOURCE_RUN\raw\task-0115-control-pareto-N0-s1007-control-d01bd9be17\arrays.npz,0,direct_control,0.0,control,48.0749856769136,0.003,True
1.5,pareto,0.5,1.0,372,20270.25256665446,2.0,2.0,pareto,control,1.7992177228981887,,1,block,65536,1007,SOURCE_RUN\raw\task-0115-control-pareto-N0-s1007-control-d01bd9be17\arrays.npz,0,direct_control,0.0,control,30.285343213868988,0.006,True
1.5,pareto,0.5,1.0,764,26196.854757140354,2.0,2.0,pareto,control,1.7972560644009423,,1,block,65536,1007,SOURCE_RUN\raw\task-0115-control-pareto-N0-s1007-control-d01bd9be17\arrays.npz,0,direct_control,0.0,control,19.078570709222195,0.012,True
1.5,pareto,0.5,1.0,207,15698.236253308583,2.0,2.0,pareto,control,1.5774708831378805,,2,block,65536,1007,SOURCE_RUN\raw\task-0115-control-pareto-N0-s1007-control-d01bd9be17\arrays.npz,0,direct_control,0.0,control,48.0749856769136,0.003,True
1.5,pareto,0.5,1.0,414,20866.725906397172,2.0,2.0,pareto,control,1.664261132018074,,2,block,65536,1007,SOURCE_RUN\raw\task-0115-control-pareto-N0-s1007-control-d01bd9be17\arrays.npz,0,direct_control,0.0,control,30.285343213868988,0.006,True
1.5,pareto,0.5,1.0,811,27281.814774603718,2.0,2.0,pareto,control,1.763220253734743,,2,block,65536,1007,SOURCE_RUN\raw\task-0115-control-pareto-N0-s1007-control-d01bd9be17\arrays.npz,0,direct_control,0.0,control,19.078570709222195,0.012,True
1.5,pareto,0.5,1.0,221,14329.244476991014,2.0,2.0,pareto,control,1.3486891236717131,,3,block,65536,1007,SOURCE_RUN\raw\task-0115-control-pareto-N0-s1007-control-d01bd9be17\arrays.npz,0,direct_control,0.0,control,48.0749856769136,0.003,True
1.5,pareto,0.5,1.0,425,19642.648274994935,2.0,2.0,pareto,control,1.5260846018743253,,3,block,65536,1007,SOURCE_RUN\raw\task-0115-control-pareto-N0-s1007-control-d01bd9be17\arrays.npz,0,direct_control,0.0,control,30.285343213868988,0.006,True
1.5,pareto,0.5,1.0,849,26373.188973290067,2.0,2.0,pareto,control,1.6282051363862173,,3,block,65536,1007,SOURCE_RUN\raw\task-0115-control-pareto-N0-s1007-control-d01bd9be17\arrays.npz,0,direct_control,0.0,control,19.078570709222195,0.012,True
1.5,pareto,0.5,1.0,807,61402.425000294344,2.0,2.0,pareto,control,1.582678945963694,,-1,full,262144,1007,SOURCE_RUN\raw\task-0115-control-pareto-N0-s1007-control-d01bd9be17\arrays.npz,0,direct_control,0.0,control,48.0749856769136,0.003,True
1.5,pareto,0.5,1.0,1587,81271.55363642957,2.0,2.0,pareto,control,1.6909436516202145,,-1,full,262144,1007,SOURCE_RUN\raw\task-0115-control-pareto-N0-s1007-control-d01bd9be17\arrays.npz,0,direct_control,0.0,control,30.285343213868988,0.006,True
1.5,pareto,0.5,1.0,3165,106206.01584435567,2.0,2.0,pareto,control,1.7588530934427102,,-1,full,262144,1007,SOURCE_RUN\raw\task-0115-control-pareto-N0-s1007-control-d01bd9be17\arrays.npz,0,direct_control,0.0,control,19.078570709222195,0.012,True
1.5,pareto,0.5,1.0,379,31374.944269994747,2.0,2.0,pareto,control,1.721966069265729,,-1,nested,131072,1007,SOURCE_RUN\raw\task-0115-control-pareto-N0-s1007-control-d01bd9be17\arrays.npz,0,direct_control,0.0,control,48.0749856769136,0.003,True
1.5,pareto,0.5,1.0,748,40762.17945503746,2.0,2.0,pareto,control,1.7993816987556277,,-1,nested,131072,1007,SOURCE_RUN\raw\task-0115-control-pareto-N0-s1007-control-d01bd9be17\arrays.npz,0,direct_control,0.0,control,30.285343213868988,0.006,True
1.5,pareto,0.5,1.0,1505,52551.01209646188,2.0,2.0,pareto,control,1.8302008333391377,,-1,nested,131072,1007,SOURCE_RUN\raw\task-0115-control-pareto-N0-s1007-control-d01bd9be17\arrays.npz,0,direct_control,0.0,control,19.078570709222195,0.012,True
1.5,pareto,0.5,1.0,203,15642.3874287656,2.0,2.0,pareto,control,1.6028313815017636,,-1,nested,65536,1007,SOURCE_RUN\raw\task-0115-control-pareto-N0-s1007-control-d01bd9be17\arrays.npz,0,direct_control,0.0,control,48.0749856769136,0.003,True
1.5,pareto,0.5,1.0,376,20491.926888383,2.0,2.0,pareto,control,1.799543930189051,,-1,nested,65536,1007,SOURCE_RUN\raw\task-0115-control-pareto-N0-s1007-control-d01bd9be17\arrays.npz,0,direct_control,0.0,control,30.285343213868988,0.006,True
1.5,pareto,0.5,1.0,741,26354.157339321526,2.0,2.0,pareto,control,1.864168179450854,,-1,nested,65536,1007,SOURCE_RUN\raw\task-0115-control-pareto-N0-s1007-control-d01bd9be17\arrays.npz,0,direct_control,0.0,control,19.078570709222195,0.012,True
1.5,pareto,0.5,1.0,210,16370.05735736907,2.0,2.0,pareto,control,1.6214805472140579,,0,block,65536,1008,SOURCE_RUN\raw\task-0116-control-pareto-N0-s1008-control-db061ca304\arrays.npz,0,direct_control,0.0,control,48.0749856769136,0.003,True
1.5,pareto,0.5,1.0,398,21432.91504955851,2.0,2.0,pareto,control,1.7781388498839446,,0,block,65536,1008,SOURCE_RUN\raw\task-0116-control-pareto-N0-s1008-control-db061ca304\arrays.npz,0,direct_control,0.0,control,30.285343213868988,0.006,True
1.5,pareto,0.5,1.0,817,27750.686580607588,2.0,2.0,pareto,control,1.7803518491925499,,0,block,65536,1008,SOURCE_RUN\raw\task-0116-control-pareto-N0-s1008-control-db061ca304\arrays.npz,0,direct_control,0.0,control,19.078570709222195,0.012,True
1.5,pareto,0.5,1.0,185,12641.011839543587,2.0,2.0,pareto,control,1.4213169856455252,,1,block,65536,1008,SOURCE_RUN\raw\task-0116-control-pareto-N0-s1008-control-db061ca304\arrays.npz,0,direct_control,0.0,control,48.0749856769136,0.003,True
1.5,pareto,0.5,1.0,381,17326.893557724303,2.0,2.0,pareto,control,1.5016310230169725,,1,block,65536,1008,SOURCE_RUN\raw\task-0116-control-pareto-N0-s1008-control-db061ca304\arrays.npz,0,direct_control,0.0,control,30.285343213868988,0.006,True
1.5,pareto,0.5,1.0,783,23530.52013987667,2.0,2.0,pareto,control,1.575157296496575,,1,block,65536,1008,SOURCE_RUN\raw\task-0116-control-pareto-N0-s1008-control-db061ca304\arrays.npz,0,direct_control,0.0,control,19.078570709222195,0.012,True
1.5,pareto,0.5,1.0,169,14757.255187830957,2.0,2.0,pareto,control,1.8163507567370396,,2,block,65536,1008,SOURCE_RUN\raw\task-0116-control-pareto-N0-s1008-control-db061ca304\arrays.npz,0,direct_control,0.0,control,48.0749856769136,0.003,True
1.5,pareto,0.5,1.0,369,19184.003888337116,2.0,2.0,pareto,control,1.7166445848726506,,2,block,65536,1008,SOURCE_RUN\raw\task-0116-control-pareto-N0-s1008-control-db061ca304\arrays.npz,0,direct_control,0.0,control,30.285343213868988,0.006,True
1.5,pareto,0.5,1.0,765,25203.115921227458,2.0,2.0,pareto,control,1.7268195858249962,,2,block,65536,1008,SOURCE_RUN\raw\task-0116-control-pareto-N0-s1008-control-db061ca304\arrays.npz,0,direct_control,0.0,control,19.078570709222195,0.012,True
1.5,pareto,0.5,1.0,174,14074.839168626546,2.0,2.0,pareto,control,1.6825773141791607,,3,block,65536,1008,SOURCE_RUN\raw\task-0116-control-pareto-N0-s1008-control-db061ca304\arrays.npz,0,direct_control,0.0,control,48.0749856769136,0.003,True
1.5,pareto,0.5,1.0,356,18479.31581882913,2.0,2.0,pareto,control,1.713970686604535,,3,block,65536,1008,SOURCE_RUN\raw\task-0116-control-pareto-N0-s1008-control-db061ca304\arrays.npz,0,direct_control,0.0,control,30.285343213868988,0.006,True
1.5,pareto,0.5,1.0,780,24232.233341953513,2.0,2.0,pareto,control,1.6283696664970915,,3,block,65536,1008,SOURCE_RUN\raw\task-0116-control-pareto-N0-s1008-control-db061ca304\arrays.npz,0,direct_control,0.0,control,19.078570709222195,0.012,True
1.5,pareto,0.5,1.0,738,57843.16355337016,2.0,2.0,pareto,control,1.6303337233267048,,-1,full,262144,1008,SOURCE_RUN\raw\task-0116-control-pareto-N0-s1008-control-db061ca304\arrays.npz,0,direct_control,0.0,control,48.0749856769136,0.003,True
1.5,pareto,0.5,1.0,1504,76423.12831444906,2.0,2.0,pareto,control,1.6778165547024593,,-1,full,262144,1008,SOURCE_RUN\raw\task-0116-control-pareto-N0-s1008-control-db061ca304\arrays.npz,0,direct_control,0.0,control,30.285343213868988,0.006,True
1.5,pareto,0.5,1.0,3145,100716.55598366522,2.0,2.0,pareto,control,1.6785503805949076,,-1,full,262144,1008,SOURCE_RUN\raw\task-0116-control-pareto-N0-s1008-control-db061ca304\arrays.npz,0,direct_control,0.0,control,19.078570709222195,0.012,True
1.5,pareto,0.5,1.0,395,29011.069196912656,2.0,2.0,pareto,control,1.5277330563528464,,-1,nested,131072,1008,SOURCE_RUN\raw\task-0116-control-pareto-N0-s1008-control-db061ca304\arrays.npz,0,direct_control,0.0,control,48.0749856769136,0.003,True
1.5,pareto,0.5,1.0,779,38759.80860728281,2.0,2.0,pareto,control,1.6429020308386089,,-1,nested,131072,1008,SOURCE_RUN\raw\task-0116-control-pareto-N0-s1008-control-db061ca304\arrays.npz,0,direct_control,0.0,control,30.285343213868988,0.006,True
1.5,pareto,0.5,1.0,1600,51281.20672048426,2.0,2.0,pareto,control,1.6799347649669572,,-1,nested,131072,1008,SOURCE_RUN\raw\task-0116-control-pareto-N0-s1008-control-db061ca304\arrays.npz,0,direct_control,0.0,control,19.078570709222195,0.012,True
1.5,pareto,0.5,1.0,210,16370.05735736907,2.0,2.0,pareto,control,1.6214805472140579,,-1,nested,65536,1008,SOURCE_RUN\raw\task-0116-control-pareto-N0-s1008-control-db061ca304\arrays.npz,0,direct_control,0.0,control,48.0749856769136,0.003,True
1.5,pareto,0.5,1.0,398,21432.91504955851,2.0,2.0,pareto,control,1.7781388498839446,,-1,nested,65536,1008,SOURCE_RUN\raw\task-0116-control-pareto-N0-s1008-control-db061ca304\arrays.npz,0,direct_control,0.0,control,30.285343213868988,0.006,True
1.5,pareto,0.5,1.0,817,27750.686580607588,2.0,2.0,pareto,control,1.7803518491925499,,-1,nested,65536,1008,SOURCE_RUN\raw\task-0116-control-pareto-N0-s1008-control-db061ca304\arrays.npz,0,direct_control,0.0,control,19.078570709222195,0.012,True
1.5,pareto,0.5,1.0,187,13259.163985069279,2.0,2.0,pareto,control,1.4748755354296808,,0,block,65536,1009,SOURCE_RUN\raw\task-0117-control-pareto-N0-s1009-control-ec3f41f1e1\arrays.npz,0,direct_control,0.0,control,48.0749856769136,0.003,True
1.5,pareto,0.5,1.0,357,17843.477164381347,2.0,2.0,pareto,control,1.650360321123244,,0,block,65536,1009,SOURCE_RUN\raw\task-0117-control-pareto-N0-s1009-control-ec3f41f1e1\arrays.npz,0,direct_control,0.0,control,30.285343213868988,0.006,True
1.5,pareto,0.5,1.0,781,23793.126568526313,2.0,2.0,pareto,control,1.5968151522609066,,0,block,65536,1009,SOURCE_RUN\raw\task-0117-control-pareto-N0-s1009-control-ec3f41f1e1\arrays.npz,0,direct_control,0.0,control,19.078570709222195,0.012,True
1.5,pareto,0.5,1.0,185,14216.708440843035,2.0,2.0,pareto,control,1.5984835267482735,,1,block,65536,1009,SOURCE_RUN\raw\task-0117-control-pareto-N0-s1009-control-ec3f41f1e1\arrays.npz,0,direct_control,0.0,control,48.0749856769136,0.003,True
1.5,pareto,0.5,1.0,374,18876.72844886061,2.0,2.0,pareto,control,1.6665664180555415,,1,block,65536,1009,SOURCE_RUN\raw\task-0117-control-pareto-N0-s1009-control-ec3f41f1e1\arrays.npz,0,direct_control,0.0,control,30.285343213868988,0.006,True
1.5,pareto,0.5,1.0,759,24847.234532840917,2.0,2.0,pareto,control,1.715893967637232,,1,block,65536,1009,SOURCE_RUN\raw\task-0117-control-pareto-N0-s1009-control-ec3f41f1e1\arrays.npz,0,direct_control,0.0,control,19.078570709222195,0.012,True
1.5,pareto,0.5,1.0,182,18719.793066948907,2.0,2.0,pareto,control,2.139491138980199,,2,block,65536,1009,SOURCE_RUN\raw\task-0117-control-pareto-N0-s1009-control-ec3f41f1e1\arrays.npz,0,direct_control,0.0,control,48.0749856769136,0.003,True
1.5,pareto,0.5,1.0,376,23232.652176216172,2.0,2.0,pareto,control,2.040226789487746,,2,block,65536,1009,SOURCE_RUN\raw\task-0117-control-pareto-N0-s1009-control-ec3f41f1e1\arrays.npz,0,direct_control,0.0,control,30.285343213868988,0.006,True
1.5,pareto,0.5,1.0,792,29380.60301513047,2.0,2.0,pareto,control,1.9444182451659384,,2,block,65536,1009,SOURCE_RUN\raw\task-0117-control-pareto-N0-s1009-control-ec3f41f1e1\arrays.npz,0,direct_control,0.0,control,19.078570709222195,0.012,True
1.5,pareto,0.5,1.0,207,13441.311591779962,2.0,2.0,pareto,control,1.350678975973988,,3,block,65536,1009,SOURCE_RUN\raw\task-0117-control-pareto-N0-s1009-control-ec3f41f1e1\arrays.npz,0,direct_control,0.0,control,48.0749856769136,0.003,True
1.5,pareto,0.5,1.0,419,18646.936331657555,2.0,2.0,pareto,control,1.4694708157972147,,3,block,65536,1009,SOURCE_RUN\raw\task-0117-control-pareto-N0-s1009-control-ec3f41f1e1\arrays.npz,0,direct_control,0.0,control,30.285343213868988,0.006,True
1.5,pareto,0.5,1.0,810,25090.16239288872,2.0,2.0,pareto,control,1.6235759795176994,,3,block,65536,1009,SOURCE_RUN\raw\task-0117-control-pareto-N0-s1009-control-ec3f41f1e1\arrays.npz,0,direct_control,0.0,control,19.078570709222195,0.012,True
1.5,pareto,0.5,1.0,761,59636.97708464117,2.0,2.0,pareto,control,1.6300908185214094,,-1,full,262144,1009,SOURCE_RUN\raw\task-0117-control-pareto-N0-s1009-control-ec3f41f1e1\arrays.npz,0,direct_control,0.0,control,48.0749856769136,0.003,True
1.5,pareto,0.5,1.0,1526,78599.7941211157,2.0,2.0,pareto,control,1.7007260941416755,,-1,full,262144,1009,SOURCE_RUN\raw\task-0117-control-pareto-N0-s1009-control-ec3f41f1e1\arrays.npz,0,direct_control,0.0,control,30.285343213868988,0.006,True
1.5,pareto,0.5,1.0,3142,103111.12650938642,2.0,2.0,pareto,control,1.7200992835560747,,-1,full,262144,1009,SOURCE_RUN\raw\task-0117-control-pareto-N0-s1009-control-ec3f41f1e1\arrays.npz,0,direct_control,0.0,control,19.078570709222195,0.012,True
1.5,pareto,0.5,1.0,372,27475.872425912312,2.0,2.0,pareto,control,1.536347251542422,,-1,nested,131072,1009,SOURCE_RUN\raw\task-0117-control-pareto-N0-s1009-control-ec3f41f1e1\arrays.npz,0,direct_control,0.0,control,48.0749856769136,0.003,True
1.5,pareto,0.5,1.0,731,36720.20561324196,2.0,2.0,pareto,control,1.658651812576978,,-1,nested,131072,1009,SOURCE_RUN\raw\task-0117-control-pareto-N0-s1009-control-ec3f41f1e1\arrays.npz,0,direct_control,0.0,control,30.285343213868988,0.006,True
1.5,pareto,0.5,1.0,1540,48640.36110136723,2.0,2.0,pareto,control,1.6555039969820955,,-1,nested,131072,1009,SOURCE_RUN\raw\task-0117-control-pareto-N0-s1009-control-ec3f41f1e1\arrays.npz,0,direct_control,0.0,control,19.078570709222195,0.012,True
1.5,pareto,0.5,1.0,187,13259.163985069279,2.0,2.0,pareto,control,1.4748755354296808,,-1,nested,65536,1009,SOURCE_RUN\raw\task-0117-control-pareto-N0-s1009-control-ec3f41f1e1\arrays.npz,0,direct_control,0.0,control,48.0749856769136,0.003,True
1.5,pareto,0.5,1.0,357,17843.477164381347,2.0,2.0,pareto,control,1.650360321123244,,-1,nested,65536,1009,SOURCE_RUN\raw\task-0117-control-pareto-N0-s1009-control-ec3f41f1e1\arrays.npz,0,direct_control,0.0,control,30.285343213868988,0.006,True
1.5,pareto,0.5,1.0,781,23793.126568526313,2.0,2.0,pareto,control,1.5968151522609066,,-1,nested,65536,1009,SOURCE_RUN\raw\task-0117-control-pareto-N0-s1009-control-ec3f41f1e1\arrays.npz,0,direct_control,0.0,control,19.078570709222195,0.012,True
1.5,pareto,0.5,1.0,218,19470.09648840625,2.0,2.0,pareto,control,1.8577721439813548,,0,block,65536,1010,SOURCE_RUN\raw\task-0118-control-pareto-N0-s1010-control-6e3dc08314\arrays.npz,0,direct_control,0.0,control,48.0749856769136,0.003,True
1.5,pareto,0.5,1.0,423,24767.24398198063,2.0,2.0,pareto,control,1.933324770310244,,0,block,65536,1010,SOURCE_RUN\raw\task-0118-control-pareto-N0-s1010-control-6e3dc08314\arrays.npz,0,direct_control,0.0,control,30.285343213868988,0.006,True
1.5,pareto,0.5,1.0,866,31403.802397931693,2.0,2.0,pareto,control,1.90072159075788,,0,block,65536,1010,SOURCE_RUN\raw\task-0118-control-pareto-N0-s1010-control-6e3dc08314\arrays.npz,0,direct_control,0.0,control,19.078570709222195,0.012,True
1.5,pareto,0.5,1.0,192,18431.966678807243,2.0,2.0,pareto,control,1.9968768601884734,,1,block,65536,1010,SOURCE_RUN\raw\task-0118-control-pareto-N0-s1010-control-6e3dc08314\arrays.npz,0,direct_control,0.0,control,48.0749856769136,0.003,True
1.5,pareto,0.5,1.0,371,23208.383812385127,2.0,2.0,pareto,control,2.0655632051999846,,1,block,65536,1010,SOURCE_RUN\raw\task-0118-control-pareto-N0-s1010-control-6e3dc08314\arrays.npz,0,direct_control,0.0,control,30.285343213868988,0.006,True
1.5,pareto,0.5,1.0,733,29019.48902377337,2.0,2.0,pareto,control,2.0751043962726765,,1,block,65536,1010,SOURCE_RUN\raw\task-0118-control-pareto-N0-s1010-control-6e3dc08314\arrays.npz,0,direct_control,0.0,control,19.078570709222195,0.012,True
1.5,pareto,0.5,1.0,196,34242.78749444717,2.0,2.0,pareto,control,3.6340749144593683,,2,block,65536,1010,SOURCE_RUN\raw\task-0118-control-pareto-N0-s1010-control-6e3dc08314\arrays.npz,0,direct_control,0.0,control,48.0749856769136,0.003,True
1.5,pareto,0.5,1.0,402,39047.6708144787,2.0,2.0,pareto,control,3.207277817616783,,2,block,65536,1010,SOURCE_RUN\raw\task-0118-control-pareto-N0-s1010-control-6e3dc08314\arrays.npz,0,direct_control,0.0,control,30.285343213868988,0.006,True
1.5,pareto,0.5,1.0,813,45555.2059437272,2.0,2.0,pareto,control,2.9369843527290787,,2,block,65536,1010,SOURCE_RUN\raw\task-0118-control-pareto-N0-s1010-control-6e3dc08314\arrays.npz,0,direct_control,0.0,control,19.078570709222195,0.012,True
1.5,pareto,0.5,1.0,186,18638.921590082136,2.0,2.0,pareto,control,2.084436520358212,,3,block,65536,1010,SOURCE_RUN\raw\task-0118-control-pareto-N0-s1010-control-6e3dc08314\arrays.npz,0,direct_control,0.0,control,48.0749856769136,0.003,True
1.5,pareto,0.5,1.0,387,23602.717447299274,2.0,2.0,pareto,control,2.013810229643362,,3,block,65536,1010,SOURCE_RUN\raw\task-0118-control-pareto-N0-s1010-control-6e3dc08314\arrays.npz,0,direct_control,0.0,control,30.285343213868988,0.006,True
1.5,pareto,0.5,1.0,778,29722.48898353696,2.0,2.0,pareto,control,2.0024410595905717,,3,block,65536,1010,SOURCE_RUN\raw\task-0118-control-pareto-N0-s1010-control-6e3dc08314\arrays.npz,0,direct_control,0.0,control,19.078570709222195,0.012,True
1.5,pareto,0.5,1.0,792,90783.7722517428,2.0,2.0,pareto,control,2.3843163643494774,,-1,full,262144,1010,SOURCE_RUN\raw\task-0118-control-pareto-N0-s1010-control-6e3dc08314\arrays.npz,0,direct_control,0.0,control,48.0749856769136,0.003,True
1.5,pareto,0.5,1.0,1583,110626.01605614374,2.0,2.0,pareto,control,2.3075114141025623,,-1,full,262144,1010,SOURCE_RUN\raw\task-0118-control-pareto-N0-s1010-control-6e3dc08314\arrays.npz,0,direct_control,0.0,control,30.285343213868988,0.006,True
1.5,pareto,0.5,1.0,3190,135700.98634896922,2.0,2.0,pareto,control,2.229700264324264,,-1,full,262144,1010,SOURCE_RUN\raw\task-0118-control-pareto-N0-s1010-control-6e3dc08314\arrays.npz,0,direct_control,0.0,control,19.078570709222195,0.012,True
1.5,pareto,0.5,1.0,410,37902.06316721349,2.0,2.0,pareto,control,1.9229138647417616,,-1,nested,131072,1010,SOURCE_RUN\raw\task-0118-control-pareto-N0-s1010-control-6e3dc08314\arrays.npz,0,direct_control,0.0,control,48.0749856769136,0.003,True
1.5,pareto,0.5,1.0,794,47975.62779436576,2.0,2.0,pareto,control,1.9951137619274908,,-1,nested,131072,1010,SOURCE_RUN\raw\task-0118-control-pareto-N0-s1010-control-6e3dc08314\arrays.npz,0,direct_control,0.0,control,30.285343213868988,0.006,True
1.5,pareto,0.5,1.0,1599,60423.29142170507,2.0,2.0,pareto,control,1.9806606754622869,,-1,nested,131072,1010,SOURCE_RUN\raw\task-0118-control-pareto-N0-s1010-control-6e3dc08314\arrays.npz,0,direct_control,0.0,control,19.078570709222195,0.012,True
1.5,pareto,0.5,1.0,218,19470.09648840625,2.0,2.0,pareto,control,1.8577721439813548,,-1,nested,65536,1010,SOURCE_RUN\raw\task-0118-control-pareto-N0-s1010-control-6e3dc08314\arrays.npz,0,direct_control,0.0,control,48.0749856769136,0.003,True
1.5,pareto,0.5,1.0,423,24767.24398198063,2.0,2.0,pareto,control,1.933324770310244,,-1,nested,65536,1010,SOURCE_RUN\raw\task-0118-control-pareto-N0-s1010-control-6e3dc08314\arrays.npz,0,direct_control,0.0,control,30.285343213868988,0.006,True
1.5,pareto,0.5,1.0,866,31403.802397931693,2.0,2.0,pareto,control,1.90072159075788,,-1,nested,65536,1010,SOURCE_RUN\raw\task-0118-control-pareto-N0-s1010-control-6e3dc08314\arrays.npz,0,direct_control,0.0,control,19.078570709222195,0.012,True
1.5,pareto,0.5,1.0,188,14865.586752601354,2.0,2.0,pareto,control,1.6447694959713177,,0,block,65536,1011,SOURCE_RUN\raw\task-0119-control-pareto-N0-s1011-control-5fe347c8b9\arrays.npz,0,direct_control,0.0,control,48.0749856769136,0.003,True
1.5,pareto,0.5,1.0,387,19648.095393989013,2.0,2.0,pareto,control,1.6763974565967272,,0,block,65536,1011,SOURCE_RUN\raw\task-0119-control-pareto-N0-s1011-control-5fe347c8b9\arrays.npz,0,direct_control,0.0,control,30.285343213868988,0.006,True
1.5,pareto,0.5,1.0,800,25906.897156382343,2.0,2.0,pareto,control,1.6973819443310993,,0,block,65536,1011,SOURCE_RUN\raw\task-0119-control-pareto-N0-s1011-control-5fe347c8b9\arrays.npz,0,direct_control,0.0,control,19.078570709222195,0.012,True
1.5,pareto,0.5,1.0,213,14248.028790603455,2.0,2.0,pareto,control,1.3914128731320208,,1,block,65536,1011,SOURCE_RUN\raw\task-0119-control-pareto-N0-s1011-control-5fe347c8b9\arrays.npz,0,direct_control,0.0,control,48.0749856769136,0.003,True
1.5,pareto,0.5,1.0,414,19382.56875635754,2.0,2.0,pareto,control,1.5458896601495318,,1,block,65536,1011,SOURCE_RUN\raw\task-0119-control-pareto-N0-s1011-control-5fe347c8b9\arrays.npz,0,direct_control,0.0,control,30.285343213868988,0.006,True
1.5,pareto,0.5,1.0,810,25875.509790745687,2.0,2.0,pareto,control,1.6743955457991313,,1,block,65536,1011,SOURCE_RUN\raw\task-0119-control-pareto-N0-s1011-control-5fe347c8b9\arrays.npz,0,direct_control,0.0,control,19.078570709222195,0.012,True
1.5,pareto,0.5,1.0,182,14419.395808174173,2.0,2.0,pareto,control,1.6479973603717333,,2,block,65536,1011,SOURCE_RUN\raw\task-0119-control-pareto-N0-s1011-control-5fe347c8b9\arrays.npz,0,direct_control,0.0,control,48.0749856769136,0.003,True
1.5,pareto,0.5,1.0,389,19182.424300530038,2.0,2.0,pareto,control,1.6282511439017635,,2,block,65536,1011,SOURCE_RUN\raw\task-0119-control-pareto-N0-s1011-control-5fe347c8b9\arrays.npz,0,direct_control,0.0,control,30.285343213868988,0.006,True
1.5,pareto,0.5,1.0,749,25203.694454792912,2.0,2.0,pareto,control,1.7637480732888926,,2,block,65536,1011,SOURCE_RUN\raw\task-0119-control-pareto-N0-s1011-control-5fe347c8b9\arrays.npz,0,direct_control,0.0,control,19.078570709222195,0.012,True
1.5,pareto,0.5,1.0,189,12287.060277025572,2.0,2.0,pareto,control,1.3522812336034151,,3,block,65536,1011,SOURCE_RUN\raw\task-0119-control-pareto-N0-s1011-control-5fe347c8b9\arrays.npz,0,direct_control,0.0,control,48.0749856769136,0.003,True
1.5,pareto,0.5,1.0,399,17032.402243106782,2.0,2.0,pareto,control,1.4095176210688787,,3,block,65536,1011,SOURCE_RUN\raw\task-0119-control-pareto-N0-s1011-control-5fe347c8b9\arrays.npz,0,direct_control,0.0,control,30.285343213868988,0.006,True
1.5,pareto,0.5,1.0,766,23152.32031809335,2.0,2.0,pareto,control,1.5842361417652986,,3,block,65536,1011,SOURCE_RUN\raw\task-0119-control-pareto-N0-s1011-control-5fe347c8b9\arrays.npz,0,direct_control,0.0,control,19.078570709222195,0.012,True
1.5,pareto,0.5,1.0,772,55820.07162840456,2.0,2.0,pareto,control,1.5040210880290534,,-1,full,262144,1011,SOURCE_RUN\raw\task-0119-control-pareto-N0-s1011-control-5fe347c8b9\arrays.npz,0,direct_control,0.0,control,48.0749856769136,0.003,True
1.5,pareto,0.5,1.0,1589,75245.49069398337,2.0,2.0,pareto,control,1.5635943113839572,,-1,full,262144,1011,SOURCE_RUN\raw\task-0119-control-pareto-N0-s1011-control-5fe347c8b9\arrays.npz,0,direct_control,0.0,control,30.285343213868988,0.006,True
1.5,pareto,0.5,1.0,3125,100138.42172001429,2.0,2.0,pareto,control,1.679596204495288,,-1,full,262144,1011,SOURCE_RUN\raw\task-0119-control-pareto-N0-s1011-control-5fe347c8b9\arrays.npz,0,direct_control,0.0,control,19.078570709222195,0.012,True
1.5,pareto,0.5,1.0,401,29113.61554320481,2.0,2.0,pareto,control,1.510193534213786,,-1,nested,131072,1011,SOURCE_RUN\raw\task-0119-control-pareto-N0-s1011-control-5fe347c8b9\arrays.npz,0,direct_control,0.0,control,48.0749856769136,0.003,True
1.5,pareto,0.5,1.0,801,39030.66415034656,2.0,2.0,pareto,control,1.6089439887700872,,-1,nested,131072,1011,SOURCE_RUN\raw\task-0119-control-pareto-N0-s1011-control-5fe347c8b9\arrays.npz,0,direct_control,0.0,control,30.285343213868988,0.006,True
1.5,pareto,0.5,1.0,1610,51782.40694712803,2.0,2.0,pareto,control,1.6858173587342706,,-1,nested,131072,1011,SOURCE_RUN\raw\task-0119-control-pareto-N0-s1011-control-5fe347c8b9\arrays.npz,0,direct_control,0.0,control,19.078570709222195,0.012,True
1.5,pareto,0.5,1.0,188,14865.586752601354,2.0,2.0,pareto,control,1.6447694959713177,,-1,nested,65536,1011,SOURCE_RUN\raw\task-0119-control-pareto-N0-s1011-control-5fe347c8b9\arrays.npz,0,direct_control,0.0,control,48.0749856769136,0.003,True
1.5,pareto,0.5,1.0,387,19648.095393989013,2.0,2.0,pareto,control,1.6763974565967272,,-1,nested,65536,1011,SOURCE_RUN\raw\task-0119-control-pareto-N0-s1011-control-5fe347c8b9\arrays.npz,0,direct_control,0.0,control,30.285343213868988,0.006,True
1.5,pareto,0.5,1.0,800,25906.897156382343,2.0,2.0,pareto,control,1.6973819443310993,,-1,nested,65536,1011,SOURCE_RUN\raw\task-0119-control-pareto-N0-s1011-control-5fe347c8b9\arrays.npz,0,direct_control,0.0,control,19.078570709222195,0.012,True
1.5,sas,0.5,1.0,180,6519.81572554977,2.0,2.0,sas,control,1.3792914059426282,,0,block,65536,1000,SOURCE_RUN\raw\task-0096-control-sas-N0-s1000-control-51cd4b7617\arrays.npz,0,direct_control,0.0,control,26.2607294725529,0.003,True
1.5,sas,0.5,1.0,368,8909.653183949466,2.0,2.0,sas,control,1.45210850979938,,0,block,65536,1000,SOURCE_RUN\raw\task-0096-control-sas-N0-s1000-control-51cd4b7617\arrays.npz,0,direct_control,0.0,control,16.67300613103916,0.006,True
1.5,sas,0.5,1.0,774,12102.083220987468,2.0,2.0,sas,control,1.4661127279629114,,0,block,65536,1000,SOURCE_RUN\raw\task-0096-control-sas-N0-s1000-control-51cd4b7617\arrays.npz,0,direct_control,0.0,control,10.66477777401839,0.012,True
1.5,sas,0.5,1.0,198,7744.269708068663,2.0,2.0,sas,control,1.4893902057805934,,1,block,65536,1000,SOURCE_RUN\raw\task-0096-control-sas-N0-s1000-control-51cd4b7617\arrays.npz,0,direct_control,0.0,control,26.2607294725529,0.003,True
1.5,sas,0.5,1.0,400,10381.771538883184,2.0,2.0,sas,control,1.55667362221442,,1,block,65536,1000,SOURCE_RUN\raw\task-0096-control-sas-N0-s1000-control-51cd4b7617\arrays.npz,0,direct_control,0.0,control,16.67300613103916,0.006,True
1.5,sas,0.5,1.0,787,13747.20928781652,2.0,2.0,sas,control,1.6379023338798089,,1,block,65536,1000,SOURCE_RUN\raw\task-0096-control-sas-N0-s1000-control-51cd4b7617\arrays.npz,0,direct_control,0.0,control,10.66477777401839,0.012,True
1.5,sas,0.5,1.0,200,9090.494669624813,2.0,2.0,sas,control,1.7308153376177127,,2,block,65536,1000,SOURCE_RUN\raw\task-0096-control-sas-N0-s1000-control-51cd4b7617\arrays.npz,0,direct_control,0.0,control,26.2607294725529,0.003,True
1.5,sas,0.5,1.0,405,11788.214768925074,2.0,2.0,sas,control,1.7457381652947448,,2,block,65536,1000,SOURCE_RUN\raw\task-0096-control-sas-N0-s1000-control-51cd4b7617\arrays.npz,0,direct_control,0.0,control,16.67300613103916,0.006,True
1.5,sas,0.5,1.0,808,15210.442603303212,2.0,2.0,sas,control,1.7651380648520463,,2,block,65536,1000,SOURCE_RUN\raw\task-0096-control-sas-N0-s1000-control-51cd4b7617\arrays.npz,0,direct_control,0.0,control,10.66477777401839,0.012,True
1.5,sas,0.5,1.0,209,12487.91052757288,2.0,2.0,sas,control,2.2752897301257944,,3,block,65536,1000,SOURCE_RUN\raw\task-0096-control-sas-N0-s1000-control-51cd4b7617\arrays.npz,0,direct_control,0.0,control,26.2607294725529,0.003,True
1.5,sas,0.5,1.0,425,15350.057872262103,2.0,2.0,sas,control,2.1662430245025606,,3,block,65536,1000,SOURCE_RUN\raw\task-0096-control-sas-N0-s1000-control-51cd4b7617\arrays.npz,0,direct_control,0.0,control,16.67300613103916,0.006,True
1.5,sas,0.5,1.0,802,18830.919718546378,2.0,2.0,sas,control,2.201635164958676,,3,block,65536,1000,SOURCE_RUN\raw\task-0096-control-sas-N0-s1000-control-51cd4b7617\arrays.npz,0,direct_control,0.0,control,10.66477777401839,0.012,True
1.5,sas,0.5,1.0,787,35842.49063081613,2.0,2.0,sas,control,1.7342698029657744,,-1,full,262144,1000,SOURCE_RUN\raw\task-0096-control-sas-N0-s1000-control-51cd4b7617\arrays.npz,0,direct_control,0.0,control,26.2607294725529,0.003,True
1.5,sas,0.5,1.0,1598,46429.69736401983,2.0,2.0,sas,control,1.7426299266895493,,-1,full,262144,1000,SOURCE_RUN\raw\task-0096-control-sas-N0-s1000-control-51cd4b7617\arrays.npz,0,direct_control,0.0,control,16.67300613103916,0.006,True
1.5,sas,0.5,1.0,3171,59890.65483065357,2.0,2.0,sas,control,1.7709692043216694,,-1,full,262144,1000,SOURCE_RUN\raw\task-0096-control-sas-N0-s1000-control-51cd4b7617\arrays.npz,0,direct_control,0.0,control,10.66477777401839,0.012,True
1.5,sas,0.5,1.0,378,14264.085433618435,2.0,2.0,sas,control,1.436962205857753,,-1,nested,131072,1000,SOURCE_RUN\raw\task-0096-control-sas-N0-s1000-control-51cd4b7617\arrays.npz,0,direct_control,0.0,control,26.2607294725529,0.003,True
1.5,sas,0.5,1.0,768,19291.42472283265,2.0,2.0,sas,control,1.50656950584888,,-1,nested,131072,1000,SOURCE_RUN\raw\task-0096-control-sas-N0-s1000-control-51cd4b7617\arrays.npz,0,direct_control,0.0,control,16.67300613103916,0.006,True
1.5,sas,0.5,1.0,1561,25849.292508803985,2.0,2.0,sas,control,1.5527228624001936,,-1,nested,131072,1000,SOURCE_RUN\raw\task-0096-control-sas-N0-s1000-control-51cd4b7617\arrays.npz,0,direct_control,0.0,control,10.66477777401839,0.012,True
1.5,sas,0.5,1.0,180,6519.81572554977,2.0,2.0,sas,control,1.3792914059426282,,-1,nested,65536,1000,SOURCE_RUN\raw\task-0096-control-sas-N0-s1000-control-51cd4b7617\arrays.npz,0,direct_control,0.0,control,26.2607294725529,0.003,True
1.5,sas,0.5,1.0,368,8909.653183949466,2.0,2.0,sas,control,1.45210850979938,,-1,nested,65536,1000,SOURCE_RUN\raw\task-0096-control-sas-N0-s1000-control-51cd4b7617\arrays.npz,0,direct_control,0.0,control,16.67300613103916,0.006,True
1.5,sas,0.5,1.0,774,12102.083220987468,2.0,2.0,sas,control,1.4661127279629114,,-1,nested,65536,1000,SOURCE_RUN\raw\task-0096-control-sas-N0-s1000-control-51cd4b7617\arrays.npz,0,direct_control,0.0,control,10.66477777401839,0.012,True
1.5,sas,0.5,1.0,185,16306.003879016234,2.0,2.0,sas,control,3.3563637902868737,,0,block,65536,1001,SOURCE_RUN\raw\task-0097-control-sas-N0-s1001-control-4a5e7f621d\arrays.npz,0,direct_control,0.0,control,26.2607294725529,0.003,True
1.5,sas,0.5,1.0,370,18887.818330590497,2.0,2.0,sas,control,3.061724877268006,,0,block,65536,1001,SOURCE_RUN\raw\task-0097-control-sas-N0-s1001-control-4a5e7f621d\arrays.npz,0,direct_control,0.0,control,16.67300613103916,0.006,True
1.5,sas,0.5,1.0,757,22099.3590986354,2.0,2.0,sas,control,2.7373604558775937,,0,block,65536,1001,SOURCE_RUN\raw\task-0097-control-sas-N0-s1001-control-4a5e7f621d\arrays.npz,0,direct_control,0.0,control,10.66477777401839,0.012,True
1.5,sas,0.5,1.0,192,13271.53850183085,2.0,2.0,sas,control,2.632165889982137,,1,block,65536,1001,SOURCE_RUN\raw\task-0097-control-sas-N0-s1001-control-4a5e7f621d\arrays.npz,0,direct_control,0.0,control,26.2607294725529,0.003,True
1.5,sas,0.5,1.0,396,15877.763760549156,2.0,2.0,sas,control,2.404807070576589,,1,block,65536,1001,SOURCE_RUN\raw\task-0097-control-sas-N0-s1001-control-4a5e7f621d\arrays.npz,0,direct_control,0.0,control,16.67300613103916,0.006,True
1.5,sas,0.5,1.0,794,19240.113917238326,2.0,2.0,sas,control,2.2721412505088217,,1,block,65536,1001,SOURCE_RUN\raw\task-0097-control-sas-N0-s1001-control-4a5e7f621d\arrays.npz,0,direct_control,0.0,control,10.66477777401839,0.012,True
1.5,sas,0.5,1.0,199,10266.252223194759,2.0,2.0,sas,control,1.9645001562371787,,2,block,65536,1001,SOURCE_RUN\raw\task-0097-control-sas-N0-s1001-control-4a5e7f621d\arrays.npz,0,direct_control,0.0,control,26.2607294725529,0.003,True
1.5,sas,0.5,1.0,392,12956.434121722363,2.0,2.0,sas,control,1.9823736404681953,,2,block,65536,1001,SOURCE_RUN\raw\task-0097-control-sas-N0-s1001-control-4a5e7f621d\arrays.npz,0,direct_control,0.0,control,16.67300613103916,0.006,True
1.5,sas,0.5,1.0,760,16200.186844114398,2.0,2.0,sas,control,1.9987322542372554,,2,block,65536,1001,SOURCE_RUN\raw\task-0097-control-sas-N0-s1001-control-4a5e7f621d\arrays.npz,0,direct_control,0.0,control,10.66477777401839,0.012,True
1.5,sas,0.5,1.0,173,7501.565277854048,2.0,2.0,sas,control,1.6511974296166174,,3,block,65536,1001,SOURCE_RUN\raw\task-0097-control-sas-N0-s1001-control-4a5e7f621d\arrays.npz,0,direct_control,0.0,control,26.2607294725529,0.003,True
1.5,sas,0.5,1.0,366,9869.291904057816,2.0,2.0,sas,control,1.6173015360552048,,3,block,65536,1001,SOURCE_RUN\raw\task-0097-control-sas-N0-s1001-control-4a5e7f621d\arrays.npz,0,direct_control,0.0,control,16.67300613103916,0.006,True
1.5,sas,0.5,1.0,747,12996.654457454802,2.0,2.0,sas,control,1.6313951255720847,,3,block,65536,1001,SOURCE_RUN\raw\task-0097-control-sas-N0-s1001-control-4a5e7f621d\arrays.npz,0,direct_control,0.0,control,10.66477777401839,0.012,True
1.5,sas,0.5,1.0,749,47345.35988189589,2.0,2.0,sas,control,2.407070545386536,,-1,full,262144,1001,SOURCE_RUN\raw\task-0097-control-sas-N0-s1001-control-4a5e7f621d\arrays.npz,0,direct_control,0.0,control,26.2607294725529,0.003,True
1.5,sas,0.5,1.0,1524,57591.30811691983,2.0,2.0,sas,control,2.2665122269010687,,-1,full,262144,1001,SOURCE_RUN\raw\task-0097-control-sas-N0-s1001-control-4a5e7f621d\arrays.npz,0,direct_control,0.0,control,16.67300613103916,0.006,True
1.5,sas,0.5,1.0,3058,70536.31431744293,2.0,2.0,sas,control,2.162835412042513,,-1,full,262144,1001,SOURCE_RUN\raw\task-0097-control-sas-N0-s1001-control-4a5e7f621d\arrays.npz,0,direct_control,0.0,control,10.66477777401839,0.012,True
1.5,sas,0.5,1.0,377,29577.542380847088,2.0,2.0,sas,control,2.987541517452631,,-1,nested,131072,1001,SOURCE_RUN\raw\task-0097-control-sas-N0-s1001-control-4a5e7f621d\arrays.npz,0,direct_control,0.0,control,26.2607294725529,0.003,True
1.5,sas,0.5,1.0,766,34765.582091139644,2.0,2.0,sas,control,2.7221172382995964,,-1,nested,131072,1001,SOURCE_RUN\raw\task-0097-control-sas-N0-s1001-control-4a5e7f621d\arrays.npz,0,direct_control,0.0,control,16.67300613103916,0.006,True
1.5,sas,0.5,1.0,1551,41339.47301587372,2.0,2.0,sas,control,2.499201816894483,,-1,nested,131072,1001,SOURCE_RUN\raw\task-0097-control-sas-N0-s1001-control-4a5e7f621d\arrays.npz,0,direct_control,0.0,control,10.66477777401839,0.012,True
1.5,sas,0.5,1.0,185,16306.003879016234,2.0,2.0,sas,control,3.3563637902868737,,-1,nested,65536,1001,SOURCE_RUN\raw\task-0097-control-sas-N0-s1001-control-4a5e7f621d\arrays.npz,0,direct_control,0.0,control,26.2607294725529,0.003,True
1.5,sas,0.5,1.0,370,18887.818330590497,2.0,2.0,sas,control,3.061724877268006,,-1,nested,65536,1001,SOURCE_RUN\raw\task-0097-control-sas-N0-s1001-control-4a5e7f621d\arrays.npz,0,direct_control,0.0,control,16.67300613103916,0.006,True
1.5,sas,0.5,1.0,757,22099.3590986354,2.0,2.0,sas,control,2.7373604558775937,,-1,nested,65536,1001,SOURCE_RUN\raw\task-0097-control-sas-N0-s1001-control-4a5e7f621d\arrays.npz,0,direct_control,0.0,control,10.66477777401839,0.012,True
1.5,sas,0.5,1.0,180,9374.52826398862,2.0,2.0,sas,control,1.9832165223036968,,0,block,65536,1002,SOURCE_RUN\raw\task-0098-control-sas-N0-s1002-control-86d7768cf4\arrays.npz,0,direct_control,0.0,control,26.2607294725529,0.003,True
1.5,sas,0.5,1.0,383,11881.034176470635,2.0,2.0,sas,control,1.8605509239461253,,0,block,65536,1002,SOURCE_RUN\raw\task-0098-control-sas-N0-s1002-control-86d7768cf4\arrays.npz,0,direct_control,0.0,control,16.67300613103916,0.006,True
1.5,sas,0.5,1.0,799,15217.172728288922,2.0,2.0,sas,control,1.7858105348791815,,0,block,65536,1002,SOURCE_RUN\raw\task-0098-control-sas-N0-s1002-control-86d7768cf4\arrays.npz,0,direct_control,0.0,control,10.66477777401839,0.012,True
1.5,sas,0.5,1.0,215,6632.593219568641,2.0,2.0,sas,control,1.17473015442828,,1,block,65536,1002,SOURCE_RUN\raw\task-0098-control-sas-N0-s1002-control-86d7768cf4\arrays.npz,0,direct_control,0.0,control,26.2607294725529,0.003,True
1.5,sas,0.5,1.0,435,9565.7781288283,2.0,2.0,sas,control,1.3189159996824167,,1,block,65536,1002,SOURCE_RUN\raw\task-0098-control-sas-N0-s1002-control-86d7768cf4\arrays.npz,0,direct_control,0.0,control,16.67300613103916,0.006,True
1.5,sas,0.5,1.0,853,13199.463483474749,2.0,2.0,sas,control,1.4509599912561284,,1,block,65536,1002,SOURCE_RUN\raw\task-0098-control-sas-N0-s1002-control-86d7768cf4\arrays.npz,0,direct_control,0.0,control,10.66477777401839,0.012,True
1.5,sas,0.5,1.0,187,7492.474390559451,2.0,2.0,sas,control,1.5257271513642812,,2,block,65536,1002,SOURCE_RUN\raw\task-0098-control-sas-N0-s1002-control-86d7768cf4\arrays.npz,0,direct_control,0.0,control,26.2607294725529,0.003,True
1.5,sas,0.5,1.0,378,10017.116800210311,2.0,2.0,sas,control,1.589413977718829,,2,block,65536,1002,SOURCE_RUN\raw\task-0098-control-sas-N0-s1002-control-86d7768cf4\arrays.npz,0,direct_control,0.0,control,16.67300613103916,0.006,True
1.5,sas,0.5,1.0,780,13204.16411136978,2.0,2.0,sas,control,1.587320044177412,,2,block,65536,1002,SOURCE_RUN\raw\task-0098-control-sas-N0-s1002-control-86d7768cf4\arrays.npz,0,direct_control,0.0,control,10.66477777401839,0.012,True
1.5,sas,0.5,1.0,162,8568.96473522338,2.0,2.0,sas,control,2.014218382618549,,3,block,65536,1002,SOURCE_RUN\raw\task-0098-control-sas-N0-s1002-control-86d7768cf4\arrays.npz,0,direct_control,0.0,control,26.2607294725529,0.003,True
1.5,sas,0.5,1.0,372,10860.577582888764,2.0,2.0,sas,control,1.7510400224060412,,3,block,65536,1002,SOURCE_RUN\raw\task-0098-control-sas-N0-s1002-control-86d7768cf4\arrays.npz,0,direct_control,0.0,control,16.67300613103916,0.006,True
1.5,sas,0.5,1.0,742,13977.897722565294,2.0,2.0,sas,control,1.766388150937347,,3,block,65536,1002,SOURCE_RUN\raw\task-0098-control-sas-N0-s1002-control-86d7768cf4\arrays.npz,0,direct_control,0.0,control,10.66477777401839,0.012,True
1.5,sas,0.5,1.0,744,32068.56060934009,2.0,2.0,sas,control,1.6413445060565472,,-1,full,262144,1002,SOURCE_RUN\raw\task-0098-control-sas-N0-s1002-control-86d7768cf4\arrays.npz,0,direct_control,0.0,control,26.2607294725529,0.003,True
1.5,sas,0.5,1.0,1568,42324.50668839801,2.0,2.0,sas,control,1.618944410488509,,-1,full,262144,1002,SOURCE_RUN\raw\task-0098-control-sas-N0-s1002-control-86d7768cf4\arrays.npz,0,direct_control,0.0,control,16.67300613103916,0.006,True
1.5,sas,0.5,1.0,3174,55598.69804569874,2.0,2.0,sas,control,1.6425019320616998,,-1,full,262144,1002,SOURCE_RUN\raw\task-0098-control-sas-N0-s1002-control-86d7768cf4\arrays.npz,0,direct_control,0.0,control,10.66477777401839,0.012,True
1.5,sas,0.5,1.0,395,16007.121483557263,2.0,2.0,sas,control,1.5431543220677106,,-1,nested,131072,1002,SOURCE_RUN\raw\task-0098-control-sas-N0-s1002-control-86d7768cf4\arrays.npz,0,direct_control,0.0,control,26.2607294725529,0.003,True
1.5,sas,0.5,1.0,818,21446.812305298936,2.0,2.0,sas,control,1.5725176818254492,,-1,nested,131072,1002,SOURCE_RUN\raw\task-0098-control-sas-N0-s1002-control-86d7768cf4\arrays.npz,0,direct_control,0.0,control,16.67300613103916,0.006,True
1.5,sas,0.5,1.0,1652,28416.63621176367,2.0,2.0,sas,control,1.6129125241585613,,-1,nested,131072,1002,SOURCE_RUN\raw\task-0098-control-sas-N0-s1002-control-86d7768cf4\arrays.npz,0,direct_control,0.0,control,10.66477777401839,0.012,True
1.5,sas,0.5,1.0,180,9374.52826398862,2.0,2.0,sas,control,1.9832165223036968,,-1,nested,65536,1002,SOURCE_RUN\raw\task-0098-control-sas-N0-s1002-control-86d7768cf4\arrays.npz,0,direct_control,0.0,control,26.2607294725529,0.003,True
1.5,sas,0.5,1.0,383,11881.034176470635,2.0,2.0,sas,control,1.8605509239461253,,-1,nested,65536,1002,SOURCE_RUN\raw\task-0098-control-sas-N0-s1002-control-86d7768cf4\arrays.npz,0,direct_control,0.0,control,16.67300613103916,0.006,True
1.5,sas,0.5,1.0,799,15217.172728288922,2.0,2.0,sas,control,1.7858105348791815,,-1,nested,65536,1002,SOURCE_RUN\raw\task-0098-control-sas-N0-s1002-control-86d7768cf4\arrays.npz,0,direct_control,0.0,control,10.66477777401839,0.012,True
1.5,sas,0.5,1.0,185,9200.522240690774,2.0,2.0,sas,control,1.893799359395628,,0,block,65536,1003,SOURCE_RUN\raw\task-0099-control-sas-N0-s1003-control-7412efeb4d\arrays.npz,0,direct_control,0.0,control,26.2607294725529,0.003,True
1.5,sas,0.5,1.0,375,11711.274718768509,2.0,2.0,sas,control,1.87309149119647,,0,block,65536,1003,SOURCE_RUN\raw\task-0099-control-sas-N0-s1003-control-7412efeb4d\arrays.npz,0,direct_control,0.0,control,16.67300613103916,0.006,True
1.5,sas,0.5,1.0,764,14870.255856917462,2.0,2.0,sas,control,1.8250437176488674,,0,block,65536,1003,SOURCE_RUN\raw\task-0099-control-sas-N0-s1003-control-7412efeb4d\arrays.npz,0,direct_control,0.0,control,10.66477777401839,0.012,True
1.5,sas,0.5,1.0,214,8394.888077636297,2.0,2.0,sas,control,1.4938065220891117,,1,block,65536,1003,SOURCE_RUN\raw\task-0099-control-sas-N0-s1003-control-7412efeb4d\arrays.npz,0,direct_control,0.0,control,26.2607294725529,0.003,True
1.5,sas,0.5,1.0,395,11141.655629837755,2.0,2.0,sas,control,1.691759895715656,,1,block,65536,1003,SOURCE_RUN\raw\task-0099-control-sas-N0-s1003-control-7412efeb4d\arrays.npz,0,direct_control,0.0,control,16.67300613103916,0.006,True
1.5,sas,0.5,1.0,778,14447.676734427128,2.0,2.0,sas,control,1.7412719676350152,,1,block,65536,1003,SOURCE_RUN\raw\task-0099-control-sas-N0-s1003-control-7412efeb4d\arrays.npz,0,direct_control,0.0,control,10.66477777401839,0.012,True
1.5,sas,0.5,1.0,203,8356.381853196104,2.0,2.0,sas,control,1.567528528467037,,2,block,65536,1003,SOURCE_RUN\raw\task-0099-control-sas-N0-s1003-control-7412efeb4d\arrays.npz,0,direct_control,0.0,control,26.2607294725529,0.003,True
1.5,sas,0.5,1.0,409,11118.196594574623,2.0,2.0,sas,control,1.6304111292716787,,2,block,65536,1003,SOURCE_RUN\raw\task-0099-control-sas-N0-s1003-control-7412efeb4d\arrays.npz,0,direct_control,0.0,control,16.67300613103916,0.006,True
1.5,sas,0.5,1.0,819,14591.955479335,2.0,2.0,sas,control,1.6706204137200964,,2,block,65536,1003,SOURCE_RUN\raw\task-0099-control-sas-N0-s1003-control-7412efeb4d\arrays.npz,0,direct_control,0.0,control,10.66477777401839,0.012,True
1.5,sas,0.5,1.0,201,25830.350474535986,2.0,2.0,sas,control,4.893588598720758,,3,block,65536,1003,SOURCE_RUN\raw\task-0099-control-sas-N0-s1003-control-7412efeb4d\arrays.npz,0,direct_control,0.0,control,26.2607294725529,0.003,True
1.5,sas,0.5,1.0,391,28461.578780510346,2.0,2.0,sas,control,4.3658450680630905,,3,block,65536,1003,SOURCE_RUN\raw\task-0099-control-sas-N0-s1003-control-7412efeb4d\arrays.npz,0,direct_control,0.0,control,16.67300613103916,0.006,True
1.5,sas,0.5,1.0,820,31805.993077985266,2.0,2.0,sas,control,3.6369999692879222,,3,block,65536,1003,SOURCE_RUN\raw\task-0099-control-sas-N0-s1003-control-7412efeb4d\arrays.npz,0,direct_control,0.0,control,10.66477777401839,0.012,True
1.5,sas,0.5,1.0,803,51782.14264605917,2.0,2.0,sas,control,2.4556003447533525,,-1,full,262144,1003,SOURCE_RUN\raw\task-0099-control-sas-N0-s1003-control-7412efeb4d\arrays.npz,0,direct_control,0.0,control,26.2607294725529,0.003,True
1.5,sas,0.5,1.0,1570,62432.70572369123,2.0,2.0,sas,control,2.385056077382895,,-1,full,262144,1003,SOURCE_RUN\raw\task-0099-control-sas-N0-s1003-control-7412efeb4d\arrays.npz,0,direct_control,0.0,control,16.67300613103916,0.006,True
1.5,sas,0.5,1.0,3181,75715.88114866485,2.0,2.0,sas,control,2.2318833966540805,,-1,full,262144,1003,SOURCE_RUN\raw\task-0099-control-sas-N0-s1003-control-7412efeb4d\arrays.npz,0,direct_control,0.0,control,10.66477777401839,0.012,True
1.5,sas,0.5,1.0,399,17595.41031832707,2.0,2.0,sas,control,1.679266860188624,,-1,nested,131072,1003,SOURCE_RUN\raw\task-0099-control-sas-N0-s1003-control-7412efeb4d\arrays.npz,0,direct_control,0.0,control,26.2607294725529,0.003,True
1.5,sas,0.5,1.0,770,22852.930348606264,2.0,2.0,sas,control,1.7800707376705978,,-1,nested,131072,1003,SOURCE_RUN\raw\task-0099-control-sas-N0-s1003-control-7412efeb4d\arrays.npz,0,direct_control,0.0,control,16.67300613103916,0.006,True
1.5,sas,0.5,1.0,1542,29317.932591344586,2.0,2.0,sas,control,1.7827775558390246,,-1,nested,131072,1003,SOURCE_RUN\raw\task-0099-control-sas-N0-s1003-control-7412efeb4d\arrays.npz,0,direct_control,0.0,control,10.66477777401839,0.012,True
1.5,sas,0.5,1.0,185,9200.522240690774,2.0,2.0,sas,control,1.893799359395628,,-1,nested,65536,1003,SOURCE_RUN\raw\task-0099-control-sas-N0-s1003-control-7412efeb4d\arrays.npz,0,direct_control,0.0,control,26.2607294725529,0.003,True
1.5,sas,0.5,1.0,375,11711.274718768509,2.0,2.0,sas,control,1.87309149119647,,-1,nested,65536,1003,SOURCE_RUN\raw\task-0099-control-sas-N0-s1003-control-7412efeb4d\arrays.npz,0,direct_control,0.0,control,16.67300613103916,0.006,True
1.5,sas,0.5,1.0,764,14870.255856917462,2.0,2.0,sas,control,1.8250437176488674,,-1,nested,65536,1003,SOURCE_RUN\raw\task-0099-control-sas-N0-s1003-control-7412efeb4d\arrays.npz,0,direct_control,0.0,control,10.66477777401839,0.012,True
1.5,sas,0.5,1.0,188,9972.941656538176,2.0,2.0,sas,control,2.0200338325828575,,0,block,65536,1004,SOURCE_RUN\raw\task-0100-control-sas-N0-s1004-control-0665bfac57\arrays.npz,0,direct_control,0.0,control,26.2607294725529,0.003,True
1.5,sas,0.5,1.0,420,12598.821075136319,2.0,2.0,sas,control,1.7991472443709378,,0,block,65536,1004,SOURCE_RUN\raw\task-0100-control-sas-N0-s1004-control-0665bfac57\arrays.npz,0,direct_control,0.0,control,16.67300613103916,0.006,True
1.5,sas,0.5,1.0,790,16067.694874250426,2.0,2.0,sas,control,1.907105305161889,,0,block,65536,1004,SOURCE_RUN\raw\task-0100-control-sas-N0-s1004-control-0665bfac57\arrays.npz,0,direct_control,0.0,control,10.66477777401839,0.012,True
1.5,sas,0.5,1.0,199,10180.602433865472,2.0,2.0,sas,control,1.948110628602263,,1,block,65536,1004,SOURCE_RUN\raw\task-0100-control-sas-N0-s1004-control-0665bfac57\arrays.npz,0,direct_control,0.0,control,26.2607294725529,0.003,True
1.5,sas,0.5,1.0,409,12926.126425971837,2.0,2.0,sas,control,1.8955322658677587,,1,block,65536,1004,SOURCE_RUN\raw\task-0100-control-sas-N0-s1004-control-0665bfac57\arrays.npz,0,direct_control,0.0,control,16.67300613103916,0.006,True
1.5,sas,0.5,1.0,807,16347.82503218417,2.0,2.0,sas,control,1.8994796094367463,,1,block,65536,1004,SOURCE_RUN\raw\task-0100-control-sas-N0-s1004-control-0665bfac57\arrays.npz,0,direct_control,0.0,control,10.66477777401839,0.012,True
1.5,sas,0.5,1.0,196,7153.911933233247,2.0,2.0,sas,control,1.3898909669630441,,2,block,65536,1004,SOURCE_RUN\raw\task-0100-control-sas-N0-s1004-control-0665bfac57\arrays.npz,0,direct_control,0.0,control,26.2607294725529,0.003,True
1.5,sas,0.5,1.0,375,9705.662456570542,2.0,2.0,sas,control,1.5523155421068437,,2,block,65536,1004,SOURCE_RUN\raw\task-0100-control-sas-N0-s1004-control-0665bfac57\arrays.npz,0,direct_control,0.0,control,16.67300613103916,0.006,True
1.5,sas,0.5,1.0,787,12878.789927587219,2.0,2.0,sas,control,1.5344350724795932,,2,block,65536,1004,SOURCE_RUN\raw\task-0100-control-sas-N0-s1004-control-0665bfac57\arrays.npz,0,direct_control,0.0,control,10.66477777401839,0.012,True
1.5,sas,0.5,1.0,190,11734.973839908936,2.0,2.0,sas,control,2.3519156341258647,,3,block,65536,1004,SOURCE_RUN\raw\task-0100-control-sas-N0-s1004-control-0665bfac57\arrays.npz,0,direct_control,0.0,control,26.2607294725529,0.003,True
1.5,sas,0.5,1.0,378,14319.749204046144,2.0,2.0,sas,control,2.2721118258161037,,3,block,65536,1004,SOURCE_RUN\raw\task-0100-control-sas-N0-s1004-control-0665bfac57\arrays.npz,0,direct_control,0.0,control,16.67300613103916,0.006,True
1.5,sas,0.5,1.0,793,17621.668526019785,2.0,2.0,sas,control,2.083636852386647,,3,block,65536,1004,SOURCE_RUN\raw\task-0100-control-sas-N0-s1004-control-0665bfac57\arrays.npz,0,direct_control,0.0,control,10.66477777401839,0.012,True
1.5,sas,0.5,1.0,773,39042.429863545825,2.0,2.0,sas,control,1.9233156217672682,,-1,full,262144,1004,SOURCE_RUN\raw\task-0100-control-sas-N0-s1004-control-0665bfac57\arrays.npz,0,direct_control,0.0,control,26.2607294725529,0.003,True
1.5,sas,0.5,1.0,1582,49550.359161724846,2.0,2.0,sas,control,1.8785658266904304,,-1,full,262144,1004,SOURCE_RUN\raw\task-0100-control-sas-N0-s1004-control-0665bfac57\arrays.npz,0,direct_control,0.0,control,16.67300613103916,0.006,True
1.5,sas,0.5,1.0,3177,62915.9783600416,2.0,2.0,sas,control,1.8569145929736848,,-1,full,262144,1004,SOURCE_RUN\raw\task-0100-control-sas-N0-s1004-control-0665bfac57\arrays.npz,0,direct_control,0.0,control,10.66477777401839,0.012,True
1.5,sas,0.5,1.0,387,20153.544090403648,2.0,2.0,sas,control,1.983050066194903,,-1,nested,131072,1004,SOURCE_RUN\raw\task-0100-control-sas-N0-s1004-control-0665bfac57\arrays.npz,0,direct_control,0.0,control,26.2607294725529,0.003,True
1.5,sas,0.5,1.0,829,25524.947501108152,2.0,2.0,sas,control,1.8467002887523607,,-1,nested,131072,1004,SOURCE_RUN\raw\task-0100-control-sas-N0-s1004-control-0665bfac57\arrays.npz,0,direct_control,0.0,control,16.67300613103916,0.006,True
1.5,sas,0.5,1.0,1597,32415.519906434594,2.0,2.0,sas,control,1.9032518696890084,,-1,nested,131072,1004,SOURCE_RUN\raw\task-0100-control-sas-N0-s1004-control-0665bfac57\arrays.npz,0,direct_control,0.0,control,10.66477777401839,0.012,True
1.5,sas,0.5,1.0,188,9972.941656538176,2.0,2.0,sas,control,2.0200338325828575,,-1,nested,65536,1004,SOURCE_RUN\raw\task-0100-control-sas-N0-s1004-control-0665bfac57\arrays.npz,0,direct_control,0.0,control,26.2607294725529,0.003,True
1.5,sas,0.5,1.0,420,12598.821075136319,2.0,2.0,sas,control,1.7991472443709378,,-1,nested,65536,1004,SOURCE_RUN\raw\task-0100-control-sas-N0-s1004-control-0665bfac57\arrays.npz,0,direct_control,0.0,control,16.67300613103916,0.006,True
1.5,sas,0.5,1.0,790,16067.694874250426,2.0,2.0,sas,control,1.907105305161889,,-1,nested,65536,1004,SOURCE_RUN\raw\task-0100-control-sas-N0-s1004-control-0665bfac57\arrays.npz,0,direct_control,0.0,control,10.66477777401839,0.012,True
1.5,sas,0.5,1.0,178,8241.165429653149,2.0,2.0,sas,control,1.7630386938585592,,0,block,65536,1005,SOURCE_RUN\raw\task-0101-control-sas-N0-s1005-control-00fcab6549\arrays.npz,0,direct_control,0.0,control,26.2607294725529,0.003,True
1.5,sas,0.5,1.0,384,10758.710681031238,2.0,2.0,sas,control,1.6804093701911194,,0,block,65536,1005,SOURCE_RUN\raw\task-0101-control-sas-N0-s1005-control-00fcab6549\arrays.npz,0,direct_control,0.0,control,16.67300613103916,0.006,True
1.5,sas,0.5,1.0,791,14044.65727140706,2.0,2.0,sas,control,1.6648796766254799,,0,block,65536,1005,SOURCE_RUN\raw\task-0101-control-sas-N0-s1005-control-00fcab6549\arrays.npz,0,direct_control,0.0,control,10.66477777401839,0.012,True
1.5,sas,0.5,1.0,228,8644.036348284197,2.0,2.0,sas,control,1.4436933354680301,,1,block,65536,1005,SOURCE_RUN\raw\task-0101-control-sas-N0-s1005-control-00fcab6549\arrays.npz,0,direct_control,0.0,control,26.2607294725529,0.003,True
1.5,sas,0.5,1.0,435,11679.632812414473,2.0,2.0,sas,control,1.6103713027051008,,1,block,65536,1005,SOURCE_RUN\raw\task-0101-control-sas-N0-s1005-control-00fcab6549\arrays.npz,0,direct_control,0.0,control,16.67300613103916,0.006,True
1.5,sas,0.5,1.0,831,15313.910701321265,2.0,2.0,sas,control,1.7279583738019222,,1,block,65536,1005,SOURCE_RUN\raw\task-0101-control-sas-N0-s1005-control-00fcab6549\arrays.npz,0,direct_control,0.0,control,10.66477777401839,0.012,True
1.5,sas,0.5,1.0,182,7619.819258470541,2.0,2.0,sas,control,1.5942869685537002,,2,block,65536,1005,SOURCE_RUN\raw\task-0101-control-sas-N0-s1005-control-00fcab6549\arrays.npz,0,direct_control,0.0,control,26.2607294725529,0.003,True
1.5,sas,0.5,1.0,356,10080.708859691842,2.0,2.0,sas,control,1.6983498775165295,,2,block,65536,1005,SOURCE_RUN\raw\task-0101-control-sas-N0-s1005-control-00fcab6549\arrays.npz,0,direct_control,0.0,control,16.67300613103916,0.006,True
1.5,sas,0.5,1.0,749,13185.61497978311,2.0,2.0,sas,control,1.6506947201233766,,2,block,65536,1005,SOURCE_RUN\raw\task-0101-control-sas-N0-s1005-control-00fcab6549\arrays.npz,0,direct_control,0.0,control,10.66477777401839,0.012,True
1.5,sas,0.5,1.0,233,7481.7006420024,2.0,2.0,sas,control,1.2227498561348265,,3,block,65536,1005,SOURCE_RUN\raw\task-0101-control-sas-N0-s1005-control-00fcab6549\arrays.npz,0,direct_control,0.0,control,26.2607294725529,0.003,True
1.5,sas,0.5,1.0,440,10494.204292489372,2.0,2.0,sas,control,1.430483748021372,,3,block,65536,1005,SOURCE_RUN\raw\task-0101-control-sas-N0-s1005-control-00fcab6549\arrays.npz,0,direct_control,0.0,control,16.67300613103916,0.006,True
1.5,sas,0.5,1.0,817,14008.771162584522,2.0,2.0,sas,control,1.6077783422722867,,3,block,65536,1005,SOURCE_RUN\raw\task-0101-control-sas-N0-s1005-control-00fcab6549\arrays.npz,0,direct_control,0.0,control,10.66477777401839,0.012,True
1.5,sas,0.5,1.0,821,31986.72167841029,2.0,2.0,sas,control,1.4836101251519151,,-1,full,262144,1005,SOURCE_RUN\raw\task-0101-control-sas-N0-s1005-control-00fcab6549\arrays.npz,0,direct_control,0.0,control,26.2607294725529,0.003,True
1.5,sas,0.5,1.0,1615,43013.25664562693,2.0,2.0,sas,control,1.5974081240590692,,-1,full,262144,1005,SOURCE_RUN\raw\task-0101-control-sas-N0-s1005-control-00fcab6549\arrays.npz,0,direct_control,0.0,control,16.67300613103916,0.006,True
1.5,sas,0.5,1.0,3188,56552.954115095956,2.0,2.0,sas,control,1.66335586068037,,-1,full,262144,1005,SOURCE_RUN\raw\task-0101-control-sas-N0-s1005-control-00fcab6549\arrays.npz,0,direct_control,0.0,control,10.66477777401839,0.012,True
1.5,sas,0.5,1.0,406,16885.20177793735,2.0,2.0,sas,control,1.583701891609691,,-1,nested,131072,1005,SOURCE_RUN\raw\task-0101-control-sas-N0-s1005-control-00fcab6549\arrays.npz,0,direct_control,0.0,control,26.2607294725529,0.003,True
1.5,sas,0.5,1.0,819,22438.34349344571,2.0,2.0,sas,control,1.6432096640172267,,-1,nested,131072,1005,SOURCE_RUN\raw\task-0101-control-sas-N0-s1005-control-00fcab6549\arrays.npz,0,direct_control,0.0,control,16.67300613103916,0.006,True
1.5,sas,0.5,1.0,1622,29358.567972728328,2.0,2.0,sas,control,1.6971968143280842,,-1,nested,131072,1005,SOURCE_RUN\raw\task-0101-control-sas-N0-s1005-control-00fcab6549\arrays.npz,0,direct_control,0.0,control,10.66477777401839,0.012,True
1.5,sas,0.5,1.0,178,8241.165429653149,2.0,2.0,sas,control,1.7630386938585592,,-1,nested,65536,1005,SOURCE_RUN\raw\task-0101-control-sas-N0-s1005-control-00fcab6549\arrays.npz,0,direct_control,0.0,control,26.2607294725529,0.003,True
1.5,sas,0.5,1.0,384,10758.710681031238,2.0,2.0,sas,control,1.6804093701911194,,-1,nested,65536,1005,SOURCE_RUN\raw\task-0101-control-sas-N0-s1005-control-00fcab6549\arrays.npz,0,direct_control,0.0,control,16.67300613103916,0.006,True
1.5,sas,0.5,1.0,791,14044.65727140706,2.0,2.0,sas,control,1.6648796766254799,,-1,nested,65536,1005,SOURCE_RUN\raw\task-0101-control-sas-N0-s1005-control-00fcab6549\arrays.npz,0,direct_control,0.0,control,10.66477777401839,0.012,True
1.5,sas,0.5,1.0,192,6613.421973001998,2.0,2.0,sas,control,1.3116507728921398,,0,block,65536,1006,SOURCE_RUN\raw\task-0102-control-sas-N0-s1006-control-1dea9a24e2\arrays.npz,0,direct_control,0.0,control,26.2607294725529,0.003,True
1.5,sas,0.5,1.0,412,9304.7339197712,2.0,2.0,sas,control,1.3545431131623435,,0,block,65536,1006,SOURCE_RUN\raw\task-0102-control-sas-N0-s1006-control-1dea9a24e2\arrays.npz,0,direct_control,0.0,control,16.67300613103916,0.006,True
1.5,sas,0.5,1.0,812,12768.465919844833,2.0,2.0,sas,control,1.474452825660887,,0,block,65536,1006,SOURCE_RUN\raw\task-0102-control-sas-N0-s1006-control-1dea9a24e2\arrays.npz,0,direct_control,0.0,control,10.66477777401839,0.012,True
1.5,sas,0.5,1.0,179,8620.984877817256,2.0,2.0,sas,control,1.8339904358732395,,1,block,65536,1006,SOURCE_RUN\raw\task-0102-control-sas-N0-s1006-control-1dea9a24e2\arrays.npz,0,direct_control,0.0,control,26.2607294725529,0.003,True
1.5,sas,0.5,1.0,384,11139.091456397964,2.0,2.0,sas,control,1.7398212679656155,,1,block,65536,1006,SOURCE_RUN\raw\task-0102-control-sas-N0-s1006-control-1dea9a24e2\arrays.npz,0,direct_control,0.0,control,16.67300613103916,0.006,True
1.5,sas,0.5,1.0,788,14462.02562118955,2.0,2.0,sas,control,1.7208820269170364,,1,block,65536,1006,SOURCE_RUN\raw\task-0102-control-sas-N0-s1006-control-1dea9a24e2\arrays.npz,0,direct_control,0.0,control,10.66477777401839,0.012,True
1.5,sas,0.5,1.0,196,10307.872407024344,2.0,2.0,sas,control,2.002655173958183,,2,block,65536,1006,SOURCE_RUN\raw\task-0102-control-sas-N0-s1006-control-1dea9a24e2\arrays.npz,0,direct_control,0.0,control,26.2607294725529,0.003,True
1.5,sas,0.5,1.0,370,12865.520785470077,2.0,2.0,sas,control,2.085507407919402,,2,block,65536,1006,SOURCE_RUN\raw\task-0102-control-sas-N0-s1006-control-1dea9a24e2\arrays.npz,0,direct_control,0.0,control,16.67300613103916,0.006,True
1.5,sas,0.5,1.0,756,16029.305308190676,2.0,2.0,sas,control,1.9881131373265364,,2,block,65536,1006,SOURCE_RUN\raw\task-0102-control-sas-N0-s1006-control-1dea9a24e2\arrays.npz,0,direct_control,0.0,control,10.66477777401839,0.012,True
1.5,sas,0.5,1.0,204,8683.698719803437,2.0,2.0,sas,control,1.6209431894023332,,3,block,65536,1006,SOURCE_RUN\raw\task-0102-control-sas-N0-s1006-control-1dea9a24e2\arrays.npz,0,direct_control,0.0,control,26.2607294725529,0.003,True
1.5,sas,0.5,1.0,385,11325.32025355922,2.0,2.0,sas,control,1.7643138862792203,,3,block,65536,1006,SOURCE_RUN\raw\task-0102-control-sas-N0-s1006-control-1dea9a24e2\arrays.npz,0,direct_control,0.0,control,16.67300613103916,0.006,True
1.5,sas,0.5,1.0,786,14674.297477592872,2.0,2.0,sas,control,1.750584031073923,,3,block,65536,1006,SOURCE_RUN\raw\task-0102-control-sas-N0-s1006-control-1dea9a24e2\arrays.npz,0,direct_control,0.0,control,10.66477777401839,0.012,True
1.5,sas,0.5,1.0,771,34225.97797764704,2.0,2.0,sas,control,1.6904203127762394,,-1,full,262144,1006,SOURCE_RUN\raw\task-0102-control-sas-N0-s1006-control-1dea9a24e2\arrays.npz,0,direct_control,0.0,control,26.2607294725529,0.003,True
1.5,sas,0.5,1.0,1551,44634.66641519846,2.0,2.0,sas,control,1.726023028155616,,-1,full,262144,1006,SOURCE_RUN\raw\task-0102-control-sas-N0-s1006-control-1dea9a24e2\arrays.npz,0,direct_control,0.0,control,16.67300613103916,0.006,True
1.5,sas,0.5,1.0,3142,57934.09432681793,2.0,2.0,sas,control,1.728925306139475,,-1,full,262144,1006,SOURCE_RUN\raw\task-0102-control-sas-N0-s1006-control-1dea9a24e2\arrays.npz,0,direct_control,0.0,control,10.66477777401839,0.012,True
1.5,sas,0.5,1.0,371,15234.406850819252,2.0,2.0,sas,control,1.563669100853371,,-1,nested,131072,1006,SOURCE_RUN\raw\task-0102-control-sas-N0-s1006-control-1dea9a24e2\arrays.npz,0,direct_control,0.0,control,26.2607294725529,0.003,True
1.5,sas,0.5,1.0,796,20443.825376169163,2.0,2.0,sas,control,1.540405941610153,,-1,nested,131072,1006,SOURCE_RUN\raw\task-0102-control-sas-N0-s1006-control-1dea9a24e2\arrays.npz,0,direct_control,0.0,control,16.67300613103916,0.006,True
1.5,sas,0.5,1.0,1600,27230.491541034386,2.0,2.0,sas,control,1.5958192072795407,,-1,nested,131072,1006,SOURCE_RUN\raw\task-0102-control-sas-N0-s1006-control-1dea9a24e2\arrays.npz,0,direct_control,0.0,control,10.66477777401839,0.012,True
1.5,sas,0.5,1.0,192,6613.421973001998,2.0,2.0,sas,control,1.3116507728921398,,-1,nested,65536,1006,SOURCE_RUN\raw\task-0102-control-sas-N0-s1006-control-1dea9a24e2\arrays.npz,0,direct_control,0.0,control,26.2607294725529,0.003,True
1.5,sas,0.5,1.0,412,9304.7339197712,2.0,2.0,sas,control,1.3545431131623435,,-1,nested,65536,1006,SOURCE_RUN\raw\task-0102-control-sas-N0-s1006-control-1dea9a24e2\arrays.npz,0,direct_control,0.0,control,16.67300613103916,0.006,True
1.5,sas,0.5,1.0,812,12768.465919844833,2.0,2.0,sas,control,1.474452825660887,,-1,nested,65536,1006,SOURCE_RUN\raw\task-0102-control-sas-N0-s1006-control-1dea9a24e2\arrays.npz,0,direct_control,0.0,control,10.66477777401839,0.012,True
1.5,sas,0.5,1.0,195,8851.250663244258,2.0,2.0,sas,control,1.7284755585224656,,0,block,65536,1007,SOURCE_RUN\raw\task-0103-control-sas-N0-s1007-control-2cb1467ba8\arrays.npz,0,direct_control,0.0,control,26.2607294725529,0.003,True
1.5,sas,0.5,1.0,408,11608.287997417749,2.0,2.0,sas,control,1.7064520965546768,,0,block,65536,1007,SOURCE_RUN\raw\task-0103-control-sas-N0-s1007-control-2cb1467ba8\arrays.npz,0,direct_control,0.0,control,16.67300613103916,0.006,True
1.5,sas,0.5,1.0,795,15123.017873859053,2.0,2.0,sas,control,1.7836906117836504,,0,block,65536,1007,SOURCE_RUN\raw\task-0103-control-sas-N0-s1007-control-2cb1467ba8\arrays.npz,0,direct_control,0.0,control,10.66477777401839,0.012,True
1.5,sas,0.5,1.0,208,8154.249788571079,2.0,2.0,sas,control,1.492842155222268,,1,block,65536,1007,SOURCE_RUN\raw\task-0103-control-sas-N0-s1007-control-2cb1467ba8\arrays.npz,0,direct_control,0.0,control,26.2607294725529,0.003,True
1.5,sas,0.5,1.0,418,10947.230155394489,2.0,2.0,sas,control,1.5707752771437578,,1,block,65536,1007,SOURCE_RUN\raw\task-0103-control-sas-N0-s1007-control-2cb1467ba8\arrays.npz,0,direct_control,0.0,control,16.67300613103916,0.006,True
1.5,sas,0.5,1.0,806,14371.540049215044,2.0,2.0,sas,control,1.6719237126142472,,1,block,65536,1007,SOURCE_RUN\raw\task-0103-control-sas-N0-s1007-control-2cb1467ba8\arrays.npz,0,direct_control,0.0,control,10.66477777401839,0.012,True
1.5,sas,0.5,1.0,241,8534.96777643661,2.0,2.0,sas,control,1.3485841697055263,,2,block,65536,1007,SOURCE_RUN\raw\task-0103-control-sas-N0-s1007-control-2cb1467ba8\arrays.npz,0,direct_control,0.0,control,26.2607294725529,0.003,True
1.5,sas,0.5,1.0,439,11632.530749698195,2.0,2.0,sas,control,1.5892630238534609,,2,block,65536,1007,SOURCE_RUN\raw\task-0103-control-sas-N0-s1007-control-2cb1467ba8\arrays.npz,0,direct_control,0.0,control,16.67300613103916,0.006,True
1.5,sas,0.5,1.0,829,15187.527691719519,2.0,2.0,sas,control,1.7178322110349933,,2,block,65536,1007,SOURCE_RUN\raw\task-0103-control-sas-N0-s1007-control-2cb1467ba8\arrays.npz,0,direct_control,0.0,control,10.66477777401839,0.012,True
1.5,sas,0.5,1.0,192,8522.760568056845,2.0,2.0,sas,control,1.6903330124558855,,3,block,65536,1007,SOURCE_RUN\raw\task-0103-control-sas-N0-s1007-control-2cb1467ba8\arrays.npz,0,direct_control,0.0,control,26.2607294725529,0.003,True
1.5,sas,0.5,1.0,393,11139.94454282754,2.0,2.0,sas,control,1.7001082255032411,,3,block,65536,1007,SOURCE_RUN\raw\task-0103-control-sas-N0-s1007-control-2cb1467ba8\arrays.npz,0,direct_control,0.0,control,16.67300613103916,0.006,True
1.5,sas,0.5,1.0,776,14455.154699091405,2.0,2.0,sas,control,1.7466633687827973,,3,block,65536,1007,SOURCE_RUN\raw\task-0103-control-sas-N0-s1007-control-2cb1467ba8\arrays.npz,0,direct_control,0.0,control,10.66477777401839,0.012,True
1.5,sas,0.5,1.0,836,34063.228796308795,2.0,2.0,sas,control,1.5515749108716201,,-1,full,262144,1007,SOURCE_RUN\raw\task-0103-control-sas-N0-s1007-control-2cb1467ba8\arrays.npz,0,direct_control,0.0,control,26.2607294725529,0.003,True
1.5,sas,0.5,1.0,1658,45327.993445337976,2.0,2.0,sas,control,1.6397138246892895,,-1,full,262144,1007,SOURCE_RUN\raw\task-0103-control-sas-N0-s1007-control-2cb1467ba8\arrays.npz,0,direct_control,0.0,control,16.67300613103916,0.006,True
1.5,sas,0.5,1.0,3206,59137.24031388502,2.0,2.0,sas,control,1.729600195214768,,-1,full,262144,1007,SOURCE_RUN\raw\task-0103-control-sas-N0-s1007-control-2cb1467ba8\arrays.npz,0,direct_control,0.0,control,10.66477777401839,0.012,True
1.5,sas,0.5,1.0,403,17005.500451815336,2.0,2.0,sas,control,1.6068583181094602,,-1,nested,131072,1007,SOURCE_RUN\raw\task-0103-control-sas-N0-s1007-control-2cb1467ba8\arrays.npz,0,direct_control,0.0,control,26.2607294725529,0.003,True
1.5,sas,0.5,1.0,826,22555.518152812238,2.0,2.0,sas,control,1.6377923985961247,,-1,nested,131072,1007,SOURCE_RUN\raw\task-0103-control-sas-N0-s1007-control-2cb1467ba8\arrays.npz,0,direct_control,0.0,control,16.67300613103916,0.006,True
1.5,sas,0.5,1.0,1601,29494.5579230741,2.0,2.0,sas,control,1.7274232034572679,,-1,nested,131072,1007,SOURCE_RUN\raw\task-0103-control-sas-N0-s1007-control-2cb1467ba8\arrays.npz,0,direct_control,0.0,control,10.66477777401839,0.012,True
1.5,sas,0.5,1.0,195,8851.250663244258,2.0,2.0,sas,control,1.7284755585224656,,-1,nested,65536,1007,SOURCE_RUN\raw\task-0103-control-sas-N0-s1007-control-2cb1467ba8\arrays.npz,0,direct_control,0.0,control,26.2607294725529,0.003,True
1.5,sas,0.5,1.0,408,11608.287997417749,2.0,2.0,sas,control,1.7064520965546768,,-1,nested,65536,1007,SOURCE_RUN\raw\task-0103-control-sas-N0-s1007-control-2cb1467ba8\arrays.npz,0,direct_control,0.0,control,16.67300613103916,0.006,True
1.5,sas,0.5,1.0,795,15123.017873859053,2.0,2.0,sas,control,1.7836906117836504,,-1,nested,65536,1007,SOURCE_RUN\raw\task-0103-control-sas-N0-s1007-control-2cb1467ba8\arrays.npz,0,direct_control,0.0,control,10.66477777401839,0.012,True
1.5,sas,0.5,1.0,175,10274.031510246927,2.0,2.0,sas,control,2.2356100788626727,,0,block,65536,1008,SOURCE_RUN\raw\task-0104-control-sas-N0-s1008-control-6466f1e4ce\arrays.npz,0,direct_control,0.0,control,26.2607294725529,0.003,True
1.5,sas,0.5,1.0,375,12738.045426393175,2.0,2.0,sas,control,2.0373123400831723,,0,block,65536,1008,SOURCE_RUN\raw\task-0104-control-sas-N0-s1008-control-6466f1e4ce\arrays.npz,0,direct_control,0.0,control,16.67300613103916,0.006,True
1.5,sas,0.5,1.0,807,15988.70145426786,2.0,2.0,sas,control,1.8577524737366122,,0,block,65536,1008,SOURCE_RUN\raw\task-0104-control-sas-N0-s1008-control-6466f1e4ce\arrays.npz,0,direct_control,0.0,control,10.66477777401839,0.012,True
1.5,sas,0.5,1.0,204,10689.820098855931,2.0,2.0,sas,control,1.9954159678134162,,1,block,65536,1008,SOURCE_RUN\raw\task-0104-control-sas-N0-s1008-control-6466f1e4ce\arrays.npz,0,direct_control,0.0,control,26.2607294725529,0.003,True
1.5,sas,0.5,1.0,412,13475.155026090746,2.0,2.0,sas,control,1.9616550668474124,,1,block,65536,1008,SOURCE_RUN\raw\task-0104-control-sas-N0-s1008-control-6466f1e4ce\arrays.npz,0,direct_control,0.0,control,16.67300613103916,0.006,True
1.5,sas,0.5,1.0,816,16924.267773164836,2.0,2.0,sas,control,1.944768533512988,,1,block,65536,1008,SOURCE_RUN\raw\task-0104-control-sas-N0-s1008-control-6466f1e4ce\arrays.npz,0,direct_control,0.0,control,10.66477777401839,0.012,True
1.5,sas,0.5,1.0,177,6762.042355148061,2.0,2.0,sas,control,1.4547817175094022,,2,block,65536,1008,SOURCE_RUN\raw\task-0104-control-sas-N0-s1008-control-6466f1e4ce\arrays.npz,0,direct_control,0.0,control,26.2607294725529,0.003,True
1.5,sas,0.5,1.0,353,9156.913011439518,2.0,2.0,sas,control,1.5558240238516885,,2,block,65536,1008,SOURCE_RUN\raw\task-0104-control-sas-N0-s1008-control-6466f1e4ce\arrays.npz,0,direct_control,0.0,control,16.67300613103916,0.006,True
1.5,sas,0.5,1.0,745,12210.258326089523,2.0,2.0,sas,control,1.5367979379114507,,2,block,65536,1008,SOURCE_RUN\raw\task-0104-control-sas-N0-s1008-control-6466f1e4ce\arrays.npz,0,direct_control,0.0,control,10.66477777401839,0.012,True
1.5,sas,0.5,1.0,197,11175.08581397893,2.0,2.0,sas,control,2.1601198850213237,,3,block,65536,1008,SOURCE_RUN\raw\task-0104-control-sas-N0-s1008-control-6466f1e4ce\arrays.npz,0,direct_control,0.0,control,26.2607294725529,0.003,True
1.5,sas,0.5,1.0,387,13755.874150522624,2.0,2.0,sas,control,2.1318827670568083,,3,block,65536,1008,SOURCE_RUN\raw\task-0104-control-sas-N0-s1008-control-6466f1e4ce\arrays.npz,0,direct_control,0.0,control,16.67300613103916,0.006,True
1.5,sas,0.5,1.0,771,17013.343505881512,2.0,2.0,sas,control,2.0691095361219083,,3,block,65536,1008,SOURCE_RUN\raw\task-0104-control-sas-N0-s1008-control-6466f1e4ce\arrays.npz,0,direct_control,0.0,control,10.66477777401839,0.012,True
1.5,sas,0.5,1.0,753,38900.97977822985,2.0,2.0,sas,control,1.9672464841743287,,-1,full,262144,1008,SOURCE_RUN\raw\task-0104-control-sas-N0-s1008-control-6466f1e4ce\arrays.npz,0,direct_control,0.0,control,26.2607294725529,0.003,True
1.5,sas,0.5,1.0,1527,49125.98761444606,2.0,2.0,sas,control,1.9295602661054054,,-1,full,262144,1008,SOURCE_RUN\raw\task-0104-control-sas-N0-s1008-control-6466f1e4ce\arrays.npz,0,direct_control,0.0,control,16.67300613103916,0.006,True
1.5,sas,0.5,1.0,3139,62136.57105940374,2.0,2.0,sas,control,1.8561119100815757,,-1,full,262144,1008,SOURCE_RUN\raw\task-0104-control-sas-N0-s1008-control-6466f1e4ce\arrays.npz,0,direct_control,0.0,control,10.66477777401839,0.012,True
1.5,sas,0.5,1.0,379,20963.851609102858,2.0,2.0,sas,control,2.1063235388783763,,-1,nested,131072,1008,SOURCE_RUN\raw\task-0104-control-sas-N0-s1008-control-6466f1e4ce\arrays.npz,0,direct_control,0.0,control,26.2607294725529,0.003,True
1.5,sas,0.5,1.0,787,26213.20045248392,2.0,2.0,sas,control,1.997705228808543,,-1,nested,131072,1008,SOURCE_RUN\raw\task-0104-control-sas-N0-s1008-control-6466f1e4ce\arrays.npz,0,direct_control,0.0,control,16.67300613103916,0.006,True
1.5,sas,0.5,1.0,1623,32912.969227432695,2.0,2.0,sas,control,1.9015017681158621,,-1,nested,131072,1008,SOURCE_RUN\raw\task-0104-control-sas-N0-s1008-control-6466f1e4ce\arrays.npz,0,direct_control,0.0,control,10.66477777401839,0.012,True
1.5,sas,0.5,1.0,175,10274.031510246927,2.0,2.0,sas,control,2.2356100788626727,,-1,nested,65536,1008,SOURCE_RUN\raw\task-0104-control-sas-N0-s1008-control-6466f1e4ce\arrays.npz,0,direct_control,0.0,control,26.2607294725529,0.003,True
1.5,sas,0.5,1.0,375,12738.045426393175,2.0,2.0,sas,control,2.0373123400831723,,-1,nested,65536,1008,SOURCE_RUN\raw\task-0104-control-sas-N0-s1008-control-6466f1e4ce\arrays.npz,0,direct_control,0.0,control,16.67300613103916,0.006,True
1.5,sas,0.5,1.0,807,15988.70145426786,2.0,2.0,sas,control,1.8577524737366122,,-1,nested,65536,1008,SOURCE_RUN\raw\task-0104-control-sas-N0-s1008-control-6466f1e4ce\arrays.npz,0,direct_control,0.0,control,10.66477777401839,0.012,True
1.5,sas,0.5,1.0,174,7528.170911202849,2.0,2.0,sas,control,1.6475303974173348,,0,block,65536,1009,SOURCE_RUN\raw\task-0105-control-sas-N0-s1009-control-39b4df34a2\arrays.npz,0,direct_control,0.0,control,26.2607294725529,0.003,True
1.5,sas,0.5,1.0,354,9870.847392918902,2.0,2.0,sas,control,1.672388858875394,,0,block,65536,1009,SOURCE_RUN\raw\task-0105-control-sas-N0-s1009-control-39b4df34a2\arrays.npz,0,direct_control,0.0,control,16.67300613103916,0.006,True
1.5,sas,0.5,1.0,753,12951.297215391467,2.0,2.0,sas,control,1.6127478940543878,,0,block,65536,1009,SOURCE_RUN\raw\task-0105-control-sas-N0-s1009-control-39b4df34a2\arrays.npz,0,direct_control,0.0,control,10.66477777401839,0.012,True
1.5,sas,0.5,1.0,205,10352.048592566003,2.0,2.0,sas,control,1.9229396527349405,,1,block,65536,1009,SOURCE_RUN\raw\task-0105-control-sas-N0-s1009-control-39b4df34a2\arrays.npz,0,direct_control,0.0,control,26.2607294725529,0.003,True
1.5,sas,0.5,1.0,413,13104.486055606078,2.0,2.0,sas,control,1.9030755581826078,,1,block,65536,1009,SOURCE_RUN\raw\task-0105-control-sas-N0-s1009-control-39b4df34a2\arrays.npz,0,direct_control,0.0,control,16.67300613103916,0.006,True
1.5,sas,0.5,1.0,825,16625.21551934066,2.0,2.0,sas,control,1.889563647183863,,1,block,65536,1009,SOURCE_RUN\raw\task-0105-control-sas-N0-s1009-control-39b4df34a2\arrays.npz,0,direct_control,0.0,control,10.66477777401839,0.012,True
1.5,sas,0.5,1.0,190,13950.961797578939,2.0,2.0,sas,control,2.7960424633612306,,2,block,65536,1009,SOURCE_RUN\raw\task-0105-control-sas-N0-s1009-control-39b4df34a2\arrays.npz,0,direct_control,0.0,control,26.2607294725529,0.003,True
1.5,sas,0.5,1.0,380,16573.870907362943,2.0,2.0,sas,control,2.615931968922026,,2,block,65536,1009,SOURCE_RUN\raw\task-0105-control-sas-N0-s1009-control-39b4df34a2\arrays.npz,0,direct_control,0.0,control,16.67300613103916,0.006,True
1.5,sas,0.5,1.0,794,19846.08470148706,2.0,2.0,sas,control,2.3437027402909134,,2,block,65536,1009,SOURCE_RUN\raw\task-0105-control-sas-N0-s1009-control-39b4df34a2\arrays.npz,0,direct_control,0.0,control,10.66477777401839,0.012,True
1.5,sas,0.5,1.0,184,13230.297311484144,2.0,2.0,sas,control,2.738072825108649,,3,block,65536,1009,SOURCE_RUN\raw\task-0105-control-sas-N0-s1009-control-39b4df34a2\arrays.npz,0,direct_control,0.0,control,26.2607294725529,0.003,True
1.5,sas,0.5,1.0,364,15643.93165539053,2.0,2.0,sas,control,2.577689582809937,,3,block,65536,1009,SOURCE_RUN\raw\task-0105-control-sas-N0-s1009-control-39b4df34a2\arrays.npz,0,direct_control,0.0,control,16.67300613103916,0.006,True
1.5,sas,0.5,1.0,755,18821.56000693624,2.0,2.0,sas,control,2.3375281773771395,,3,block,65536,1009,SOURCE_RUN\raw\task-0105-control-sas-N0-s1009-control-39b4df34a2\arrays.npz,0,direct_control,0.0,control,10.66477777401839,0.012,True
1.5,sas,0.5,1.0,753,45061.47861283194,2.0,2.0,sas,control,2.278786700956048,,-1,full,262144,1009,SOURCE_RUN\raw\task-0105-control-sas-N0-s1009-control-39b4df34a2\arrays.npz,0,direct_control,0.0,control,26.2607294725529,0.003,True
1.5,sas,0.5,1.0,1511,55193.13601127845,2.0,2.0,sas,control,2.190819998613166,,-1,full,262144,1009,SOURCE_RUN\raw\task-0105-control-sas-N0-s1009-control-39b4df34a2\arrays.npz,0,direct_control,0.0,control,16.67300613103916,0.006,True
1.5,sas,0.5,1.0,3127,68244.15744315543,2.0,2.0,sas,control,2.0463776536170024,,-1,full,262144,1009,SOURCE_RUN\raw\task-0105-control-sas-N0-s1009-control-39b4df34a2\arrays.npz,0,direct_control,0.0,control,10.66477777401839,0.012,True
1.5,sas,0.5,1.0,379,17880.21950376885,2.0,2.0,sas,control,1.7964984642777808,,-1,nested,131072,1009,SOURCE_RUN\raw\task-0105-control-sas-N0-s1009-control-39b4df34a2\arrays.npz,0,direct_control,0.0,control,26.2607294725529,0.003,True
1.5,sas,0.5,1.0,767,22975.333448524976,2.0,2.0,sas,control,1.7966047738869702,,-1,nested,131072,1009,SOURCE_RUN\raw\task-0105-control-sas-N0-s1009-control-39b4df34a2\arrays.npz,0,direct_control,0.0,control,16.67300613103916,0.006,True
1.5,sas,0.5,1.0,1578,29576.51273473213,2.0,2.0,sas,control,1.7574709589034478,,-1,nested,131072,1009,SOURCE_RUN\raw\task-0105-control-sas-N0-s1009-control-39b4df34a2\arrays.npz,0,direct_control,0.0,control,10.66477777401839,0.012,True
1.5,sas,0.5,1.0,174,7528.170911202849,2.0,2.0,sas,control,1.6475303974173348,,-1,nested,65536,1009,SOURCE_RUN\raw\task-0105-control-sas-N0-s1009-control-39b4df34a2\arrays.npz,0,direct_control,0.0,control,26.2607294725529,0.003,True
1.5,sas,0.5,1.0,354,9870.847392918902,2.0,2.0,sas,control,1.672388858875394,,-1,nested,65536,1009,SOURCE_RUN\raw\task-0105-control-sas-N0-s1009-control-39b4df34a2\arrays.npz,0,direct_control,0.0,control,16.67300613103916,0.006,True
1.5,sas,0.5,1.0,753,12951.297215391467,2.0,2.0,sas,control,1.6127478940543878,,-1,nested,65536,1009,SOURCE_RUN\raw\task-0105-control-sas-N0-s1009-control-39b4df34a2\arrays.npz,0,direct_control,0.0,control,10.66477777401839,0.012,True
1.5,sas,0.5,1.0,187,7219.835814568911,2.0,2.0,sas,control,1.4702084994190454,,0,block,65536,1010,SOURCE_RUN\raw\task-0106-control-sas-N0-s1010-control-77519141da\arrays.npz,0,direct_control,0.0,control,26.2607294725529,0.003,True
1.5,sas,0.5,1.0,383,9790.376564143937,2.0,2.0,sas,control,1.5331572901517876,,0,block,65536,1010,SOURCE_RUN\raw\task-0106-control-sas-N0-s1010-control-77519141da\arrays.npz,0,direct_control,0.0,control,16.67300613103916,0.006,True
1.5,sas,0.5,1.0,800,13073.04904317643,2.0,2.0,sas,control,1.5322692746379922,,0,block,65536,1010,SOURCE_RUN\raw\task-0106-control-sas-N0-s1010-control-77519141da\arrays.npz,0,direct_control,0.0,control,10.66477777401839,0.012,True
1.5,sas,0.5,1.0,182,13481.129183165996,2.0,2.0,sas,control,2.820642832730995,,1,block,65536,1010,SOURCE_RUN\raw\task-0106-control-sas-N0-s1010-control-77519141da\arrays.npz,0,direct_control,0.0,control,26.2607294725529,0.003,True
1.5,sas,0.5,1.0,381,16017.58014823376,2.0,2.0,sas,control,2.5214944711890532,,1,block,65536,1010,SOURCE_RUN\raw\task-0106-control-sas-N0-s1010-control-77519141da\arrays.npz,0,direct_control,0.0,control,16.67300613103916,0.006,True
1.5,sas,0.5,1.0,793,19276.895266918393,2.0,2.0,sas,control,2.2793556307361325,,1,block,65536,1010,SOURCE_RUN\raw\task-0106-control-sas-N0-s1010-control-77519141da\arrays.npz,0,direct_control,0.0,control,10.66477777401839,0.012,True
1.5,sas,0.5,1.0,217,14386.73247172023,2.0,2.0,sas,control,2.5246178477480914,,2,block,65536,1010,SOURCE_RUN\raw\task-0106-control-sas-N0-s1010-control-77519141da\arrays.npz,0,direct_control,0.0,control,26.2607294725529,0.003,True
1.5,sas,0.5,1.0,407,17170.406350737798,2.0,2.0,sas,control,2.5303013901587272,,2,block,65536,1010,SOURCE_RUN\raw\task-0106-control-sas-N0-s1010-control-77519141da\arrays.npz,0,direct_control,0.0,control,16.67300613103916,0.006,True
1.5,sas,0.5,1.0,798,20518.306358097994,2.0,2.0,sas,control,2.410942253166558,,2,block,65536,1010,SOURCE_RUN\raw\task-0106-control-sas-N0-s1010-control-77519141da\arrays.npz,0,direct_control,0.0,control,10.66477777401839,0.012,True
1.5,sas,0.5,1.0,192,8415.734502118738,2.0,2.0,sas,control,1.6691063581337506,,3,block,65536,1010,SOURCE_RUN\raw\task-0106-control-sas-N0-s1010-control-77519141da\arrays.npz,0,direct_control,0.0,control,26.2607294725529,0.003,True
1.5,sas,0.5,1.0,395,11051.797119383076,2.0,2.0,sas,control,1.6781156915393165,,3,block,65536,1010,SOURCE_RUN\raw\task-0106-control-sas-N0-s1010-control-77519141da\arrays.npz,0,direct_control,0.0,control,16.67300613103916,0.006,True
1.5,sas,0.5,1.0,782,14416.506624696567,2.0,2.0,sas,control,1.7286277179892513,,3,block,65536,1010,SOURCE_RUN\raw\task-0106-control-sas-N0-s1010-control-77519141da\arrays.npz,0,direct_control,0.0,control,10.66477777401839,0.012,True
1.5,sas,0.5,1.0,778,43503.431971573875,2.0,2.0,sas,control,2.129301386467119,,-1,full,262144,1010,SOURCE_RUN\raw\task-0106-control-sas-N0-s1010-control-77519141da\arrays.npz,0,direct_control,0.0,control,26.2607294725529,0.003,True
1.5,sas,0.5,1.0,1566,54030.16018249857,2.0,2.0,sas,control,2.0693339716499337,,-1,full,262144,1010,SOURCE_RUN\raw\task-0106-control-sas-N0-s1010-control-77519141da\arrays.npz,0,direct_control,0.0,control,16.67300613103916,0.006,True
1.5,sas,0.5,1.0,3173,67284.75729288938,2.0,2.0,sas,control,1.988359038253594,,-1,full,262144,1010,SOURCE_RUN\raw\task-0106-control-sas-N0-s1010-control-77519141da\arrays.npz,0,direct_control,0.0,control,10.66477777401839,0.012,True
1.5,sas,0.5,1.0,369,20700.96499773491,2.0,2.0,sas,control,2.136276381973991,,-1,nested,131072,1010,SOURCE_RUN\raw\task-0106-control-sas-N0-s1010-control-77519141da\arrays.npz,0,direct_control,0.0,control,26.2607294725529,0.003,True
1.5,sas,0.5,1.0,764,25807.956712377698,2.0,2.0,sas,control,2.026032245616707,,-1,nested,131072,1010,SOURCE_RUN\raw\task-0106-control-sas-N0-s1010-control-77519141da\arrays.npz,0,direct_control,0.0,control,16.67300613103916,0.006,True
1.5,sas,0.5,1.0,1593,32349.94431009482,2.0,2.0,sas,control,1.9041710200151578,,-1,nested,131072,1010,SOURCE_RUN\raw\task-0106-control-sas-N0-s1010-control-77519141da\arrays.npz,0,direct_control,0.0,control,10.66477777401839,0.012,True
1.5,sas,0.5,1.0,187,7219.835814568911,2.0,2.0,sas,control,1.4702084994190454,,-1,nested,65536,1010,SOURCE_RUN\raw\task-0106-control-sas-N0-s1010-control-77519141da\arrays.npz,0,direct_control,0.0,control,26.2607294725529,0.003,True
1.5,sas,0.5,1.0,383,9790.376564143937,2.0,2.0,sas,control,1.5331572901517876,,-1,nested,65536,1010,SOURCE_RUN\raw\task-0106-control-sas-N0-s1010-control-77519141da\arrays.npz,0,direct_control,0.0,control,16.67300613103916,0.006,True
1.5,sas,0.5,1.0,800,13073.04904317643,2.0,2.0,sas,control,1.5322692746379922,,-1,nested,65536,1010,SOURCE_RUN\raw\task-0106-control-sas-N0-s1010-control-77519141da\arrays.npz,0,direct_control,0.0,control,10.66477777401839,0.012,True
1.5,sas,0.5,1.0,223,19582.91109669451,2.0,2.0,sas,control,3.343994877218071,,0,block,65536,1011,SOURCE_RUN\raw\task-0107-control-sas-N0-s1011-control-7852dea5b5\arrays.npz,0,direct_control,0.0,control,26.2607294725529,0.003,True
1.5,sas,0.5,1.0,417,22489.955512306482,2.0,2.0,sas,control,3.2347344328930934,,0,block,65536,1011,SOURCE_RUN\raw\task-0107-control-sas-N0-s1011-control-7852dea5b5\arrays.npz,0,direct_control,0.0,control,16.67300613103916,0.006,True
1.5,sas,0.5,1.0,831,25999.580378259026,2.0,2.0,sas,control,2.9336851641738164,,0,block,65536,1011,SOURCE_RUN\raw\task-0107-control-sas-N0-s1011-control-7852dea5b5\arrays.npz,0,direct_control,0.0,control,10.66477777401839,0.012,True
1.5,sas,0.5,1.0,193,7916.5428488214675,2.0,2.0,sas,control,1.5619656252320155,,1,block,65536,1011,SOURCE_RUN\raw\task-0107-control-sas-N0-s1011-control-7852dea5b5\arrays.npz,0,direct_control,0.0,control,26.2607294725529,0.003,True
1.5,sas,0.5,1.0,391,10509.545845794939,2.0,2.0,sas,control,1.612104839731032,,1,block,65536,1011,SOURCE_RUN\raw\task-0107-control-sas-N0-s1011-control-7852dea5b5\arrays.npz,0,direct_control,0.0,control,16.67300613103916,0.006,True
1.5,sas,0.5,1.0,786,13830.424463806281,2.0,2.0,sas,control,1.6499134112745923,,1,block,65536,1011,SOURCE_RUN\raw\task-0107-control-sas-N0-s1011-control-7852dea5b5\arrays.npz,0,direct_control,0.0,control,10.66477777401839,0.012,True
1.5,sas,0.5,1.0,167,5990.733664099521,2.0,2.0,sas,control,1.3660190478999406,,2,block,65536,1011,SOURCE_RUN\raw\task-0107-control-sas-N0-s1011-control-7852dea5b5\arrays.npz,0,direct_control,0.0,control,26.2607294725529,0.003,True
1.5,sas,0.5,1.0,361,8339.32547999841,2.0,2.0,sas,control,1.3855104722434226,,2,block,65536,1011,SOURCE_RUN\raw\task-0107-control-sas-N0-s1011-control-7852dea5b5\arrays.npz,0,direct_control,0.0,control,16.67300613103916,0.006,True
1.5,sas,0.5,1.0,732,11365.659742294425,2.0,2.0,sas,control,1.45590071358703,,2,block,65536,1011,SOURCE_RUN\raw\task-0107-control-sas-N0-s1011-control-7852dea5b5\arrays.npz,0,direct_control,0.0,control,10.66477777401839,0.012,True
1.5,sas,0.5,1.0,188,7306.301152657605,2.0,2.0,sas,control,1.4799019213886238,,3,block,65536,1011,SOURCE_RUN\raw\task-0107-control-sas-N0-s1011-control-7852dea5b5\arrays.npz,0,direct_control,0.0,control,26.2607294725529,0.003,True
1.5,sas,0.5,1.0,381,9921.278858396074,2.0,2.0,sas,control,1.5618120563191986,,3,block,65536,1011,SOURCE_RUN\raw\task-0107-control-sas-N0-s1011-control-7852dea5b5\arrays.npz,0,direct_control,0.0,control,16.67300613103916,0.006,True
1.5,sas,0.5,1.0,743,13131.822951188775,2.0,2.0,sas,control,1.6572361366083694,,3,block,65536,1011,SOURCE_RUN\raw\task-0107-control-sas-N0-s1011-control-7852dea5b5\arrays.npz,0,direct_control,0.0,control,10.66477777401839,0.012,True
1.5,sas,0.5,1.0,771,40796.488762273104,2.0,2.0,sas,control,2.014937698456239,,-1,full,262144,1011,SOURCE_RUN\raw\task-0107-control-sas-N0-s1011-control-7852dea5b5\arrays.npz,0,direct_control,0.0,control,26.2607294725529,0.003,True
1.5,sas,0.5,1.0,1550,51260.1056964959,2.0,2.0,sas,control,1.9835076934120923,,-1,full,262144,1011,SOURCE_RUN\raw\task-0107-control-sas-N0-s1011-control-7852dea5b5\arrays.npz,0,direct_control,0.0,control,16.67300613103916,0.006,True
1.5,sas,0.5,1.0,3092,64327.48753554851,2.0,2.0,sas,control,1.9507665215187568,,-1,full,262144,1011,SOURCE_RUN\raw\task-0107-control-sas-N0-s1011-control-7852dea5b5\arrays.npz,0,direct_control,0.0,control,10.66477777401839,0.012,True
1.5,sas,0.5,1.0,416,27499.45394551598,2.0,2.0,sas,control,2.5172361136764634,,-1,nested,131072,1011,SOURCE_RUN\raw\task-0107-control-sas-N0-s1011-control-7852dea5b5\arrays.npz,0,direct_control,0.0,control,26.2607294725529,0.003,True
1.5,sas,0.5,1.0,808,32999.50135810142,2.0,2.0,sas,control,2.449526300558482,,-1,nested,131072,1011,SOURCE_RUN\raw\task-0107-control-sas-N0-s1011-control-7852dea5b5\arrays.npz,0,direct_control,0.0,control,16.67300613103916,0.006,True
1.5,sas,0.5,1.0,1617,39830.004842065304,2.0,2.0,sas,control,2.3096625310391286,,-1,nested,131072,1011,SOURCE_RUN\raw\task-0107-control-sas-N0-s1011-control-7852dea5b5\arrays.npz,0,direct_control,0.0,control,10.66477777401839,0.012,True
1.5,sas,0.5,1.0,223,19582.91109669451,2.0,2.0,sas,control,3.343994877218071,,-1,nested,65536,1011,SOURCE_RUN\raw\task-0107-control-sas-N0-s1011-control-7852dea5b5\arrays.npz,0,direct_control,0.0,control,26.2607294725529,0.003,True
1.5,sas,0.5,1.0,417,22489.955512306482,2.0,2.0,sas,control,3.2347344328930934,,-1,nested,65536,1011,SOURCE_RUN\raw\task-0107-control-sas-N0-s1011-control-7852dea5b5\arrays.npz,0,direct_control,0.0,control,16.67300613103916,0.006,True
1.5,sas,0.5,1.0,831,25999.580378259026,2.0,2.0,sas,control,2.9336851641738164,,-1,nested,65536,1011,SOURCE_RUN\raw\task-0107-control-sas-N0-s1011-control-7852dea5b5\arrays.npz,0,direct_control,0.0,control,10.66477777401839,0.012,True
1.5,,0.5,0.5,88,13181.296699214343,2.0,2.0,stable,primary,1.7044689336754566,,0,block,65536,1000,SOURCE_RUN\raw\task-0000-dynamic-stable-nu1p2-N80-s1000-primary-8b8772925f\arrays.npz,80,student_t,1.2,dynamic,87.87925642509406,0.003,True
1.5,,0.5,0.5,163,16953.338688599863,2.0,2.0,stable,primary,1.8641211600772287,,0,block,65536,1000,SOURCE_RUN\raw\task-0000-dynamic-stable-nu1p2-N80-s1000-primary-8b8772925f\arrays.npz,80,student_t,1.2,dynamic,55.79477076972139,0.006,True
1.5,,0.5,0.5,316,21514.84587056394,2.0,2.0,stable,primary,1.907742515919387,,0,block,65536,1000,SOURCE_RUN\raw\task-0000-dynamic-stable-nu1p2-N80-s1000-primary-8b8772925f\arrays.npz,80,student_t,1.2,dynamic,35.68875501722672,0.012,True
1.5,,0.5,0.5,85,14979.45848103465,2.0,2.0,stable,primary,2.005352918029101,,1,block,65536,1000,SOURCE_RUN\raw\task-0000-dynamic-stable-nu1p2-N80-s1000-primary-8b8772925f\arrays.npz,80,student_t,1.2,dynamic,87.87925642509406,0.003,True
1.5,,0.5,0.5,165,18730.83847012146,2.0,2.0,stable,primary,2.034603450935876,,1,block,65536,1000,SOURCE_RUN\raw\task-0000-dynamic-stable-nu1p2-N80-s1000-primary-8b8772925f\arrays.npz,80,student_t,1.2,dynamic,55.79477076972139,0.006,True
1.5,,0.5,0.5,284,23089.9608882015,2.0,2.0,stable,primary,2.278103541145211,,1,block,65536,1000,SOURCE_RUN\raw\task-0000-dynamic-stable-nu1p2-N80-s1000-primary-8b8772925f\arrays.npz,80,student_t,1.2,dynamic,35.68875501722672,0.012,True
1.5,,0.5,0.5,82,30851.69529201103,2.0,2.0,stable,primary,4.28133101932464,,2,block,65536,1000,SOURCE_RUN\raw\task-0000-dynamic-stable-nu1p2-N80-s1000-primary-8b8772925f\arrays.npz,80,student_t,1.2,dynamic,87.87925642509406,0.003,True
1.5,,0.5,0.5,153,34484.624291378204,2.0,2.0,stable,primary,4.039620526107655,,2,block,65536,1000,SOURCE_RUN\raw\task-0000-dynamic-stable-nu1p2-N80-s1000-primary-8b8772925f\arrays.npz,80,student_t,1.2,dynamic,55.79477076972139,0.006,True
1.5,,0.5,0.5,286,38733.09049762571,2.0,2.0,stable,primary,3.7947635407837375,,2,block,65536,1000,SOURCE_RUN\raw\task-0000-dynamic-stable-nu1p2-N80-s1000-primary-8b8772925f\arrays.npz,80,student_t,1.2,dynamic,35.68875501722672,0.012,True
1.5,,0.5,0.5,100,15762.818558779438,2.0,2.0,stable,primary,1.7936904794153834,,3,block,65536,1000,SOURCE_RUN\raw\task-0000-dynamic-stable-nu1p2-N80-s1000-primary-8b8772925f\arrays.npz,80,student_t,1.2,dynamic,87.87925642509406,0.003,True
1.5,,0.5,0.5,164,19749.101029037563,2.0,2.0,stable,primary,2.1582909307942524,,3,block,65536,1000,SOURCE_RUN\raw\task-0000-dynamic-stable-nu1p2-N80-s1000-primary-8b8772925f\arrays.npz,80,student_t,1.2,dynamic,55.79477076972139,0.006,True
1.5,,0.5,0.5,295,24135.612146098007,2.0,2.0,stable,primary,2.2924765617086034,,3,block,65536,1000,SOURCE_RUN\raw\task-0000-dynamic-stable-nu1p2-N80-s1000-primary-8b8772925f\arrays.npz,80,student_t,1.2,dynamic,35.68875501722672,0.012,True
1.5,,0.5,0.5,355,74775.26903103947,2.0,2.0,stable,primary,2.3968632555551346,,-1,full,262144,1000,SOURCE_RUN\raw\task-0000-dynamic-stable-nu1p2-N80-s1000-primary-8b8772925f\arrays.npz,80,student_t,1.2,dynamic,87.87925642509406,0.003,True
1.5,,0.5,0.5,645,89917.90247913709,2.0,2.0,stable,primary,2.498578250607343,,-1,full,262144,1000,SOURCE_RUN\raw\task-0000-dynamic-stable-nu1p2-N80-s1000-primary-8b8772925f\arrays.npz,80,student_t,1.2,dynamic,55.79477076972139,0.006,True
1.5,,0.5,0.5,1181,107473.50940248914,2.0,2.0,stable,primary,2.5498823023572843,,-1,full,262144,1000,SOURCE_RUN\raw\task-0000-dynamic-stable-nu1p2-N80-s1000-primary-8b8772925f\arrays.npz,80,student_t,1.2,dynamic,35.68875501722672,0.012,True
1.5,,0.5,0.5,173,28160.75518024899,2.0,2.0,stable,primary,1.852302105178692,,-1,nested,131072,1000,SOURCE_RUN\raw\task-0000-dynamic-stable-nu1p2-N80-s1000-primary-8b8772925f\arrays.npz,80,student_t,1.2,dynamic,87.87925642509406,0.003,True
1.5,,0.5,0.5,328,35684.177158721315,2.0,2.0,stable,primary,1.949882068588438,,-1,nested,131072,1000,SOURCE_RUN\raw\task-0000-dynamic-stable-nu1p2-N80-s1000-primary-8b8772925f\arrays.npz,80,student_t,1.2,dynamic,55.79477076972139,0.006,True
1.5,,0.5,0.5,600,44604.80675876544,2.0,2.0,stable,primary,2.083046734526277,,-1,nested,131072,1000,SOURCE_RUN\raw\task-0000-dynamic-stable-nu1p2-N80-s1000-primary-8b8772925f\arrays.npz,80,student_t,1.2,dynamic,35.68875501722672,0.012,True
1.5,,0.5,0.5,88,13181.296699214343,2.0,2.0,stable,primary,1.7044689336754566,,-1,nested,65536,1000,SOURCE_RUN\raw\task-0000-dynamic-stable-nu1p2-N80-s1000-primary-8b8772925f\arrays.npz,80,student_t,1.2,dynamic,87.87925642509406,0.003,True
1.5,,0.5,0.5,163,16953.338688599863,2.0,2.0,stable,primary,1.8641211600772287,,-1,nested,65536,1000,SOURCE_RUN\raw\task-0000-dynamic-stable-nu1p2-N80-s1000-primary-8b8772925f\arrays.npz,80,student_t,1.2,dynamic,55.79477076972139,0.006,True
1.5,,0.5,0.5,316,21514.84587056394,2.0,2.0,stable,primary,1.907742515919387,,-1,nested,65536,1000,SOURCE_RUN\raw\task-0000-dynamic-stable-nu1p2-N80-s1000-primary-8b8772925f\arrays.npz,80,student_t,1.2,dynamic,35.68875501722672,0.012,True
1.5,,0.5,0.5,99,24776.640333141488,2.0,2.0,stable,primary,2.8478745093556768,,0,block,65536,1001,SOURCE_RUN\raw\task-0001-dynamic-stable-nu1p2-N80-s1001-primary-c05ec0b1f8\arrays.npz,80,student_t,1.2,dynamic,87.87925642509406,0.003,True
1.5,,0.5,0.5,166,28770.961730162253,2.0,2.0,stable,primary,3.1063672128445945,,0,block,65536,1001,SOURCE_RUN\raw\task-0001-dynamic-stable-nu1p2-N80-s1001-primary-c05ec0b1f8\arrays.npz,80,student_t,1.2,dynamic,55.79477076972139,0.006,True
1.5,,0.5,0.5,308,33252.01843875357,2.0,2.0,stable,primary,3.0250732695777676,,0,block,65536,1001,SOURCE_RUN\raw\task-0001-dynamic-stable-nu1p2-N80-s1001-primary-c05ec0b1f8\arrays.npz,80,student_t,1.2,dynamic,35.68875501722672,0.012,True
1.5,,0.5,0.5,76,12993.255799012504,2.0,2.0,stable,primary,1.9454408133049563,,1,block,65536,1001,SOURCE_RUN\raw\task-0001-dynamic-stable-nu1p2-N80-s1001-primary-c05ec0b1f8\arrays.npz,80,student_t,1.2,dynamic,87.87925642509406,0.003,True
1.5,,0.5,0.5,151,16344.132322608404,2.0,2.0,stable,primary,1.9399539672171306,,1,block,65536,1001,SOURCE_RUN\raw\task-0001-dynamic-stable-nu1p2-N80-s1001-primary-c05ec0b1f8\arrays.npz,80,student_t,1.2,dynamic,55.79477076972139,0.006,True
1.5,,0.5,0.5,290,20508.91330903925,2.0,2.0,stable,primary,1.981587496865294,,1,block,65536,1001,SOURCE_RUN\raw\task-0001-dynamic-stable-nu1p2-N80-s1001-primary-c05ec0b1f8\arrays.npz,80,student_t,1.2,dynamic,35.68875501722672,0.012,True
1.5,,0.5,0.5,91,9772.20396677218,2.0,2.0,stable,primary,1.2219818549471908,,2,block,65536,1001,SOURCE_RUN\raw\task-0001-dynamic-stable-nu1p2-N80-s1001-primary-c05ec0b1f8\arrays.npz,80,student_t,1.2,dynamic,87.87925642509406,0.003,True
1.5,,0.5,0.5,176,13701.401357502273,2.0,2.0,stable,primary,1.3952718198403573,,2,block,65536,1001,SOURCE_RUN\raw\task-0001-dynamic-stable-nu1p2-N80-s1001-primary-c05ec0b1f8\arrays.npz,80,student_t,1.2,dynamic,55.79477076972139,0.006,True
1.5,,0.5,0.5,315,18423.21025684819,2.0,2.0,stable,primary,1.6387901942654222,,2,block,65536,1001,SOURCE_RUN\raw\task-0001-dynamic-stable-nu1p2-N80-s1001-primary-c05ec0b1f8\arrays.npz,80,student_t,1.2,dynamic,35.68875501722672,0.012,True
1.5,,0.5,0.5,85,28474.213710918182,2.0,2.0,stable,primary,3.811943377397044,,3,block,65536,1001,SOURCE_RUN\raw\task-0001-dynamic-stable-nu1p2-N80-s1001-primary-c05ec0b1f8\arrays.npz,80,student_t,1.2,dynamic,87.87925642509406,0.003,True
1.5,,0.5,0.5,156,32149.52948826411,2.0,2.0,stable,primary,3.6936566750931306,,3,block,65536,1001,SOURCE_RUN\raw\task-0001-dynamic-stable-nu1p2-N80-s1001-primary-c05ec0b1f8\arrays.npz,80,student_t,1.2,dynamic,55.79477076972139,0.006,True
1.5,,0.5,0.5,307,36644.04385877149,2.0,2.0,stable,primary,3.3445186396316733,,3,block,65536,1001,SOURCE_RUN\raw\task-0001-dynamic-stable-nu1p2-N80-s1001-primary-c05ec0b1f8\arrays.npz,80,student_t,1.2,dynamic,35.68875501722672,0.012,True
1.5,,0.5,0.5,351,76016.31380984435,2.0,2.0,stable,primary,2.464412006029435,,-1,full,262144,1001,SOURCE_RUN\raw\task-0001-dynamic-stable-nu1p2-N80-s1001-primary-c05ec0b1f8\arrays.npz,80,student_t,1.2,dynamic,87.87925642509406,0.003,True
1.5,,0.5,0.5,649,90966.02489853703,2.0,2.0,stable,primary,2.512123710305733,,-1,full,262144,1001,SOURCE_RUN\raw\task-0001-dynamic-stable-nu1p2-N80-s1001-primary-c05ec0b1f8\arrays.npz,80,student_t,1.2,dynamic,55.79477076972139,0.006,True
1.5,,0.5,0.5,1220,108828.1858634125,2.0,2.0,stable,primary,2.499482848099524,,-1,full,262144,1001,SOURCE_RUN\raw\task-0001-dynamic-stable-nu1p2-N80-s1001-primary-c05ec0b1f8\arrays.npz,80,student_t,1.2,dynamic,35.68875501722672,0.012,True
1.5,,0.5,0.5,175,37769.89613215399,2.0,2.0,stable,primary,2.455960447070792,,-1,nested,131072,1001,SOURCE_RUN\raw\task-0001-dynamic-stable-nu1p2-N80-s1001-primary-c05ec0b1f8\arrays.npz,80,student_t,1.2,dynamic,87.87925642509406,0.003,True
1.5,,0.5,0.5,317,45115.094052770655,2.0,2.0,stable,primary,2.550757117924257,,-1,nested,131072,1001,SOURCE_RUN\raw\task-0001-dynamic-stable-nu1p2-N80-s1001-primary-c05ec0b1f8\arrays.npz,80,student_t,1.2,dynamic,55.79477076972139,0.006,True
1.5,,0.5,0.5,598,53760.93174779283,2.0,2.0,stable,primary,2.5190350185968025,,-1,nested,131072,1001,SOURCE_RUN\raw\task-0001-dynamic-stable-nu1p2-N80-s1001-primary-c05ec0b1f8\arrays.npz,80,student_t,1.2,dynamic,35.68875501722672,0.012,True
1.5,,0.5,0.5,99,24776.640333141488,2.0,2.0,stable,primary,2.8478745093556768,,-1,nested,65536,1001,SOURCE_RUN\raw\task-0001-dynamic-stable-nu1p2-N80-s1001-primary-c05ec0b1f8\arrays.npz,80,student_t,1.2,dynamic,87.87925642509406,0.003,True
1.5,,0.5,0.5,166,28770.961730162253,2.0,2.0,stable,primary,3.1063672128445945,,-1,nested,65536,1001,SOURCE_RUN\raw\task-0001-dynamic-stable-nu1p2-N80-s1001-primary-c05ec0b1f8\arrays.npz,80,student_t,1.2,dynamic,55.79477076972139,0.006,True
1.5,,0.5,0.5,308,33252.01843875357,2.0,2.0,stable,primary,3.0250732695777676,,-1,nested,65536,1001,SOURCE_RUN\raw\task-0001-dynamic-stable-nu1p2-N80-s1001-primary-c05ec0b1f8\arrays.npz,80,student_t,1.2,dynamic,35.68875501722672,0.012,True
1.5,,0.5,0.5,91,19794.4360467929,2.0,2.0,stable,primary,2.475228900291069,,0,block,65536,1002,SOURCE_RUN\raw\task-0002-dynamic-stable-nu1p2-N80-s1002-primary-349a74073c\arrays.npz,80,student_t,1.2,dynamic,87.87925642509406,0.003,True
1.5,,0.5,0.5,172,23709.111213805125,2.0,2.0,stable,primary,2.4705481884067346,,0,block,65536,1002,SOURCE_RUN\raw\task-0002-dynamic-stable-nu1p2-N80-s1002-primary-349a74073c\arrays.npz,80,student_t,1.2,dynamic,55.79477076972139,0.006,True
1.5,,0.5,0.5,323,28447.25980315814,2.0,2.0,stable,primary,2.467780446024851,,0,block,65536,1002,SOURCE_RUN\raw\task-0002-dynamic-stable-nu1p2-N80-s1002-primary-349a74073c\arrays.npz,80,student_t,1.2,dynamic,35.68875501722672,0.012,True
1.5,,0.5,0.5,100,24709.737515730696,2.0,2.0,stable,primary,2.8117827256302084,,1,block,65536,1002,SOURCE_RUN\raw\task-0002-dynamic-stable-nu1p2-N80-s1002-primary-349a74073c\arrays.npz,80,student_t,1.2,dynamic,87.87925642509406,0.003,True
1.5,,0.5,0.5,180,28974.032125449405,2.0,2.0,stable,primary,2.884980848935377,,1,block,65536,1002,SOURCE_RUN\raw\task-0002-dynamic-stable-nu1p2-N80-s1002-primary-349a74073c\arrays.npz,80,student_t,1.2,dynamic,55.79477076972139,0.006,True
1.5,,0.5,0.5,341,33857.097974846125,2.0,2.0,stable,primary,2.782043736119804,,1,block,65536,1002,SOURCE_RUN\raw\task-0002-dynamic-stable-nu1p2-N80-s1002-primary-349a74073c\arrays.npz,80,student_t,1.2,dynamic,35.68875501722672,0.012,True
1.5,,0.5,0.5,80,16361.965443484914,2.0,2.0,stable,primary,2.3273361241727475,,2,block,65536,1002,SOURCE_RUN\raw\task-0002-dynamic-stable-nu1p2-N80-s1002-primary-349a74073c\arrays.npz,80,student_t,1.2,dynamic,87.87925642509406,0.003,True
1.5,,0.5,0.5,164,20098.28859242885,2.0,2.0,stable,primary,2.1964520779829497,,2,block,65536,1002,SOURCE_RUN\raw\task-0002-dynamic-stable-nu1p2-N80-s1002-primary-349a74073c\arrays.npz,80,student_t,1.2,dynamic,55.79477076972139,0.006,True
1.5,,0.5,0.5,295,24570.19714249055,2.0,2.0,stable,primary,2.3337548152813508,,2,block,65536,1002,SOURCE_RUN\raw\task-0002-dynamic-stable-nu1p2-N80-s1002-primary-349a74073c\arrays.npz,80,student_t,1.2,dynamic,35.68875501722672,0.012,True
1.5,,0.5,0.5,82,9861.926941846035,2.0,2.0,stable,primary,1.368552791890569,,3,block,65536,1002,SOURCE_RUN\raw\task-0002-dynamic-stable-nu1p2-N80-s1002-primary-349a74073c\arrays.npz,80,student_t,1.2,dynamic,87.87925642509406,0.003,True
1.5,,0.5,0.5,155,13578.020867161984,2.0,2.0,stable,primary,1.5700420203964742,,3,block,65536,1002,SOURCE_RUN\raw\task-0002-dynamic-stable-nu1p2-N80-s1002-primary-349a74073c\arrays.npz,80,student_t,1.2,dynamic,55.79477076972139,0.006,True
1.5,,0.5,0.5,304,18009.830658421884,2.0,2.0,stable,primary,1.6599868496216974,,3,block,65536,1002,SOURCE_RUN\raw\task-0002-dynamic-stable-nu1p2-N80-s1002-primary-349a74073c\arrays.npz,80,student_t,1.2,dynamic,35.68875501722672,0.012,True
1.5,,0.5,0.5,353,70728.06594785456,2.0,2.0,stable,primary,2.2799782474740926,,-1,full,262144,1002,SOURCE_RUN\raw\task-0002-dynamic-stable-nu1p2-N80-s1002-primary-349a74073c\arrays.npz,80,student_t,1.2,dynamic,87.87925642509406,0.003,True
1.5,,0.5,0.5,671,86359.45279884536,2.0,2.0,stable,primary,2.3067145978613763,,-1,full,262144,1002,SOURCE_RUN\raw\task-0002-dynamic-stable-nu1p2-N80-s1002-primary-349a74073c\arrays.npz,80,student_t,1.2,dynamic,55.79477076972139,0.006,True
1.5,,0.5,0.5,1263,104884.3855789167,2.0,2.0,stable,primary,2.326891267518507,,-1,full,262144,1002,SOURCE_RUN\raw\task-0002-dynamic-stable-nu1p2-N80-s1002-primary-349a74073c\arrays.npz,80,student_t,1.2,dynamic,35.68875501722672,0.012,True
1.5,,0.5,0.5,191,44504.1735625236,2.0,2.0,stable,primary,2.6514350915681058,,-1,nested,131072,1002,SOURCE_RUN\raw\task-0002-dynamic-stable-nu1p2-N80-s1002-primary-349a74073c\arrays.npz,80,student_t,1.2,dynamic,87.87925642509406,0.003,True
1.5,,0.5,0.5,352,52683.14333925453,2.0,2.0,stable,primary,2.6824739807225177,,-1,nested,131072,1002,SOURCE_RUN\raw\task-0002-dynamic-stable-nu1p2-N80-s1002-primary-349a74073c\arrays.npz,80,student_t,1.2,dynamic,55.79477076972139,0.006,True
1.5,,0.5,0.5,664,62304.35777800427,2.0,2.0,stable,primary,2.6291716838597594,,-1,nested,131072,1002,SOURCE_RUN\raw\task-0002-dynamic-stable-nu1p2-N80-s1002-primary-349a74073c\arrays.npz,80,student_t,1.2,dynamic,35.68875501722672,0.012,True
1.5,,0.5,0.5,91,19794.4360467929,2.0,2.0,stable,primary,2.475228900291069,,-1,nested,65536,1002,SOURCE_RUN\raw\task-0002-dynamic-stable-nu1p2-N80-s1002-primary-349a74073c\arrays.npz,80,student_t,1.2,dynamic,87.87925642509406,0.003,True
1.5,,0.5,0.5,172,23709.111213805125,2.0,2.0,stable,primary,2.4705481884067346,,-1,nested,65536,1002,SOURCE_RUN\raw\task-0002-dynamic-stable-nu1p2-N80-s1002-primary-349a74073c\arrays.npz,80,student_t,1.2,dynamic,55.79477076972139,0.006,True
1.5,,0.5,0.5,323,28447.25980315814,2.0,2.0,stable,primary,2.467780446024851,,-1,nested,65536,1002,SOURCE_RUN\raw\task-0002-dynamic-stable-nu1p2-N80-s1002-primary-349a74073c\arrays.npz,80,student_t,1.2,dynamic,35.68875501722672,0.012,True
1.5,,0.5,0.5,95,17889.54365091807,2.0,2.0,stable,primary,2.1428377237084253,,0,block,65536,1003,SOURCE_RUN\raw\task-0003-dynamic-stable-nu1p2-N80-s1003-primary-b5dfbaa1a8\arrays.npz,80,student_t,1.2,dynamic,87.87925642509406,0.003,True
1.5,,0.5,0.5,175,21895.98583916822,2.0,2.0,stable,primary,2.242502610098743,,0,block,65536,1003,SOURCE_RUN\raw\task-0003-dynamic-stable-nu1p2-N80-s1003-primary-b5dfbaa1a8\arrays.npz,80,student_t,1.2,dynamic,55.79477076972139,0.006,True
1.5,,0.5,0.5,323,26695.909804575567,2.0,2.0,stable,primary,2.3158520244280583,,0,block,65536,1003,SOURCE_RUN\raw\task-0003-dynamic-stable-nu1p2-N80-s1003-primary-b5dfbaa1a8\arrays.npz,80,student_t,1.2,dynamic,35.68875501722672,0.012,True
1.5,,0.5,0.5,81,25424.746433034765,2.0,2.0,stable,primary,3.5717844142215274,,1,block,65536,1003,SOURCE_RUN\raw\task-0003-dynamic-stable-nu1p2-N80-s1003-primary-b5dfbaa1a8\arrays.npz,80,student_t,1.2,dynamic,87.87925642509406,0.003,True
1.5,,0.5,0.5,149,28692.55348874882,2.0,2.0,stable,primary,3.4513534229511227,,1,block,65536,1003,SOURCE_RUN\raw\task-0003-dynamic-stable-nu1p2-N80-s1003-primary-b5dfbaa1a8\arrays.npz,80,student_t,1.2,dynamic,55.79477076972139,0.006,True
1.5,,0.5,0.5,276,32828.52253870941,2.0,2.0,stable,primary,3.3328123153718123,,1,block,65536,1003,SOURCE_RUN\raw\task-0003-dynamic-stable-nu1p2-N80-s1003-primary-b5dfbaa1a8\arrays.npz,80,student_t,1.2,dynamic,35.68875501722672,0.012,True
1.5,,0.5,0.5,92,14449.015205711927,2.0,2.0,stable,primary,1.7871625170091592,,2,block,65536,1003,SOURCE_RUN\raw\task-0003-dynamic-stable-nu1p2-N80-s1003-primary-b5dfbaa1a8\arrays.npz,80,student_t,1.2,dynamic,87.87925642509406,0.003,True
1.5,,0.5,0.5,161,18380.046201925747,2.0,2.0,stable,primary,2.0461017417364467,,2,block,65536,1003,SOURCE_RUN\raw\task-0003-dynamic-stable-nu1p2-N80-s1003-primary-b5dfbaa1a8\arrays.npz,80,student_t,1.2,dynamic,55.79477076972139,0.006,True
1.5,,0.5,0.5,312,22915.42415335522,2.0,2.0,stable,primary,2.0579835931778128,,2,block,65536,1003,SOURCE_RUN\raw\task-0003-dynamic-stable-nu1p2-N80-s1003-primary-b5dfbaa1a8\arrays.npz,80,student_t,1.2,dynamic,35.68875501722672,0.012,True
1.5,,0.5,0.5,101,15287.620056143569,2.0,2.0,stable,primary,1.7223925300542353,,3,block,65536,1003,SOURCE_RUN\raw\task-0003-dynamic-stable-nu1p2-N80-s1003-primary-b5dfbaa1a8\arrays.npz,80,student_t,1.2,dynamic,87.87925642509406,0.003,True
1.5,,0.5,0.5,189,19686.03895879623,2.0,2.0,stable,primary,1.8668225508052796,,3,block,65536,1003,SOURCE_RUN\raw\task-0003-dynamic-stable-nu1p2-N80-s1003-primary-b5dfbaa1a8\arrays.npz,80,student_t,1.2,dynamic,55.79477076972139,0.006,True
1.5,,0.5,0.5,322,24620.182519840993,2.0,2.0,stable,primary,2.1424169636651675,,3,block,65536,1003,SOURCE_RUN\raw\task-0003-dynamic-stable-nu1p2-N80-s1003-primary-b5dfbaa1a8\arrays.npz,80,student_t,1.2,dynamic,35.68875501722672,0.012,True
1.5,,0.5,0.5,369,73050.92534580834,2.0,2.0,stable,primary,2.252749914375514,,-1,full,262144,1003,SOURCE_RUN\raw\task-0003-dynamic-stable-nu1p2-N80-s1003-primary-b5dfbaa1a8\arrays.npz,80,student_t,1.2,dynamic,87.87925642509406,0.003,True
1.5,,0.5,0.5,674,88654.624488639,2.0,2.0,stable,primary,2.357479909953654,,-1,full,262144,1003,SOURCE_RUN\raw\task-0003-dynamic-stable-nu1p2-N80-s1003-primary-b5dfbaa1a8\arrays.npz,80,student_t,1.2,dynamic,55.79477076972139,0.006,True
1.5,,0.5,0.5,1233,107060.0390164812,2.0,2.0,stable,primary,2.43294853714886,,-1,full,262144,1003,SOURCE_RUN\raw\task-0003-dynamic-stable-nu1p2-N80-s1003-primary-b5dfbaa1a8\arrays.npz,80,student_t,1.2,dynamic,35.68875501722672,0.012,True
1.5,,0.5,0.5,176,43314.29008395284,2.0,2.0,stable,primary,2.800477961955933,,-1,nested,131072,1003,SOURCE_RUN\raw\task-0003-dynamic-stable-nu1p2-N80-s1003-primary-b5dfbaa1a8\arrays.npz,80,student_t,1.2,dynamic,87.87925642509406,0.003,True
1.5,,0.5,0.5,324,50588.53932791704,2.0,2.0,stable,primary,2.798424743169744,,-1,nested,131072,1003,SOURCE_RUN\raw\task-0003-dynamic-stable-nu1p2-N80-s1003-primary-b5dfbaa1a8\arrays.npz,80,student_t,1.2,dynamic,55.79477076972139,0.006,True
1.5,,0.5,0.5,599,59524.43234328498,2.0,2.0,stable,primary,2.7844347294372005,,-1,nested,131072,1003,SOURCE_RUN\raw\task-0003-dynamic-stable-nu1p2-N80-s1003-primary-b5dfbaa1a8\arrays.npz,80,student_t,1.2,dynamic,35.68875501722672,0.012,True
1.5,,0.5,0.5,95,17889.54365091807,2.0,2.0,stable,primary,2.1428377237084253,,-1,nested,65536,1003,SOURCE_RUN\raw\task-0003-dynamic-stable-nu1p2-N80-s1003-primary-b5dfbaa1a8\arrays.npz,80,student_t,1.2,dynamic,87.87925642509406,0.003,True
1.5,,0.5,0.5,175,21895.98583916822,2.0,2.0,stable,primary,2.242502610098743,,-1,nested,65536,1003,SOURCE_RUN\raw\task-0003-dynamic-stable-nu1p2-N80-s1003-primary-b5dfbaa1a8\arrays.npz,80,student_t,1.2,dynamic,55.79477076972139,0.006,True
1.5,,0.5,0.5,323,26695.909804575567,2.0,2.0,stable,primary,2.3158520244280583,,-1,nested,65536,1003,SOURCE_RUN\raw\task-0003-dynamic-stable-nu1p2-N80-s1003-primary-b5dfbaa1a8\arrays.npz,80,student_t,1.2,dynamic,35.68875501722672,0.012,True
1.5,,0.5,0.5,99,14328.833312082668,2.0,2.0,stable,primary,1.646983553444218,,0,block,65536,1004,SOURCE_RUN\raw\task-0004-dynamic-stable-nu1p2-N80-s1004-primary-aaa76c2a44\arrays.npz,80,student_t,1.2,dynamic,87.87925642509406,0.003,True
1.5,,0.5,0.5,182,18570.07014640161,2.0,2.0,stable,primary,1.8287260803323773,,0,block,65536,1004,SOURCE_RUN\raw\task-0004-dynamic-stable-nu1p2-N80-s1004-primary-aaa76c2a44\arrays.npz,80,student_t,1.2,dynamic,55.79477076972139,0.006,True
1.5,,0.5,0.5,324,23413.996338386714,2.0,2.0,stable,primary,2.0248792865598095,,0,block,65536,1004,SOURCE_RUN\raw\task-0004-dynamic-stable-nu1p2-N80-s1004-primary-aaa76c2a44\arrays.npz,80,student_t,1.2,dynamic,35.68875501722672,0.012,True
1.5,,0.5,0.5,80,13500.667283394952,2.0,2.0,stable,primary,1.9203432972408232,,1,block,65536,1004,SOURCE_RUN\raw\task-0004-dynamic-stable-nu1p2-N80-s1004-primary-aaa76c2a44\arrays.npz,80,student_t,1.2,dynamic,87.87925642509406,0.003,True
1.5,,0.5,0.5,157,17053.501756694888,2.0,2.0,stable,primary,1.9467958878391152,,1,block,65536,1004,SOURCE_RUN\raw\task-0004-dynamic-stable-nu1p2-N80-s1004-primary-aaa76c2a44\arrays.npz,80,student_t,1.2,dynamic,55.79477076972139,0.006,True
1.5,,0.5,0.5,293,21433.459859814822,2.0,2.0,stable,primary,2.049713981352864,,1,block,65536,1004,SOURCE_RUN\raw\task-0004-dynamic-stable-nu1p2-N80-s1004-primary-aaa76c2a44\arrays.npz,80,student_t,1.2,dynamic,35.68875501722672,0.012,True
1.5,,0.5,0.5,88,8055.472530333911,2.0,2.0,stable,primary,1.0416503768440744,,2,block,65536,1004,SOURCE_RUN\raw\task-0004-dynamic-stable-nu1p2-N80-s1004-primary-aaa76c2a44\arrays.npz,80,student_t,1.2,dynamic,87.87925642509406,0.003,True
1.5,,0.5,0.5,163,11813.31106257366,2.0,2.0,stable,primary,1.29894432753391,,2,block,65536,1004,SOURCE_RUN\raw\task-0004-dynamic-stable-nu1p2-N80-s1004-primary-aaa76c2a44\arrays.npz,80,student_t,1.2,dynamic,55.79477076972139,0.006,True
1.5,,0.5,0.5,298,16296.279922790554,2.0,2.0,stable,primary,1.5322894584082936,,2,block,65536,1004,SOURCE_RUN\raw\task-0004-dynamic-stable-nu1p2-N80-s1004-primary-aaa76c2a44\arrays.npz,80,student_t,1.2,dynamic,35.68875501722672,0.012,True
1.5,,0.5,0.5,89,15658.527839244838,2.0,2.0,stable,primary,2.002048289947243,,3,block,65536,1004,SOURCE_RUN\raw\task-0004-dynamic-stable-nu1p2-N80-s1004-primary-aaa76c2a44\arrays.npz,80,student_t,1.2,dynamic,87.87925642509406,0.003,True
1.5,,0.5,0.5,165,19449.828262200157,2.0,2.0,stable,primary,2.1127024166860995,,3,block,65536,1004,SOURCE_RUN\raw\task-0004-dynamic-stable-nu1p2-N80-s1004-primary-aaa76c2a44\arrays.npz,80,student_t,1.2,dynamic,55.79477076972139,0.006,True
1.5,,0.5,0.5,304,23881.90521971329,2.0,2.0,stable,primary,2.2012227299925997,,3,block,65536,1004,SOURCE_RUN\raw\task-0004-dynamic-stable-nu1p2-N80-s1004-primary-aaa76c2a44\arrays.npz,80,student_t,1.2,dynamic,35.68875501722672,0.012,True
1.5,,0.5,0.5,356,51543.500965056366,2.0,2.0,stable,primary,1.6475459734208613,,-1,full,262144,1004,SOURCE_RUN\raw\task-0004-dynamic-stable-nu1p2-N80-s1004-primary-aaa76c2a44\arrays.npz,80,student_t,1.2,dynamic,87.87925642509406,0.003,True
1.5,,0.5,0.5,667,66886.71122787031,2.0,2.0,stable,primary,1.7972997378597713,,-1,full,262144,1004,SOURCE_RUN\raw\task-0004-dynamic-stable-nu1p2-N80-s1004-primary-aaa76c2a44\arrays.npz,80,student_t,1.2,dynamic,55.79477076972139,0.006,True
1.5,,0.5,0.5,1219,85025.64134070539,2.0,2.0,stable,primary,1.9544061147704588,,-1,full,262144,1004,SOURCE_RUN\raw\task-0004-dynamic-stable-nu1p2-N80-s1004-primary-aaa76c2a44\arrays.npz,80,student_t,1.2,dynamic,35.68875501722672,0.012,True
1.5,,0.5,0.5,179,27829.50059547762,2.0,2.0,stable,primary,1.7691555059790136,,-1,nested,131072,1004,SOURCE_RUN\raw\task-0004-dynamic-stable-nu1p2-N80-s1004-primary-aaa76c2a44\arrays.npz,80,student_t,1.2,dynamic,87.87925642509406,0.003,True
1.5,,0.5,0.5,339,35623.5719030965,2.0,2.0,stable,primary,1.883407377614259,,-1,nested,131072,1004,SOURCE_RUN\raw\task-0004-dynamic-stable-nu1p2-N80-s1004-primary-aaa76c2a44\arrays.npz,80,student_t,1.2,dynamic,55.79477076972139,0.006,True
1.5,,0.5,0.5,617,44847.45619820154,2.0,2.0,stable,primary,2.0366727477824433,,-1,nested,131072,1004,SOURCE_RUN\raw\task-0004-dynamic-stable-nu1p2-N80-s1004-primary-aaa76c2a44\arrays.npz,80,student_t,1.2,dynamic,35.68875501722672,0.012,True
1.5,,0.5,0.5,99,14328.833312082668,2.0,2.0,stable,primary,1.646983553444218,,-1,nested,65536,1004,SOURCE_RUN\raw\task-0004-dynamic-stable-nu1p2-N80-s1004-primary-aaa76c2a44\arrays.npz,80,student_t,1.2,dynamic,87.87925642509406,0.003,True
1.5,,0.5,0.5,182,18570.07014640161,2.0,2.0,stable,primary,1.8287260803323773,,-1,nested,65536,1004,SOURCE_RUN\raw\task-0004-dynamic-stable-nu1p2-N80-s1004-primary-aaa76c2a44\arrays.npz,80,student_t,1.2,dynamic,55.79477076972139,0.006,True
1.5,,0.5,0.5,324,23413.996338386714,2.0,2.0,stable,primary,2.0248792865598095,,-1,nested,65536,1004,SOURCE_RUN\raw\task-0004-dynamic-stable-nu1p2-N80-s1004-primary-aaa76c2a44\arrays.npz,80,student_t,1.2,dynamic,35.68875501722672,0.012,True
1.5,,0.5,0.5,98,22215.261266401336,2.0,2.0,stable,primary,2.579520454253004,,0,block,65536,1005,SOURCE_RUN\raw\task-0005-dynamic-stable-nu1p2-N80-s1005-primary-5f2a915836\arrays.npz,80,student_t,1.2,dynamic,87.87925642509406,0.003,True
1.5,,0.5,0.5,188,26554.26688947303,2.0,2.0,stable,primary,2.5315293624715736,,0,block,65536,1005,SOURCE_RUN\raw\task-0005-dynamic-stable-nu1p2-N80-s1005-primary-5f2a915836\arrays.npz,80,student_t,1.2,dynamic,55.79477076972139,0.006,True
1.5,,0.5,0.5,340,31541.7708240949,2.0,2.0,stable,primary,2.5994158144136716,,0,block,65536,1005,SOURCE_RUN\raw\task-0005-dynamic-stable-nu1p2-N80-s1005-primary-5f2a915836\arrays.npz,80,student_t,1.2,dynamic,35.68875501722672,0.012,True
1.5,,0.5,0.5,105,30696.67815374024,2.0,2.0,stable,primary,3.3267158558527155,,1,block,65536,1005,SOURCE_RUN\raw\task-0005-dynamic-stable-nu1p2-N80-s1005-primary-5f2a915836\arrays.npz,80,student_t,1.2,dynamic,87.87925642509406,0.003,True
1.5,,0.5,0.5,181,34936.29493181167,2.0,2.0,stable,primary,3.45943179585398,,1,block,65536,1005,SOURCE_RUN\raw\task-0005-dynamic-stable-nu1p2-N80-s1005-primary-5f2a915836\arrays.npz,80,student_t,1.2,dynamic,55.79477076972139,0.006,True
1.5,,0.5,0.5,324,39622.44449702733,2.0,2.0,stable,primary,3.426611415897422,,1,block,65536,1005,SOURCE_RUN\raw\task-0005-dynamic-stable-nu1p2-N80-s1005-primary-5f2a915836\arrays.npz,80,student_t,1.2,dynamic,35.68875501722672,0.012,True
1.5,,0.5,0.5,83,38142.41487138223,2.0,2.0,stable,primary,5.229301951556598,,2,block,65536,1005,SOURCE_RUN\raw\task-0005-dynamic-stable-nu1p2-N80-s1005-primary-5f2a915836\arrays.npz,80,student_t,1.2,dynamic,87.87925642509406,0.003,True
1.5,,0.5,0.5,169,42075.34119108291,2.0,2.0,stable,primary,4.46218368655215,,2,block,65536,1005,SOURCE_RUN\raw\task-0005-dynamic-stable-nu1p2-N80-s1005-primary-5f2a915836\arrays.npz,80,student_t,1.2,dynamic,55.79477076972139,0.006,True
1.5,,0.5,0.5,308,46726.42218941795,2.0,2.0,stable,primary,4.250895355677907,,2,block,65536,1005,SOURCE_RUN\raw\task-0005-dynamic-stable-nu1p2-N80-s1005-primary-5f2a915836\arrays.npz,80,student_t,1.2,dynamic,35.68875501722672,0.012,True
1.5,,0.5,0.5,84,11447.136654663325,2.0,2.0,stable,primary,1.5507122147898138,,3,block,65536,1005,SOURCE_RUN\raw\task-0005-dynamic-stable-nu1p2-N80-s1005-primary-5f2a915836\arrays.npz,80,student_t,1.2,dynamic,87.87925642509406,0.003,True
1.5,,0.5,0.5,155,14957.583179379631,2.0,2.0,stable,primary,1.7295623820992139,,3,block,65536,1005,SOURCE_RUN\raw\task-0005-dynamic-stable-nu1p2-N80-s1005-primary-5f2a915836\arrays.npz,80,student_t,1.2,dynamic,55.79477076972139,0.006,True
1.5,,0.5,0.5,294,19121.14114014974,2.0,2.0,stable,primary,1.8223637950701719,,3,block,65536,1005,SOURCE_RUN\raw\task-0005-dynamic-stable-nu1p2-N80-s1005-primary-5f2a915836\arrays.npz,80,student_t,1.2,dynamic,35.68875501722672,0.012,True
1.5,,0.5,0.5,370,102501.49094618714,2.0,2.0,stable,primary,3.1524055605483023,,-1,full,262144,1005,SOURCE_RUN\raw\task-0005-dynamic-stable-nu1p2-N80-s1005-primary-5f2a915836\arrays.npz,80,student_t,1.2,dynamic,87.87925642509406,0.003,True
1.5,,0.5,0.5,693,118523.48619174724,2.0,2.0,stable,primary,3.065333170919073,,-1,full,262144,1005,SOURCE_RUN\raw\task-0005-dynamic-stable-nu1p2-N80-s1005-primary-5f2a915836\arrays.npz,80,student_t,1.2,dynamic,55.79477076972139,0.006,True
1.5,,0.5,0.5,1266,137011.77865068993,2.0,2.0,stable,primary,3.0324440765804423,,-1,full,262144,1005,SOURCE_RUN\raw\task-0005-dynamic-stable-nu1p2-N80-s1005-primary-5f2a915836\arrays.npz,80,student_t,1.2,dynamic,35.68875501722672,0.012,True
1.5,,0.5,0.5,203,52911.93942014157,2.0,2.0,stable,primary,2.9660008343907855,,-1,nested,131072,1005,SOURCE_RUN\raw\task-0005-dynamic-stable-nu1p2-N80-s1005-primary-5f2a915836\arrays.npz,80,student_t,1.2,dynamic,87.87925642509406,0.003,True
1.5,,0.5,0.5,369,61490.561821284704,2.0,2.0,stable,primary,2.986679336569719,,-1,nested,131072,1005,SOURCE_RUN\raw\task-0005-dynamic-stable-nu1p2-N80-s1005-primary-5f2a915836\arrays.npz,80,student_t,1.2,dynamic,55.79477076972139,0.006,True
1.5,,0.5,0.5,664,71164.21532112222,2.0,2.0,stable,primary,3.0030474030894774,,-1,nested,131072,1005,SOURCE_RUN\raw\task-0005-dynamic-stable-nu1p2-N80-s1005-primary-5f2a915836\arrays.npz,80,student_t,1.2,dynamic,35.68875501722672,0.012,True
1.5,,0.5,0.5,98,22215.261266401336,2.0,2.0,stable,primary,2.579520454253004,,-1,nested,65536,1005,SOURCE_RUN\raw\task-0005-dynamic-stable-nu1p2-N80-s1005-primary-5f2a915836\arrays.npz,80,student_t,1.2,dynamic,87.87925642509406,0.003,True
1.5,,0.5,0.5,188,26554.26688947303,2.0,2.0,stable,primary,2.5315293624715736,,-1,nested,65536,1005,SOURCE_RUN\raw\task-0005-dynamic-stable-nu1p2-N80-s1005-primary-5f2a915836\arrays.npz,80,student_t,1.2,dynamic,55.79477076972139,0.006,True
1.5,,0.5,0.5,340,31541.7708240949,2.0,2.0,stable,primary,2.5994158144136716,,-1,nested,65536,1005,SOURCE_RUN\raw\task-0005-dynamic-stable-nu1p2-N80-s1005-primary-5f2a915836\arrays.npz,80,student_t,1.2,dynamic,35.68875501722672,0.012,True
1.5,,0.5,0.5,105,25887.459503335976,2.0,2.0,stable,primary,2.8055225248208018,,0,block,65536,1006,SOURCE_RUN\raw\task-0006-dynamic-stable-nu1p2-N80-s1006-primary-b3903a63be\arrays.npz,80,student_t,1.2,dynamic,87.87925642509406,0.003,True
1.5,,0.5,0.5,180,30239.599426755434,2.0,2.0,stable,primary,3.010994978121758,,0,block,65536,1006,SOURCE_RUN\raw\task-0006-dynamic-stable-nu1p2-N80-s1006-primary-b3903a63be\arrays.npz,80,student_t,1.2,dynamic,55.79477076972139,0.006,True
1.5,,0.5,0.5,313,34927.55236758324,2.0,2.0,stable,primary,3.126744660151879,,0,block,65536,1006,SOURCE_RUN\raw\task-0006-dynamic-stable-nu1p2-N80-s1006-primary-b3903a63be\arrays.npz,80,student_t,1.2,dynamic,35.68875501722672,0.012,True
1.5,,0.5,0.5,82,25296.12916486454,2.0,2.0,stable,primary,3.5103776773790956,,1,block,65536,1006,SOURCE_RUN\raw\task-0006-dynamic-stable-nu1p2-N80-s1006-primary-b3903a63be\arrays.npz,80,student_t,1.2,dynamic,87.87925642509406,0.003,True
1.5,,0.5,0.5,167,29044.93384561248,2.0,2.0,stable,primary,3.1171695331876745,,1,block,65536,1006,SOURCE_RUN\raw\task-0006-dynamic-stable-nu1p2-N80-s1006-primary-b3903a63be\arrays.npz,80,student_t,1.2,dynamic,55.79477076972139,0.006,True
1.5,,0.5,0.5,303,33693.19575263554,2.0,2.0,stable,primary,3.115789995941508,,1,block,65536,1006,SOURCE_RUN\raw\task-0006-dynamic-stable-nu1p2-N80-s1006-primary-b3903a63be\arrays.npz,80,student_t,1.2,dynamic,35.68875501722672,0.012,True
1.5,,0.5,0.5,77,10612.056609821375,2.0,2.0,stable,primary,1.56827586642293,,2,block,65536,1006,SOURCE_RUN\raw\task-0006-dynamic-stable-nu1p2-N80-s1006-primary-b3903a63be\arrays.npz,80,student_t,1.2,dynamic,87.87925642509406,0.003,True
1.5,,0.5,0.5,138,13941.807031604194,2.0,2.0,stable,primary,1.8106999238782269,,2,block,65536,1006,SOURCE_RUN\raw\task-0006-dynamic-stable-nu1p2-N80-s1006-primary-b3903a63be\arrays.npz,80,student_t,1.2,dynamic,55.79477076972139,0.006,True
1.5,,0.5,0.5,253,17809.34515788005,2.0,2.0,stable,primary,1.9724047133121758,,2,block,65536,1006,SOURCE_RUN\raw\task-0006-dynamic-stable-nu1p2-N80-s1006-primary-b3903a63be\arrays.npz,80,student_t,1.2,dynamic,35.68875501722672,0.012,True
1.5,,0.5,0.5,98,17895.8762861352,2.0,2.0,stable,primary,2.077975963158455,,3,block,65536,1006,SOURCE_RUN\raw\task-0006-dynamic-stable-nu1p2-N80-s1006-primary-b3903a63be\arrays.npz,80,student_t,1.2,dynamic,87.87925642509406,0.003,True
1.5,,0.5,0.5,177,22104.618685755548,2.0,2.0,stable,primary,2.2382895316011324,,3,block,65536,1006,SOURCE_RUN\raw\task-0006-dynamic-stable-nu1p2-N80-s1006-primary-b3903a63be\arrays.npz,80,student_t,1.2,dynamic,55.79477076972139,0.006,True
1.5,,0.5,0.5,317,26810.95005553661,2.0,2.0,stable,primary,2.369853738857211,,3,block,65536,1006,SOURCE_RUN\raw\task-0006-dynamic-stable-nu1p2-N80-s1006-primary-b3903a63be\arrays.npz,80,student_t,1.2,dynamic,35.68875501722672,0.012,True
1.5,,0.5,0.5,362,79691.5215641571,2.0,2.0,stable,primary,2.505054477224763,,-1,full,262144,1006,SOURCE_RUN\raw\task-0006-dynamic-stable-nu1p2-N80-s1006-primary-b3903a63be\arrays.npz,80,student_t,1.2,dynamic,87.87925642509406,0.003,True
1.5,,0.5,0.5,662,95330.95898972766,2.0,2.0,stable,primary,2.580967136998269,,-1,full,262144,1006,SOURCE_RUN\raw\task-0006-dynamic-stable-nu1p2-N80-s1006-primary-b3903a63be\arrays.npz,80,student_t,1.2,dynamic,55.79477076972139,0.006,True
1.5,,0.5,0.5,1186,113241.04333363543,2.0,2.0,stable,primary,2.6753941611159626,,-1,full,262144,1006,SOURCE_RUN\raw\task-0006-dynamic-stable-nu1p2-N80-s1006-primary-b3903a63be\arrays.npz,80,student_t,1.2,dynamic,35.68875501722672,0.012,True
1.5,,0.5,0.5,187,51183.588668200515,2.0,2.0,stable,primary,3.114603393857059,,-1,nested,131072,1006,SOURCE_RUN\raw\task-0006-dynamic-stable-nu1p2-N80-s1006-primary-b3903a63be\arrays.npz,80,student_t,1.2,dynamic,87.87925642509406,0.003,True
1.5,,0.5,0.5,347,59284.53327236791,2.0,2.0,stable,primary,3.0620933951131355,,-1,nested,131072,1006,SOURCE_RUN\raw\task-0006-dynamic-stable-nu1p2-N80-s1006-primary-b3903a63be\arrays.npz,80,student_t,1.2,dynamic,55.79477076972139,0.006,True
1.5,,0.5,0.5,616,68620.74812021878,2.0,2.0,stable,primary,3.1213562457756736,,-1,nested,131072,1006,SOURCE_RUN\raw\task-0006-dynamic-stable-nu1p2-N80-s1006-primary-b3903a63be\arrays.npz,80,student_t,1.2,dynamic,35.68875501722672,0.012,True
1.5,,0.5,0.5,105,25887.459503335976,2.0,2.0,stable,primary,2.8055225248208018,,-1,nested,65536,1006,SOURCE_RUN\raw\task-0006-dynamic-stable-nu1p2-N80-s1006-primary-b3903a63be\arrays.npz,80,student_t,1.2,dynamic,87.87925642509406,0.003,True
1.5,,0.5,0.5,180,30239.599426755434,2.0,2.0,stable,primary,3.010994978121758,,-1,nested,65536,1006,SOURCE_RUN\raw\task-0006-dynamic-stable-nu1p2-N80-s1006-primary-b3903a63be\arrays.npz,80,student_t,1.2,dynamic,55.79477076972139,0.006,True
1.5,,0.5,0.5,313,34927.55236758324,2.0,2.0,stable,primary,3.126744660151879,,-1,nested,65536,1006,SOURCE_RUN\raw\task-0006-dynamic-stable-nu1p2-N80-s1006-primary-b3903a63be\arrays.npz,80,student_t,1.2,dynamic,35.68875501722672,0.012,True
1.5,,0.5,0.5,72,9108.827675419676,2.0,2.0,stable,primary,1.4396058937955964,,0,block,65536,1007,SOURCE_RUN\raw\task-0007-dynamic-stable-nu1p2-N80-s1007-primary-9075732109\arrays.npz,80,student_t,1.2,dynamic,87.87925642509406,0.003,True
1.5,,0.5,0.5,141,12298.387194545636,2.0,2.0,stable,primary,1.5632756083294015,,0,block,65536,1007,SOURCE_RUN\raw\task-0007-dynamic-stable-nu1p2-N80-s1007-primary-9075732109\arrays.npz,80,student_t,1.2,dynamic,55.79477076972139,0.006,True
1.5,,0.5,0.5,285,16196.46820264492,2.0,2.0,stable,primary,1.592370284822355,,0,block,65536,1007,SOURCE_RUN\raw\task-0007-dynamic-stable-nu1p2-N80-s1007-primary-9075732109\arrays.npz,80,student_t,1.2,dynamic,35.68875501722672,0.012,True
1.5,,0.5,0.5,98,13676.357452332335,2.0,2.0,stable,primary,1.588027408947126,,1,block,65536,1007,SOURCE_RUN\raw\task-0007-dynamic-stable-nu1p2-N80-s1007-primary-9075732109\arrays.npz,80,student_t,1.2,dynamic,87.87925642509406,0.003,True
1.5,,0.5,0.5,176,17817.13469629069,2.0,2.0,stable,primary,1.8143944041477333,,1,block,65536,1007,SOURCE_RUN\raw\task-0007-dynamic-stable-nu1p2-N80-s1007-primary-9075732109\arrays.npz,80,student_t,1.2,dynamic,55.79477076972139,0.006,True
1.5,,0.5,0.5,307,22357.052440411317,2.0,2.0,stable,primary,2.040538399701753,,1,block,65536,1007,SOURCE_RUN\raw\task-0007-dynamic-stable-nu1p2-N80-s1007-primary-9075732109\arrays.npz,80,student_t,1.2,dynamic,35.68875501722672,0.012,True
1.5,,0.5,0.5,101,14771.459655309478,2.0,2.0,stable,primary,1.6642388857694164,,2,block,65536,1007,SOURCE_RUN\raw\task-0007-dynamic-stable-nu1p2-N80-s1007-primary-9075732109\arrays.npz,80,student_t,1.2,dynamic,87.87925642509406,0.003,True
1.5,,0.5,0.5,182,19162.68300472526,2.0,2.0,stable,primary,1.8870848577097892,,2,block,65536,1007,SOURCE_RUN\raw\task-0007-dynamic-stable-nu1p2-N80-s1007-primary-9075732109\arrays.npz,80,student_t,1.2,dynamic,55.79477076972139,0.006,True
1.5,,0.5,0.5,322,23908.994531834076,2.0,2.0,stable,primary,2.080530289647498,,2,block,65536,1007,SOURCE_RUN\raw\task-0007-dynamic-stable-nu1p2-N80-s1007-primary-9075732109\arrays.npz,80,student_t,1.2,dynamic,35.68875501722672,0.012,True
1.5,,0.5,0.5,98,20134.784145158552,2.0,2.0,stable,primary,2.337946284834266,,3,block,65536,1007,SOURCE_RUN\raw\task-0007-dynamic-stable-nu1p2-N80-s1007-primary-9075732109\arrays.npz,80,student_t,1.2,dynamic,87.87925642509406,0.003,True
1.5,,0.5,0.5,180,24456.501196525984,2.0,2.0,stable,primary,2.435164608034279,,3,block,65536,1007,SOURCE_RUN\raw\task-0007-dynamic-stable-nu1p2-N80-s1007-primary-9075732109\arrays.npz,80,student_t,1.2,dynamic,55.79477076972139,0.006,True
1.5,,0.5,0.5,303,29176.55165601022,2.0,2.0,stable,primary,2.698111762187364,,3,block,65536,1007,SOURCE_RUN\raw\task-0007-dynamic-stable-nu1p2-N80-s1007-primary-9075732109\arrays.npz,80,student_t,1.2,dynamic,35.68875501722672,0.012,True
1.5,,0.5,0.5,369,57691.42892822005,2.0,2.0,stable,primary,1.7790926119419255,,-1,full,262144,1007,SOURCE_RUN\raw\task-0007-dynamic-stable-nu1p2-N80-s1007-primary-9075732109\arrays.npz,80,student_t,1.2,dynamic,87.87925642509406,0.003,True
1.5,,0.5,0.5,679,73734.70609208758,2.0,2.0,stable,primary,1.9462950654695121,,-1,full,262144,1007,SOURCE_RUN\raw\task-0007-dynamic-stable-nu1p2-N80-s1007-primary-9075732109\arrays.npz,80,student_t,1.2,dynamic,55.79477076972139,0.006,True
1.5,,0.5,0.5,1217,91639.06683090053,2.0,2.0,stable,primary,2.109884500486504,,-1,full,262144,1007,SOURCE_RUN\raw\task-0007-dynamic-stable-nu1p2-N80-s1007-primary-9075732109\arrays.npz,80,student_t,1.2,dynamic,35.68875501722672,0.012,True
1.5,,0.5,0.5,170,22785.18512775201,2.0,2.0,stable,primary,1.5251665319417722,,-1,nested,131072,1007,SOURCE_RUN\raw\task-0007-dynamic-stable-nu1p2-N80-s1007-primary-9075732109\arrays.npz,80,student_t,1.2,dynamic,87.87925642509406,0.003,True
1.5,,0.5,0.5,317,30115.521890836324,2.0,2.0,stable,primary,1.7026980312443112,,-1,nested,131072,1007,SOURCE_RUN\raw\task-0007-dynamic-stable-nu1p2-N80-s1007-primary-9075732109\arrays.npz,80,student_t,1.2,dynamic,55.79477076972139,0.006,True
1.5,,0.5,0.5,592,38553.52064305624,2.0,2.0,stable,primary,1.8247817903425838,,-1,nested,131072,1007,SOURCE_RUN\raw\task-0007-dynamic-stable-nu1p2-N80-s1007-primary-9075732109\arrays.npz,80,student_t,1.2,dynamic,35.68875501722672,0.012,True
1.5,,0.5,0.5,72,9108.827675419676,2.0,2.0,stable,primary,1.4396058937955964,,-1,nested,65536,1007,SOURCE_RUN\raw\task-0007-dynamic-stable-nu1p2-N80-s1007-primary-9075732109\arrays.npz,80,student_t,1.2,dynamic,87.87925642509406,0.003,True
1.5,,0.5,0.5,141,12298.387194545636,2.0,2.0,stable,primary,1.5632756083294015,,-1,nested,65536,1007,SOURCE_RUN\raw\task-0007-dynamic-stable-nu1p2-N80-s1007-primary-9075732109\arrays.npz,80,student_t,1.2,dynamic,55.79477076972139,0.006,True
1.5,,0.5,0.5,285,16196.46820264492,2.0,2.0,stable,primary,1.592370284822355,,-1,nested,65536,1007,SOURCE_RUN\raw\task-0007-dynamic-stable-nu1p2-N80-s1007-primary-9075732109\arrays.npz,80,student_t,1.2,dynamic,35.68875501722672,0.012,True
1.5,,0.5,0.5,75,20503.906949190037,2.0,2.0,stable,primary,3.1109210194811667,,0,block,65536,1008,SOURCE_RUN\raw\task-0008-dynamic-stable-nu1p2-N80-s1008-primary-a14808e87f\arrays.npz,80,student_t,1.2,dynamic,87.87925642509406,0.003,True
1.5,,0.5,0.5,149,23875.928486908273,2.0,2.0,stable,primary,2.871973996379938,,0,block,65536,1008,SOURCE_RUN\raw\task-0008-dynamic-stable-nu1p2-N80-s1008-primary-a14808e87f\arrays.npz,80,student_t,1.2,dynamic,55.79477076972139,0.006,True
1.5,,0.5,0.5,260,27807.034975149196,2.0,2.0,stable,primary,2.9967460189681736,,0,block,65536,1008,SOURCE_RUN\raw\task-0008-dynamic-stable-nu1p2-N80-s1008-primary-a14808e87f\arrays.npz,80,student_t,1.2,dynamic,35.68875501722672,0.012,True
1.5,,0.5,0.5,105,27116.01333865823,2.0,2.0,stable,primary,2.938665580341851,,1,block,65536,1008,SOURCE_RUN\raw\task-0008-dynamic-stable-nu1p2-N80-s1008-primary-a14808e87f\arrays.npz,80,student_t,1.2,dynamic,87.87925642509406,0.003,True
1.5,,0.5,0.5,186,31493.78970546301,2.0,2.0,stable,primary,3.034718983400826,,1,block,65536,1008,SOURCE_RUN\raw\task-0008-dynamic-stable-nu1p2-N80-s1008-primary-a14808e87f\arrays.npz,80,student_t,1.2,dynamic,55.79477076972139,0.006,True
1.5,,0.5,0.5,336,36433.984890485925,2.0,2.0,stable,primary,3.0383373919429615,,1,block,65536,1008,SOURCE_RUN\raw\task-0008-dynamic-stable-nu1p2-N80-s1008-primary-a14808e87f\arrays.npz,80,student_t,1.2,dynamic,35.68875501722672,0.012,True
1.5,,0.5,0.5,76,10350.33045348448,2.0,2.0,stable,primary,1.5497236109930392,,2,block,65536,1008,SOURCE_RUN\raw\task-0008-dynamic-stable-nu1p2-N80-s1008-primary-a14808e87f\arrays.npz,80,student_t,1.2,dynamic,87.87925642509406,0.003,True
1.5,,0.5,0.5,154,13846.729855672525,2.0,2.0,stable,primary,1.6115099854560935,,2,block,65536,1008,SOURCE_RUN\raw\task-0008-dynamic-stable-nu1p2-N80-s1008-primary-a14808e87f\arrays.npz,80,student_t,1.2,dynamic,55.79477076972139,0.006,True
1.5,,0.5,0.5,303,18097.48664454442,2.0,2.0,stable,primary,1.6735713718799081,,2,block,65536,1008,SOURCE_RUN\raw\task-0008-dynamic-stable-nu1p2-N80-s1008-primary-a14808e87f\arrays.npz,80,student_t,1.2,dynamic,35.68875501722672,0.012,True
1.5,,0.5,0.5,83,18082.303417761133,2.0,2.0,stable,primary,2.4790728345331483,,3,block,65536,1008,SOURCE_RUN\raw\task-0008-dynamic-stable-nu1p2-N80-s1008-primary-a14808e87f\arrays.npz,80,student_t,1.2,dynamic,87.87925642509406,0.003,True
1.5,,0.5,0.5,165,21851.947741429678,2.0,2.0,stable,primary,2.3736283004791154,,3,block,65536,1008,SOURCE_RUN\raw\task-0008-dynamic-stable-nu1p2-N80-s1008-primary-a14808e87f\arrays.npz,80,student_t,1.2,dynamic,55.79477076972139,0.006,True
1.5,,0.5,0.5,317,26523.351278884,2.0,2.0,stable,primary,2.3444325197385623,,3,block,65536,1008,SOURCE_RUN\raw\task-0008-dynamic-stable-nu1p2-N80-s1008-primary-a14808e87f\arrays.npz,80,student_t,1.2,dynamic,35.68875501722672,0.012,True
1.5,,0.5,0.5,339,76052.55415909387,2.0,2.0,stable,primary,2.5528643129755277,,-1,full,262144,1008,SOURCE_RUN\raw\task-0008-dynamic-stable-nu1p2-N80-s1008-primary-a14808e87f\arrays.npz,80,student_t,1.2,dynamic,87.87925642509406,0.003,True
1.5,,0.5,0.5,654,91068.39578947348,2.0,2.0,stable,primary,2.4957233390098725,,-1,full,262144,1008,SOURCE_RUN\raw\task-0008-dynamic-stable-nu1p2-N80-s1008-primary-a14808e87f\arrays.npz,80,student_t,1.2,dynamic,55.79477076972139,0.006,True
1.5,,0.5,0.5,1216,108861.85778906354,2.0,2.0,stable,primary,2.508480726201724,,-1,full,262144,1008,SOURCE_RUN\raw\task-0008-dynamic-stable-nu1p2-N80-s1008-primary-a14808e87f\arrays.npz,80,student_t,1.2,dynamic,35.68875501722672,0.012,True
1.5,,0.5,0.5,180,47619.92028784827,2.0,2.0,stable,primary,3.010438679983232,,-1,nested,131072,1008,SOURCE_RUN\raw\task-0008-dynamic-stable-nu1p2-N80-s1008-primary-a14808e87f\arrays.npz,80,student_t,1.2,dynamic,87.87925642509406,0.003,True
1.5,,0.5,0.5,335,55369.71819237128,2.0,2.0,stable,primary,2.962333899621386,,-1,nested,131072,1008,SOURCE_RUN\raw\task-0008-dynamic-stable-nu1p2-N80-s1008-primary-a14808e87f\arrays.npz,80,student_t,1.2,dynamic,55.79477076972139,0.006,True
1.5,,0.5,0.5,596,64241.01986563513,2.0,2.0,stable,primary,3.020193504403625,,-1,nested,131072,1008,SOURCE_RUN\raw\task-0008-dynamic-stable-nu1p2-N80-s1008-primary-a14808e87f\arrays.npz,80,student_t,1.2,dynamic,35.68875501722672,0.012,True
1.5,,0.5,0.5,75,20503.906949190037,2.0,2.0,stable,primary,3.1109210194811667,,-1,nested,65536,1008,SOURCE_RUN\raw\task-0008-dynamic-stable-nu1p2-N80-s1008-primary-a14808e87f\arrays.npz,80,student_t,1.2,dynamic,87.87925642509406,0.003,True
1.5,,0.5,0.5,149,23875.928486908273,2.0,2.0,stable,primary,2.871973996379938,,-1,nested,65536,1008,SOURCE_RUN\raw\task-0008-dynamic-stable-nu1p2-N80-s1008-primary-a14808e87f\arrays.npz,80,student_t,1.2,dynamic,55.79477076972139,0.006,True
1.5,,0.5,0.5,260,27807.034975149196,2.0,2.0,stable,primary,2.9967460189681736,,-1,nested,65536,1008,SOURCE_RUN\raw\task-0008-dynamic-stable-nu1p2-N80-s1008-primary-a14808e87f\arrays.npz,80,student_t,1.2,dynamic,35.68875501722672,0.012,True
1.5,,0.5,0.5,73,13587.218568535236,2.0,2.0,stable,primary,2.1179774309925548,,0,block,65536,1009,SOURCE_RUN\raw\task-0009-dynamic-stable-nu1p2-N80-s1009-primary-3e9efb5bba\arrays.npz,80,student_t,1.2,dynamic,87.87925642509406,0.003,True
1.5,,0.5,0.5,148,16838.804700589393,2.0,2.0,stable,primary,2.0391822722239485,,0,block,65536,1009,SOURCE_RUN\raw\task-0009-dynamic-stable-nu1p2-N80-s1009-primary-3e9efb5bba\arrays.npz,80,student_t,1.2,dynamic,55.79477076972139,0.006,True
1.5,,0.5,0.5,271,20829.226148554037,2.0,2.0,stable,primary,2.153636714343082,,0,block,65536,1009,SOURCE_RUN\raw\task-0009-dynamic-stable-nu1p2-N80-s1009-primary-3e9efb5bba\arrays.npz,80,student_t,1.2,dynamic,35.68875501722672,0.012,True
1.5,,0.5,0.5,95,13367.470161527091,2.0,2.0,stable,primary,1.601176636565406,,1,block,65536,1009,SOURCE_RUN\raw\task-0009-dynamic-stable-nu1p2-N80-s1009-primary-3e9efb5bba\arrays.npz,80,student_t,1.2,dynamic,87.87925642509406,0.003,True
1.5,,0.5,0.5,168,17284.79258453564,2.0,2.0,stable,primary,1.844002022531461,,1,block,65536,1009,SOURCE_RUN\raw\task-0009-dynamic-stable-nu1p2-N80-s1009-primary-3e9efb5bba\arrays.npz,80,student_t,1.2,dynamic,55.79477076972139,0.006,True
1.5,,0.5,0.5,302,21723.824026190883,2.0,2.0,stable,primary,2.0155702294737727,,1,block,65536,1009,SOURCE_RUN\raw\task-0009-dynamic-stable-nu1p2-N80-s1009-primary-3e9efb5bba\arrays.npz,80,student_t,1.2,dynamic,35.68875501722672,0.012,True
1.5,,0.5,0.5,95,19793.911257747488,2.0,2.0,stable,primary,2.370945876009616,,2,block,65536,1009,SOURCE_RUN\raw\task-0009-dynamic-stable-nu1p2-N80-s1009-primary-3e9efb5bba\arrays.npz,80,student_t,1.2,dynamic,87.87925642509406,0.003,True
1.5,,0.5,0.5,171,23874.845022622292,2.0,2.0,stable,primary,2.5023667059539103,,2,block,65536,1009,SOURCE_RUN\raw\task-0009-dynamic-stable-nu1p2-N80-s1009-primary-3e9efb5bba\arrays.npz,80,student_t,1.2,dynamic,55.79477076972139,0.006,True
1.5,,0.5,0.5,305,28468.10383170453,2.0,2.0,stable,primary,2.615334866817217,,2,block,65536,1009,SOURCE_RUN\raw\task-0009-dynamic-stable-nu1p2-N80-s1009-primary-3e9efb5bba\arrays.npz,80,student_t,1.2,dynamic,35.68875501722672,0.012,True
1.5,,0.5,0.5,88,21284.438435169865,2.0,2.0,stable,primary,2.7522833990708393,,3,block,65536,1009,SOURCE_RUN\raw\task-0009-dynamic-stable-nu1p2-N80-s1009-primary-3e9efb5bba\arrays.npz,80,student_t,1.2,dynamic,87.87925642509406,0.003,True
1.5,,0.5,0.5,158,24945.775205139435,2.0,2.0,stable,primary,2.8297392572632556,,3,block,65536,1009,SOURCE_RUN\raw\task-0009-dynamic-stable-nu1p2-N80-s1009-primary-3e9efb5bba\arrays.npz,80,student_t,1.2,dynamic,55.79477076972139,0.006,True
1.5,,0.5,0.5,297,29340.60224788072,2.0,2.0,stable,primary,2.7680961835411666,,3,block,65536,1009,SOURCE_RUN\raw\task-0009-dynamic-stable-nu1p2-N80-s1009-primary-3e9efb5bba\arrays.npz,80,student_t,1.2,dynamic,35.68875501722672,0.012,True
1.5,,0.5,0.5,351,68033.03842297968,2.0,2.0,stable,primary,2.205598091952471,,-1,full,262144,1009,SOURCE_RUN\raw\task-0009-dynamic-stable-nu1p2-N80-s1009-primary-3e9efb5bba\arrays.npz,80,student_t,1.2,dynamic,87.87925642509406,0.003,True
1.5,,0.5,0.5,645,82944.21751288677,2.0,2.0,stable,primary,2.304798178976966,,-1,full,262144,1009,SOURCE_RUN\raw\task-0009-dynamic-stable-nu1p2-N80-s1009-primary-3e9efb5bba\arrays.npz,80,student_t,1.2,dynamic,55.79477076972139,0.006,True
1.5,,0.5,0.5,1175,100361.75625433019,2.0,2.0,stable,primary,2.393310178535347,,-1,full,262144,1009,SOURCE_RUN\raw\task-0009-dynamic-stable-nu1p2-N80-s1009-primary-3e9efb5bba\arrays.npz,80,student_t,1.2,dynamic,35.68875501722672,0.012,True
1.5,,0.5,0.5,168,26954.688730062328,2.0,2.0,stable,primary,1.8257388865248219,,-1,nested,131072,1009,SOURCE_RUN\raw\task-0009-dynamic-stable-nu1p2-N80-s1009-primary-3e9efb5bba\arrays.npz,80,student_t,1.2,dynamic,87.87925642509406,0.003,True
1.5,,0.5,0.5,316,34123.597285125026,2.0,2.0,stable,primary,1.9354155571975624,,-1,nested,131072,1009,SOURCE_RUN\raw\task-0009-dynamic-stable-nu1p2-N80-s1009-primary-3e9efb5bba\arrays.npz,80,student_t,1.2,dynamic,55.79477076972139,0.006,True
1.5,,0.5,0.5,573,42553.05017474492,2.0,2.0,stable,primary,2.0808686891589088,,-1,nested,131072,1009,SOURCE_RUN\raw\task-0009-dynamic-stable-nu1p2-N80-s1009-primary-3e9efb5bba\arrays.npz,80,student_t,1.2,dynamic,35.68875501722672,0.012,True
1.5,,0.5,0.5,73,13587.218568535236,2.0,2.0,stable,primary,2.1179774309925548,,-1,nested,65536,1009,SOURCE_RUN\raw\task-0009-dynamic-stable-nu1p2-N80-s1009-primary-3e9efb5bba\arrays.npz,80,student_t,1.2,dynamic,87.87925642509406,0.003,True
1.5,,0.5,0.5,148,16838.804700589393,2.0,2.0,stable,primary,2.0391822722239485,,-1,nested,65536,1009,SOURCE_RUN\raw\task-0009-dynamic-stable-nu1p2-N80-s1009-primary-3e9efb5bba\arrays.npz,80,student_t,1.2,dynamic,55.79477076972139,0.006,True
1.5,,0.5,0.5,271,20829.226148554037,2.0,2.0,stable,primary,2.153636714343082,,-1,nested,65536,1009,SOURCE_RUN\raw\task-0009-dynamic-stable-nu1p2-N80-s1009-primary-3e9efb5bba\arrays.npz,80,student_t,1.2,dynamic,35.68875501722672,0.012,True
1.5,,0.5,0.5,71,13391.05819706151,2.0,2.0,stable,primary,2.146199924216504,,0,block,65536,1010,SOURCE_RUN\raw\task-0010-dynamic-stable-nu1p2-N80-s1010-primary-53071ef5eb\arrays.npz,80,student_t,1.2,dynamic,87.87925642509406,0.003,True
1.5,,0.5,0.5,163,16938.920992060448,2.0,2.0,stable,primary,1.862535847963057,,0,block,65536,1010,SOURCE_RUN\raw\task-0010-dynamic-stable-nu1p2-N80-s1010-primary-53071ef5eb\arrays.npz,80,student_t,1.2,dynamic,55.79477076972139,0.006,True
1.5,,0.5,0.5,288,21271.66430125408,2.0,2.0,stable,primary,2.069557916907269,,0,block,65536,1010,SOURCE_RUN\raw\task-0010-dynamic-stable-nu1p2-N80-s1010-primary-53071ef5eb\arrays.npz,80,student_t,1.2,dynamic,35.68875501722672,0.012,True
1.5,,0.5,0.5,62,18231.448448526113,2.0,2.0,stable,primary,3.346132319498665,,1,block,65536,1010,SOURCE_RUN\raw\task-0010-dynamic-stable-nu1p2-N80-s1010-primary-53071ef5eb\arrays.npz,80,student_t,1.2,dynamic,87.87925642509406,0.003,True
1.5,,0.5,0.5,137,21308.400264680055,2.0,2.0,stable,primary,2.7876406016123423,,1,block,65536,1010,SOURCE_RUN\raw\task-0010-dynamic-stable-nu1p2-N80-s1010-primary-53071ef5eb\arrays.npz,80,student_t,1.2,dynamic,55.79477076972139,0.006,True
1.5,,0.5,0.5,286,25328.12218963981,2.0,2.0,stable,primary,2.4814501865698633,,1,block,65536,1010,SOURCE_RUN\raw\task-0010-dynamic-stable-nu1p2-N80-s1010-primary-53071ef5eb\arrays.npz,80,student_t,1.2,dynamic,35.68875501722672,0.012,True
1.5,,0.5,0.5,98,86165.73829176388,2.0,2.0,stable,primary,10.005116830004372,,2,block,65536,1010,SOURCE_RUN\raw\task-0010-dynamic-stable-nu1p2-N80-s1010-primary-53071ef5eb\arrays.npz,80,student_t,1.2,dynamic,87.87925642509406,0.003,True
1.5,,0.5,0.5,168,90062.49886843399,2.0,2.0,stable,primary,9.608181831248242,,2,block,65536,1010,SOURCE_RUN\raw\task-0010-dynamic-stable-nu1p2-N80-s1010-primary-53071ef5eb\arrays.npz,80,student_t,1.2,dynamic,55.79477076972139,0.006,True
1.5,,0.5,0.5,303,94430.03930041815,2.0,2.0,stable,primary,8.732450727698978,,2,block,65536,1010,SOURCE_RUN\raw\task-0010-dynamic-stable-nu1p2-N80-s1010-primary-53071ef5eb\arrays.npz,80,student_t,1.2,dynamic,35.68875501722672,0.012,True
1.5,,0.5,0.5,85,18160.77687047568,2.0,2.0,stable,primary,2.431247226793497,,3,block,65536,1010,SOURCE_RUN\raw\task-0010-dynamic-stable-nu1p2-N80-s1010-primary-53071ef5eb\arrays.npz,80,student_t,1.2,dynamic,87.87925642509406,0.003,True
1.5,,0.5,0.5,168,22056.04557401046,2.0,2.0,stable,primary,2.353015950212168,,3,block,65536,1010,SOURCE_RUN\raw\task-0010-dynamic-stable-nu1p2-N80-s1010-primary-53071ef5eb\arrays.npz,80,student_t,1.2,dynamic,55.79477076972139,0.006,True
1.5,,0.5,0.5,307,26538.695760590053,2.0,2.0,stable,primary,2.422198897722398,,3,block,65536,1010,SOURCE_RUN\raw\task-0010-dynamic-stable-nu1p2-N80-s1010-primary-53071ef5eb\arrays.npz,80,student_t,1.2,dynamic,35.68875501722672,0.012,True
1.5,,0.5,0.5,316,135949.0218078272,2.0,2.0,stable,primary,4.895562854576471,,-1,full,262144,1010,SOURCE_RUN\raw\task-0010-dynamic-stable-nu1p2-N80-s1010-primary-53071ef5eb\arrays.npz,80,student_t,1.2,dynamic,87.87925642509406,0.003,True
1.5,,0.5,0.5,636,150365.86569918494,2.0,2.0,stable,primary,4.237392032899714,,-1,full,262144,1010,SOURCE_RUN\raw\task-0010-dynamic-stable-nu1p2-N80-s1010-primary-53071ef5eb\arrays.npz,80,student_t,1.2,dynamic,55.79477076972139,0.006,True
1.5,,0.5,0.5,1184,167568.52155190214,2.0,2.0,stable,primary,3.9656039404745287,,-1,full,262144,1010,SOURCE_RUN\raw\task-0010-dynamic-stable-nu1p2-N80-s1010-primary-53071ef5eb\arrays.npz,80,student_t,1.2,dynamic,35.68875501722672,0.012,True
1.5,,0.5,0.5,133,31622.506645587622,2.0,2.0,stable,primary,2.705566905475857,,-1,nested,131072,1010,SOURCE_RUN\raw\task-0010-dynamic-stable-nu1p2-N80-s1010-primary-53071ef5eb\arrays.npz,80,student_t,1.2,dynamic,87.87925642509406,0.003,True
1.5,,0.5,0.5,300,38247.321256740506,2.0,2.0,stable,primary,2.285000352129564,,-1,nested,131072,1010,SOURCE_RUN\raw\task-0010-dynamic-stable-nu1p2-N80-s1010-primary-53071ef5eb\arrays.npz,80,student_t,1.2,dynamic,55.79477076972139,0.006,True
1.5,,0.5,0.5,574,46599.786490893894,2.0,2.0,stable,primary,2.2747864693872377,,-1,nested,131072,1010,SOURCE_RUN\raw\task-0010-dynamic-stable-nu1p2-N80-s1010-primary-53071ef5eb\arrays.npz,80,student_t,1.2,dynamic,35.68875501722672,0.012,True
1.5,,0.5,0.5,71,13391.05819706151,2.0,2.0,stable,primary,2.146199924216504,,-1,nested,65536,1010,SOURCE_RUN\raw\task-0010-dynamic-stable-nu1p2-N80-s1010-primary-53071ef5eb\arrays.npz,80,student_t,1.2,dynamic,87.87925642509406,0.003,True
1.5,,0.5,0.5,163,16938.920992060448,2.0,2.0,stable,primary,1.862535847963057,,-1,nested,65536,1010,SOURCE_RUN\raw\task-0010-dynamic-stable-nu1p2-N80-s1010-primary-53071ef5eb\arrays.npz,80,student_t,1.2,dynamic,55.79477076972139,0.006,True
1.5,,0.5,0.5,288,21271.66430125408,2.0,2.0,stable,primary,2.069557916907269,,-1,nested,65536,1010,SOURCE_RUN\raw\task-0010-dynamic-stable-nu1p2-N80-s1010-primary-53071ef5eb\arrays.npz,80,student_t,1.2,dynamic,35.68875501722672,0.012,True
1.5,,0.5,0.5,94,29533.825474517587,2.0,2.0,stable,primary,3.5752422754673714,,0,block,65536,1011,SOURCE_RUN\raw\task-0011-dynamic-stable-nu1p2-N80-s1011-primary-f245060a3f\arrays.npz,80,student_t,1.2,dynamic,87.87925642509406,0.003,True
1.5,,0.5,0.5,186,33813.57684334168,2.0,2.0,stable,primary,3.2582520078671804,,0,block,65536,1011,SOURCE_RUN\raw\task-0011-dynamic-stable-nu1p2-N80-s1011-primary-f245060a3f\arrays.npz,80,student_t,1.2,dynamic,55.79477076972139,0.006,True
1.5,,0.5,0.5,325,38715.174395201575,2.0,2.0,stable,primary,3.3378472705533437,,0,block,65536,1011,SOURCE_RUN\raw\task-0011-dynamic-stable-nu1p2-N80-s1011-primary-f245060a3f\arrays.npz,80,student_t,1.2,dynamic,35.68875501722672,0.012,True
1.5,,0.5,0.5,80,11947.472987935766,2.0,2.0,stable,primary,1.6994159762434202,,1,block,65536,1011,SOURCE_RUN\raw\task-0011-dynamic-stable-nu1p2-N80-s1011-primary-f245060a3f\arrays.npz,80,student_t,1.2,dynamic,87.87925642509406,0.003,True
1.5,,0.5,0.5,157,15358.01525305341,2.0,2.0,stable,primary,1.753242317418886,,1,block,65536,1011,SOURCE_RUN\raw\task-0011-dynamic-stable-nu1p2-N80-s1011-primary-f245060a3f\arrays.npz,80,student_t,1.2,dynamic,55.79477076972139,0.006,True
1.5,,0.5,0.5,309,19755.119299193004,2.0,2.0,stable,primary,1.791388488772513,,1,block,65536,1011,SOURCE_RUN\raw\task-0011-dynamic-stable-nu1p2-N80-s1011-primary-f245060a3f\arrays.npz,80,student_t,1.2,dynamic,35.68875501722672,0.012,True
1.5,,0.5,0.5,80,11052.601144543227,2.0,2.0,stable,primary,1.572128849594354,,2,block,65536,1011,SOURCE_RUN\raw\task-0011-dynamic-stable-nu1p2-N80-s1011-primary-f245060a3f\arrays.npz,80,student_t,1.2,dynamic,87.87925642509406,0.003,True
1.5,,0.5,0.5,163,14661.301390501689,2.0,2.0,stable,primary,1.6120979270402964,,2,block,65536,1011,SOURCE_RUN\raw\task-0011-dynamic-stable-nu1p2-N80-s1011-primary-f245060a3f\arrays.npz,80,student_t,1.2,dynamic,55.79477076972139,0.006,True
1.5,,0.5,0.5,290,18951.738442196925,2.0,2.0,stable,primary,1.831132024160769,,2,block,65536,1011,SOURCE_RUN\raw\task-0011-dynamic-stable-nu1p2-N80-s1011-primary-f245060a3f\arrays.npz,80,student_t,1.2,dynamic,35.68875501722672,0.012,True
1.5,,0.5,0.5,94,21632.614208566105,2.0,2.0,stable,primary,2.6187544486600243,,3,block,65536,1011,SOURCE_RUN\raw\task-0011-dynamic-stable-nu1p2-N80-s1011-primary-f245060a3f\arrays.npz,80,student_t,1.2,dynamic,87.87925642509406,0.003,True
1.5,,0.5,0.5,169,25679.983671962644,2.0,2.0,stable,primary,2.7234194891387418,,3,block,65536,1011,SOURCE_RUN\raw\task-0011-dynamic-stable-nu1p2-N80-s1011-primary-f245060a3f\arrays.npz,80,student_t,1.2,dynamic,55.79477076972139,0.006,True
1.5,,0.5,0.5,322,30428.02204766384,2.0,2.0,stable,primary,2.647807771252613,,3,block,65536,1011,SOURCE_RUN\raw\task-0011-dynamic-stable-nu1p2-N80-s1011-primary-f245060a3f\arrays.npz,80,student_t,1.2,dynamic,35.68875501722672,0.012,True
1.5,,0.5,0.5,348,74166.51381556269,2.0,2.0,stable,primary,2.425170339468383,,-1,full,262144,1011,SOURCE_RUN\raw\task-0011-dynamic-stable-nu1p2-N80-s1011-primary-f245060a3f\arrays.npz,80,student_t,1.2,dynamic,87.87925642509406,0.003,True
1.5,,0.5,0.5,675,89512.87715885942,2.0,2.0,stable,primary,2.3767759601038168,,-1,full,262144,1011,SOURCE_RUN\raw\task-0011-dynamic-stable-nu1p2-N80-s1011-primary-f245060a3f\arrays.npz,80,student_t,1.2,dynamic,55.79477076972139,0.006,True
1.5,,0.5,0.5,1246,107850.05418425535,2.0,2.0,stable,primary,2.4253304938286577,,-1,full,262144,1011,SOURCE_RUN\raw\task-0011-dynamic-stable-nu1p2-N80-s1011-primary-f245060a3f\arrays.npz,80,student_t,1.2,dynamic,35.68875501722672,0.012,True
1.5,,0.5,0.5,174,41481.29846245336,2.0,2.0,stable,primary,2.7127934022609574,,-1,nested,131072,1011,SOURCE_RUN\raw\task-0011-dynamic-stable-nu1p2-N80-s1011-primary-f245060a3f\arrays.npz,80,student_t,1.2,dynamic,87.87925642509406,0.003,True
1.5,,0.5,0.5,343,49171.592096395085,2.0,2.0,stable,primary,2.569370021277144,,-1,nested,131072,1011,SOURCE_RUN\raw\task-0011-dynamic-stable-nu1p2-N80-s1011-primary-f245060a3f\arrays.npz,80,student_t,1.2,dynamic,55.79477076972139,0.006,True
1.5,,0.5,0.5,634,58470.29369439459,2.0,2.0,stable,primary,2.5841315551428132,,-1,nested,131072,1011,SOURCE_RUN\raw\task-0011-dynamic-stable-nu1p2-N80-s1011-primary-f245060a3f\arrays.npz,80,student_t,1.2,dynamic,35.68875501722672,0.012,True
1.5,,0.5,0.5,94,29533.825474517587,2.0,2.0,stable,primary,3.5752422754673714,,-1,nested,65536,1011,SOURCE_RUN\raw\task-0011-dynamic-stable-nu1p2-N80-s1011-primary-f245060a3f\arrays.npz,80,student_t,1.2,dynamic,87.87925642509406,0.003,True
1.5,,0.5,0.5,186,33813.57684334168,2.0,2.0,stable,primary,3.2582520078671804,,-1,nested,65536,1011,SOURCE_RUN\raw\task-0011-dynamic-stable-nu1p2-N80-s1011-primary-f245060a3f\arrays.npz,80,student_t,1.2,dynamic,55.79477076972139,0.006,True
1.5,,0.5,0.5,325,38715.174395201575,2.0,2.0,stable,primary,3.3378472705533437,,-1,nested,65536,1011,SOURCE_RUN\raw\task-0011-dynamic-stable-nu1p2-N80-s1011-primary-f245060a3f\arrays.npz,80,student_t,1.2,dynamic,35.68875501722672,0.012,True
1.5,,0.5,0.5,192,7407.659048931917,2.0,2.0,stable,primary,1.1506118119348825,,0,block,65536,1000,SOURCE_RUN\raw\task-0012-dynamic-stable-nu1p5-N80-s1000-primary-ecc67c7727\arrays.npz,80,student_t,1.5,dynamic,33.53134145358824,0.003,True
1.5,,0.5,0.5,374,10638.796875264754,2.0,2.0,stable,primary,1.3361735257850118,,0,block,65536,1000,SOURCE_RUN\raw\task-0012-dynamic-stable-nu1p5-N80-s1000-primary-ecc67c7727\arrays.npz,80,student_t,1.5,dynamic,21.28913677824408,0.006,True
1.5,,0.5,0.5,757,14669.390236342957,2.0,2.0,stable,primary,1.423050229529683,,0,block,65536,1000,SOURCE_RUN\raw\task-0012-dynamic-stable-nu1p5-N80-s1000-primary-ecc67c7727\arrays.npz,80,student_t,1.5,dynamic,13.617455122143847,0.012,True
1.5,,0.5,0.5,199,7047.41033085645,2.0,2.0,stable,primary,1.0561498803925897,,1,block,65536,1000,SOURCE_RUN\raw\task-0012-dynamic-stable-nu1p5-N80-s1000-primary-ecc67c7727\arrays.npz,80,student_t,1.5,dynamic,33.53134145358824,0.003,True
1.5,,0.5,0.5,388,10449.87729582166,2.0,2.0,stable,primary,1.265089971631096,,1,block,65536,1000,SOURCE_RUN\raw\task-0012-dynamic-stable-nu1p5-N80-s1000-primary-ecc67c7727\arrays.npz,80,student_t,1.5,dynamic,21.28913677824408,0.006,True
1.5,,0.5,0.5,760,14630.363400221622,2.0,2.0,stable,primary,1.4136619497194032,,1,block,65536,1000,SOURCE_RUN\raw\task-0012-dynamic-stable-nu1p5-N80-s1000-primary-ecc67c7727\arrays.npz,80,student_t,1.5,dynamic,13.617455122143847,0.012,True
1.5,,0.5,0.5,185,9935.371474084499,2.0,2.0,stable,primary,1.6016272640049718,,2,block,65536,1000,SOURCE_RUN\raw\task-0012-dynamic-stable-nu1p5-N80-s1000-primary-ecc67c7727\arrays.npz,80,student_t,1.5,dynamic,33.53134145358824,0.003,True
1.5,,0.5,0.5,379,13172.354700693271,2.0,2.0,stable,primary,1.6325487342211003,,2,block,65536,1000,SOURCE_RUN\raw\task-0012-dynamic-stable-nu1p5-N80-s1000-primary-ecc67c7727\arrays.npz,80,student_t,1.5,dynamic,21.28913677824408,0.006,True
1.5,,0.5,0.5,770,17303.804407759773,2.0,2.0,stable,primary,1.650269676327962,,2,block,65536,1000,SOURCE_RUN\raw\task-0012-dynamic-stable-nu1p5-N80-s1000-primary-ecc67c7727\arrays.npz,80,student_t,1.5,dynamic,13.617455122143847,0.012,True
1.5,,0.5,0.5,205,11266.425934068455,2.0,2.0,stable,primary,1.639009145047421,,3,block,65536,1000,SOURCE_RUN\raw\task-0012-dynamic-stable-nu1p5-N80-s1000-primary-ecc67c7727\arrays.npz,80,student_t,1.5,dynamic,33.53134145358824,0.003,True
1.5,,0.5,0.5,408,14811.22201016184,2.0,2.0,stable,primary,1.70518960486396,,3,block,65536,1000,SOURCE_RUN\raw\task-0012-dynamic-stable-nu1p5-N80-s1000-primary-ecc67c7727\arrays.npz,80,student_t,1.5,dynamic,21.28913677824408,0.006,True
1.5,,0.5,0.5,772,19049.186493170128,2.0,2.0,stable,primary,1.812020808327103,,3,block,65536,1000,SOURCE_RUN\raw\task-0012-dynamic-stable-nu1p5-N80-s1000-primary-ecc67c7727\arrays.npz,80,student_t,1.5,dynamic,13.617455122143847,0.012,True
1.5,,0.5,0.5,781,35656.86678794131,2.0,2.0,stable,primary,1.361573895858212,,-1,full,262144,1000,SOURCE_RUN\raw\task-0012-dynamic-stable-nu1p5-N80-s1000-primary-ecc67c7727\arrays.npz,80,student_t,1.5,dynamic,33.53134145358824,0.003,True
1.5,,0.5,0.5,1549,49072.25088194152,2.0,2.0,stable,primary,1.4880807854685296,,-1,full,262144,1000,SOURCE_RUN\raw\task-0012-dynamic-stable-nu1p5-N80-s1000-primary-ecc67c7727\arrays.npz,80,student_t,1.5,dynamic,21.28913677824408,0.006,True
1.5,,0.5,0.5,3059,65652.7445374945,2.0,2.0,stable,primary,1.5760770906641948,,-1,full,262144,1000,SOURCE_RUN\raw\task-0012-dynamic-stable-nu1p5-N80-s1000-primary-ecc67c7727\arrays.npz,80,student_t,1.5,dynamic,13.617455122143847,0.012,True
1.5,,0.5,0.5,391,14455.069379788367,2.0,2.0,stable,primary,1.1025352790015928,,-1,nested,131072,1000,SOURCE_RUN\raw\task-0012-dynamic-stable-nu1p5-N80-s1000-primary-ecc67c7727\arrays.npz,80,student_t,1.5,dynamic,33.53134145358824,0.003,True
1.5,,0.5,0.5,762,21088.674171086415,2.0,2.0,stable,primary,1.299978750179081,,-1,nested,131072,1000,SOURCE_RUN\raw\task-0012-dynamic-stable-nu1p5-N80-s1000-primary-ecc67c7727\arrays.npz,80,student_t,1.5,dynamic,21.28913677824408,0.006,True
1.5,,0.5,0.5,1517,29299.75363656458,2.0,2.0,stable,primary,1.4183468065528784,,-1,nested,131072,1000,SOURCE_RUN\raw\task-0012-dynamic-stable-nu1p5-N80-s1000-primary-ecc67c7727\arrays.npz,80,student_t,1.5,dynamic,13.617455122143847,0.012,True
1.5,,0.5,0.5,192,7407.659048931917,2.0,2.0,stable,primary,1.1506118119348825,,-1,nested,65536,1000,SOURCE_RUN\raw\task-0012-dynamic-stable-nu1p5-N80-s1000-primary-ecc67c7727\arrays.npz,80,student_t,1.5,dynamic,33.53134145358824,0.003,True
1.5,,0.5,0.5,374,10638.796875264754,2.0,2.0,stable,primary,1.3361735257850118,,-1,nested,65536,1000,SOURCE_RUN\raw\task-0012-dynamic-stable-nu1p5-N80-s1000-primary-ecc67c7727\arrays.npz,80,student_t,1.5,dynamic,21.28913677824408,0.006,True
1.5,,0.5,0.5,757,14669.390236342957,2.0,2.0,stable,primary,1.423050229529683,,-1,nested,65536,1000,SOURCE_RUN\raw\task-0012-dynamic-stable-nu1p5-N80-s1000-primary-ecc67c7727\arrays.npz,80,student_t,1.5,dynamic,13.617455122143847,0.012,True
1.5,,0.5,0.5,216,19760.78464672849,2.0,2.0,stable,primary,2.7283463810075075,,0,block,65536,1001,SOURCE_RUN\raw\task-0013-dynamic-stable-nu1p5-N80-s1001-primary-692d1b1dbf\arrays.npz,80,student_t,1.5,dynamic,33.53134145358824,0.003,True
1.5,,0.5,0.5,421,23369.44233210341,2.0,2.0,stable,primary,2.6074032398532103,,0,block,65536,1001,SOURCE_RUN\raw\task-0013-dynamic-stable-nu1p5-N80-s1001-primary-692d1b1dbf\arrays.npz,80,student_t,1.5,dynamic,21.28913677824408,0.006,True
1.5,,0.5,0.5,769,27710.200774944256,2.0,2.0,stable,primary,2.646167797549767,,0,block,65536,1001,SOURCE_RUN\raw\task-0013-dynamic-stable-nu1p5-N80-s1001-primary-692d1b1dbf\arrays.npz,80,student_t,1.5,dynamic,13.617455122143847,0.012,True
1.5,,0.5,0.5,177,13791.735910783027,2.0,2.0,stable,primary,2.3237785470998378,,1,block,65536,1001,SOURCE_RUN\raw\task-0013-dynamic-stable-nu1p5-N80-s1001-primary-692d1b1dbf\arrays.npz,80,student_t,1.5,dynamic,33.53134145358824,0.003,True
1.5,,0.5,0.5,383,16944.656211211543,2.0,2.0,stable,primary,2.0781454261544514,,1,block,65536,1001,SOURCE_RUN\raw\task-0013-dynamic-stable-nu1p5-N80-s1001-primary-692d1b1dbf\arrays.npz,80,student_t,1.5,dynamic,21.28913677824408,0.006,True
1.5,,0.5,0.5,742,21025.996597604644,2.0,2.0,stable,primary,2.0809264568238945,,1,block,65536,1001,SOURCE_RUN\raw\task-0013-dynamic-stable-nu1p5-N80-s1001-primary-692d1b1dbf\arrays.npz,80,student_t,1.5,dynamic,13.617455122143847,0.012,True
1.5,,0.5,0.5,194,9890.155618410401,2.0,2.0,stable,primary,1.5203741153814814,,2,block,65536,1001,SOURCE_RUN\raw\task-0013-dynamic-stable-nu1p5-N80-s1001-primary-692d1b1dbf\arrays.npz,80,student_t,1.5,dynamic,33.53134145358824,0.003,True
1.5,,0.5,0.5,384,13258.78107152753,2.0,2.0,stable,primary,1.621863585487791,,2,block,65536,1001,SOURCE_RUN\raw\task-0013-dynamic-stable-nu1p5-N80-s1001-primary-692d1b1dbf\arrays.npz,80,student_t,1.5,dynamic,21.28913677824408,0.006,True
1.5,,0.5,0.5,745,17350.604831001656,2.0,2.0,stable,primary,1.7102610031626677,,2,block,65536,1001,SOURCE_RUN\raw\task-0013-dynamic-stable-nu1p5-N80-s1001-primary-692d1b1dbf\arrays.npz,80,student_t,1.5,dynamic,13.617455122143847,0.012,True
1.5,,0.5,0.5,184,10446.598981293217,2.0,2.0,stable,primary,1.693191861773085,,3,block,65536,1001,SOURCE_RUN\raw\task-0013-dynamic-stable-nu1p5-N80-s1001-primary-692d1b1dbf\arrays.npz,80,student_t,1.5,dynamic,33.53134145358824,0.003,True
1.5,,0.5,0.5,358,13515.218903829582,2.0,2.0,stable,primary,1.7732991480347653,,3,block,65536,1001,SOURCE_RUN\raw\task-0013-dynamic-stable-nu1p5-N80-s1001-primary-692d1b1dbf\arrays.npz,80,student_t,1.5,dynamic,21.28913677824408,0.006,True
1.5,,0.5,0.5,764,17559.057330458592,2.0,2.0,stable,primary,1.6877646466913914,,3,block,65536,1001,SOURCE_RUN\raw\task-0013-dynamic-stable-nu1p5-N80-s1001-primary-692d1b1dbf\arrays.npz,80,student_t,1.5,dynamic,13.617455122143847,0.012,True
1.5,,0.5,0.5,771,53889.27515721514,2.0,2.0,stable,primary,2.0844766564001915,,-1,full,262144,1001,SOURCE_RUN\raw\task-0013-dynamic-stable-nu1p5-N80-s1001-primary-692d1b1dbf\arrays.npz,80,student_t,1.5,dynamic,33.53134145358824,0.003,True
1.5,,0.5,0.5,1546,67088.09851867206,2.0,2.0,stable,primary,2.0383461668946405,,-1,full,262144,1001,SOURCE_RUN\raw\task-0013-dynamic-stable-nu1p5-N80-s1001-primary-692d1b1dbf\arrays.npz,80,student_t,1.5,dynamic,21.28913677824408,0.006,True
1.5,,0.5,0.5,3020,83645.85953400916,2.0,2.0,stable,primary,2.033955994936262,,-1,full,262144,1001,SOURCE_RUN\raw\task-0013-dynamic-stable-nu1p5-N80-s1001-primary-692d1b1dbf\arrays.npz,80,student_t,1.5,dynamic,13.617455122143847,0.012,True
1.5,,0.5,0.5,393,33552.52055751152,2.0,2.0,stable,primary,2.5461364405452747,,-1,nested,131072,1001,SOURCE_RUN\raw\task-0013-dynamic-stable-nu1p5-N80-s1001-primary-692d1b1dbf\arrays.npz,80,student_t,1.5,dynamic,33.53134145358824,0.003,True
1.5,,0.5,0.5,804,40314.09854331495,2.0,2.0,stable,primary,2.355281669397209,,-1,nested,131072,1001,SOURCE_RUN\raw\task-0013-dynamic-stable-nu1p5-N80-s1001-primary-692d1b1dbf\arrays.npz,80,student_t,1.5,dynamic,21.28913677824408,0.006,True
1.5,,0.5,0.5,1511,48736.19737254889,2.0,2.0,stable,primary,2.3685972649100595,,-1,nested,131072,1001,SOURCE_RUN\raw\task-0013-dynamic-stable-nu1p5-N80-s1001-primary-692d1b1dbf\arrays.npz,80,student_t,1.5,dynamic,13.617455122143847,0.012,True
1.5,,0.5,0.5,216,19760.78464672849,2.0,2.0,stable,primary,2.7283463810075075,,-1,nested,65536,1001,SOURCE_RUN\raw\task-0013-dynamic-stable-nu1p5-N80-s1001-primary-692d1b1dbf\arrays.npz,80,student_t,1.5,dynamic,33.53134145358824,0.003,True
1.5,,0.5,0.5,421,23369.44233210341,2.0,2.0,stable,primary,2.6074032398532103,,-1,nested,65536,1001,SOURCE_RUN\raw\task-0013-dynamic-stable-nu1p5-N80-s1001-primary-692d1b1dbf\arrays.npz,80,student_t,1.5,dynamic,21.28913677824408,0.006,True
1.5,,0.5,0.5,769,27710.200774944256,2.0,2.0,stable,primary,2.646167797549767,,-1,nested,65536,1001,SOURCE_RUN\raw\task-0013-dynamic-stable-nu1p5-N80-s1001-primary-692d1b1dbf\arrays.npz,80,student_t,1.5,dynamic,13.617455122143847,0.012,True
1.5,,0.5,0.5,204,13157.959297542246,2.0,2.0,stable,primary,1.9235675544750994,,0,block,65536,1002,SOURCE_RUN\raw\task-0014-dynamic-stable-nu1p5-N80-s1002-primary-4c6006433e\arrays.npz,80,student_t,1.5,dynamic,33.53134145358824,0.003,True
1.5,,0.5,0.5,395,16679.38605215035,2.0,2.0,stable,primary,1.983466696783329,,0,block,65536,1002,SOURCE_RUN\raw\task-0014-dynamic-stable-nu1p5-N80-s1002-primary-4c6006433e\arrays.npz,80,student_t,1.5,dynamic,21.28913677824408,0.006,True
1.5,,0.5,0.5,786,20968.527259850984,2.0,2.0,stable,primary,1.9590676347736586,,0,block,65536,1002,SOURCE_RUN\raw\task-0014-dynamic-stable-nu1p5-N80-s1002-primary-4c6006433e\arrays.npz,80,student_t,1.5,dynamic,13.617455122143847,0.012,True
1.5,,0.5,0.5,188,9611.140899817638,2.0,2.0,stable,primary,1.5246359876000801,,1,block,65536,1002,SOURCE_RUN\raw\task-0014-dynamic-stable-nu1p5-N80-s1002-primary-4c6006433e\arrays.npz,80,student_t,1.5,dynamic,33.53134145358824,0.003,True
1.5,,0.5,0.5,368,12812.371174897058,2.0,2.0,stable,primary,1.635398672167939,,1,block,65536,1002,SOURCE_RUN\raw\task-0014-dynamic-stable-nu1p5-N80-s1002-primary-4c6006433e\arrays.npz,80,student_t,1.5,dynamic,21.28913677824408,0.006,True
1.5,,0.5,0.5,729,16746.575282622325,2.0,2.0,stable,primary,1.6869512217214429,,1,block,65536,1002,SOURCE_RUN\raw\task-0014-dynamic-stable-nu1p5-N80-s1002-primary-4c6006433e\arrays.npz,80,student_t,1.5,dynamic,13.617455122143847,0.012,True
1.5,,0.5,0.5,191,7664.082268043336,2.0,2.0,stable,primary,1.1966740199923556,,2,block,65536,1002,SOURCE_RUN\raw\task-0014-dynamic-stable-nu1p5-N80-s1002-primary-4c6006433e\arrays.npz,80,student_t,1.5,dynamic,33.53134145358824,0.003,True
1.5,,0.5,0.5,396,10998.762839793182,2.0,2.0,stable,primary,1.304639728944999,,2,block,65536,1002,SOURCE_RUN\raw\task-0014-dynamic-stable-nu1p5-N80-s1002-primary-4c6006433e\arrays.npz,80,student_t,1.5,dynamic,21.28913677824408,0.006,True
1.5,,0.5,0.5,753,15158.986830863505,2.0,2.0,stable,primary,1.4783567439084904,,2,block,65536,1002,SOURCE_RUN\raw\task-0014-dynamic-stable-nu1p5-N80-s1002-primary-4c6006433e\arrays.npz,80,student_t,1.5,dynamic,13.617455122143847,0.012,True
1.5,,0.5,0.5,205,8545.720016020545,2.0,2.0,stable,primary,1.243208213433355,,3,block,65536,1002,SOURCE_RUN\raw\task-0014-dynamic-stable-nu1p5-N80-s1002-primary-4c6006433e\arrays.npz,80,student_t,1.5,dynamic,33.53134145358824,0.003,True
1.5,,0.5,0.5,405,12037.838360825484,2.0,2.0,stable,primary,1.3961607739504656,,3,block,65536,1002,SOURCE_RUN\raw\task-0014-dynamic-stable-nu1p5-N80-s1002-primary-4c6006433e\arrays.npz,80,student_t,1.5,dynamic,21.28913677824408,0.006,True
1.5,,0.5,0.5,771,16268.10344460718,2.0,2.0,stable,primary,1.5494822107694775,,3,block,65536,1002,SOURCE_RUN\raw\task-0014-dynamic-stable-nu1p5-N80-s1002-primary-4c6006433e\arrays.npz,80,student_t,1.5,dynamic,13.617455122143847,0.012,True
1.5,,0.5,0.5,788,38978.902481423764,2.0,2.0,stable,primary,1.4752052897894836,,-1,full,262144,1002,SOURCE_RUN\raw\task-0014-dynamic-stable-nu1p5-N80-s1002-primary-4c6006433e\arrays.npz,80,student_t,1.5,dynamic,33.53134145358824,0.003,True
1.5,,0.5,0.5,1564,52528.35842766608,2.0,2.0,stable,primary,1.577607738298833,,-1,full,262144,1002,SOURCE_RUN\raw\task-0014-dynamic-stable-nu1p5-N80-s1002-primary-4c6006433e\arrays.npz,80,student_t,1.5,dynamic,21.28913677824408,0.006,True
1.5,,0.5,0.5,3039,69142.19281794399,2.0,2.0,stable,primary,1.6707693367006866,,-1,full,262144,1002,SOURCE_RUN\raw\task-0014-dynamic-stable-nu1p5-N80-s1002-primary-4c6006433e\arrays.npz,80,student_t,1.5,dynamic,13.617455122143847,0.012,True
1.5,,0.5,0.5,392,22769.100197359883,2.0,2.0,stable,primary,1.7322432315860596,,-1,nested,131072,1002,SOURCE_RUN\raw\task-0014-dynamic-stable-nu1p5-N80-s1002-primary-4c6006433e\arrays.npz,80,student_t,1.5,dynamic,33.53134145358824,0.003,True
1.5,,0.5,0.5,763,29491.757227047405,2.0,2.0,stable,primary,1.815591161975382,,-1,nested,131072,1002,SOURCE_RUN\raw\task-0014-dynamic-stable-nu1p5-N80-s1002-primary-4c6006433e\arrays.npz,80,student_t,1.5,dynamic,21.28913677824408,0.006,True
1.5,,0.5,0.5,1515,37715.10254247331,2.0,2.0,stable,primary,1.828128449879226,,-1,nested,131072,1002,SOURCE_RUN\raw\task-0014-dynamic-stable-nu1p5-N80-s1002-primary-4c6006433e\arrays.npz,80,student_t,1.5,dynamic,13.617455122143847,0.012,True
1.5,,0.5,0.5,204,13157.959297542246,2.0,2.0,stable,primary,1.9235675544750994,,-1,nested,65536,1002,SOURCE_RUN\raw\task-0014-dynamic-stable-nu1p5-N80-s1002-primary-4c6006433e\arrays.npz,80,student_t,1.5,dynamic,33.53134145358824,0.003,True
1.5,,0.5,0.5,395,16679.38605215035,2.0,2.0,stable,primary,1.983466696783329,,-1,nested,65536,1002,SOURCE_RUN\raw\task-0014-dynamic-stable-nu1p5-N80-s1002-primary-4c6006433e\arrays.npz,80,student_t,1.5,dynamic,21.28913677824408,0.006,True
1.5,,0.5,0.5,786,20968.527259850984,2.0,2.0,stable,primary,1.9590676347736586,,-1,nested,65536,1002,SOURCE_RUN\raw\task-0014-dynamic-stable-nu1p5-N80-s1002-primary-4c6006433e\arrays.npz,80,student_t,1.5,dynamic,13.617455122143847,0.012,True
1.5,,0.5,0.5,185,12774.7573400863,2.0,2.0,stable,primary,2.059349235234829,,0,block,65536,1003,SOURCE_RUN\raw\task-0015-dynamic-stable-nu1p5-N80-s1003-primary-9cd7fe5a9d\arrays.npz,80,student_t,1.5,dynamic,33.53134145358824,0.003,True
1.5,,0.5,0.5,369,15934.636490840225,2.0,2.0,stable,primary,2.028419337663064,,0,block,65536,1003,SOURCE_RUN\raw\task-0015-dynamic-stable-nu1p5-N80-s1003-primary-9cd7fe5a9d\arrays.npz,80,student_t,1.5,dynamic,21.28913677824408,0.006,True
1.5,,0.5,0.5,737,19849.062781907247,2.0,2.0,stable,primary,1.9777735515949182,,0,block,65536,1003,SOURCE_RUN\raw\task-0015-dynamic-stable-nu1p5-N80-s1003-primary-9cd7fe5a9d\arrays.npz,80,student_t,1.5,dynamic,13.617455122143847,0.012,True
1.5,,0.5,0.5,193,13559.956603521696,2.0,2.0,stable,primary,2.0953185724031105,,1,block,65536,1003,SOURCE_RUN\raw\task-0015-dynamic-stable-nu1p5-N80-s1003-primary-9cd7fe5a9d\arrays.npz,80,student_t,1.5,dynamic,33.53134145358824,0.003,True
1.5,,0.5,0.5,380,16839.596268965633,2.0,2.0,stable,primary,2.081565236072894,,1,block,65536,1003,SOURCE_RUN\raw\task-0015-dynamic-stable-nu1p5-N80-s1003-primary-9cd7fe5a9d\arrays.npz,80,student_t,1.5,dynamic,21.28913677824408,0.006,True
1.5,,0.5,0.5,753,20960.5129684071,2.0,2.0,stable,primary,2.0441416071116723,,1,block,65536,1003,SOURCE_RUN\raw\task-0015-dynamic-stable-nu1p5-N80-s1003-primary-9cd7fe5a9d\arrays.npz,80,student_t,1.5,dynamic,13.617455122143847,0.012,True
1.5,,0.5,0.5,190,13164.176348664398,2.0,2.0,stable,primary,2.0662799540269132,,2,block,65536,1003,SOURCE_RUN\raw\task-0015-dynamic-stable-nu1p5-N80-s1003-primary-9cd7fe5a9d\arrays.npz,80,student_t,1.5,dynamic,33.53134145358824,0.003,True
1.5,,0.5,0.5,362,16367.397529568283,2.0,2.0,stable,primary,2.1237970238654427,,2,block,65536,1003,SOURCE_RUN\raw\task-0015-dynamic-stable-nu1p5-N80-s1003-primary-9cd7fe5a9d\arrays.npz,80,student_t,1.5,dynamic,21.28913677824408,0.006,True
1.5,,0.5,0.5,724,20300.549576282116,2.0,2.0,stable,primary,2.059080266092877,,2,block,65536,1003,SOURCE_RUN\raw\task-0015-dynamic-stable-nu1p5-N80-s1003-primary-9cd7fe5a9d\arrays.npz,80,student_t,1.5,dynamic,13.617455122143847,0.012,True
1.5,,0.5,0.5,226,11024.358024789331,2.0,2.0,stable,primary,1.454768676939127,,3,block,65536,1003,SOURCE_RUN\raw\task-0015-dynamic-stable-nu1p5-N80-s1003-primary-9cd7fe5a9d\arrays.npz,80,student_t,1.5,dynamic,33.53134145358824,0.003,True
1.5,,0.5,0.5,419,14743.182689952402,2.0,2.0,stable,primary,1.6527956909959853,,3,block,65536,1003,SOURCE_RUN\raw\task-0015-dynamic-stable-nu1p5-N80-s1003-primary-9cd7fe5a9d\arrays.npz,80,student_t,1.5,dynamic,21.28913677824408,0.006,True
1.5,,0.5,0.5,815,19080.26524538543,2.0,2.0,stable,primary,1.7192175916317756,,3,block,65536,1003,SOURCE_RUN\raw\task-0015-dynamic-stable-nu1p5-N80-s1003-primary-9cd7fe5a9d\arrays.npz,80,student_t,1.5,dynamic,13.617455122143847,0.012,True
1.5,,0.5,0.5,794,50523.24831706173,2.0,2.0,stable,primary,1.8976662534579345,,-1,full,262144,1003,SOURCE_RUN\raw\task-0015-dynamic-stable-nu1p5-N80-s1003-primary-9cd7fe5a9d\arrays.npz,80,student_t,1.5,dynamic,33.53134145358824,0.003,True
1.5,,0.5,0.5,1530,63884.81297932655,2.0,2.0,stable,primary,1.9613185898509664,,-1,full,262144,1003,SOURCE_RUN\raw\task-0015-dynamic-stable-nu1p5-N80-s1003-primary-9cd7fe5a9d\arrays.npz,80,student_t,1.5,dynamic,21.28913677824408,0.006,True
1.5,,0.5,0.5,3029,80190.3905719819,2.0,2.0,stable,primary,1.9441380612451913,,-1,full,262144,1003,SOURCE_RUN\raw\task-0015-dynamic-stable-nu1p5-N80-s1003-primary-9cd7fe5a9d\arrays.npz,80,student_t,1.5,dynamic,13.617455122143847,0.012,True
1.5,,0.5,0.5,378,26334.713943607996,2.0,2.0,stable,primary,2.077714531725513,,-1,nested,131072,1003,SOURCE_RUN\raw\task-0015-dynamic-stable-nu1p5-N80-s1003-primary-9cd7fe5a9d\arrays.npz,80,student_t,1.5,dynamic,33.53134145358824,0.003,True
1.5,,0.5,0.5,749,32774.232759805855,2.0,2.0,stable,primary,2.055382543798892,,-1,nested,131072,1003,SOURCE_RUN\raw\task-0015-dynamic-stable-nu1p5-N80-s1003-primary-9cd7fe5a9d\arrays.npz,80,student_t,1.5,dynamic,21.28913677824408,0.006,True
1.5,,0.5,0.5,1490,40809.57575031434,2.0,2.0,stable,primary,2.011313917906405,,-1,nested,131072,1003,SOURCE_RUN\raw\task-0015-dynamic-stable-nu1p5-N80-s1003-primary-9cd7fe5a9d\arrays.npz,80,student_t,1.5,dynamic,13.617455122143847,0.012,True
1.5,,0.5,0.5,185,12774.7573400863,2.0,2.0,stable,primary,2.059349235234829,,-1,nested,65536,1003,SOURCE_RUN\raw\task-0015-dynamic-stable-nu1p5-N80-s1003-primary-9cd7fe5a9d\arrays.npz,80,student_t,1.5,dynamic,33.53134145358824,0.003,True
1.5,,0.5,0.5,369,15934.636490840225,2.0,2.0,stable,primary,2.028419337663064,,-1,nested,65536,1003,SOURCE_RUN\raw\task-0015-dynamic-stable-nu1p5-N80-s1003-primary-9cd7fe5a9d\arrays.npz,80,student_t,1.5,dynamic,21.28913677824408,0.006,True
1.5,,0.5,0.5,737,19849.062781907247,2.0,2.0,stable,primary,1.9777735515949182,,-1,nested,65536,1003,SOURCE_RUN\raw\task-0015-dynamic-stable-nu1p5-N80-s1003-primary-9cd7fe5a9d\arrays.npz,80,student_t,1.5,dynamic,13.617455122143847,0.012,True
1.5,,0.5,0.5,181,18151.295418674217,2.0,2.0,stable,primary,2.990736300901585,,0,block,65536,1004,SOURCE_RUN\raw\task-0016-dynamic-stable-nu1p5-N80-s1004-primary-c5c5b2fccf\arrays.npz,80,student_t,1.5,dynamic,33.53134145358824,0.003,True
1.5,,0.5,0.5,370,21259.987688706082,2.0,2.0,stable,primary,2.6990021617227518,,0,block,65536,1004,SOURCE_RUN\raw\task-0016-dynamic-stable-nu1p5-N80-s1004-primary-c5c5b2fccf\arrays.npz,80,student_t,1.5,dynamic,21.28913677824408,0.006,True
1.5,,0.5,0.5,735,25260.083793394933,2.0,2.0,stable,primary,2.523780004055844,,0,block,65536,1004,SOURCE_RUN\raw\task-0016-dynamic-stable-nu1p5-N80-s1004-primary-c5c5b2fccf\arrays.npz,80,student_t,1.5,dynamic,13.617455122143847,0.012,True
1.5,,0.5,0.5,175,9784.428076862809,2.0,2.0,stable,primary,1.6674256131226168,,1,block,65536,1004,SOURCE_RUN\raw\task-0016-dynamic-stable-nu1p5-N80-s1004-primary-c5c5b2fccf\arrays.npz,80,student_t,1.5,dynamic,33.53134145358824,0.003,True
1.5,,0.5,0.5,352,12741.032318800484,2.0,2.0,stable,primary,1.7002152280329454,,1,block,65536,1004,SOURCE_RUN\raw\task-0016-dynamic-stable-nu1p5-N80-s1004-primary-c5c5b2fccf\arrays.npz,80,student_t,1.5,dynamic,21.28913677824408,0.006,True
1.5,,0.5,0.5,719,16507.633947526327,2.0,2.0,stable,primary,1.6860093816215198,,1,block,65536,1004,SOURCE_RUN\raw\task-0016-dynamic-stable-nu1p5-N80-s1004-primary-c5c5b2fccf\arrays.npz,80,student_t,1.5,dynamic,13.617455122143847,0.012,True
1.5,,0.5,0.5,192,8097.23515247346,2.0,2.0,stable,primary,1.2577218185809542,,2,block,65536,1004,SOURCE_RUN\raw\task-0016-dynamic-stable-nu1p5-N80-s1004-primary-c5c5b2fccf\arrays.npz,80,student_t,1.5,dynamic,33.53134145358824,0.003,True
1.5,,0.5,0.5,388,11375.05779833157,2.0,2.0,stable,primary,1.3770947868591084,,2,block,65536,1004,SOURCE_RUN\raw\task-0016-dynamic-stable-nu1p5-N80-s1004-primary-c5c5b2fccf\arrays.npz,80,student_t,1.5,dynamic,21.28913677824408,0.006,True
1.5,,0.5,0.5,756,15552.603952855152,2.0,2.0,stable,primary,1.510724820925853,,2,block,65536,1004,SOURCE_RUN\raw\task-0016-dynamic-stable-nu1p5-N80-s1004-primary-c5c5b2fccf\arrays.npz,80,student_t,1.5,dynamic,13.617455122143847,0.012,True
1.5,,0.5,0.5,176,10642.323451970151,2.0,2.0,stable,primary,1.8033202450277543,,3,block,65536,1004,SOURCE_RUN\raw\task-0016-dynamic-stable-nu1p5-N80-s1004-primary-c5c5b2fccf\arrays.npz,80,student_t,1.5,dynamic,33.53134145358824,0.003,True
1.5,,0.5,0.5,386,13929.252442432244,2.0,2.0,stable,primary,1.6950497617543185,,3,block,65536,1004,SOURCE_RUN\raw\task-0016-dynamic-stable-nu1p5-N80-s1004-primary-c5c5b2fccf\arrays.npz,80,student_t,1.5,dynamic,21.28913677824408,0.006,True
1.5,,0.5,0.5,783,18164.653971892243,2.0,2.0,stable,primary,1.7036069942824439,,3,block,65536,1004,SOURCE_RUN\raw\task-0016-dynamic-stable-nu1p5-N80-s1004-primary-c5c5b2fccf\arrays.npz,80,student_t,1.5,dynamic,13.617455122143847,0.012,True
1.5,,0.5,0.5,724,46675.282099980635,2.0,2.0,stable,primary,1.9226377141603213,,-1,full,262144,1004,SOURCE_RUN\raw\task-0016-dynamic-stable-nu1p5-N80-s1004-primary-c5c5b2fccf\arrays.npz,80,student_t,1.5,dynamic,33.53134145358824,0.003,True
1.5,,0.5,0.5,1496,59305.33024827038,2.0,2.0,stable,primary,1.862104642676147,,-1,full,262144,1004,SOURCE_RUN\raw\task-0016-dynamic-stable-nu1p5-N80-s1004-primary-c5c5b2fccf\arrays.npz,80,student_t,1.5,dynamic,21.28913677824408,0.006,True
1.5,,0.5,0.5,2993,75484.97566566865,2.0,2.0,stable,primary,1.8520719310090263,,-1,full,262144,1004,SOURCE_RUN\raw\task-0016-dynamic-stable-nu1p5-N80-s1004-primary-c5c5b2fccf\arrays.npz,80,student_t,1.5,dynamic,13.617455122143847,0.012,True
1.5,,0.5,0.5,356,27935.723495537026,2.0,2.0,stable,primary,2.340232451572036,,-1,nested,131072,1004,SOURCE_RUN\raw\task-0016-dynamic-stable-nu1p5-N80-s1004-primary-c5c5b2fccf\arrays.npz,80,student_t,1.5,dynamic,33.53134145358824,0.003,True
1.5,,0.5,0.5,722,34001.020007506566,2.0,2.0,stable,primary,2.212058947513871,,-1,nested,131072,1004,SOURCE_RUN\raw\task-0016-dynamic-stable-nu1p5-N80-s1004-primary-c5c5b2fccf\arrays.npz,80,student_t,1.5,dynamic,21.28913677824408,0.006,True
1.5,,0.5,0.5,1454,41767.71774092126,2.0,2.0,stable,primary,2.1095041598121855,,-1,nested,131072,1004,SOURCE_RUN\raw\task-0016-dynamic-stable-nu1p5-N80-s1004-primary-c5c5b2fccf\arrays.npz,80,student_t,1.5,dynamic,13.617455122143847,0.012,True
1.5,,0.5,0.5,181,18151.295418674217,2.0,2.0,stable,primary,2.990736300901585,,-1,nested,65536,1004,SOURCE_RUN\raw\task-0016-dynamic-stable-nu1p5-N80-s1004-primary-c5c5b2fccf\arrays.npz,80,student_t,1.5,dynamic,33.53134145358824,0.003,True
1.5,,0.5,0.5,370,21259.987688706082,2.0,2.0,stable,primary,2.6990021617227518,,-1,nested,65536,1004,SOURCE_RUN\raw\task-0016-dynamic-stable-nu1p5-N80-s1004-primary-c5c5b2fccf\arrays.npz,80,student_t,1.5,dynamic,21.28913677824408,0.006,True
1.5,,0.5,0.5,735,25260.083793394933,2.0,2.0,stable,primary,2.523780004055844,,-1,nested,65536,1004,SOURCE_RUN\raw\task-0016-dynamic-stable-nu1p5-N80-s1004-primary-c5c5b2fccf\arrays.npz,80,student_t,1.5,dynamic,13.617455122143847,0.012,True
1.5,,0.5,0.5,206,11266.651607328999,2.0,2.0,stable,primary,1.6310854609388306,,0,block,65536,1005,SOURCE_RUN\raw\task-0017-dynamic-stable-nu1p5-N80-s1005-primary-354e84f8ac\arrays.npz,80,student_t,1.5,dynamic,33.53134145358824,0.003,True
1.5,,0.5,0.5,382,14632.55420038131,2.0,2.0,stable,primary,1.7992798912800194,,0,block,65536,1005,SOURCE_RUN\raw\task-0017-dynamic-stable-nu1p5-N80-s1005-primary-354e84f8ac\arrays.npz,80,student_t,1.5,dynamic,21.28913677824408,0.006,True
1.5,,0.5,0.5,781,18877.903612636514,2.0,2.0,stable,primary,1.7750344151562516,,0,block,65536,1005,SOURCE_RUN\raw\task-0017-dynamic-stable-nu1p5-N80-s1005-primary-354e84f8ac\arrays.npz,80,student_t,1.5,dynamic,13.617455122143847,0.012,True
1.5,,0.5,0.5,178,12257.370578302747,2.0,2.0,stable,primary,2.0536497938112164,,1,block,65536,1005,SOURCE_RUN\raw\task-0017-dynamic-stable-nu1p5-N80-s1005-primary-354e84f8ac\arrays.npz,80,student_t,1.5,dynamic,33.53134145358824,0.003,True
1.5,,0.5,0.5,377,15475.832613409853,2.0,2.0,stable,primary,1.9282112896035202,,1,block,65536,1005,SOURCE_RUN\raw\task-0017-dynamic-stable-nu1p5-N80-s1005-primary-354e84f8ac\arrays.npz,80,student_t,1.5,dynamic,21.28913677824408,0.006,True
1.5,,0.5,0.5,768,19620.632330282588,2.0,2.0,stable,primary,1.8760993238140409,,1,block,65536,1005,SOURCE_RUN\raw\task-0017-dynamic-stable-nu1p5-N80-s1005-primary-354e84f8ac\arrays.npz,80,student_t,1.5,dynamic,13.617455122143847,0.012,True
1.5,,0.5,0.5,180,19732.974873038896,2.0,2.0,stable,primary,3.269408065146705,,2,block,65536,1005,SOURCE_RUN\raw\task-0017-dynamic-stable-nu1p5-N80-s1005-primary-354e84f8ac\arrays.npz,80,student_t,1.5,dynamic,33.53134145358824,0.003,True
1.5,,0.5,0.5,349,22807.853324120653,2.0,2.0,stable,primary,3.0697353272747514,,2,block,65536,1005,SOURCE_RUN\raw\task-0017-dynamic-stable-nu1p5-N80-s1005-primary-354e84f8ac\arrays.npz,80,student_t,1.5,dynamic,21.28913677824408,0.006,True
1.5,,0.5,0.5,711,26559.49329212295,2.0,2.0,stable,primary,2.743179532823024,,2,block,65536,1005,SOURCE_RUN\raw\task-0017-dynamic-stable-nu1p5-N80-s1005-primary-354e84f8ac\arrays.npz,80,student_t,1.5,dynamic,13.617455122143847,0.012,True
1.5,,0.5,0.5,193,12711.514777870672,2.0,2.0,stable,primary,1.964215209253078,,3,block,65536,1005,SOURCE_RUN\raw\task-0017-dynamic-stable-nu1p5-N80-s1005-primary-354e84f8ac\arrays.npz,80,student_t,1.5,dynamic,33.53134145358824,0.003,True
1.5,,0.5,0.5,380,16005.448292341604,2.0,2.0,stable,primary,1.9784550781957075,,3,block,65536,1005,SOURCE_RUN\raw\task-0017-dynamic-stable-nu1p5-N80-s1005-primary-354e84f8ac\arrays.npz,80,student_t,1.5,dynamic,21.28913677824408,0.006,True
1.5,,0.5,0.5,716,20020.830193108646,2.0,2.0,stable,primary,2.053397869977951,,3,block,65536,1005,SOURCE_RUN\raw\task-0017-dynamic-stable-nu1p5-N80-s1005-primary-354e84f8ac\arrays.npz,80,student_t,1.5,dynamic,13.617455122143847,0.012,True
1.5,,0.5,0.5,757,55968.511836541315,2.0,2.0,stable,primary,2.2049408921585822,,-1,full,262144,1005,SOURCE_RUN\raw\task-0017-dynamic-stable-nu1p5-N80-s1005-primary-354e84f8ac\arrays.npz,80,student_t,1.5,dynamic,33.53134145358824,0.003,True
1.5,,0.5,0.5,1488,68921.68843025342,2.0,2.0,stable,primary,2.1756795252572254,,-1,full,262144,1005,SOURCE_RUN\raw\task-0017-dynamic-stable-nu1p5-N80-s1005-primary-354e84f8ac\arrays.npz,80,student_t,1.5,dynamic,21.28913677824408,0.006,True
1.5,,0.5,0.5,2976,85078.8594281507,2.0,2.0,stable,primary,2.0993883338936823,,-1,full,262144,1005,SOURCE_RUN\raw\task-0017-dynamic-stable-nu1p5-N80-s1005-primary-354e84f8ac\arrays.npz,80,student_t,1.5,dynamic,13.617455122143847,0.012,True
1.5,,0.5,0.5,384,23524.022185631744,2.0,2.0,stable,primary,1.8269616360723842,,-1,nested,131072,1005,SOURCE_RUN\raw\task-0017-dynamic-stable-nu1p5-N80-s1005-primary-354e84f8ac\arrays.npz,80,student_t,1.5,dynamic,33.53134145358824,0.003,True
1.5,,0.5,0.5,759,30108.386813791163,2.0,2.0,stable,primary,1.8633209152167252,,-1,nested,131072,1005,SOURCE_RUN\raw\task-0017-dynamic-stable-nu1p5-N80-s1005-primary-354e84f8ac\arrays.npz,80,student_t,1.5,dynamic,21.28913677824408,0.006,True
1.5,,0.5,0.5,1549,38498.5359429191,2.0,2.0,stable,primary,1.825142775291295,,-1,nested,131072,1005,SOURCE_RUN\raw\task-0017-dynamic-stable-nu1p5-N80-s1005-primary-354e84f8ac\arrays.npz,80,student_t,1.5,dynamic,13.617455122143847,0.012,True
1.5,,0.5,0.5,206,11266.651607328999,2.0,2.0,stable,primary,1.6310854609388306,,-1,nested,65536,1005,SOURCE_RUN\raw\task-0017-dynamic-stable-nu1p5-N80-s1005-primary-354e84f8ac\arrays.npz,80,student_t,1.5,dynamic,33.53134145358824,0.003,True
1.5,,0.5,0.5,382,14632.55420038131,2.0,2.0,stable,primary,1.7992798912800194,,-1,nested,65536,1005,SOURCE_RUN\raw\task-0017-dynamic-stable-nu1p5-N80-s1005-primary-354e84f8ac\arrays.npz,80,student_t,1.5,dynamic,21.28913677824408,0.006,True
1.5,,0.5,0.5,781,18877.903612636514,2.0,2.0,stable,primary,1.7750344151562516,,-1,nested,65536,1005,SOURCE_RUN\raw\task-0017-dynamic-stable-nu1p5-N80-s1005-primary-354e84f8ac\arrays.npz,80,student_t,1.5,dynamic,13.617455122143847,0.012,True
1.5,,0.5,0.5,197,9593.660321932308,2.0,2.0,stable,primary,1.4523362695604636,,0,block,65536,1006,SOURCE_RUN\raw\task-0018-dynamic-stable-nu1p5-N80-s1006-primary-59126276bf\arrays.npz,80,student_t,1.5,dynamic,33.53134145358824,0.003,True
1.5,,0.5,0.5,376,12896.00152474824,2.0,2.0,stable,primary,1.611050591335244,,0,block,65536,1006,SOURCE_RUN\raw\task-0018-dynamic-stable-nu1p5-N80-s1006-primary-59126276bf\arrays.npz,80,student_t,1.5,dynamic,21.28913677824408,0.006,True
1.5,,0.5,0.5,773,17028.814585973225,2.0,2.0,stable,primary,1.6177409173663349,,0,block,65536,1006,SOURCE_RUN\raw\task-0018-dynamic-stable-nu1p5-N80-s1006-primary-59126276bf\arrays.npz,80,student_t,1.5,dynamic,13.617455122143847,0.012,True
1.5,,0.5,0.5,196,12760.512948533247,2.0,2.0,stable,primary,1.9416061236557802,,1,block,65536,1006,SOURCE_RUN\raw\task-0018-dynamic-stable-nu1p5-N80-s1006-primary-59126276bf\arrays.npz,80,student_t,1.5,dynamic,33.53134145358824,0.003,True
1.5,,0.5,0.5,397,16160.564268866932,2.0,2.0,stable,primary,1.9120883776885607,,1,block,65536,1006,SOURCE_RUN\raw\task-0018-dynamic-stable-nu1p5-N80-s1006-primary-59126276bf\arrays.npz,80,student_t,1.5,dynamic,21.28913677824408,0.006,True
1.5,,0.5,0.5,758,20327.394161942837,2.0,2.0,stable,primary,1.9693211729589355,,1,block,65536,1006,SOURCE_RUN\raw\task-0018-dynamic-stable-nu1p5-N80-s1006-primary-59126276bf\arrays.npz,80,student_t,1.5,dynamic,13.617455122143847,0.012,True
1.5,,0.5,0.5,179,12555.030688290042,2.0,2.0,stable,primary,2.0917694672166074,,2,block,65536,1006,SOURCE_RUN\raw\task-0018-dynamic-stable-nu1p5-N80-s1006-primary-59126276bf\arrays.npz,80,student_t,1.5,dynamic,33.53134145358824,0.003,True
1.5,,0.5,0.5,372,15719.895060609811,2.0,2.0,stable,primary,1.9849457900133574,,2,block,65536,1006,SOURCE_RUN\raw\task-0018-dynamic-stable-nu1p5-N80-s1006-primary-59126276bf\arrays.npz,80,student_t,1.5,dynamic,21.28913677824408,0.006,True
1.5,,0.5,0.5,725,19666.63641958366,2.0,2.0,stable,primary,1.9920311701548017,,2,block,65536,1006,SOURCE_RUN\raw\task-0018-dynamic-stable-nu1p5-N80-s1006-primary-59126276bf\arrays.npz,80,student_t,1.5,dynamic,13.617455122143847,0.012,True
1.5,,0.5,0.5,181,9279.190419970484,2.0,2.0,stable,primary,1.528905292535366,,3,block,65536,1006,SOURCE_RUN\raw\task-0018-dynamic-stable-nu1p5-N80-s1006-primary-59126276bf\arrays.npz,80,student_t,1.5,dynamic,33.53134145358824,0.003,True
1.5,,0.5,0.5,384,12586.097762886064,2.0,2.0,stable,primary,1.5395784525660399,,3,block,65536,1006,SOURCE_RUN\raw\task-0018-dynamic-stable-nu1p5-N80-s1006-primary-59126276bf\arrays.npz,80,student_t,1.5,dynamic,21.28913677824408,0.006,True
1.5,,0.5,0.5,785,16775.134138053858,2.0,2.0,stable,primary,1.569279827722303,,3,block,65536,1006,SOURCE_RUN\raw\task-0018-dynamic-stable-nu1p5-N80-s1006-primary-59126276bf\arrays.npz,80,student_t,1.5,dynamic,13.617455122143847,0.012,True
1.5,,0.5,0.5,753,44188.39437872608,2.0,2.0,stable,primary,1.7500977927232644,,-1,full,262144,1006,SOURCE_RUN\raw\task-0018-dynamic-stable-nu1p5-N80-s1006-primary-59126276bf\arrays.npz,80,student_t,1.5,dynamic,33.53134145358824,0.003,True
1.5,,0.5,0.5,1529,57362.55861711105,2.0,2.0,stable,primary,1.762231568315722,,-1,full,262144,1006,SOURCE_RUN\raw\task-0018-dynamic-stable-nu1p5-N80-s1006-primary-59126276bf\arrays.npz,80,student_t,1.5,dynamic,21.28913677824408,0.006,True
1.5,,0.5,0.5,3041,73797.97930555358,2.0,2.0,stable,primary,1.7821001122496842,,-1,full,262144,1006,SOURCE_RUN\raw\task-0018-dynamic-stable-nu1p5-N80-s1006-primary-59126276bf\arrays.npz,80,student_t,1.5,dynamic,13.617455122143847,0.012,True
1.5,,0.5,0.5,393,22354.173270465555,2.0,2.0,stable,primary,1.6963487158777206,,-1,nested,131072,1006,SOURCE_RUN\raw\task-0018-dynamic-stable-nu1p5-N80-s1006-primary-59126276bf\arrays.npz,80,student_t,1.5,dynamic,33.53134145358824,0.003,True
1.5,,0.5,0.5,773,29056.565793615173,2.0,2.0,stable,primary,1.7656586135632735,,-1,nested,131072,1006,SOURCE_RUN\raw\task-0018-dynamic-stable-nu1p5-N80-s1006-primary-59126276bf\arrays.npz,80,student_t,1.5,dynamic,21.28913677824408,0.006,True
1.5,,0.5,0.5,1531,37356.20874791606,2.0,2.0,stable,primary,1.7918087382279884,,-1,nested,131072,1006,SOURCE_RUN\raw\task-0018-dynamic-stable-nu1p5-N80-s1006-primary-59126276bf\arrays.npz,80,student_t,1.5,dynamic,13.617455122143847,0.012,True
1.5,,0.5,0.5,197,9593.660321932308,2.0,2.0,stable,primary,1.4523362695604636,,-1,nested,65536,1006,SOURCE_RUN\raw\task-0018-dynamic-stable-nu1p5-N80-s1006-primary-59126276bf\arrays.npz,80,student_t,1.5,dynamic,33.53134145358824,0.003,True
1.5,,0.5,0.5,376,12896.00152474824,2.0,2.0,stable,primary,1.611050591335244,,-1,nested,65536,1006,SOURCE_RUN\raw\task-0018-dynamic-stable-nu1p5-N80-s1006-primary-59126276bf\arrays.npz,80,student_t,1.5,dynamic,21.28913677824408,0.006,True
1.5,,0.5,0.5,773,17028.814585973225,2.0,2.0,stable,primary,1.6177409173663349,,-1,nested,65536,1006,SOURCE_RUN\raw\task-0018-dynamic-stable-nu1p5-N80-s1006-primary-59126276bf\arrays.npz,80,student_t,1.5,dynamic,13.617455122143847,0.012,True
1.5,,0.5,0.5,209,12996.757565619555,2.0,2.0,stable,primary,1.8545468269968859,,0,block,65536,1007,SOURCE_RUN\raw\task-0019-dynamic-stable-nu1p5-N80-s1007-primary-0c58b85146\arrays.npz,80,student_t,1.5,dynamic,33.53134145358824,0.003,True
1.5,,0.5,0.5,375,16398.587732619137,2.0,2.0,stable,primary,2.0540789296667366,,0,block,65536,1007,SOURCE_RUN\raw\task-0019-dynamic-stable-nu1p5-N80-s1007-primary-0c58b85146\arrays.npz,80,student_t,1.5,dynamic,21.28913677824408,0.006,True
1.5,,0.5,0.5,774,20497.65650012224,2.0,2.0,stable,primary,1.9447657509082332,,0,block,65536,1007,SOURCE_RUN\raw\task-0019-dynamic-stable-nu1p5-N80-s1007-primary-0c58b85146\arrays.npz,80,student_t,1.5,dynamic,13.617455122143847,0.012,True
1.5,,0.5,0.5,197,8322.416484819903,2.0,2.0,stable,primary,1.259889021050659,,1,block,65536,1007,SOURCE_RUN\raw\task-0019-dynamic-stable-nu1p5-N80-s1007-primary-0c58b85146\arrays.npz,80,student_t,1.5,dynamic,33.53134145358824,0.003,True
1.5,,0.5,0.5,411,11814.028571675615,2.0,2.0,stable,primary,1.3502001215135702,,1,block,65536,1007,SOURCE_RUN\raw\task-0019-dynamic-stable-nu1p5-N80-s1007-primary-0c58b85146\arrays.npz,80,student_t,1.5,dynamic,21.28913677824408,0.006,True
1.5,,0.5,0.5,781,16069.784312126858,2.0,2.0,stable,primary,1.5109951180738892,,1,block,65536,1007,SOURCE_RUN\raw\task-0019-dynamic-stable-nu1p5-N80-s1007-primary-0c58b85146\arrays.npz,80,student_t,1.5,dynamic,13.617455122143847,0.012,True
1.5,,0.5,0.5,184,11025.567741631015,2.0,2.0,stable,primary,1.7870315118812445,,2,block,65536,1007,SOURCE_RUN\raw\task-0019-dynamic-stable-nu1p5-N80-s1007-primary-0c58b85146\arrays.npz,80,student_t,1.5,dynamic,33.53134145358824,0.003,True
1.5,,0.5,0.5,375,14286.64645268703,2.0,2.0,stable,primary,1.7895382171044685,,2,block,65536,1007,SOURCE_RUN\raw\task-0019-dynamic-stable-nu1p5-N80-s1007-primary-0c58b85146\arrays.npz,80,student_t,1.5,dynamic,21.28913677824408,0.006,True
1.5,,0.5,0.5,747,18332.991942323948,2.0,2.0,stable,primary,1.8022572990216768,,2,block,65536,1007,SOURCE_RUN\raw\task-0019-dynamic-stable-nu1p5-N80-s1007-primary-0c58b85146\arrays.npz,80,student_t,1.5,dynamic,13.617455122143847,0.012,True
1.5,,0.5,0.5,177,12862.766672333444,2.0,2.0,stable,primary,2.1672559163600025,,3,block,65536,1007,SOURCE_RUN\raw\task-0019-dynamic-stable-nu1p5-N80-s1007-primary-0c58b85146\arrays.npz,80,student_t,1.5,dynamic,33.53134145358824,0.003,True
1.5,,0.5,0.5,364,15946.762828389275,2.0,2.0,stable,primary,2.0578470816557854,,3,block,65536,1007,SOURCE_RUN\raw\task-0019-dynamic-stable-nu1p5-N80-s1007-primary-0c58b85146\arrays.npz,80,student_t,1.5,dynamic,21.28913677824408,0.006,True
1.5,,0.5,0.5,712,19780.903277687255,2.0,2.0,stable,primary,2.040187926131957,,3,block,65536,1007,SOURCE_RUN\raw\task-0019-dynamic-stable-nu1p5-N80-s1007-primary-0c58b85146\arrays.npz,80,student_t,1.5,dynamic,13.617455122143847,0.012,True
1.5,,0.5,0.5,767,45207.508464403916,2.0,2.0,stable,primary,1.7577790343822663,,-1,full,262144,1007,SOURCE_RUN\raw\task-0019-dynamic-stable-nu1p5-N80-s1007-primary-0c58b85146\arrays.npz,80,student_t,1.5,dynamic,33.53134145358824,0.003,True
1.5,,0.5,0.5,1525,58446.02558537106,2.0,2.0,stable,primary,1.8002262411173673,,-1,full,262144,1007,SOURCE_RUN\raw\task-0019-dynamic-stable-nu1p5-N80-s1007-primary-0c58b85146\arrays.npz,80,student_t,1.5,dynamic,21.28913677824408,0.006,True
1.5,,0.5,0.5,3014,74681.3360322603,2.0,2.0,stable,primary,1.8195872210331205,,-1,full,262144,1007,SOURCE_RUN\raw\task-0019-dynamic-stable-nu1p5-N80-s1007-primary-0c58b85146\arrays.npz,80,student_t,1.5,dynamic,13.617455122143847,0.012,True
1.5,,0.5,0.5,406,21319.174050439455,2.0,2.0,stable,primary,1.5660059704170661,,-1,nested,131072,1007,SOURCE_RUN\raw\task-0019-dynamic-stable-nu1p5-N80-s1007-primary-0c58b85146\arrays.npz,80,student_t,1.5,dynamic,33.53134145358824,0.003,True
1.5,,0.5,0.5,786,28212.616304294752,2.0,2.0,stable,primary,1.6860201635713787,,-1,nested,131072,1007,SOURCE_RUN\raw\task-0019-dynamic-stable-nu1p5-N80-s1007-primary-0c58b85146\arrays.npz,80,student_t,1.5,dynamic,21.28913677824408,0.006,True
1.5,,0.5,0.5,1555,36567.4408122491,2.0,2.0,stable,primary,1.7269041018769646,,-1,nested,131072,1007,SOURCE_RUN\raw\task-0019-dynamic-stable-nu1p5-N80-s1007-primary-0c58b85146\arrays.npz,80,student_t,1.5,dynamic,13.617455122143847,0.012,True
1.5,,0.5,0.5,209,12996.757565619555,2.0,2.0,stable,primary,1.8545468269968859,,-1,nested,65536,1007,SOURCE_RUN\raw\task-0019-dynamic-stable-nu1p5-N80-s1007-primary-0c58b85146\arrays.npz,80,student_t,1.5,dynamic,33.53134145358824,0.003,True
1.5,,0.5,0.5,375,16398.587732619137,2.0,2.0,stable,primary,2.0540789296667366,,-1,nested,65536,1007,SOURCE_RUN\raw\task-0019-dynamic-stable-nu1p5-N80-s1007-primary-0c58b85146\arrays.npz,80,student_t,1.5,dynamic,21.28913677824408,0.006,True
1.5,,0.5,0.5,774,20497.65650012224,2.0,2.0,stable,primary,1.9447657509082332,,-1,nested,65536,1007,SOURCE_RUN\raw\task-0019-dynamic-stable-nu1p5-N80-s1007-primary-0c58b85146\arrays.npz,80,student_t,1.5,dynamic,13.617455122143847,0.012,True
1.5,,0.5,0.5,201,8505.65690299771,2.0,2.0,stable,primary,1.2620044166294602,,0,block,65536,1008,SOURCE_RUN\raw\task-0020-dynamic-stable-nu1p5-N80-s1008-primary-91a520c979\arrays.npz,80,student_t,1.5,dynamic,33.53134145358824,0.003,True
1.5,,0.5,0.5,392,11904.8351530226,2.0,2.0,stable,primary,1.4265246048968718,,0,block,65536,1008,SOURCE_RUN\raw\task-0020-dynamic-stable-nu1p5-N80-s1008-primary-91a520c979\arrays.npz,80,student_t,1.5,dynamic,21.28913677824408,0.006,True
1.5,,0.5,0.5,748,15964.84402868514,2.0,2.0,stable,primary,1.5673541185527882,,0,block,65536,1008,SOURCE_RUN\raw\task-0020-dynamic-stable-nu1p5-N80-s1008-primary-91a520c979\arrays.npz,80,student_t,1.5,dynamic,13.617455122143847,0.012,True
1.5,,0.5,0.5,187,13370.270529892528,2.0,2.0,stable,primary,2.132296824035193,,1,block,65536,1008,SOURCE_RUN\raw\task-0020-dynamic-stable-nu1p5-N80-s1008-primary-91a520c979\arrays.npz,80,student_t,1.5,dynamic,33.53134145358824,0.003,True
1.5,,0.5,0.5,386,16633.33797995928,2.0,2.0,stable,primary,2.024109742904904,,1,block,65536,1008,SOURCE_RUN\raw\task-0020-dynamic-stable-nu1p5-N80-s1008-primary-91a520c979\arrays.npz,80,student_t,1.5,dynamic,21.28913677824408,0.006,True
1.5,,0.5,0.5,767,20800.394955645424,2.0,2.0,stable,primary,1.9914997890721584,,1,block,65536,1008,SOURCE_RUN\raw\task-0020-dynamic-stable-nu1p5-N80-s1008-primary-91a520c979\arrays.npz,80,student_t,1.5,dynamic,13.617455122143847,0.012,True
1.5,,0.5,0.5,178,11249.214769802034,2.0,2.0,stable,primary,1.8847392632018243,,2,block,65536,1008,SOURCE_RUN\raw\task-0020-dynamic-stable-nu1p5-N80-s1008-primary-91a520c979\arrays.npz,80,student_t,1.5,dynamic,33.53134145358824,0.003,True
1.5,,0.5,0.5,371,14368.343239548845,2.0,2.0,stable,primary,1.819176060571815,,2,block,65536,1008,SOURCE_RUN\raw\task-0020-dynamic-stable-nu1p5-N80-s1008-primary-91a520c979\arrays.npz,80,student_t,1.5,dynamic,21.28913677824408,0.006,True
1.5,,0.5,0.5,736,18344.92162545502,2.0,2.0,stable,primary,1.830383506198981,,2,block,65536,1008,SOURCE_RUN\raw\task-0020-dynamic-stable-nu1p5-N80-s1008-primary-91a520c979\arrays.npz,80,student_t,1.5,dynamic,13.617455122143847,0.012,True
1.5,,0.5,0.5,199,12977.270205353598,2.0,2.0,stable,primary,1.9448196900351162,,3,block,65536,1008,SOURCE_RUN\raw\task-0020-dynamic-stable-nu1p5-N80-s1008-primary-91a520c979\arrays.npz,80,student_t,1.5,dynamic,33.53134145358824,0.003,True
1.5,,0.5,0.5,396,16456.39155029311,2.0,2.0,stable,primary,1.9520070142716965,,3,block,65536,1008,SOURCE_RUN\raw\task-0020-dynamic-stable-nu1p5-N80-s1008-primary-91a520c979\arrays.npz,80,student_t,1.5,dynamic,21.28913677824408,0.006,True
1.5,,0.5,0.5,783,20611.338196842065,2.0,2.0,stable,primary,1.9330739780672626,,3,block,65536,1008,SOURCE_RUN\raw\task-0020-dynamic-stable-nu1p5-N80-s1008-primary-91a520c979\arrays.npz,80,student_t,1.5,dynamic,13.617455122143847,0.012,True
1.5,,0.5,0.5,765,46102.41240804587,2.0,2.0,stable,primary,1.7972615699398895,,-1,full,262144,1008,SOURCE_RUN\raw\task-0020-dynamic-stable-nu1p5-N80-s1008-primary-91a520c979\arrays.npz,80,student_t,1.5,dynamic,33.53134145358824,0.003,True
1.5,,0.5,0.5,1545,59362.90792282383,2.0,2.0,stable,primary,1.8047981242748232,,-1,full,262144,1008,SOURCE_RUN\raw\task-0020-dynamic-stable-nu1p5-N80-s1008-primary-91a520c979\arrays.npz,80,student_t,1.5,dynamic,21.28913677824408,0.006,True
1.5,,0.5,0.5,3034,75721.49880662764,2.0,2.0,stable,primary,1.8327687555322834,,-1,full,262144,1008,SOURCE_RUN\raw\task-0020-dynamic-stable-nu1p5-N80-s1008-primary-91a520c979\arrays.npz,80,student_t,1.5,dynamic,13.617455122143847,0.012,True
1.5,,0.5,0.5,388,21875.92743289024,2.0,2.0,stable,primary,1.6814494686523263,,-1,nested,131072,1008,SOURCE_RUN\raw\task-0020-dynamic-stable-nu1p5-N80-s1008-primary-91a520c979\arrays.npz,80,student_t,1.5,dynamic,33.53134145358824,0.003,True
1.5,,0.5,0.5,778,28538.17313298188,2.0,2.0,stable,primary,1.7230128610293916,,-1,nested,131072,1008,SOURCE_RUN\raw\task-0020-dynamic-stable-nu1p5-N80-s1008-primary-91a520c979\arrays.npz,80,student_t,1.5,dynamic,21.28913677824408,0.006,True
1.5,,0.5,0.5,1515,36765.238984330565,2.0,2.0,stable,primary,1.782086613132562,,-1,nested,131072,1008,SOURCE_RUN\raw\task-0020-dynamic-stable-nu1p5-N80-s1008-primary-91a520c979\arrays.npz,80,student_t,1.5,dynamic,13.617455122143847,0.012,True
1.5,,0.5,0.5,201,8505.65690299771,2.0,2.0,stable,primary,1.2620044166294602,,-1,nested,65536,1008,SOURCE_RUN\raw\task-0020-dynamic-stable-nu1p5-N80-s1008-primary-91a520c979\arrays.npz,80,student_t,1.5,dynamic,33.53134145358824,0.003,True
1.5,,0.5,0.5,392,11904.8351530226,2.0,2.0,stable,primary,1.4265246048968718,,-1,nested,65536,1008,SOURCE_RUN\raw\task-0020-dynamic-stable-nu1p5-N80-s1008-primary-91a520c979\arrays.npz,80,student_t,1.5,dynamic,21.28913677824408,0.006,True
1.5,,0.5,0.5,748,15964.84402868514,2.0,2.0,stable,primary,1.5673541185527882,,-1,nested,65536,1008,SOURCE_RUN\raw\task-0020-dynamic-stable-nu1p5-N80-s1008-primary-91a520c979\arrays.npz,80,student_t,1.5,dynamic,13.617455122143847,0.012,True
1.5,,0.5,0.5,240,16784.950751277724,2.0,2.0,stable,primary,2.0857291049268896,,0,block,65536,1009,SOURCE_RUN\raw\task-0021-dynamic-stable-nu1p5-N80-s1009-primary-5025f00f91\arrays.npz,80,student_t,1.5,dynamic,33.53134145358824,0.003,True
1.5,,0.5,0.5,413,20627.950103395146,2.0,2.0,stable,primary,2.3461078267337125,,0,block,65536,1009,SOURCE_RUN\raw\task-0021-dynamic-stable-nu1p5-N80-s1009-primary-5025f00f91\arrays.npz,80,student_t,1.5,dynamic,21.28913677824408,0.006,True
1.5,,0.5,0.5,795,25007.29174612992,2.0,2.0,stable,primary,2.309955318821829,,0,block,65536,1009,SOURCE_RUN\raw\task-0021-dynamic-stable-nu1p5-N80-s1009-primary-5025f00f91\arrays.npz,80,student_t,1.5,dynamic,13.617455122143847,0.012,True
1.5,,0.5,0.5,187,12067.778064653809,2.0,2.0,stable,primary,1.9245747333902092,,1,block,65536,1009,SOURCE_RUN\raw\task-0021-dynamic-stable-nu1p5-N80-s1009-primary-5025f00f91\arrays.npz,80,student_t,1.5,dynamic,33.53134145358824,0.003,True
1.5,,0.5,0.5,368,15268.991392821707,2.0,2.0,stable,primary,1.9489669717100542,,1,block,65536,1009,SOURCE_RUN\raw\task-0021-dynamic-stable-nu1p5-N80-s1009-primary-5025f00f91\arrays.npz,80,student_t,1.5,dynamic,21.28913677824408,0.006,True
1.5,,0.5,0.5,779,19395.580383411623,2.0,2.0,stable,primary,1.8283922399115924,,1,block,65536,1009,SOURCE_RUN\raw\task-0021-dynamic-stable-nu1p5-N80-s1009-primary-5025f00f91\arrays.npz,80,student_t,1.5,dynamic,13.617455122143847,0.012,True
1.5,,0.5,0.5,213,11586.58613306965,2.0,2.0,stable,primary,1.6222768203570048,,2,block,65536,1009,SOURCE_RUN\raw\task-0021-dynamic-stable-nu1p5-N80-s1009-primary-5025f00f91\arrays.npz,80,student_t,1.5,dynamic,33.53134145358824,0.003,True
1.5,,0.5,0.5,426,15112.130251862684,2.0,2.0,stable,primary,1.6663185796971516,,2,block,65536,1009,SOURCE_RUN\raw\task-0021-dynamic-stable-nu1p5-N80-s1009-primary-5025f00f91\arrays.npz,80,student_t,1.5,dynamic,21.28913677824408,0.006,True
1.5,,0.5,0.5,790,19520.98521487398,2.0,2.0,stable,primary,1.8145907326507043,,2,block,65536,1009,SOURCE_RUN\raw\task-0021-dynamic-stable-nu1p5-N80-s1009-primary-5025f00f91\arrays.npz,80,student_t,1.5,dynamic,13.617455122143847,0.012,True
1.5,,0.5,0.5,197,10922.237054881338,2.0,2.0,stable,primary,1.653462858516803,,3,block,65536,1009,SOURCE_RUN\raw\task-0021-dynamic-stable-nu1p5-N80-s1009-primary-5025f00f91\arrays.npz,80,student_t,1.5,dynamic,33.53134145358824,0.003,True
1.5,,0.5,0.5,368,14167.463156235022,2.0,2.0,stable,primary,1.8083655333909032,,3,block,65536,1009,SOURCE_RUN\raw\task-0021-dynamic-stable-nu1p5-N80-s1009-primary-5025f00f91\arrays.npz,80,student_t,1.5,dynamic,21.28913677824408,0.006,True
1.5,,0.5,0.5,738,18117.533145558402,2.0,2.0,stable,primary,1.8027966816898007,,3,block,65536,1009,SOURCE_RUN\raw\task-0021-dynamic-stable-nu1p5-N80-s1009-primary-5025f00f91\arrays.npz,80,student_t,1.5,dynamic,13.617455122143847,0.012,True
1.5,,0.5,0.5,837,51361.55200388252,2.0,2.0,stable,primary,1.8300449297374848,,-1,full,262144,1009,SOURCE_RUN\raw\task-0021-dynamic-stable-nu1p5-N80-s1009-primary-5025f00f91\arrays.npz,80,student_t,1.5,dynamic,33.53134145358824,0.003,True
1.5,,0.5,0.5,1575,65176.534904314554,2.0,2.0,stable,primary,1.9438048312820078,,-1,full,262144,1009,SOURCE_RUN\raw\task-0021-dynamic-stable-nu1p5-N80-s1009-primary-5025f00f91\arrays.npz,80,student_t,1.5,dynamic,21.28913677824408,0.006,True
1.5,,0.5,0.5,3102,82041.39048997393,2.0,2.0,stable,primary,1.942205887567896,,-1,full,262144,1009,SOURCE_RUN\raw\task-0021-dynamic-stable-nu1p5-N80-s1009-primary-5025f00f91\arrays.npz,80,student_t,1.5,dynamic,13.617455122143847,0.012,True
1.5,,0.5,0.5,427,28852.728815931536,2.0,2.0,stable,primary,2.015153302872185,,-1,nested,131072,1009,SOURCE_RUN\raw\task-0021-dynamic-stable-nu1p5-N80-s1009-primary-5025f00f91\arrays.npz,80,student_t,1.5,dynamic,33.53134145358824,0.003,True
1.5,,0.5,0.5,781,35896.94149621686,2.0,2.0,stable,primary,2.158978717068276,,-1,nested,131072,1009,SOURCE_RUN\raw\task-0021-dynamic-stable-nu1p5-N80-s1009-primary-5025f00f91\arrays.npz,80,student_t,1.5,dynamic,21.28913677824408,0.006,True
1.5,,0.5,0.5,1574,44402.872129541545,2.0,2.0,stable,primary,2.0716213680778175,,-1,nested,131072,1009,SOURCE_RUN\raw\task-0021-dynamic-stable-nu1p5-N80-s1009-primary-5025f00f91\arrays.npz,80,student_t,1.5,dynamic,13.617455122143847,0.012,True
1.5,,0.5,0.5,240,16784.950751277724,2.0,2.0,stable,primary,2.0857291049268896,,-1,nested,65536,1009,SOURCE_RUN\raw\task-0021-dynamic-stable-nu1p5-N80-s1009-primary-5025f00f91\arrays.npz,80,student_t,1.5,dynamic,33.53134145358824,0.003,True
1.5,,0.5,0.5,413,20627.950103395146,2.0,2.0,stable,primary,2.3461078267337125,,-1,nested,65536,1009,SOURCE_RUN\raw\task-0021-dynamic-stable-nu1p5-N80-s1009-primary-5025f00f91\arrays.npz,80,student_t,1.5,dynamic,21.28913677824408,0.006,True
1.5,,0.5,0.5,795,25007.29174612992,2.0,2.0,stable,primary,2.309955318821829,,-1,nested,65536,1009,SOURCE_RUN\raw\task-0021-dynamic-stable-nu1p5-N80-s1009-primary-5025f00f91\arrays.npz,80,student_t,1.5,dynamic,13.617455122143847,0.012,True
1.5,,0.5,0.5,178,12386.060916709775,2.0,2.0,stable,primary,2.075211097293622,,0,block,65536,1010,SOURCE_RUN\raw\task-0022-dynamic-stable-nu1p5-N80-s1010-primary-d7b46ad9c5\arrays.npz,80,student_t,1.5,dynamic,33.53134145358824,0.003,True
1.5,,0.5,0.5,359,15472.000476516127,2.0,2.0,stable,primary,2.0243890023571605,,0,block,65536,1010,SOURCE_RUN\raw\task-0022-dynamic-stable-nu1p5-N80-s1010-primary-d7b46ad9c5\arrays.npz,80,student_t,1.5,dynamic,21.28913677824408,0.006,True
1.5,,0.5,0.5,720,19344.575332500383,2.0,2.0,stable,primary,1.9730166538895866,,0,block,65536,1010,SOURCE_RUN\raw\task-0022-dynamic-stable-nu1p5-N80-s1010-primary-d7b46ad9c5\arrays.npz,80,student_t,1.5,dynamic,13.617455122143847,0.012,True
1.5,,0.5,0.5,203,9105.818728647224,2.0,2.0,stable,primary,1.3377409894829537,,1,block,65536,1010,SOURCE_RUN\raw\task-0022-dynamic-stable-nu1p5-N80-s1010-primary-d7b46ad9c5\arrays.npz,80,student_t,1.5,dynamic,33.53134145358824,0.003,True
1.5,,0.5,0.5,398,12553.047342386435,2.0,2.0,stable,primary,1.481521786640813,,1,block,65536,1010,SOURCE_RUN\raw\task-0022-dynamic-stable-nu1p5-N80-s1010-primary-d7b46ad9c5\arrays.npz,80,student_t,1.5,dynamic,21.28913677824408,0.006,True
1.5,,0.5,0.5,746,16693.337875414476,2.0,2.0,stable,primary,1.643268020243671,,1,block,65536,1010,SOURCE_RUN\raw\task-0022-dynamic-stable-nu1p5-N80-s1010-primary-d7b46ad9c5\arrays.npz,80,student_t,1.5,dynamic,13.617455122143847,0.012,True
1.5,,0.5,0.5,214,17000.753701610884,2.0,2.0,stable,primary,2.369209547329089,,2,block,65536,1010,SOURCE_RUN\raw\task-0022-dynamic-stable-nu1p5-N80-s1010-primary-d7b46ad9c5\arrays.npz,80,student_t,1.5,dynamic,33.53134145358824,0.003,True
1.5,,0.5,0.5,413,20603.15854079314,2.0,2.0,stable,primary,2.343288172877368,,2,block,65536,1010,SOURCE_RUN\raw\task-0022-dynamic-stable-nu1p5-N80-s1010-primary-d7b46ad9c5\arrays.npz,80,student_t,1.5,dynamic,21.28913677824408,0.006,True
1.5,,0.5,0.5,749,24818.709331960104,2.0,2.0,stable,primary,2.433332307938431,,2,block,65536,1010,SOURCE_RUN\raw\task-0022-dynamic-stable-nu1p5-N80-s1010-primary-d7b46ad9c5\arrays.npz,80,student_t,1.5,dynamic,13.617455122143847,0.012,True
1.5,,0.5,0.5,201,7626.62685568208,2.0,2.0,stable,primary,1.13158065104454,,3,block,65536,1010,SOURCE_RUN\raw\task-0022-dynamic-stable-nu1p5-N80-s1010-primary-d7b46ad9c5\arrays.npz,80,student_t,1.5,dynamic,33.53134145358824,0.003,True
1.5,,0.5,0.5,401,11082.672867273532,2.0,2.0,stable,primary,1.2982014482584927,,3,block,65536,1010,SOURCE_RUN\raw\task-0022-dynamic-stable-nu1p5-N80-s1010-primary-d7b46ad9c5\arrays.npz,80,student_t,1.5,dynamic,21.28913677824408,0.006,True
1.5,,0.5,0.5,804,15444.267733472072,2.0,2.0,stable,primary,1.4106371604246817,,3,block,65536,1010,SOURCE_RUN\raw\task-0022-dynamic-stable-nu1p5-N80-s1010-primary-d7b46ad9c5\arrays.npz,80,student_t,1.5,dynamic,13.617455122143847,0.012,True
1.5,,0.5,0.5,796,46119.260202649966,2.0,2.0,stable,primary,1.7278989323764848,,-1,full,262144,1010,SOURCE_RUN\raw\task-0022-dynamic-stable-nu1p5-N80-s1010-primary-d7b46ad9c5\arrays.npz,80,student_t,1.5,dynamic,33.53134145358824,0.003,True
1.5,,0.5,0.5,1571,59710.879226969235,2.0,2.0,stable,primary,1.7853329847735662,,-1,full,262144,1010,SOURCE_RUN\raw\task-0022-dynamic-stable-nu1p5-N80-s1010-primary-d7b46ad9c5\arrays.npz,80,student_t,1.5,dynamic,21.28913677824408,0.006,True
1.5,,0.5,0.5,3019,76300.89027334703,2.0,2.0,stable,primary,1.855968237671285,,-1,full,262144,1010,SOURCE_RUN\raw\task-0022-dynamic-stable-nu1p5-N80-s1010-primary-d7b46ad9c5\arrays.npz,80,student_t,1.5,dynamic,13.617455122143847,0.012,True
1.5,,0.5,0.5,381,21491.879645357,2.0,2.0,stable,primary,1.682280829877439,,-1,nested,131072,1010,SOURCE_RUN\raw\task-0022-dynamic-stable-nu1p5-N80-s1010-primary-d7b46ad9c5\arrays.npz,80,student_t,1.5,dynamic,33.53134145358824,0.003,True
1.5,,0.5,0.5,757,28025.047818902563,2.0,2.0,stable,primary,1.7389713645036515,,-1,nested,131072,1010,SOURCE_RUN\raw\task-0022-dynamic-stable-nu1p5-N80-s1010-primary-d7b46ad9c5\arrays.npz,80,student_t,1.5,dynamic,21.28913677824408,0.006,True
1.5,,0.5,0.5,1466,36037.913207914855,2.0,2.0,stable,primary,1.8052182359497138,,-1,nested,131072,1010,SOURCE_RUN\raw\task-0022-dynamic-stable-nu1p5-N80-s1010-primary-d7b46ad9c5\arrays.npz,80,student_t,1.5,dynamic,13.617455122143847,0.012,True
1.5,,0.5,0.5,178,12386.060916709775,2.0,2.0,stable,primary,2.075211097293622,,-1,nested,65536,1010,SOURCE_RUN\raw\task-0022-dynamic-stable-nu1p5-N80-s1010-primary-d7b46ad9c5\arrays.npz,80,student_t,1.5,dynamic,33.53134145358824,0.003,True
1.5,,0.5,0.5,359,15472.000476516127,2.0,2.0,stable,primary,2.0243890023571605,,-1,nested,65536,1010,SOURCE_RUN\raw\task-0022-dynamic-stable-nu1p5-N80-s1010-primary-d7b46ad9c5\arrays.npz,80,student_t,1.5,dynamic,21.28913677824408,0.006,True
1.5,,0.5,0.5,720,19344.575332500383,2.0,2.0,stable,primary,1.9730166538895866,,-1,nested,65536,1010,SOURCE_RUN\raw\task-0022-dynamic-stable-nu1p5-N80-s1010-primary-d7b46ad9c5\arrays.npz,80,student_t,1.5,dynamic,13.617455122143847,0.012,True
1.5,,0.5,0.5,192,23420.34466811802,2.0,2.0,stable,primary,3.6378193214235788,,0,block,65536,1011,SOURCE_RUN\raw\task-0023-dynamic-stable-nu1p5-N80-s1011-primary-c30e9ee234\arrays.npz,80,student_t,1.5,dynamic,33.53134145358824,0.003,True
1.5,,0.5,0.5,386,26723.8551503153,2.0,2.0,stable,primary,3.2520240761599086,,0,block,65536,1011,SOURCE_RUN\raw\task-0023-dynamic-stable-nu1p5-N80-s1011-primary-c30e9ee234\arrays.npz,80,student_t,1.5,dynamic,21.28913677824408,0.006,True
1.5,,0.5,0.5,737,30779.211617284986,2.0,2.0,stable,primary,3.0668607049345042,,0,block,65536,1011,SOURCE_RUN\raw\task-0023-dynamic-stable-nu1p5-N80-s1011-primary-c30e9ee234\arrays.npz,80,student_t,1.5,dynamic,13.617455122143847,0.012,True
1.5,,0.5,0.5,171,10792.9803232396,2.0,2.0,stable,primary,1.882323857603943,,1,block,65536,1011,SOURCE_RUN\raw\task-0023-dynamic-stable-nu1p5-N80-s1011-primary-c30e9ee234\arrays.npz,80,student_t,1.5,dynamic,33.53134145358824,0.003,True
1.5,,0.5,0.5,379,13794.905230012428,2.0,2.0,stable,primary,1.7097060915594335,,1,block,65536,1011,SOURCE_RUN\raw\task-0023-dynamic-stable-nu1p5-N80-s1011-primary-c30e9ee234\arrays.npz,80,student_t,1.5,dynamic,21.28913677824408,0.006,True
1.5,,0.5,0.5,736,17864.363680602473,2.0,2.0,stable,primary,1.782435340816227,,1,block,65536,1011,SOURCE_RUN\raw\task-0023-dynamic-stable-nu1p5-N80-s1011-primary-c30e9ee234\arrays.npz,80,student_t,1.5,dynamic,13.617455122143847,0.012,True
1.5,,0.5,0.5,208,10185.791485746386,2.0,2.0,stable,primary,1.460429235781151,,2,block,65536,1011,SOURCE_RUN\raw\task-0023-dynamic-stable-nu1p5-N80-s1011-primary-c30e9ee234\arrays.npz,80,student_t,1.5,dynamic,33.53134145358824,0.003,True
1.5,,0.5,0.5,403,13760.363390776361,2.0,2.0,stable,primary,1.6038612868752966,,2,block,65536,1011,SOURCE_RUN\raw\task-0023-dynamic-stable-nu1p5-N80-s1011-primary-c30e9ee234\arrays.npz,80,student_t,1.5,dynamic,21.28913677824408,0.006,True
1.5,,0.5,0.5,743,17935.935540074697,2.0,2.0,stable,primary,1.7727164223623817,,2,block,65536,1011,SOURCE_RUN\raw\task-0023-dynamic-stable-nu1p5-N80-s1011-primary-c30e9ee234\arrays.npz,80,student_t,1.5,dynamic,13.617455122143847,0.012,True
1.5,,0.5,0.5,170,11243.066345364314,2.0,2.0,stable,primary,1.9723542667100389,,3,block,65536,1011,SOURCE_RUN\raw\task-0023-dynamic-stable-nu1p5-N80-s1011-primary-c30e9ee234\arrays.npz,80,student_t,1.5,dynamic,33.53134145358824,0.003,True
1.5,,0.5,0.5,367,14284.064280500206,2.0,2.0,stable,primary,1.828216732461965,,3,block,65536,1011,SOURCE_RUN\raw\task-0023-dynamic-stable-nu1p5-N80-s1011-primary-c30e9ee234\arrays.npz,80,student_t,1.5,dynamic,21.28913677824408,0.006,True
1.5,,0.5,0.5,730,18240.73163238149,2.0,2.0,stable,primary,1.8349466461886306,,3,block,65536,1011,SOURCE_RUN\raw\task-0023-dynamic-stable-nu1p5-N80-s1011-primary-c30e9ee234\arrays.npz,80,student_t,1.5,dynamic,13.617455122143847,0.012,True
1.5,,0.5,0.5,741,55642.18282246832,2.0,2.0,stable,primary,2.239417268214288,,-1,full,262144,1011,SOURCE_RUN\raw\task-0023-dynamic-stable-nu1p5-N80-s1011-primary-c30e9ee234\arrays.npz,80,student_t,1.5,dynamic,33.53134145358824,0.003,True
1.5,,0.5,0.5,1535,68563.18805160429,2.0,2.0,stable,primary,2.098092209461261,,-1,full,262144,1011,SOURCE_RUN\raw\task-0023-dynamic-stable-nu1p5-N80-s1011-primary-c30e9ee234\arrays.npz,80,student_t,1.5,dynamic,21.28913677824408,0.006,True
1.5,,0.5,0.5,2946,84820.24247034364,2.0,2.0,stable,primary,2.1143204697591385,,-1,full,262144,1011,SOURCE_RUN\raw\task-0023-dynamic-stable-nu1p5-N80-s1011-primary-c30e9ee234\arrays.npz,80,student_t,1.5,dynamic,13.617455122143847,0.012,True
1.5,,0.5,0.5,363,34213.32499135763,2.0,2.0,stable,primary,2.8108503839217676,,-1,nested,131072,1011,SOURCE_RUN\raw\task-0023-dynamic-stable-nu1p5-N80-s1011-primary-c30e9ee234\arrays.npz,80,student_t,1.5,dynamic,33.53134145358824,0.003,True
1.5,,0.5,0.5,765,40518.76038032773,2.0,2.0,stable,primary,2.4879214406519607,,-1,nested,131072,1011,SOURCE_RUN\raw\task-0023-dynamic-stable-nu1p5-N80-s1011-primary-c30e9ee234\arrays.npz,80,student_t,1.5,dynamic,21.28913677824408,0.006,True
1.5,,0.5,0.5,1473,48643.575297887466,2.0,2.0,stable,primary,2.4250840124762205,,-1,nested,131072,1011,SOURCE_RUN\raw\task-0023-dynamic-stable-nu1p5-N80-s1011-primary-c30e9ee234\arrays.npz,80,student_t,1.5,dynamic,13.617455122143847,0.012,True
1.5,,0.5,0.5,192,23420.34466811802,2.0,2.0,stable,primary,3.6378193214235788,,-1,nested,65536,1011,SOURCE_RUN\raw\task-0023-dynamic-stable-nu1p5-N80-s1011-primary-c30e9ee234\arrays.npz,80,student_t,1.5,dynamic,33.53134145358824,0.003,True
1.5,,0.5,0.5,386,26723.8551503153,2.0,2.0,stable,primary,3.2520240761599086,,-1,nested,65536,1011,SOURCE_RUN\raw\task-0023-dynamic-stable-nu1p5-N80-s1011-primary-c30e9ee234\arrays.npz,80,student_t,1.5,dynamic,21.28913677824408,0.006,True
1.5,,0.5,0.5,737,30779.211617284986,2.0,2.0,stable,primary,3.0668607049345042,,-1,nested,65536,1011,SOURCE_RUN\raw\task-0023-dynamic-stable-nu1p5-N80-s1011-primary-c30e9ee234\arrays.npz,80,student_t,1.5,dynamic,13.617455122143847,0.012,True
1.5,,0.5,0.5,231,8552.064397194114,2.0,2.0,stable,primary,2.521803872279875,,0,block,65536,1000,SOURCE_RUN\raw\task-0024-dynamic-stable-nu3-N80-s1000-primary-00f74620ad\arrays.npz,80,student_t,3.0,dynamic,14.68073080715309,0.003,True
1.5,,0.5,0.5,515,10412.262939602126,2.0,2.0,stable,primary,2.169117600701987,,0,block,65536,1000,SOURCE_RUN\raw\task-0024-dynamic-stable-nu3-N80-s1000-primary-00f74620ad\arrays.npz,80,student_t,3.0,dynamic,9.320834556847661,0.006,True
1.5,,0.5,0.5,1146,12976.141175140583,2.0,2.0,stable,primary,1.8991892543213245,,0,block,65536,1000,SOURCE_RUN\raw\task-0024-dynamic-stable-nu3-N80-s1000-primary-00f74620ad\arrays.npz,80,student_t,3.0,dynamic,5.9620099960327915,0.012,True
1.5,,0.5,0.5,218,4548.446476885234,2.0,2.0,stable,primary,1.4212121763067433,,1,block,65536,1000,SOURCE_RUN\raw\task-0024-dynamic-stable-nu3-N80-s1000-primary-00f74620ad\arrays.npz,80,student_t,3.0,dynamic,14.68073080715309,0.003,True
1.5,,0.5,0.5,485,6259.971043343012,2.0,2.0,stable,primary,1.3847640693199053,,1,block,65536,1000,SOURCE_RUN\raw\task-0024-dynamic-stable-nu3-N80-s1000-primary-00f74620ad\arrays.npz,80,student_t,3.0,dynamic,9.320834556847661,0.006,True
1.5,,0.5,0.5,1133,8757.267122694113,2.0,2.0,stable,primary,1.2964207915316803,,1,block,65536,1000,SOURCE_RUN\raw\task-0024-dynamic-stable-nu3-N80-s1000-primary-00f74620ad\arrays.npz,80,student_t,3.0,dynamic,5.9620099960327915,0.012,True
1.5,,0.5,0.5,230,5319.407773927942,2.0,2.0,stable,primary,1.57538886792845,,2,block,65536,1000,SOURCE_RUN\raw\task-0024-dynamic-stable-nu3-N80-s1000-primary-00f74620ad\arrays.npz,80,student_t,3.0,dynamic,14.68073080715309,0.003,True
1.5,,0.5,0.5,502,7089.696207831908,2.0,2.0,stable,primary,1.5151970272917896,,2,block,65536,1000,SOURCE_RUN\raw\task-0024-dynamic-stable-nu3-N80-s1000-primary-00f74620ad\arrays.npz,80,student_t,3.0,dynamic,9.320834556847661,0.006,True
1.5,,0.5,0.5,1097,9584.330745037405,2.0,2.0,stable,primary,1.465421182491328,,2,block,65536,1000,SOURCE_RUN\raw\task-0024-dynamic-stable-nu3-N80-s1000-primary-00f74620ad\arrays.npz,80,student_t,3.0,dynamic,5.9620099960327915,0.012,True
1.5,,0.5,0.5,217,6838.677954766001,2.0,2.0,stable,primary,2.1466673128754197,,3,block,65536,1000,SOURCE_RUN\raw\task-0024-dynamic-stable-nu3-N80-s1000-primary-00f74620ad\arrays.npz,80,student_t,3.0,dynamic,14.68073080715309,0.003,True
1.5,,0.5,0.5,488,8558.25193279887,2.0,2.0,stable,primary,1.8815269592735093,,3,block,65536,1000,SOURCE_RUN\raw\task-0024-dynamic-stable-nu3-N80-s1000-primary-00f74620ad\arrays.npz,80,student_t,3.0,dynamic,9.320834556847661,0.006,True
1.5,,0.5,0.5,1157,11085.346949838959,2.0,2.0,stable,primary,1.6070272144078213,,3,block,65536,1000,SOURCE_RUN\raw\task-0024-dynamic-stable-nu3-N80-s1000-primary-00f74620ad\arrays.npz,80,student_t,3.0,dynamic,5.9620099960327915,0.012,True
1.5,,0.5,0.5,896,25258.596602773287,2.0,2.0,stable,primary,1.9202312449207928,,-1,full,262144,1000,SOURCE_RUN\raw\task-0024-dynamic-stable-nu3-N80-s1000-primary-00f74620ad\arrays.npz,80,student_t,3.0,dynamic,14.68073080715309,0.003,True
1.5,,0.5,0.5,1990,32320.182123575913,2.0,2.0,stable,primary,1.7424724632199136,,-1,full,262144,1000,SOURCE_RUN\raw\task-0024-dynamic-stable-nu3-N80-s1000-primary-00f74620ad\arrays.npz,80,student_t,3.0,dynamic,9.320834556847661,0.006,True
1.5,,0.5,0.5,4533,42403.08599271106,2.0,2.0,stable,primary,1.5689859180499597,,-1,full,262144,1000,SOURCE_RUN\raw\task-0024-dynamic-stable-nu3-N80-s1000-primary-00f74620ad\arrays.npz,80,student_t,3.0,dynamic,5.9620099960327915,0.012,True
1.5,,0.5,0.5,449,13100.510874079348,2.0,2.0,stable,primary,1.9874408662171963,,-1,nested,131072,1000,SOURCE_RUN\raw\task-0024-dynamic-stable-nu3-N80-s1000-primary-00f74620ad\arrays.npz,80,student_t,3.0,dynamic,14.68073080715309,0.003,True
1.5,,0.5,0.5,1000,16672.233982945138,2.0,2.0,stable,primary,1.788706137981677,,-1,nested,131072,1000,SOURCE_RUN\raw\task-0024-dynamic-stable-nu3-N80-s1000-primary-00f74620ad\arrays.npz,80,student_t,3.0,dynamic,9.320834556847661,0.006,True
1.5,,0.5,0.5,2279,21733.408297834696,2.0,2.0,stable,primary,1.5995241958129145,,-1,nested,131072,1000,SOURCE_RUN\raw\task-0024-dynamic-stable-nu3-N80-s1000-primary-00f74620ad\arrays.npz,80,student_t,3.0,dynamic,5.9620099960327915,0.012,True
1.5,,0.5,0.5,231,8552.064397194114,2.0,2.0,stable,primary,2.521803872279875,,-1,nested,65536,1000,SOURCE_RUN\raw\task-0024-dynamic-stable-nu3-N80-s1000-primary-00f74620ad\arrays.npz,80,student_t,3.0,dynamic,14.68073080715309,0.003,True
1.5,,0.5,0.5,515,10412.262939602126,2.0,2.0,stable,primary,2.169117600701987,,-1,nested,65536,1000,SOURCE_RUN\raw\task-0024-dynamic-stable-nu3-N80-s1000-primary-00f74620ad\arrays.npz,80,student_t,3.0,dynamic,9.320834556847661,0.006,True
1.5,,0.5,0.5,1146,12976.141175140583,2.0,2.0,stable,primary,1.8991892543213245,,-1,nested,65536,1000,SOURCE_RUN\raw\task-0024-dynamic-stable-nu3-N80-s1000-primary-00f74620ad\arrays.npz,80,student_t,3.0,dynamic,5.9620099960327915,0.012,True
1.5,,0.5,0.5,205,3761.2341916426794,2.0,2.0,stable,primary,1.2497663844317555,,0,block,65536,1001,SOURCE_RUN\raw\task-0025-dynamic-stable-nu3-N80-s1001-primary-efb2b47a50\arrays.npz,80,student_t,3.0,dynamic,14.68073080715309,0.003,True
1.5,,0.5,0.5,454,5388.831690729318,2.0,2.0,stable,primary,1.2734560682527534,,0,block,65536,1001,SOURCE_RUN\raw\task-0025-dynamic-stable-nu3-N80-s1001-primary-efb2b47a50\arrays.npz,80,student_t,3.0,dynamic,9.320834556847661,0.006,True
1.5,,0.5,0.5,1060,7678.823564952179,2.0,2.0,stable,primary,1.2150555231043836,,0,block,65536,1001,SOURCE_RUN\raw\task-0025-dynamic-stable-nu3-N80-s1001-primary-efb2b47a50\arrays.npz,80,student_t,3.0,dynamic,5.9620099960327915,0.012,True
1.5,,0.5,0.5,188,5374.479996836531,2.0,2.0,stable,primary,1.9472913122085158,,1,block,65536,1001,SOURCE_RUN\raw\task-0025-dynamic-stable-nu3-N80-s1001-primary-efb2b47a50\arrays.npz,80,student_t,3.0,dynamic,14.68073080715309,0.003,True
1.5,,0.5,0.5,433,6896.5242081391225,2.0,2.0,stable,primary,1.7087855752511967,,1,block,65536,1001,SOURCE_RUN\raw\task-0025-dynamic-stable-nu3-N80-s1001-primary-efb2b47a50\arrays.npz,80,student_t,3.0,dynamic,9.320834556847661,0.006,True
1.5,,0.5,0.5,1073,9182.279080508497,2.0,2.0,stable,primary,1.4353508357066098,,1,block,65536,1001,SOURCE_RUN\raw\task-0025-dynamic-stable-nu3-N80-s1001-primary-efb2b47a50\arrays.npz,80,student_t,3.0,dynamic,5.9620099960327915,0.012,True
1.5,,0.5,0.5,208,7610.918029026012,2.0,2.0,stable,primary,2.492447586110383,,2,block,65536,1001,SOURCE_RUN\raw\task-0025-dynamic-stable-nu3-N80-s1001-primary-efb2b47a50\arrays.npz,80,student_t,3.0,dynamic,14.68073080715309,0.003,True
1.5,,0.5,0.5,443,9244.725404072407,2.0,2.0,stable,primary,2.2389040927028407,,2,block,65536,1001,SOURCE_RUN\raw\task-0025-dynamic-stable-nu3-N80-s1001-primary-efb2b47a50\arrays.npz,80,student_t,3.0,dynamic,9.320834556847661,0.006,True
1.5,,0.5,0.5,1057,11543.360748522455,2.0,2.0,stable,primary,1.831743171063893,,2,block,65536,1001,SOURCE_RUN\raw\task-0025-dynamic-stable-nu3-N80-s1001-primary-efb2b47a50\arrays.npz,80,student_t,3.0,dynamic,5.9620099960327915,0.012,True
1.5,,0.5,0.5,215,5577.532265992172,2.0,2.0,stable,primary,1.7670789608687874,,3,block,65536,1001,SOURCE_RUN\raw\task-0025-dynamic-stable-nu3-N80-s1001-primary-efb2b47a50\arrays.npz,80,student_t,3.0,dynamic,14.68073080715309,0.003,True
1.5,,0.5,0.5,494,7320.05440164477,2.0,2.0,stable,primary,1.5897636418278671,,3,block,65536,1001,SOURCE_RUN\raw\task-0025-dynamic-stable-nu3-N80-s1001-primary-efb2b47a50\arrays.npz,80,student_t,3.0,dynamic,9.320834556847661,0.006,True
1.5,,0.5,0.5,1099,9729.568480552045,2.0,2.0,stable,primary,1.4849204451594324,,3,block,65536,1001,SOURCE_RUN\raw\task-0025-dynamic-stable-nu3-N80-s1001-primary-efb2b47a50\arrays.npz,80,student_t,3.0,dynamic,5.9620099960327915,0.012,True
1.5,,0.5,0.5,816,22324.164483497396,2.0,2.0,stable,primary,1.8635342524527696,,-1,full,262144,1001,SOURCE_RUN\raw\task-0025-dynamic-stable-nu3-N80-s1001-primary-efb2b47a50\arrays.npz,80,student_t,3.0,dynamic,14.68073080715309,0.003,True
1.5,,0.5,0.5,1824,28850.13570458562,2.0,2.0,stable,primary,1.696946798903971,,-1,full,262144,1001,SOURCE_RUN\raw\task-0025-dynamic-stable-nu3-N80-s1001-primary-efb2b47a50\arrays.npz,80,student_t,3.0,dynamic,9.320834556847661,0.006,True
1.5,,0.5,0.5,4289,38134.03187453518,2.0,2.0,stable,primary,1.4912964332591727,,-1,full,262144,1001,SOURCE_RUN\raw\task-0025-dynamic-stable-nu3-N80-s1001-primary-efb2b47a50\arrays.npz,80,student_t,3.0,dynamic,5.9620099960327915,0.012,True
1.5,,0.5,0.5,393,9135.71418847921,2.0,2.0,stable,primary,1.5834424313071525,,-1,nested,131072,1001,SOURCE_RUN\raw\task-0025-dynamic-stable-nu3-N80-s1001-primary-efb2b47a50\arrays.npz,80,student_t,3.0,dynamic,14.68073080715309,0.003,True
1.5,,0.5,0.5,887,12285.355898868442,2.0,2.0,stable,primary,1.4859675412294457,,-1,nested,131072,1001,SOURCE_RUN\raw\task-0025-dynamic-stable-nu3-N80-s1001-primary-efb2b47a50\arrays.npz,80,student_t,3.0,dynamic,9.320834556847661,0.006,True
1.5,,0.5,0.5,2133,16861.102645460676,2.0,2.0,stable,primary,1.32587449657939,,-1,nested,131072,1001,SOURCE_RUN\raw\task-0025-dynamic-stable-nu3-N80-s1001-primary-efb2b47a50\arrays.npz,80,student_t,3.0,dynamic,5.9620099960327915,0.012,True
1.5,,0.5,0.5,205,3761.2341916426794,2.0,2.0,stable,primary,1.2497663844317555,,-1,nested,65536,1001,SOURCE_RUN\raw\task-0025-dynamic-stable-nu3-N80-s1001-primary-efb2b47a50\arrays.npz,80,student_t,3.0,dynamic,14.68073080715309,0.003,True
1.5,,0.5,0.5,454,5388.831690729318,2.0,2.0,stable,primary,1.2734560682527534,,-1,nested,65536,1001,SOURCE_RUN\raw\task-0025-dynamic-stable-nu3-N80-s1001-primary-efb2b47a50\arrays.npz,80,student_t,3.0,dynamic,9.320834556847661,0.006,True
1.5,,0.5,0.5,1060,7678.823564952179,2.0,2.0,stable,primary,1.2150555231043836,,-1,nested,65536,1001,SOURCE_RUN\raw\task-0025-dynamic-stable-nu3-N80-s1001-primary-efb2b47a50\arrays.npz,80,student_t,3.0,dynamic,5.9620099960327915,0.012,True
1.5,,0.5,0.5,221,21720.224102687505,2.0,2.0,stable,primary,6.694595678973167,,0,block,65536,1002,SOURCE_RUN\raw\task-0026-dynamic-stable-nu3-N80-s1002-primary-da842947bb\arrays.npz,80,student_t,3.0,dynamic,14.68073080715309,0.003,True
1.5,,0.5,0.5,479,23461.415650264003,2.0,2.0,stable,primary,5.254893284544763,,0,block,65536,1002,SOURCE_RUN\raw\task-0026-dynamic-stable-nu3-N80-s1002-primary-da842947bb\arrays.npz,80,student_t,3.0,dynamic,9.320834556847661,0.006,True
1.5,,0.5,0.5,1089,25852.69202013887,2.0,2.0,stable,primary,3.9818527248893214,,0,block,65536,1002,SOURCE_RUN\raw\task-0026-dynamic-stable-nu3-N80-s1002-primary-da842947bb\arrays.npz,80,student_t,3.0,dynamic,5.9620099960327915,0.012,True
1.5,,0.5,0.5,228,6172.931700624882,2.0,2.0,stable,primary,1.844203956907528,,1,block,65536,1002,SOURCE_RUN\raw\task-0026-dynamic-stable-nu3-N80-s1002-primary-da842947bb\arrays.npz,80,student_t,3.0,dynamic,14.68073080715309,0.003,True
1.5,,0.5,0.5,460,7893.814431013297,2.0,2.0,stable,primary,1.8410868736823134,,1,block,65536,1002,SOURCE_RUN\raw\task-0026-dynamic-stable-nu3-N80-s1002-primary-da842947bb\arrays.npz,80,student_t,3.0,dynamic,9.320834556847661,0.006,True
1.5,,0.5,0.5,1090,10259.148832251192,2.0,2.0,stable,primary,1.578672822608018,,1,block,65536,1002,SOURCE_RUN\raw\task-0026-dynamic-stable-nu3-N80-s1002-primary-da842947bb\arrays.npz,80,student_t,3.0,dynamic,5.9620099960327915,0.012,True
1.5,,0.5,0.5,235,5072.2210967735355,2.0,2.0,stable,primary,1.470221056721633,,2,block,65536,1002,SOURCE_RUN\raw\task-0026-dynamic-stable-nu3-N80-s1002-primary-da842947bb\arrays.npz,80,student_t,3.0,dynamic,14.68073080715309,0.003,True
1.5,,0.5,0.5,492,6880.501408766595,2.0,2.0,stable,primary,1.5003762673411734,,2,block,65536,1002,SOURCE_RUN\raw\task-0026-dynamic-stable-nu3-N80-s1002-primary-da842947bb\arrays.npz,80,student_t,3.0,dynamic,9.320834556847661,0.006,True
1.5,,0.5,0.5,1155,9416.531942402435,2.0,2.0,stable,primary,1.3674652531610239,,2,block,65536,1002,SOURCE_RUN\raw\task-0026-dynamic-stable-nu3-N80-s1002-primary-da842947bb\arrays.npz,80,student_t,3.0,dynamic,5.9620099960327915,0.012,True
1.5,,0.5,0.5,209,4355.469189119512,2.0,2.0,stable,primary,1.4195182632206254,,3,block,65536,1002,SOURCE_RUN\raw\task-0026-dynamic-stable-nu3-N80-s1002-primary-da842947bb\arrays.npz,80,student_t,3.0,dynamic,14.68073080715309,0.003,True
1.5,,0.5,0.5,460,5983.56519562862,2.0,2.0,stable,primary,1.3955564113862864,,3,block,65536,1002,SOURCE_RUN\raw\task-0026-dynamic-stable-nu3-N80-s1002-primary-da842947bb\arrays.npz,80,student_t,3.0,dynamic,9.320834556847661,0.006,True
1.5,,0.5,0.5,1147,8423.276445351847,2.0,2.0,stable,primary,1.231756708895859,,3,block,65536,1002,SOURCE_RUN\raw\task-0026-dynamic-stable-nu3-N80-s1002-primary-da842947bb\arrays.npz,80,student_t,3.0,dynamic,5.9620099960327915,0.012,True
1.5,,0.5,0.5,893,37320.84608920543,2.0,2.0,stable,primary,2.846769778914535,,-1,full,262144,1002,SOURCE_RUN\raw\task-0026-dynamic-stable-nu3-N80-s1002-primary-da842947bb\arrays.npz,80,student_t,3.0,dynamic,14.68073080715309,0.003,True
1.5,,0.5,0.5,1891,44219.29668567251,2.0,2.0,stable,primary,2.5087968894555015,,-1,full,262144,1002,SOURCE_RUN\raw\task-0026-dynamic-stable-nu3-N80-s1002-primary-da842947bb\arrays.npz,80,student_t,3.0,dynamic,9.320834556847661,0.006,True
1.5,,0.5,0.5,4481,53951.64924014434,2.0,2.0,stable,primary,2.0194684906386393,,-1,full,262144,1002,SOURCE_RUN\raw\task-0026-dynamic-stable-nu3-N80-s1002-primary-da842947bb\arrays.npz,80,student_t,3.0,dynamic,5.9620099960327915,0.012,True
1.5,,0.5,0.5,449,27893.155803312387,2.0,2.0,stable,primary,4.231590528347408,,-1,nested,131072,1002,SOURCE_RUN\raw\task-0026-dynamic-stable-nu3-N80-s1002-primary-da842947bb\arrays.npz,80,student_t,3.0,dynamic,14.68073080715309,0.003,True
1.5,,0.5,0.5,939,31355.230081277303,2.0,2.0,stable,primary,3.582528056646226,,-1,nested,131072,1002,SOURCE_RUN\raw\task-0026-dynamic-stable-nu3-N80-s1002-primary-da842947bb\arrays.npz,80,student_t,3.0,dynamic,9.320834556847661,0.006,True
1.5,,0.5,0.5,2179,36111.840852390065,2.0,2.0,stable,primary,2.7797113327430982,,-1,nested,131072,1002,SOURCE_RUN\raw\task-0026-dynamic-stable-nu3-N80-s1002-primary-da842947bb\arrays.npz,80,student_t,3.0,dynamic,5.9620099960327915,0.012,True
1.5,,0.5,0.5,221,21720.224102687505,2.0,2.0,stable,primary,6.694595678973167,,-1,nested,65536,1002,SOURCE_RUN\raw\task-0026-dynamic-stable-nu3-N80-s1002-primary-da842947bb\arrays.npz,80,student_t,3.0,dynamic,14.68073080715309,0.003,True
1.5,,0.5,0.5,479,23461.415650264003,2.0,2.0,stable,primary,5.254893284544763,,-1,nested,65536,1002,SOURCE_RUN\raw\task-0026-dynamic-stable-nu3-N80-s1002-primary-da842947bb\arrays.npz,80,student_t,3.0,dynamic,9.320834556847661,0.006,True
1.5,,0.5,0.5,1089,25852.69202013887,2.0,2.0,stable,primary,3.9818527248893214,,-1,nested,65536,1002,SOURCE_RUN\raw\task-0026-dynamic-stable-nu3-N80-s1002-primary-da842947bb\arrays.npz,80,student_t,3.0,dynamic,5.9620099960327915,0.012,True
1.5,,0.5,0.5,209,4753.291480739703,2.0,2.0,stable,primary,1.549175019806545,,0,block,65536,1003,SOURCE_RUN\raw\task-0027-dynamic-stable-nu3-N80-s1003-primary-689feba6f1\arrays.npz,80,student_t,3.0,dynamic,14.68073080715309,0.003,True
1.5,,0.5,0.5,483,6400.181505113518,2.0,2.0,stable,primary,1.4216423759601302,,0,block,65536,1003,SOURCE_RUN\raw\task-0027-dynamic-stable-nu3-N80-s1003-primary-689feba6f1\arrays.npz,80,student_t,3.0,dynamic,9.320834556847661,0.006,True
1.5,,0.5,0.5,1096,8834.05984129084,2.0,2.0,stable,primary,1.351938957362288,,0,block,65536,1003,SOURCE_RUN\raw\task-0027-dynamic-stable-nu3-N80-s1003-primary-689feba6f1\arrays.npz,80,student_t,3.0,dynamic,5.9620099960327915,0.012,True
1.5,,0.5,0.5,245,5154.913654755143,2.0,2.0,stable,primary,1.4332027590007943,,1,block,65536,1003,SOURCE_RUN\raw\task-0027-dynamic-stable-nu3-N80-s1003-primary-689feba6f1\arrays.npz,80,student_t,3.0,dynamic,14.68073080715309,0.003,True
1.5,,0.5,0.5,476,6962.496394437133,2.0,2.0,stable,primary,1.569290086248582,,1,block,65536,1003,SOURCE_RUN\raw\task-0027-dynamic-stable-nu3-N80-s1003-primary-689feba6f1\arrays.npz,80,student_t,3.0,dynamic,9.320834556847661,0.006,True
1.5,,0.5,0.5,1118,9378.51347947744,2.0,2.0,stable,primary,1.4070175145123391,,1,block,65536,1003,SOURCE_RUN\raw\task-0027-dynamic-stable-nu3-N80-s1003-primary-689feba6f1\arrays.npz,80,student_t,3.0,dynamic,5.9620099960327915,0.012,True
1.5,,0.5,0.5,218,5496.805119283025,2.0,2.0,stable,primary,1.7175372747619981,,2,block,65536,1003,SOURCE_RUN\raw\task-0027-dynamic-stable-nu3-N80-s1003-primary-689feba6f1\arrays.npz,80,student_t,3.0,dynamic,14.68073080715309,0.003,True
1.5,,0.5,0.5,486,7212.090663705614,2.0,2.0,stable,primary,1.5920991444668384,,2,block,65536,1003,SOURCE_RUN\raw\task-0027-dynamic-stable-nu3-N80-s1003-primary-689feba6f1\arrays.npz,80,student_t,3.0,dynamic,9.320834556847661,0.006,True
1.5,,0.5,0.5,1123,9624.546834668332,2.0,2.0,stable,primary,1.4374999362164536,,2,block,65536,1003,SOURCE_RUN\raw\task-0027-dynamic-stable-nu3-N80-s1003-primary-689feba6f1\arrays.npz,80,student_t,3.0,dynamic,5.9620099960327915,0.012,True
1.5,,0.5,0.5,203,4234.729003902899,2.0,2.0,stable,primary,1.4209601881133624,,3,block,65536,1003,SOURCE_RUN\raw\task-0027-dynamic-stable-nu3-N80-s1003-primary-689feba6f1\arrays.npz,80,student_t,3.0,dynamic,14.68073080715309,0.003,True
1.5,,0.5,0.5,465,5869.183389782886,2.0,2.0,stable,primary,1.3541598325764854,,3,block,65536,1003,SOURCE_RUN\raw\task-0027-dynamic-stable-nu3-N80-s1003-primary-689feba6f1\arrays.npz,80,student_t,3.0,dynamic,9.320834556847661,0.006,True
1.5,,0.5,0.5,1137,8312.657436115947,2.0,2.0,stable,primary,1.2262717378544992,,3,block,65536,1003,SOURCE_RUN\raw\task-0027-dynamic-stable-nu3-N80-s1003-primary-689feba6f1\arrays.npz,80,student_t,3.0,dynamic,5.9620099960327915,0.012,True
1.5,,0.5,0.5,875,19639.73925868077,2.0,2.0,stable,primary,1.5289031990627322,,-1,full,262144,1003,SOURCE_RUN\raw\task-0027-dynamic-stable-nu3-N80-s1003-primary-689feba6f1\arrays.npz,80,student_t,3.0,dynamic,14.68073080715309,0.003,True
1.5,,0.5,0.5,1910,26443.95195303915,2.0,2.0,stable,primary,1.4853821230377053,,-1,full,262144,1003,SOURCE_RUN\raw\task-0027-dynamic-stable-nu3-N80-s1003-primary-689feba6f1\arrays.npz,80,student_t,3.0,dynamic,9.320834556847661,0.006,True
1.5,,0.5,0.5,4474,36149.777591552556,2.0,2.0,stable,primary,1.3552423050526383,,-1,full,262144,1003,SOURCE_RUN\raw\task-0027-dynamic-stable-nu3-N80-s1003-primary-689feba6f1\arrays.npz,80,student_t,3.0,dynamic,5.9620099960327915,0.012,True
1.5,,0.5,0.5,454,9908.205135494845,2.0,2.0,stable,primary,1.4865908702527808,,-1,nested,131072,1003,SOURCE_RUN\raw\task-0027-dynamic-stable-nu3-N80-s1003-primary-689feba6f1\arrays.npz,80,student_t,3.0,dynamic,14.68073080715309,0.003,True
1.5,,0.5,0.5,959,13362.67789955065,2.0,2.0,stable,primary,1.4949273708478288,,-1,nested,131072,1003,SOURCE_RUN\raw\task-0027-dynamic-stable-nu3-N80-s1003-primary-689feba6f1\arrays.npz,80,student_t,3.0,dynamic,9.320834556847661,0.006,True
1.5,,0.5,0.5,2214,18212.57332076828,2.0,2.0,stable,primary,1.3797518873052674,,-1,nested,131072,1003,SOURCE_RUN\raw\task-0027-dynamic-stable-nu3-N80-s1003-primary-689feba6f1\arrays.npz,80,student_t,3.0,dynamic,5.9620099960327915,0.012,True
1.5,,0.5,0.5,209,4753.291480739703,2.0,2.0,stable,primary,1.549175019806545,,-1,nested,65536,1003,SOURCE_RUN\raw\task-0027-dynamic-stable-nu3-N80-s1003-primary-689feba6f1\arrays.npz,80,student_t,3.0,dynamic,14.68073080715309,0.003,True
1.5,,0.5,0.5,483,6400.181505113518,2.0,2.0,stable,primary,1.4216423759601302,,-1,nested,65536,1003,SOURCE_RUN\raw\task-0027-dynamic-stable-nu3-N80-s1003-primary-689feba6f1\arrays.npz,80,student_t,3.0,dynamic,9.320834556847661,0.006,True
1.5,,0.5,0.5,1096,8834.05984129084,2.0,2.0,stable,primary,1.351938957362288,,-1,nested,65536,1003,SOURCE_RUN\raw\task-0027-dynamic-stable-nu3-N80-s1003-primary-689feba6f1\arrays.npz,80,student_t,3.0,dynamic,5.9620099960327915,0.012,True
1.5,,0.5,0.5,207,4772.091514796347,2.0,2.0,stable,primary,1.5703293316877043,,0,block,65536,1004,SOURCE_RUN\raw\task-0028-dynamic-stable-nu3-N80-s1004-primary-fca08d481d\arrays.npz,80,student_t,3.0,dynamic,14.68073080715309,0.003,True
1.5,,0.5,0.5,481,6455.8564266437925,2.0,2.0,stable,primary,1.4399718019746353,,0,block,65536,1004,SOURCE_RUN\raw\task-0028-dynamic-stable-nu3-N80-s1004-primary-fca08d481d\arrays.npz,80,student_t,3.0,dynamic,9.320834556847661,0.006,True
1.5,,0.5,0.5,1095,8928.308961621486,2.0,2.0,stable,primary,1.367610389732958,,0,block,65536,1004,SOURCE_RUN\raw\task-0028-dynamic-stable-nu3-N80-s1004-primary-fca08d481d\arrays.npz,80,student_t,3.0,dynamic,5.9620099960327915,0.012,True
1.5,,0.5,0.5,207,5470.921708623037,2.0,2.0,stable,primary,1.8002900413330405,,1,block,65536,1004,SOURCE_RUN\raw\task-0028-dynamic-stable-nu3-N80-s1004-primary-fca08d481d\arrays.npz,80,student_t,3.0,dynamic,14.68073080715309,0.003,True
1.5,,0.5,0.5,475,7138.728652261651,2.0,2.0,stable,primary,1.6123987969267026,,1,block,65536,1004,SOURCE_RUN\raw\task-0028-dynamic-stable-nu3-N80-s1004-primary-fca08d481d\arrays.npz,80,student_t,3.0,dynamic,9.320834556847661,0.006,True
1.5,,0.5,0.5,1158,9589.065842690914,2.0,2.0,stable,primary,1.3889129955259434,,1,block,65536,1004,SOURCE_RUN\raw\task-0028-dynamic-stable-nu3-N80-s1004-primary-fca08d481d\arrays.npz,80,student_t,3.0,dynamic,5.9620099960327915,0.012,True
1.5,,0.5,0.5,219,4391.767249495656,2.0,2.0,stable,primary,1.3659900175463902,,2,block,65536,1004,SOURCE_RUN\raw\task-0028-dynamic-stable-nu3-N80-s1004-primary-fca08d481d\arrays.npz,80,student_t,3.0,dynamic,14.68073080715309,0.003,True
1.5,,0.5,0.5,444,6052.562304089317,2.0,2.0,stable,primary,1.4625189405671204,,2,block,65536,1004,SOURCE_RUN\raw\task-0028-dynamic-stable-nu3-N80-s1004-primary-fca08d481d\arrays.npz,80,student_t,3.0,dynamic,9.320834556847661,0.006,True
1.5,,0.5,0.5,1087,8373.469874297074,2.0,2.0,stable,primary,1.292061596359796,,2,block,65536,1004,SOURCE_RUN\raw\task-0028-dynamic-stable-nu3-N80-s1004-primary-fca08d481d\arrays.npz,80,student_t,3.0,dynamic,5.9620099960327915,0.012,True
1.5,,0.5,0.5,211,4326.955856714193,2.0,2.0,stable,primary,1.3968582398406313,,3,block,65536,1004,SOURCE_RUN\raw\task-0028-dynamic-stable-nu3-N80-s1004-primary-fca08d481d\arrays.npz,80,student_t,3.0,dynamic,14.68073080715309,0.003,True
1.5,,0.5,0.5,466,6033.545701167018,2.0,2.0,stable,primary,1.3890948160179144,,3,block,65536,1004,SOURCE_RUN\raw\task-0028-dynamic-stable-nu3-N80-s1004-primary-fca08d481d\arrays.npz,80,student_t,3.0,dynamic,9.320834556847661,0.006,True
1.5,,0.5,0.5,1089,8405.663743897378,2.0,2.0,stable,primary,1.2946471902062815,,3,block,65536,1004,SOURCE_RUN\raw\task-0028-dynamic-stable-nu3-N80-s1004-primary-fca08d481d\arrays.npz,80,student_t,3.0,dynamic,5.9620099960327915,0.012,True
1.5,,0.5,0.5,844,18961.73632962923,2.0,2.0,stable,primary,1.5303401808819037,,-1,full,262144,1004,SOURCE_RUN\raw\task-0028-dynamic-stable-nu3-N80-s1004-primary-fca08d481d\arrays.npz,80,student_t,3.0,dynamic,14.68073080715309,0.003,True
1.5,,0.5,0.5,1866,25680.69308416178,2.0,2.0,stable,primary,1.4765232900140048,,-1,full,262144,1004,SOURCE_RUN\raw\task-0028-dynamic-stable-nu3-N80-s1004-primary-fca08d481d\arrays.npz,80,student_t,3.0,dynamic,9.320834556847661,0.006,True
1.5,,0.5,0.5,4429,35296.50842250685,2.0,2.0,stable,primary,1.3366982097435922,,-1,full,262144,1004,SOURCE_RUN\raw\task-0028-dynamic-stable-nu3-N80-s1004-primary-fca08d481d\arrays.npz,80,student_t,3.0,dynamic,5.9620099960327915,0.012,True
1.5,,0.5,0.5,414,10243.013223419384,2.0,2.0,stable,primary,1.6853096865103723,,-1,nested,131072,1004,SOURCE_RUN\raw\task-0028-dynamic-stable-nu3-N80-s1004-primary-fca08d481d\arrays.npz,80,student_t,3.0,dynamic,14.68073080715309,0.003,True
1.5,,0.5,0.5,956,13594.585078905444,2.0,2.0,stable,primary,1.5256442105543757,,-1,nested,131072,1004,SOURCE_RUN\raw\task-0028-dynamic-stable-nu3-N80-s1004-primary-fca08d481d\arrays.npz,80,student_t,3.0,dynamic,9.320834556847661,0.006,True
1.5,,0.5,0.5,2253,18517.3748043124,2.0,2.0,stable,primary,1.378559531991403,,-1,nested,131072,1004,SOURCE_RUN\raw\task-0028-dynamic-stable-nu3-N80-s1004-primary-fca08d481d\arrays.npz,80,student_t,3.0,dynamic,5.9620099960327915,0.012,True
1.5,,0.5,0.5,207,4772.091514796347,2.0,2.0,stable,primary,1.5703293316877043,,-1,nested,65536,1004,SOURCE_RUN\raw\task-0028-dynamic-stable-nu3-N80-s1004-primary-fca08d481d\arrays.npz,80,student_t,3.0,dynamic,14.68073080715309,0.003,True
1.5,,0.5,0.5,481,6455.8564266437925,2.0,2.0,stable,primary,1.4399718019746353,,-1,nested,65536,1004,SOURCE_RUN\raw\task-0028-dynamic-stable-nu3-N80-s1004-primary-fca08d481d\arrays.npz,80,student_t,3.0,dynamic,9.320834556847661,0.006,True
1.5,,0.5,0.5,1095,8928.308961621486,2.0,2.0,stable,primary,1.367610389732958,,-1,nested,65536,1004,SOURCE_RUN\raw\task-0028-dynamic-stable-nu3-N80-s1004-primary-fca08d481d\arrays.npz,80,student_t,3.0,dynamic,5.9620099960327915,0.012,True
1.5,,0.5,0.5,213,4682.5745478071,2.0,2.0,stable,primary,1.4974675548243517,,0,block,65536,1005,SOURCE_RUN\raw\task-0029-dynamic-stable-nu3-N80-s1005-primary-36d35dd085\arrays.npz,80,student_t,3.0,dynamic,14.68073080715309,0.003,True
1.5,,0.5,0.5,453,6341.102630260233,2.0,2.0,stable,primary,1.5017988964371525,,0,block,65536,1005,SOURCE_RUN\raw\task-0029-dynamic-stable-nu3-N80-s1005-primary-36d35dd085\arrays.npz,80,student_t,3.0,dynamic,9.320834556847661,0.006,True
1.5,,0.5,0.5,1072,8652.334104171805,2.0,2.0,stable,primary,1.3537728370294797,,0,block,65536,1005,SOURCE_RUN\raw\task-0029-dynamic-stable-nu3-N80-s1005-primary-36d35dd085\arrays.npz,80,student_t,3.0,dynamic,5.9620099960327915,0.012,True
1.5,,0.5,0.5,225,5395.597005928035,2.0,2.0,stable,primary,1.6334630375330925,,1,block,65536,1005,SOURCE_RUN\raw\task-0029-dynamic-stable-nu3-N80-s1005-primary-36d35dd085\arrays.npz,80,student_t,3.0,dynamic,14.68073080715309,0.003,True
1.5,,0.5,0.5,485,7123.986945760515,2.0,2.0,stable,primary,1.5758924577269269,,1,block,65536,1005,SOURCE_RUN\raw\task-0029-dynamic-stable-nu3-N80-s1005-primary-36d35dd085\arrays.npz,80,student_t,3.0,dynamic,9.320834556847661,0.006,True
1.5,,0.5,0.5,1177,9661.142656344362,2.0,2.0,stable,primary,1.3767634637420543,,1,block,65536,1005,SOURCE_RUN\raw\task-0029-dynamic-stable-nu3-N80-s1005-primary-36d35dd085\arrays.npz,80,student_t,3.0,dynamic,5.9620099960327915,0.012,True
1.5,,0.5,0.5,219,5449.657684369273,2.0,2.0,stable,primary,1.6950301719081948,,2,block,65536,1005,SOURCE_RUN\raw\task-0029-dynamic-stable-nu3-N80-s1005-primary-36d35dd085\arrays.npz,80,student_t,3.0,dynamic,14.68073080715309,0.003,True
1.5,,0.5,0.5,470,7168.758030033043,2.0,2.0,stable,primary,1.6364067580664452,,2,block,65536,1005,SOURCE_RUN\raw\task-0029-dynamic-stable-nu3-N80-s1005-primary-36d35dd085\arrays.npz,80,student_t,3.0,dynamic,9.320834556847661,0.006,True
1.5,,0.5,0.5,1086,9552.456144666625,2.0,2.0,stable,primary,1.4753413930978825,,2,block,65536,1005,SOURCE_RUN\raw\task-0029-dynamic-stable-nu3-N80-s1005-primary-36d35dd085\arrays.npz,80,student_t,3.0,dynamic,5.9620099960327915,0.012,True
1.5,,0.5,0.5,215,4640.969720840622,2.0,2.0,stable,primary,1.4703563441004508,,3,block,65536,1005,SOURCE_RUN\raw\task-0029-dynamic-stable-nu3-N80-s1005-primary-36d35dd085\arrays.npz,80,student_t,3.0,dynamic,14.68073080715309,0.003,True
1.5,,0.5,0.5,493,6369.769994757013,2.0,2.0,stable,primary,1.3861876717210733,,3,block,65536,1005,SOURCE_RUN\raw\task-0029-dynamic-stable-nu3-N80-s1005-primary-36d35dd085\arrays.npz,80,student_t,3.0,dynamic,9.320834556847661,0.006,True
1.5,,0.5,0.5,1160,8907.849771653237,2.0,2.0,stable,primary,1.288018779361648,,3,block,65536,1005,SOURCE_RUN\raw\task-0029-dynamic-stable-nu3-N80-s1005-primary-36d35dd085\arrays.npz,80,student_t,3.0,dynamic,5.9620099960327915,0.012,True
1.5,,0.5,0.5,872,20168.798958945034,2.0,2.0,stable,primary,1.5754908190963584,,-1,full,262144,1005,SOURCE_RUN\raw\task-0029-dynamic-stable-nu3-N80-s1005-primary-36d35dd085\arrays.npz,80,student_t,3.0,dynamic,14.68073080715309,0.003,True
1.5,,0.5,0.5,1901,27003.6176008108,2.0,2.0,stable,primary,1.5240002317376684,,-1,full,262144,1005,SOURCE_RUN\raw\task-0029-dynamic-stable-nu3-N80-s1005-primary-36d35dd085\arrays.npz,80,student_t,3.0,dynamic,9.320834556847661,0.006,True
1.5,,0.5,0.5,4495,36773.782676836025,2.0,2.0,stable,primary,1.3721952425103028,,-1,full,262144,1005,SOURCE_RUN\raw\task-0029-dynamic-stable-nu3-N80-s1005-primary-36d35dd085\arrays.npz,80,student_t,3.0,dynamic,5.9620099960327915,0.012,True
1.5,,0.5,0.5,438,10078.171553735136,2.0,2.0,stable,primary,1.5673282479966502,,-1,nested,131072,1005,SOURCE_RUN\raw\task-0029-dynamic-stable-nu3-N80-s1005-primary-36d35dd085\arrays.npz,80,student_t,3.0,dynamic,14.68073080715309,0.003,True
1.5,,0.5,0.5,938,13465.089576020746,2.0,2.0,stable,primary,1.540109533138155,,-1,nested,131072,1005,SOURCE_RUN\raw\task-0029-dynamic-stable-nu3-N80-s1005-primary-36d35dd085\arrays.npz,80,student_t,3.0,dynamic,9.320834556847661,0.006,True
1.5,,0.5,0.5,2249,18313.47676051617,2.0,2.0,stable,primary,1.36580483686972,,-1,nested,131072,1005,SOURCE_RUN\raw\task-0029-dynamic-stable-nu3-N80-s1005-primary-36d35dd085\arrays.npz,80,student_t,3.0,dynamic,5.9620099960327915,0.012,True
1.5,,0.5,0.5,213,4682.5745478071,2.0,2.0,stable,primary,1.4974675548243517,,-1,nested,65536,1005,SOURCE_RUN\raw\task-0029-dynamic-stable-nu3-N80-s1005-primary-36d35dd085\arrays.npz,80,student_t,3.0,dynamic,14.68073080715309,0.003,True
1.5,,0.5,0.5,453,6341.102630260233,2.0,2.0,stable,primary,1.5017988964371525,,-1,nested,65536,1005,SOURCE_RUN\raw\task-0029-dynamic-stable-nu3-N80-s1005-primary-36d35dd085\arrays.npz,80,student_t,3.0,dynamic,9.320834556847661,0.006,True
1.5,,0.5,0.5,1072,8652.334104171805,2.0,2.0,stable,primary,1.3537728370294797,,-1,nested,65536,1005,SOURCE_RUN\raw\task-0029-dynamic-stable-nu3-N80-s1005-primary-36d35dd085\arrays.npz,80,student_t,3.0,dynamic,5.9620099960327915,0.012,True
1.5,,0.5,0.5,246,5192.34139408433,2.0,2.0,stable,primary,1.437740335614416,,0,block,65536,1006,SOURCE_RUN\raw\task-0030-dynamic-stable-nu3-N80-s1006-primary-3a8a83b0b2\arrays.npz,80,student_t,3.0,dynamic,14.68073080715309,0.003,True
1.5,,0.5,0.5,492,7018.486409712408,2.0,2.0,stable,primary,1.5304655600203911,,0,block,65536,1006,SOURCE_RUN\raw\task-0030-dynamic-stable-nu3-N80-s1006-primary-3a8a83b0b2\arrays.npz,80,student_t,3.0,dynamic,9.320834556847661,0.006,True
1.5,,0.5,0.5,1180,9552.822236554995,2.0,2.0,stable,primary,1.3578662347537245,,0,block,65536,1006,SOURCE_RUN\raw\task-0030-dynamic-stable-nu3-N80-s1006-primary-3a8a83b0b2\arrays.npz,80,student_t,3.0,dynamic,5.9620099960327915,0.012,True
1.5,,0.5,0.5,204,4491.468126338689,2.0,2.0,stable,primary,1.4997210226468876,,1,block,65536,1006,SOURCE_RUN\raw\task-0030-dynamic-stable-nu3-N80-s1006-primary-3a8a83b0b2\arrays.npz,80,student_t,3.0,dynamic,14.68073080715309,0.003,True
1.5,,0.5,0.5,454,6120.08793200067,2.0,2.0,stable,primary,1.4462621144123935,,1,block,65536,1006,SOURCE_RUN\raw\task-0030-dynamic-stable-nu3-N80-s1006-primary-3a8a83b0b2\arrays.npz,80,student_t,3.0,dynamic,9.320834556847661,0.006,True
1.5,,0.5,0.5,1080,8445.55702847683,2.0,2.0,stable,primary,1.311631516343672,,1,block,65536,1006,SOURCE_RUN\raw\task-0030-dynamic-stable-nu3-N80-s1006-primary-3a8a83b0b2\arrays.npz,80,student_t,3.0,dynamic,5.9620099960327915,0.012,True
1.5,,0.5,0.5,211,3551.810291282709,2.0,2.0,stable,primary,1.1466203113744216,,2,block,65536,1006,SOURCE_RUN\raw\task-0030-dynamic-stable-nu3-N80-s1006-primary-3a8a83b0b2\arrays.npz,80,student_t,3.0,dynamic,14.68073080715309,0.003,True
1.5,,0.5,0.5,465,5198.661661993128,2.0,2.0,stable,primary,1.1994545643404793,,2,block,65536,1006,SOURCE_RUN\raw\task-0030-dynamic-stable-nu3-N80-s1006-primary-3a8a83b0b2\arrays.npz,80,student_t,3.0,dynamic,9.320834556847661,0.006,True
1.5,,0.5,0.5,1136,7616.199270285142,2.0,2.0,stable,primary,1.1245202155912657,,2,block,65536,1006,SOURCE_RUN\raw\task-0030-dynamic-stable-nu3-N80-s1006-primary-3a8a83b0b2\arrays.npz,80,student_t,3.0,dynamic,5.9620099960327915,0.012,True
1.5,,0.5,0.5,229,4766.016499712876,2.0,2.0,stable,primary,1.4176609733381313,,3,block,65536,1006,SOURCE_RUN\raw\task-0030-dynamic-stable-nu3-N80-s1006-primary-3a8a83b0b2\arrays.npz,80,student_t,3.0,dynamic,14.68073080715309,0.003,True
1.5,,0.5,0.5,493,6535.212843099831,2.0,2.0,stable,primary,1.4221913008844498,,3,block,65536,1006,SOURCE_RUN\raw\task-0030-dynamic-stable-nu3-N80-s1006-primary-3a8a83b0b2\arrays.npz,80,student_t,3.0,dynamic,9.320834556847661,0.006,True
1.5,,0.5,0.5,1137,9032.199673163837,2.0,2.0,stable,primary,1.3324176143405035,,3,block,65536,1006,SOURCE_RUN\raw\task-0030-dynamic-stable-nu3-N80-s1006-primary-3a8a83b0b2\arrays.npz,80,student_t,3.0,dynamic,5.9620099960327915,0.012,True
1.5,,0.5,0.5,890,18001.636311418602,2.0,2.0,stable,primary,1.3777623143545463,,-1,full,262144,1006,SOURCE_RUN\raw\task-0030-dynamic-stable-nu3-N80-s1006-primary-3a8a83b0b2\arrays.npz,80,student_t,3.0,dynamic,14.68073080715309,0.003,True
1.5,,0.5,0.5,1904,24872.448846806037,2.0,2.0,stable,primary,1.401511942871647,,-1,full,262144,1006,SOURCE_RUN\raw\task-0030-dynamic-stable-nu3-N80-s1006-primary-3a8a83b0b2\arrays.npz,80,student_t,3.0,dynamic,9.320834556847661,0.006,True
1.5,,0.5,0.5,4533,34646.778208480806,2.0,2.0,stable,primary,1.281989408135317,,-1,full,262144,1006,SOURCE_RUN\raw\task-0030-dynamic-stable-nu3-N80-s1006-primary-3a8a83b0b2\arrays.npz,80,student_t,3.0,dynamic,5.9620099960327915,0.012,True
1.5,,0.5,0.5,450,9683.80952042302,2.0,2.0,stable,primary,1.4658382470691365,,-1,nested,131072,1006,SOURCE_RUN\raw\task-0030-dynamic-stable-nu3-N80-s1006-primary-3a8a83b0b2\arrays.npz,80,student_t,3.0,dynamic,14.68073080715309,0.003,True
1.5,,0.5,0.5,946,13138.574341713076,2.0,2.0,stable,primary,1.490055026927335,,-1,nested,131072,1006,SOURCE_RUN\raw\task-0030-dynamic-stable-nu3-N80-s1006-primary-3a8a83b0b2\arrays.npz,80,student_t,3.0,dynamic,9.320834556847661,0.006,True
1.5,,0.5,0.5,2260,17998.379265031825,2.0,2.0,stable,primary,1.3357717675489207,,-1,nested,131072,1006,SOURCE_RUN\raw\task-0030-dynamic-stable-nu3-N80-s1006-primary-3a8a83b0b2\arrays.npz,80,student_t,3.0,dynamic,5.9620099960327915,0.012,True
1.5,,0.5,0.5,246,5192.34139408433,2.0,2.0,stable,primary,1.437740335614416,,-1,nested,65536,1006,SOURCE_RUN\raw\task-0030-dynamic-stable-nu3-N80-s1006-primary-3a8a83b0b2\arrays.npz,80,student_t,3.0,dynamic,14.68073080715309,0.003,True
1.5,,0.5,0.5,492,7018.486409712408,2.0,2.0,stable,primary,1.5304655600203911,,-1,nested,65536,1006,SOURCE_RUN\raw\task-0030-dynamic-stable-nu3-N80-s1006-primary-3a8a83b0b2\arrays.npz,80,student_t,3.0,dynamic,9.320834556847661,0.006,True
1.5,,0.5,0.5,1180,9552.822236554995,2.0,2.0,stable,primary,1.3578662347537245,,-1,nested,65536,1006,SOURCE_RUN\raw\task-0030-dynamic-stable-nu3-N80-s1006-primary-3a8a83b0b2\arrays.npz,80,student_t,3.0,dynamic,5.9620099960327915,0.012,True
1.5,,0.5,0.5,199,3701.163360443011,2.0,2.0,stable,primary,1.266885899674381,,0,block,65536,1007,SOURCE_RUN\raw\task-0031-dynamic-stable-nu3-N80-s1007-primary-806eccf5c4\arrays.npz,80,student_t,3.0,dynamic,14.68073080715309,0.003,True
1.5,,0.5,0.5,433,5221.138109144952,2.0,2.0,stable,primary,1.2936669571567498,,0,block,65536,1007,SOURCE_RUN\raw\task-0031-dynamic-stable-nu3-N80-s1007-primary-806eccf5c4\arrays.npz,80,student_t,3.0,dynamic,9.320834556847661,0.006,True
1.5,,0.5,0.5,1071,7516.057343883628,2.0,2.0,stable,primary,1.1770852408080297,,0,block,65536,1007,SOURCE_RUN\raw\task-0031-dynamic-stable-nu3-N80-s1007-primary-806eccf5c4\arrays.npz,80,student_t,3.0,dynamic,5.9620099960327915,0.012,True
1.5,,0.5,0.5,231,4690.83609983333,2.0,2.0,stable,primary,1.383217909896828,,1,block,65536,1007,SOURCE_RUN\raw\task-0031-dynamic-stable-nu3-N80-s1007-primary-806eccf5c4\arrays.npz,80,student_t,3.0,dynamic,14.68073080715309,0.003,True
1.5,,0.5,0.5,500,6425.910275475165,2.0,2.0,stable,primary,1.3788272361844023,,1,block,65536,1007,SOURCE_RUN\raw\task-0031-dynamic-stable-nu3-N80-s1007-primary-806eccf5c4\arrays.npz,80,student_t,3.0,dynamic,9.320834556847661,0.006,True
1.5,,0.5,0.5,1157,8907.397016718809,2.0,2.0,stable,primary,1.2912928643708455,,1,block,65536,1007,SOURCE_RUN\raw\task-0031-dynamic-stable-nu3-N80-s1007-primary-806eccf5c4\arrays.npz,80,student_t,3.0,dynamic,5.9620099960327915,0.012,True
1.5,,0.5,0.5,223,5902.488750703508,2.0,2.0,stable,primary,1.8029456276998466,,2,block,65536,1007,SOURCE_RUN\raw\task-0031-dynamic-stable-nu3-N80-s1007-primary-806eccf5c4\arrays.npz,80,student_t,3.0,dynamic,14.68073080715309,0.003,True
1.5,,0.5,0.5,454,7619.178342701431,2.0,2.0,stable,primary,1.8005180811835566,,2,block,65536,1007,SOURCE_RUN\raw\task-0031-dynamic-stable-nu3-N80-s1007-primary-806eccf5c4\arrays.npz,80,student_t,3.0,dynamic,9.320834556847661,0.006,True
1.5,,0.5,0.5,1083,9939.800502553244,2.0,2.0,stable,primary,1.5394178267953529,,2,block,65536,1007,SOURCE_RUN\raw\task-0031-dynamic-stable-nu3-N80-s1007-primary-806eccf5c4\arrays.npz,80,student_t,3.0,dynamic,5.9620099960327915,0.012,True
1.5,,0.5,0.5,206,4918.386619660893,2.0,2.0,stable,primary,1.6263266124738207,,3,block,65536,1007,SOURCE_RUN\raw\task-0031-dynamic-stable-nu3-N80-s1007-primary-806eccf5c4\arrays.npz,80,student_t,3.0,dynamic,14.68073080715309,0.003,True
1.5,,0.5,0.5,463,6552.163057851535,2.0,2.0,stable,primary,1.5182696351322083,,3,block,65536,1007,SOURCE_RUN\raw\task-0031-dynamic-stable-nu3-N80-s1007-primary-806eccf5c4\arrays.npz,80,student_t,3.0,dynamic,9.320834556847661,0.006,True
1.5,,0.5,0.5,1092,8921.183888591144,2.0,2.0,stable,primary,1.370273166431424,,3,block,65536,1007,SOURCE_RUN\raw\task-0031-dynamic-stable-nu3-N80-s1007-primary-806eccf5c4\arrays.npz,80,student_t,3.0,dynamic,5.9620099960327915,0.012,True
1.5,,0.5,0.5,859,19212.874830640743,2.0,2.0,stable,primary,1.5235317675995832,,-1,full,262144,1007,SOURCE_RUN\raw\task-0031-dynamic-stable-nu3-N80-s1007-primary-806eccf5c4\arrays.npz,80,student_t,3.0,dynamic,14.68073080715309,0.003,True
1.5,,0.5,0.5,1850,25818.389785173084,2.0,2.0,stable,primary,1.4972786272781735,,-1,full,262144,1007,SOURCE_RUN\raw\task-0031-dynamic-stable-nu3-N80-s1007-primary-806eccf5c4\arrays.npz,80,student_t,3.0,dynamic,9.320834556847661,0.006,True
1.5,,0.5,0.5,4403,35284.43875174683,2.0,2.0,stable,primary,1.344131714999989,,-1,full,262144,1007,SOURCE_RUN\raw\task-0031-dynamic-stable-nu3-N80-s1007-primary-806eccf5c4\arrays.npz,80,student_t,3.0,dynamic,5.9620099960327915,0.012,True
1.5,,0.5,0.5,430,8391.99946027634,2.0,2.0,stable,primary,1.329380537724114,,-1,nested,131072,1007,SOURCE_RUN\raw\task-0031-dynamic-stable-nu3-N80-s1007-primary-806eccf5c4\arrays.npz,80,student_t,3.0,dynamic,14.68073080715309,0.003,True
1.5,,0.5,0.5,933,11647.048384620117,2.0,2.0,stable,primary,1.3393048344491683,,-1,nested,131072,1007,SOURCE_RUN\raw\task-0031-dynamic-stable-nu3-N80-s1007-primary-806eccf5c4\arrays.npz,80,student_t,3.0,dynamic,9.320834556847661,0.006,True
1.5,,0.5,0.5,2228,16423.454360602438,2.0,2.0,stable,primary,1.2363932392201382,,-1,nested,131072,1007,SOURCE_RUN\raw\task-0031-dynamic-stable-nu3-N80-s1007-primary-806eccf5c4\arrays.npz,80,student_t,3.0,dynamic,5.9620099960327915,0.012,True
1.5,,0.5,0.5,199,3701.163360443011,2.0,2.0,stable,primary,1.266885899674381,,-1,nested,65536,1007,SOURCE_RUN\raw\task-0031-dynamic-stable-nu3-N80-s1007-primary-806eccf5c4\arrays.npz,80,student_t,3.0,dynamic,14.68073080715309,0.003,True
1.5,,0.5,0.5,433,5221.138109144952,2.0,2.0,stable,primary,1.2936669571567498,,-1,nested,65536,1007,SOURCE_RUN\raw\task-0031-dynamic-stable-nu3-N80-s1007-primary-806eccf5c4\arrays.npz,80,student_t,3.0,dynamic,9.320834556847661,0.006,True
1.5,,0.5,0.5,1071,7516.057343883628,2.0,2.0,stable,primary,1.1770852408080297,,-1,nested,65536,1007,SOURCE_RUN\raw\task-0031-dynamic-stable-nu3-N80-s1007-primary-806eccf5c4\arrays.npz,80,student_t,3.0,dynamic,5.9620099960327915,0.012,True
1.5,,0.5,0.5,213,4455.1560029044795,2.0,2.0,stable,primary,1.424740065089773,,0,block,65536,1008,SOURCE_RUN\raw\task-0032-dynamic-stable-nu3-N80-s1008-primary-3480588597\arrays.npz,80,student_t,3.0,dynamic,14.68073080715309,0.003,True
1.5,,0.5,0.5,509,6214.14723972619,2.0,2.0,stable,primary,1.3098119778399886,,0,block,65536,1008,SOURCE_RUN\raw\task-0032-dynamic-stable-nu3-N80-s1008-primary-3480588597\arrays.npz,80,student_t,3.0,dynamic,9.320834556847661,0.006,True
1.5,,0.5,0.5,1121,8748.565508392294,2.0,2.0,stable,primary,1.3089966517592764,,0,block,65536,1008,SOURCE_RUN\raw\task-0032-dynamic-stable-nu3-N80-s1008-primary-3480588597\arrays.npz,80,student_t,3.0,dynamic,5.9620099960327915,0.012,True
1.5,,0.5,0.5,225,4174.174248074966,2.0,2.0,stable,primary,1.2636895118300626,,1,block,65536,1008,SOURCE_RUN\raw\task-0032-dynamic-stable-nu3-N80-s1008-primary-3480588597\arrays.npz,80,student_t,3.0,dynamic,14.68073080715309,0.003,True
1.5,,0.5,0.5,485,5932.913884612365,2.0,2.0,stable,primary,1.3124159707602998,,1,block,65536,1008,SOURCE_RUN\raw\task-0032-dynamic-stable-nu3-N80-s1008-primary-3480588597\arrays.npz,80,student_t,3.0,dynamic,9.320834556847661,0.006,True
1.5,,0.5,0.5,1111,8334.849667305305,2.0,2.0,stable,primary,1.2583197473768073,,1,block,65536,1008,SOURCE_RUN\raw\task-0032-dynamic-stable-nu3-N80-s1008-primary-3480588597\arrays.npz,80,student_t,3.0,dynamic,5.9620099960327915,0.012,True
1.5,,0.5,0.5,194,5290.883891344087,2.0,2.0,stable,primary,1.8577138792555143,,2,block,65536,1008,SOURCE_RUN\raw\task-0032-dynamic-stable-nu3-N80-s1008-primary-3480588597\arrays.npz,80,student_t,3.0,dynamic,14.68073080715309,0.003,True
1.5,,0.5,0.5,444,6895.259854837752,2.0,2.0,stable,primary,1.6661452837947506,,2,block,65536,1008,SOURCE_RUN\raw\task-0032-dynamic-stable-nu3-N80-s1008-primary-3480588597\arrays.npz,80,student_t,3.0,dynamic,9.320834556847661,0.006,True
1.5,,0.5,0.5,1050,9151.547813328318,2.0,2.0,stable,primary,1.4618827925510085,,2,block,65536,1008,SOURCE_RUN\raw\task-0032-dynamic-stable-nu3-N80-s1008-primary-3480588597\arrays.npz,80,student_t,3.0,dynamic,5.9620099960327915,0.012,True
1.5,,0.5,0.5,203,3314.216441055578,2.0,2.0,stable,primary,1.1120828778394993,,3,block,65536,1008,SOURCE_RUN\raw\task-0032-dynamic-stable-nu3-N80-s1008-primary-3480588597\arrays.npz,80,student_t,3.0,dynamic,14.68073080715309,0.003,True
1.5,,0.5,0.5,464,4990.555578187232,2.0,2.0,stable,primary,1.1539211050268834,,3,block,65536,1008,SOURCE_RUN\raw\task-0032-dynamic-stable-nu3-N80-s1008-primary-3480588597\arrays.npz,80,student_t,3.0,dynamic,9.320834556847661,0.006,True
1.5,,0.5,0.5,1096,7370.762417000342,2.0,2.0,stable,primary,1.1280001535000368,,3,block,65536,1008,SOURCE_RUN\raw\task-0032-dynamic-stable-nu3-N80-s1008-primary-3480588597\arrays.npz,80,student_t,3.0,dynamic,5.9620099960327915,0.012,True
1.5,,0.5,0.5,835,17234.430583379108,2.0,2.0,stable,primary,1.4059270548537408,,-1,full,262144,1008,SOURCE_RUN\raw\task-0032-dynamic-stable-nu3-N80-s1008-primary-3480588597\arrays.npz,80,student_t,3.0,dynamic,14.68073080715309,0.003,True
1.5,,0.5,0.5,1902,24032.87655736354,2.0,2.0,stable,primary,1.3556277293778354,,-1,full,262144,1008,SOURCE_RUN\raw\task-0032-dynamic-stable-nu3-N80-s1008-primary-3480588597\arrays.npz,80,student_t,3.0,dynamic,9.320834556847661,0.006,True
1.5,,0.5,0.5,4378,33605.72540602626,2.0,2.0,stable,primary,1.28749282466249,,-1,full,262144,1008,SOURCE_RUN\raw\task-0032-dynamic-stable-nu3-N80-s1008-primary-3480588597\arrays.npz,80,student_t,3.0,dynamic,5.9620099960327915,0.012,True
1.5,,0.5,0.5,438,8629.330250979445,2.0,2.0,stable,primary,1.3420086164974558,,-1,nested,131072,1008,SOURCE_RUN\raw\task-0032-dynamic-stable-nu3-N80-s1008-primary-3480588597\arrays.npz,80,student_t,3.0,dynamic,14.68073080715309,0.003,True
1.5,,0.5,0.5,994,12147.061124338554,2.0,2.0,stable,primary,1.3110825377658948,,-1,nested,131072,1008,SOURCE_RUN\raw\task-0032-dynamic-stable-nu3-N80-s1008-primary-3480588597\arrays.npz,80,student_t,3.0,dynamic,9.320834556847661,0.006,True
1.5,,0.5,0.5,2232,17083.4151756976,2.0,2.0,stable,primary,1.2837717230993644,,-1,nested,131072,1008,SOURCE_RUN\raw\task-0032-dynamic-stable-nu3-N80-s1008-primary-3480588597\arrays.npz,80,student_t,3.0,dynamic,5.9620099960327915,0.012,True
1.5,,0.5,0.5,213,4455.1560029044795,2.0,2.0,stable,primary,1.424740065089773,,-1,nested,65536,1008,SOURCE_RUN\raw\task-0032-dynamic-stable-nu3-N80-s1008-primary-3480588597\arrays.npz,80,student_t,3.0,dynamic,14.68073080715309,0.003,True
1.5,,0.5,0.5,509,6214.14723972619,2.0,2.0,stable,primary,1.3098119778399886,,-1,nested,65536,1008,SOURCE_RUN\raw\task-0032-dynamic-stable-nu3-N80-s1008-primary-3480588597\arrays.npz,80,student_t,3.0,dynamic,9.320834556847661,0.006,True
1.5,,0.5,0.5,1121,8748.565508392294,2.0,2.0,stable,primary,1.3089966517592764,,-1,nested,65536,1008,SOURCE_RUN\raw\task-0032-dynamic-stable-nu3-N80-s1008-primary-3480588597\arrays.npz,80,student_t,3.0,dynamic,5.9620099960327915,0.012,True
1.5,,0.5,0.5,240,6188.565343194912,2.0,2.0,stable,primary,1.7564308799542112,,0,block,65536,1009,SOURCE_RUN\raw\task-0033-dynamic-stable-nu3-N80-s1009-primary-e254123e21\arrays.npz,80,student_t,3.0,dynamic,14.68073080715309,0.003,True
1.5,,0.5,0.5,488,8058.664060340094,2.0,2.0,stable,primary,1.7716928415192927,,0,block,65536,1009,SOURCE_RUN\raw\task-0033-dynamic-stable-nu3-N80-s1009-primary-e254123e21\arrays.npz,80,student_t,3.0,dynamic,9.320834556847661,0.006,True
1.5,,0.5,0.5,1118,10503.593350125011,2.0,2.0,stable,primary,1.5758083454569687,,0,block,65536,1009,SOURCE_RUN\raw\task-0033-dynamic-stable-nu3-N80-s1009-primary-e254123e21\arrays.npz,80,student_t,3.0,dynamic,5.9620099960327915,0.012,True
1.5,,0.5,0.5,211,4424.06770709364,2.0,2.0,stable,primary,1.4282085685430166,,1,block,65536,1009,SOURCE_RUN\raw\task-0033-dynamic-stable-nu3-N80-s1009-primary-e254123e21\arrays.npz,80,student_t,3.0,dynamic,14.68073080715309,0.003,True
1.5,,0.5,0.5,481,6070.515237669875,2.0,2.0,stable,primary,1.3540218660417687,,1,block,65536,1009,SOURCE_RUN\raw\task-0033-dynamic-stable-nu3-N80-s1009-primary-e254123e21\arrays.npz,80,student_t,3.0,dynamic,9.320834556847661,0.006,True
1.5,,0.5,0.5,1135,8556.057789989918,2.0,2.0,stable,primary,1.2644019235956079,,1,block,65536,1009,SOURCE_RUN\raw\task-0033-dynamic-stable-nu3-N80-s1009-primary-e254123e21\arrays.npz,80,student_t,3.0,dynamic,5.9620099960327915,0.012,True
1.5,,0.5,0.5,236,4678.749123281243,2.0,2.0,stable,primary,1.3504237908808387,,2,block,65536,1009,SOURCE_RUN\raw\task-0033-dynamic-stable-nu3-N80-s1009-primary-e254123e21\arrays.npz,80,student_t,3.0,dynamic,14.68073080715309,0.003,True
1.5,,0.5,0.5,515,6522.9718663474605,2.0,2.0,stable,primary,1.358887416333229,,2,block,65536,1009,SOURCE_RUN\raw\task-0033-dynamic-stable-nu3-N80-s1009-primary-e254123e21\arrays.npz,80,student_t,3.0,dynamic,9.320834556847661,0.006,True
1.5,,0.5,0.5,1113,8978.144283939459,2.0,2.0,stable,primary,1.3530028652552955,,2,block,65536,1009,SOURCE_RUN\raw\task-0033-dynamic-stable-nu3-N80-s1009-primary-e254123e21\arrays.npz,80,student_t,3.0,dynamic,5.9620099960327915,0.012,True
1.5,,0.5,0.5,184,3973.68476363476,2.0,2.0,stable,primary,1.4710516206263058,,3,block,65536,1009,SOURCE_RUN\raw\task-0033-dynamic-stable-nu3-N80-s1009-primary-e254123e21\arrays.npz,80,student_t,3.0,dynamic,14.68073080715309,0.003,True
1.5,,0.5,0.5,427,5469.276559558088,2.0,2.0,stable,primary,1.3741913485984916,,3,block,65536,1009,SOURCE_RUN\raw\task-0033-dynamic-stable-nu3-N80-s1009-primary-e254123e21\arrays.npz,80,student_t,3.0,dynamic,9.320834556847661,0.006,True
1.5,,0.5,0.5,1102,7744.471963617295,2.0,2.0,stable,primary,1.1787386324932148,,3,block,65536,1009,SOURCE_RUN\raw\task-0033-dynamic-stable-nu3-N80-s1009-primary-e254123e21\arrays.npz,80,student_t,3.0,dynamic,5.9620099960327915,0.012,True
1.5,,0.5,0.5,871,19265.066937204552,2.0,2.0,stable,primary,1.5066233432775031,,-1,full,262144,1009,SOURCE_RUN\raw\task-0033-dynamic-stable-nu3-N80-s1009-primary-e254123e21\arrays.npz,80,student_t,3.0,dynamic,14.68073080715309,0.003,True
1.5,,0.5,0.5,1911,26121.42772391552,2.0,2.0,stable,primary,1.4664978280955911,,-1,full,262144,1009,SOURCE_RUN\raw\task-0033-dynamic-stable-nu3-N80-s1009-primary-e254123e21\arrays.npz,80,student_t,3.0,dynamic,9.320834556847661,0.006,True
1.5,,0.5,0.5,4468,35782.26738767169,2.0,2.0,stable,primary,1.3432659076854463,,-1,full,262144,1009,SOURCE_RUN\raw\task-0033-dynamic-stable-nu3-N80-s1009-primary-e254123e21\arrays.npz,80,student_t,3.0,dynamic,5.9620099960327915,0.012,True
1.5,,0.5,0.5,451,10612.633050288554,2.0,2.0,stable,primary,1.602872326278464,,-1,nested,131072,1009,SOURCE_RUN\raw\task-0033-dynamic-stable-nu3-N80-s1009-primary-e254123e21\arrays.npz,80,student_t,3.0,dynamic,14.68073080715309,0.003,True
1.5,,0.5,0.5,969,14129.17929800997,2.0,2.0,stable,primary,1.5643659692750318,,-1,nested,131072,1009,SOURCE_RUN\raw\task-0033-dynamic-stable-nu3-N80-s1009-primary-e254123e21\arrays.npz,80,student_t,3.0,dynamic,9.320834556847661,0.006,True
1.5,,0.5,0.5,2253,19059.651140114933,2.0,2.0,stable,primary,1.4189302767429681,,-1,nested,131072,1009,SOURCE_RUN\raw\task-0033-dynamic-stable-nu3-N80-s1009-primary-e254123e21\arrays.npz,80,student_t,3.0,dynamic,5.9620099960327915,0.012,True
1.5,,0.5,0.5,240,6188.565343194912,2.0,2.0,stable,primary,1.7564308799542112,,-1,nested,65536,1009,SOURCE_RUN\raw\task-0033-dynamic-stable-nu3-N80-s1009-primary-e254123e21\arrays.npz,80,student_t,3.0,dynamic,14.68073080715309,0.003,True
1.5,,0.5,0.5,488,8058.664060340094,2.0,2.0,stable,primary,1.7716928415192927,,-1,nested,65536,1009,SOURCE_RUN\raw\task-0033-dynamic-stable-nu3-N80-s1009-primary-e254123e21\arrays.npz,80,student_t,3.0,dynamic,9.320834556847661,0.006,True
1.5,,0.5,0.5,1118,10503.593350125011,2.0,2.0,stable,primary,1.5758083454569687,,-1,nested,65536,1009,SOURCE_RUN\raw\task-0033-dynamic-stable-nu3-N80-s1009-primary-e254123e21\arrays.npz,80,student_t,3.0,dynamic,5.9620099960327915,0.012,True
1.5,,0.5,0.5,228,5417.201110492203,2.0,2.0,stable,primary,1.6184244711993574,,0,block,65536,1010,SOURCE_RUN\raw\task-0034-dynamic-stable-nu3-N80-s1010-primary-ce82417bb5\arrays.npz,80,student_t,3.0,dynamic,14.68073080715309,0.003,True
1.5,,0.5,0.5,498,7213.199803266729,2.0,2.0,stable,primary,1.5539742569199204,,0,block,65536,1010,SOURCE_RUN\raw\task-0034-dynamic-stable-nu3-N80-s1010-primary-ce82417bb5\arrays.npz,80,student_t,3.0,dynamic,9.320834556847661,0.006,True
1.5,,0.5,0.5,1125,9650.544002319963,2.0,2.0,stable,primary,1.4388203543945117,,0,block,65536,1010,SOURCE_RUN\raw\task-0034-dynamic-stable-nu3-N80-s1010-primary-ce82417bb5\arrays.npz,80,student_t,3.0,dynamic,5.9620099960327915,0.012,True
1.5,,0.5,0.5,234,4492.577284344648,2.0,2.0,stable,primary,1.3077719682960516,,1,block,65536,1010,SOURCE_RUN\raw\task-0034-dynamic-stable-nu3-N80-s1010-primary-ce82417bb5\arrays.npz,80,student_t,3.0,dynamic,14.68073080715309,0.003,True
1.5,,0.5,0.5,490,6295.820545319397,2.0,2.0,stable,primary,1.3784831475584234,,1,block,65536,1010,SOURCE_RUN\raw\task-0034-dynamic-stable-nu3-N80-s1010-primary-ce82417bb5\arrays.npz,80,student_t,3.0,dynamic,9.320834556847661,0.006,True
1.5,,0.5,0.5,1121,8770.289936259785,2.0,2.0,stable,primary,1.3122471507482423,,1,block,65536,1010,SOURCE_RUN\raw\task-0034-dynamic-stable-nu3-N80-s1010-primary-ce82417bb5\arrays.npz,80,student_t,3.0,dynamic,5.9620099960327915,0.012,True
1.5,,0.5,0.5,202,11955.21394589508,2.0,2.0,stable,primary,4.031422429330903,,2,block,65536,1010,SOURCE_RUN\raw\task-0034-dynamic-stable-nu3-N80-s1010-primary-ce82417bb5\arrays.npz,80,student_t,3.0,dynamic,14.68073080715309,0.003,True
1.5,,0.5,0.5,455,13540.14669473211,2.0,2.0,stable,primary,3.192693098750896,,2,block,65536,1010,SOURCE_RUN\raw\task-0034-dynamic-stable-nu3-N80-s1010-primary-ce82417bb5\arrays.npz,80,student_t,3.0,dynamic,9.320834556847661,0.006,True
1.5,,0.5,0.5,1120,15932.854387480736,2.0,2.0,stable,primary,2.386068264801799,,2,block,65536,1010,SOURCE_RUN\raw\task-0034-dynamic-stable-nu3-N80-s1010-primary-ce82417bb5\arrays.npz,80,student_t,3.0,dynamic,5.9620099960327915,0.012,True
1.5,,0.5,0.5,190,4068.3574411286477,2.0,2.0,stable,primary,1.4585382612188873,,3,block,65536,1010,SOURCE_RUN\raw\task-0034-dynamic-stable-nu3-N80-s1010-primary-ce82417bb5\arrays.npz,80,student_t,3.0,dynamic,14.68073080715309,0.003,True
1.5,,0.5,0.5,430,5600.697136883835,2.0,2.0,stable,primary,1.3973938688732188,,3,block,65536,1010,SOURCE_RUN\raw\task-0034-dynamic-stable-nu3-N80-s1010-primary-ce82417bb5\arrays.npz,80,student_t,3.0,dynamic,9.320834556847661,0.006,True
1.5,,0.5,0.5,1079,7874.737913599076,2.0,2.0,stable,primary,1.224114279321394,,3,block,65536,1010,SOURCE_RUN\raw\task-0034-dynamic-stable-nu3-N80-s1010-primary-ce82417bb5\arrays.npz,80,student_t,3.0,dynamic,5.9620099960327915,0.012,True
1.5,,0.5,0.5,854,25933.349781860583,2.0,2.0,stable,primary,2.068488314251945,,-1,full,262144,1010,SOURCE_RUN\raw\task-0034-dynamic-stable-nu3-N80-s1010-primary-ce82417bb5\arrays.npz,80,student_t,3.0,dynamic,14.68073080715309,0.003,True
1.5,,0.5,0.5,1873,32649.864180202072,2.0,2.0,stable,primary,1.8702032278680671,,-1,full,262144,1010,SOURCE_RUN\raw\task-0034-dynamic-stable-nu3-N80-s1010-primary-ce82417bb5\arrays.npz,80,student_t,3.0,dynamic,9.320834556847661,0.006,True
1.5,,0.5,0.5,4445,42228.42623965956,2.0,2.0,stable,primary,1.5934573045328244,,-1,full,262144,1010,SOURCE_RUN\raw\task-0034-dynamic-stable-nu3-N80-s1010-primary-ce82417bb5\arrays.npz,80,student_t,3.0,dynamic,5.9620099960327915,0.012,True
1.5,,0.5,0.5,462,9909.77839483685,2.0,2.0,stable,primary,1.4610809957028779,,-1,nested,131072,1010,SOURCE_RUN\raw\task-0034-dynamic-stable-nu3-N80-s1010-primary-ce82417bb5\arrays.npz,80,student_t,3.0,dynamic,14.68073080715309,0.003,True
1.5,,0.5,0.5,988,13509.020348586128,2.0,2.0,stable,primary,1.4669391925604738,,-1,nested,131072,1010,SOURCE_RUN\raw\task-0034-dynamic-stable-nu3-N80-s1010-primary-ce82417bb5\arrays.npz,80,student_t,3.0,dynamic,9.320834556847661,0.006,True
1.5,,0.5,0.5,2246,18420.833938579744,2.0,2.0,stable,primary,1.3756464624588622,,-1,nested,131072,1010,SOURCE_RUN\raw\task-0034-dynamic-stable-nu3-N80-s1010-primary-ce82417bb5\arrays.npz,80,student_t,3.0,dynamic,5.9620099960327915,0.012,True
1.5,,0.5,0.5,228,5417.201110492203,2.0,2.0,stable,primary,1.6184244711993574,,-1,nested,65536,1010,SOURCE_RUN\raw\task-0034-dynamic-stable-nu3-N80-s1010-primary-ce82417bb5\arrays.npz,80,student_t,3.0,dynamic,14.68073080715309,0.003,True
1.5,,0.5,0.5,498,7213.199803266729,2.0,2.0,stable,primary,1.5539742569199204,,-1,nested,65536,1010,SOURCE_RUN\raw\task-0034-dynamic-stable-nu3-N80-s1010-primary-ce82417bb5\arrays.npz,80,student_t,3.0,dynamic,9.320834556847661,0.006,True
1.5,,0.5,0.5,1125,9650.544002319963,2.0,2.0,stable,primary,1.4388203543945117,,-1,nested,65536,1010,SOURCE_RUN\raw\task-0034-dynamic-stable-nu3-N80-s1010-primary-ce82417bb5\arrays.npz,80,student_t,3.0,dynamic,5.9620099960327915,0.012,True
1.5,,0.5,0.5,228,8459.011120098981,2.0,2.0,stable,primary,2.5271852234542185,,0,block,65536,1011,SOURCE_RUN\raw\task-0035-dynamic-stable-nu3-N80-s1011-primary-8813e2ba3d\arrays.npz,80,student_t,3.0,dynamic,14.68073080715309,0.003,True
1.5,,0.5,0.5,490,10223.960459748505,2.0,2.0,stable,primary,2.2385576421082694,,0,block,65536,1011,SOURCE_RUN\raw\task-0035-dynamic-stable-nu3-N80-s1011-primary-8813e2ba3d\arrays.npz,80,student_t,3.0,dynamic,9.320834556847661,0.006,True
1.5,,0.5,0.5,1100,12635.235206642901,2.0,2.0,stable,primary,1.9266283465186729,,0,block,65536,1011,SOURCE_RUN\raw\task-0035-dynamic-stable-nu3-N80-s1011-primary-8813e2ba3d\arrays.npz,80,student_t,3.0,dynamic,5.9620099960327915,0.012,True
1.5,,0.5,0.5,236,6566.018055042194,2.0,2.0,stable,primary,1.895144783198737,,1,block,65536,1011,SOURCE_RUN\raw\task-0035-dynamic-stable-nu3-N80-s1011-primary-8813e2ba3d\arrays.npz,80,student_t,3.0,dynamic,14.68073080715309,0.003,True
1.5,,0.5,0.5,493,8360.889686121787,2.0,2.0,stable,primary,1.8194946155138227,,1,block,65536,1011,SOURCE_RUN\raw\task-0035-dynamic-stable-nu3-N80-s1011-primary-8813e2ba3d\arrays.npz,80,student_t,3.0,dynamic,9.320834556847661,0.006,True
1.5,,0.5,0.5,1181,10895.648245809363,2.0,2.0,stable,primary,1.5474280914226066,,1,block,65536,1011,SOURCE_RUN\raw\task-0035-dynamic-stable-nu3-N80-s1011-primary-8813e2ba3d\arrays.npz,80,student_t,3.0,dynamic,5.9620099960327915,0.012,True
1.5,,0.5,0.5,220,6868.65702075168,2.0,2.0,stable,primary,2.1266767088278526,,2,block,65536,1011,SOURCE_RUN\raw\task-0035-dynamic-stable-nu3-N80-s1011-primary-8813e2ba3d\arrays.npz,80,student_t,3.0,dynamic,14.68073080715309,0.003,True
1.5,,0.5,0.5,477,8579.681834787518,2.0,2.0,stable,primary,1.9297364695106134,,2,block,65536,1011,SOURCE_RUN\raw\task-0035-dynamic-stable-nu3-N80-s1011-primary-8813e2ba3d\arrays.npz,80,student_t,3.0,dynamic,9.320834556847661,0.006,True
1.5,,0.5,0.5,1069,10927.094919449115,2.0,2.0,stable,primary,1.7144874505873207,,2,block,65536,1011,SOURCE_RUN\raw\task-0035-dynamic-stable-nu3-N80-s1011-primary-8813e2ba3d\arrays.npz,80,student_t,3.0,dynamic,5.9620099960327915,0.012,True
1.5,,0.5,0.5,206,5049.7481746187495,2.0,2.0,stable,primary,1.669762968580904,,3,block,65536,1011,SOURCE_RUN\raw\task-0035-dynamic-stable-nu3-N80-s1011-primary-8813e2ba3d\arrays.npz,80,student_t,3.0,dynamic,14.68073080715309,0.003,True
1.5,,0.5,0.5,466,6724.604894532661,2.0,2.0,stable,primary,1.5481964107700785,,3,block,65536,1011,SOURCE_RUN\raw\task-0035-dynamic-stable-nu3-N80-s1011-primary-8813e2ba3d\arrays.npz,80,student_t,3.0,dynamic,9.320834556847661,0.006,True
1.5,,0.5,0.5,1092,9082.132609019309,2.0,2.0,stable,primary,1.3949945168181401,,3,block,65536,1011,SOURCE_RUN\raw\task-0035-dynamic-stable-nu3-N80-s1011-primary-8813e2ba3d\arrays.npz,80,student_t,3.0,dynamic,5.9620099960327915,0.012,True
1.5,,0.5,0.5,890,26943.4343705116,2.0,2.0,stable,primary,2.0621263452272554,,-1,full,262144,1011,SOURCE_RUN\raw\task-0035-dynamic-stable-nu3-N80-s1011-primary-8813e2ba3d\arrays.npz,80,student_t,3.0,dynamic,14.68073080715309,0.003,True
1.5,,0.5,0.5,1926,33889.13687519047,2.0,2.0,stable,primary,1.8877715023140107,,-1,full,262144,1011,SOURCE_RUN\raw\task-0035-dynamic-stable-nu3-N80-s1011-primary-8813e2ba3d\arrays.npz,80,student_t,3.0,dynamic,9.320834556847661,0.006,True
1.5,,0.5,0.5,4442,43540.11098092068,2.0,2.0,stable,primary,1.6440623264709349,,-1,full,262144,1011,SOURCE_RUN\raw\task-0035-dynamic-stable-nu3-N80-s1011-primary-8813e2ba3d\arrays.npz,80,student_t,3.0,dynamic,5.9620099960327915,0.012,True
1.5,,0.5,0.5,464,15025.029175141177,2.0,2.0,stable,primary,2.205716378841517,,-1,nested,131072,1011,SOURCE_RUN\raw\task-0035-dynamic-stable-nu3-N80-s1011-primary-8813e2ba3d\arrays.npz,80,student_t,3.0,dynamic,14.68073080715309,0.003,True
1.5,,0.5,0.5,983,18584.85014587029,2.0,2.0,stable,primary,2.02838666335846,,-1,nested,131072,1011,SOURCE_RUN\raw\task-0035-dynamic-stable-nu3-N80-s1011-primary-8813e2ba3d\arrays.npz,80,student_t,3.0,dynamic,9.320834556847661,0.006,True
1.5,,0.5,0.5,2281,23530.883452452268,2.0,2.0,stable,primary,1.7302953779660846,,-1,nested,131072,1011,SOURCE_RUN\raw\task-0035-dynamic-stable-nu3-N80-s1011-primary-8813e2ba3d\arrays.npz,80,student_t,3.0,dynamic,5.9620099960327915,0.012,True
1.5,,0.5,0.5,228,8459.011120098981,2.0,2.0,stable,primary,2.5271852234542185,,-1,nested,65536,1011,SOURCE_RUN\raw\task-0035-dynamic-stable-nu3-N80-s1011-primary-8813e2ba3d\arrays.npz,80,student_t,3.0,dynamic,14.68073080715309,0.003,True
1.5,,0.5,0.5,490,10223.960459748505,2.0,2.0,stable,primary,2.2385576421082694,,-1,nested,65536,1011,SOURCE_RUN\raw\task-0035-dynamic-stable-nu3-N80-s1011-primary-8813e2ba3d\arrays.npz,80,student_t,3.0,dynamic,9.320834556847661,0.006,True
1.5,,0.5,0.5,1100,12635.235206642901,2.0,2.0,stable,primary,1.9266283465186729,,-1,nested,65536,1011,SOURCE_RUN\raw\task-0035-dynamic-stable-nu3-N80-s1011-primary-8813e2ba3d\arrays.npz,80,student_t,3.0,dynamic,5.9620099960327915,0.012,True
1.5,,0.5,1.0,3503,4016.454323588142,0.0,2.0,vp,primary,0.3863466478264147,,0,block,65536,1000,SOURCE_RUN\raw\task-0036-dynamic-vp-nu1p5-N80-s1000-primary-5cde0e29ca\arrays.npz,80,student_t,1.5,dynamic,2.9677379253417717,0.003,True
1.5,,0.5,1.0,4299,4870.302315914751,0.0,2.0,vp,primary,0.4122933195475834,,0,block,65536,1000,SOURCE_RUN\raw\task-0036-dynamic-vp-nu1p5-N80-s1000-primary-5cde0e29ca\arrays.npz,80,student_t,1.5,dynamic,2.7477813854449926,0.006,True
1.5,,0.5,1.0,5376,6005.244847588731,0.0,2.0,vp,primary,0.4446587802468471,,0,block,65536,1000,SOURCE_RUN\raw\task-0036-dynamic-vp-nu1p5-N80-s1000-primary-5cde0e29ca\arrays.npz,80,student_t,1.5,dynamic,2.5121443279304616,0.012,True
1.5,,0.5,1.0,3606,4113.065236844683,0.0,2.0,vp,primary,0.3843388875809487,,1,block,65536,1000,SOURCE_RUN\raw\task-0036-dynamic-vp-nu1p5-N80-s1000-primary-5cde0e29ca\arrays.npz,80,student_t,1.5,dynamic,2.9677379253417717,0.003,True
1.5,,0.5,1.0,4378,4989.013538566203,0.0,2.0,vp,primary,0.4147216885690871,,1,block,65536,1000,SOURCE_RUN\raw\task-0036-dynamic-vp-nu1p5-N80-s1000-primary-5cde0e29ca\arrays.npz,80,student_t,1.5,dynamic,2.7477813854449926,0.006,True
1.5,,0.5,1.0,5478,6145.950877749277,0.0,2.0,vp,primary,0.4466038575301927,,1,block,65536,1000,SOURCE_RUN\raw\task-0036-dynamic-vp-nu1p5-N80-s1000-primary-5cde0e29ca\arrays.npz,80,student_t,1.5,dynamic,2.5121443279304616,0.012,True
1.5,,0.5,1.0,3571,4109.090312802031,0.0,2.0,vp,primary,0.3877307897584669,,2,block,65536,1000,SOURCE_RUN\raw\task-0036-dynamic-vp-nu1p5-N80-s1000-primary-5cde0e29ca\arrays.npz,80,student_t,1.5,dynamic,2.9677379253417717,0.003,True
1.5,,0.5,1.0,4377,4976.589194625515,0.0,2.0,vp,primary,0.4137834044836806,,2,block,65536,1000,SOURCE_RUN\raw\task-0036-dynamic-vp-nu1p5-N80-s1000-primary-5cde0e29ca\arrays.npz,80,student_t,1.5,dynamic,2.7477813854449926,0.006,True
1.5,,0.5,1.0,5439,6131.746660379364,0.0,2.0,vp,primary,0.4487666319699338,,2,block,65536,1000,SOURCE_RUN\raw\task-0036-dynamic-vp-nu1p5-N80-s1000-primary-5cde0e29ca\arrays.npz,80,student_t,1.5,dynamic,2.5121443279304616,0.012,True
1.5,,0.5,1.0,3477,3989.2713452730304,0.0,2.0,vp,primary,0.38660132675744996,,3,block,65536,1000,SOURCE_RUN\raw\task-0036-dynamic-vp-nu1p5-N80-s1000-primary-5cde0e29ca\arrays.npz,80,student_t,1.5,dynamic,2.9677379253417717,0.003,True
1.5,,0.5,1.0,4248,4833.667059647319,0.0,2.0,vp,primary,0.4141045934517423,,3,block,65536,1000,SOURCE_RUN\raw\task-0036-dynamic-vp-nu1p5-N80-s1000-primary-5cde0e29ca\arrays.npz,80,student_t,1.5,dynamic,2.7477813854449926,0.006,True
1.5,,0.5,1.0,5267,5949.606983608314,0.0,2.0,vp,primary,0.4496559794762096,,3,block,65536,1000,SOURCE_RUN\raw\task-0036-dynamic-vp-nu1p5-N80-s1000-primary-5cde0e29ca\arrays.npz,80,student_t,1.5,dynamic,2.5121443279304616,0.012,True
1.5,,0.5,1.0,14157,16227.881218507886,0.0,2.0,vp,primary,0.38624693079861344,,-1,full,262144,1000,SOURCE_RUN\raw\task-0036-dynamic-vp-nu1p5-N80-s1000-primary-5cde0e29ca\arrays.npz,80,student_t,1.5,dynamic,2.9677379253417717,0.003,True
1.5,,0.5,1.0,17302,19669.57210875379,0.0,2.0,vp,primary,0.4137294421279965,,-1,full,262144,1000,SOURCE_RUN\raw\task-0036-dynamic-vp-nu1p5-N80-s1000-primary-5cde0e29ca\arrays.npz,80,student_t,1.5,dynamic,2.7477813854449926,0.006,True
1.5,,0.5,1.0,21560,24232.549369325687,0.0,2.0,vp,primary,0.4474100783554319,,-1,full,262144,1000,SOURCE_RUN\raw\task-0036-dynamic-vp-nu1p5-N80-s1000-primary-5cde0e29ca\arrays.npz,80,student_t,1.5,dynamic,2.5121443279304616,0.012,True
1.5,,0.5,1.0,7109,8129.519560432824,0.0,2.0,vp,primary,0.38532822280951345,,-1,nested,131072,1000,SOURCE_RUN\raw\task-0036-dynamic-vp-nu1p5-N80-s1000-primary-5cde0e29ca\arrays.npz,80,student_t,1.5,dynamic,2.9677379253417717,0.003,True
1.5,,0.5,1.0,8677,9859.315854480952,0.0,2.0,vp,primary,0.4135185586366859,,-1,nested,131072,1000,SOURCE_RUN\raw\task-0036-dynamic-vp-nu1p5-N80-s1000-primary-5cde0e29ca\arrays.npz,80,student_t,1.5,dynamic,2.7477813854449926,0.006,True
1.5,,0.5,1.0,10854,12151.19572533801,0.0,2.0,vp,primary,0.4456404582787402,,-1,nested,131072,1000,SOURCE_RUN\raw\task-0036-dynamic-vp-nu1p5-N80-s1000-primary-5cde0e29ca\arrays.npz,80,student_t,1.5,dynamic,2.5121443279304616,0.012,True
1.5,,0.5,1.0,3503,4016.454323588142,0.0,2.0,vp,primary,0.3863466478264147,,-1,nested,65536,1000,SOURCE_RUN\raw\task-0036-dynamic-vp-nu1p5-N80-s1000-primary-5cde0e29ca\arrays.npz,80,student_t,1.5,dynamic,2.9677379253417717,0.003,True
1.5,,0.5,1.0,4299,4870.302315914751,0.0,2.0,vp,primary,0.4122933195475834,,-1,nested,65536,1000,SOURCE_RUN\raw\task-0036-dynamic-vp-nu1p5-N80-s1000-primary-5cde0e29ca\arrays.npz,80,student_t,1.5,dynamic,2.7477813854449926,0.006,True
1.5,,0.5,1.0,5376,6005.244847588731,0.0,2.0,vp,primary,0.4446587802468471,,-1,nested,65536,1000,SOURCE_RUN\raw\task-0036-dynamic-vp-nu1p5-N80-s1000-primary-5cde0e29ca\arrays.npz,80,student_t,1.5,dynamic,2.5121443279304616,0.012,True
1.5,,0.5,1.0,3503,4126.424156567431,0.0,2.0,vp,primary,0.39692475301836505,,0,block,65536,1001,SOURCE_RUN\raw\task-0037-dynamic-vp-nu1p5-N80-s1001-primary-c31d4f7e23\arrays.npz,80,student_t,1.5,dynamic,2.9677379253417717,0.003,True
1.5,,0.5,1.0,4298,4981.319979365922,0.0,2.0,vp,primary,0.42178958487170604,,0,block,65536,1001,SOURCE_RUN\raw\task-0037-dynamic-vp-nu1p5-N80-s1001-primary-c31d4f7e23\arrays.npz,80,student_t,1.5,dynamic,2.7477813854449926,0.006,True
1.5,,0.5,1.0,5390,6122.665210818157,0.0,2.0,vp,primary,0.4521756386364817,,0,block,65536,1001,SOURCE_RUN\raw\task-0037-dynamic-vp-nu1p5-N80-s1001-primary-c31d4f7e23\arrays.npz,80,student_t,1.5,dynamic,2.5121443279304616,0.012,True
1.5,,0.5,1.0,3457,3942.8119597364885,0.0,2.0,vp,primary,0.38430951664149743,,1,block,65536,1001,SOURCE_RUN\raw\task-0037-dynamic-vp-nu1p5-N80-s1001-primary-c31d4f7e23\arrays.npz,80,student_t,1.5,dynamic,2.9677379253417717,0.003,True
1.5,,0.5,1.0,4256,4786.977821161877,0.0,2.0,vp,primary,0.40933381103703287,,1,block,65536,1001,SOURCE_RUN\raw\task-0037-dynamic-vp-nu1p5-N80-s1001-primary-c31d4f7e23\arrays.npz,80,student_t,1.5,dynamic,2.7477813854449926,0.006,True
1.5,,0.5,1.0,5268,5902.2530837787335,0.0,2.0,vp,primary,0.4459924168872117,,1,block,65536,1001,SOURCE_RUN\raw\task-0037-dynamic-vp-nu1p5-N80-s1001-primary-c31d4f7e23\arrays.npz,80,student_t,1.5,dynamic,2.5121443279304616,0.012,True
1.5,,0.5,1.0,3547,3952.321202704624,0.0,2.0,vp,primary,0.3754615745120479,,2,block,65536,1001,SOURCE_RUN\raw\task-0037-dynamic-vp-nu1p5-N80-s1001-primary-c31d4f7e23\arrays.npz,80,student_t,1.5,dynamic,2.9677379253417717,0.003,True
1.5,,0.5,1.0,4334,4815.912692344837,0.0,2.0,vp,primary,0.4043966235821331,,2,block,65536,1001,SOURCE_RUN\raw\task-0037-dynamic-vp-nu1p5-N80-s1001-primary-c31d4f7e23\arrays.npz,80,student_t,1.5,dynamic,2.7477813854449926,0.006,True
1.5,,0.5,1.0,5383,5956.056032651524,0.0,2.0,vp,primary,0.44044309734317066,,2,block,65536,1001,SOURCE_RUN\raw\task-0037-dynamic-vp-nu1p5-N80-s1001-primary-c31d4f7e23\arrays.npz,80,student_t,1.5,dynamic,2.5121443279304616,0.012,True
1.5,,0.5,1.0,3506,4113.811922788939,0.0,2.0,vp,primary,0.3953729690973997,,3,block,65536,1001,SOURCE_RUN\raw\task-0037-dynamic-vp-nu1p5-N80-s1001-primary-c31d4f7e23\arrays.npz,80,student_t,1.5,dynamic,2.9677379253417717,0.003,True
1.5,,0.5,1.0,4247,4962.874699947374,0.0,2.0,vp,primary,0.42527403950416104,,3,block,65536,1001,SOURCE_RUN\raw\task-0037-dynamic-vp-nu1p5-N80-s1001-primary-c31d4f7e23\arrays.npz,80,student_t,1.5,dynamic,2.7477813854449926,0.006,True
1.5,,0.5,1.0,5363,6092.258297986119,0.0,2.0,vp,primary,0.45219517526331293,,3,block,65536,1001,SOURCE_RUN\raw\task-0037-dynamic-vp-nu1p5-N80-s1001-primary-c31d4f7e23\arrays.npz,80,student_t,1.5,dynamic,2.5121443279304616,0.012,True
1.5,,0.5,1.0,14013,16135.369241797483,0.0,2.0,vp,primary,0.38799152524817726,,-1,full,262144,1001,SOURCE_RUN\raw\task-0037-dynamic-vp-nu1p5-N80-s1001-primary-c31d4f7e23\arrays.npz,80,student_t,1.5,dynamic,2.9677379253417717,0.003,True
1.5,,0.5,1.0,17135,19547.08519282001,0.0,2.0,vp,primary,0.4151602070575629,,-1,full,262144,1001,SOURCE_RUN\raw\task-0037-dynamic-vp-nu1p5-N80-s1001-primary-c31d4f7e23\arrays.npz,80,student_t,1.5,dynamic,2.7477813854449926,0.006,True
1.5,,0.5,1.0,21404,24073.232625234534,0.0,2.0,vp,primary,0.44770802945000476,,-1,full,262144,1001,SOURCE_RUN\raw\task-0037-dynamic-vp-nu1p5-N80-s1001-primary-c31d4f7e23\arrays.npz,80,student_t,1.5,dynamic,2.5121443279304616,0.012,True
1.5,,0.5,1.0,6960,8069.23611630392,0.0,2.0,vp,primary,0.3906588231110617,,-1,nested,131072,1001,SOURCE_RUN\raw\task-0037-dynamic-vp-nu1p5-N80-s1001-primary-c31d4f7e23\arrays.npz,80,student_t,1.5,dynamic,2.9677379253417717,0.003,True
1.5,,0.5,1.0,8554,9768.297800527798,0.0,2.0,vp,primary,0.4155922767772041,,-1,nested,131072,1001,SOURCE_RUN\raw\task-0037-dynamic-vp-nu1p5-N80-s1001-primary-c31d4f7e23\arrays.npz,80,student_t,1.5,dynamic,2.7477813854449926,0.006,True
1.5,,0.5,1.0,10658,12024.91829459689,0.0,2.0,vp,primary,0.4491194168148309,,-1,nested,131072,1001,SOURCE_RUN\raw\task-0037-dynamic-vp-nu1p5-N80-s1001-primary-c31d4f7e23\arrays.npz,80,student_t,1.5,dynamic,2.5121443279304616,0.012,True
1.5,,0.5,1.0,3503,4126.424156567431,0.0,2.0,vp,primary,0.39692475301836505,,-1,nested,65536,1001,SOURCE_RUN\raw\task-0037-dynamic-vp-nu1p5-N80-s1001-primary-c31d4f7e23\arrays.npz,80,student_t,1.5,dynamic,2.9677379253417717,0.003,True
1.5,,0.5,1.0,4298,4981.319979365922,0.0,2.0,vp,primary,0.42178958487170604,,-1,nested,65536,1001,SOURCE_RUN\raw\task-0037-dynamic-vp-nu1p5-N80-s1001-primary-c31d4f7e23\arrays.npz,80,student_t,1.5,dynamic,2.7477813854449926,0.006,True
1.5,,0.5,1.0,5390,6122.665210818157,0.0,2.0,vp,primary,0.4521756386364817,,-1,nested,65536,1001,SOURCE_RUN\raw\task-0037-dynamic-vp-nu1p5-N80-s1001-primary-c31d4f7e23\arrays.npz,80,student_t,1.5,dynamic,2.5121443279304616,0.012,True
1.5,,0.5,1.0,3464,3897.5610727302715,0.0,2.0,vp,primary,0.37913117694434395,,0,block,65536,1002,SOURCE_RUN\raw\task-0038-dynamic-vp-nu1p5-N80-s1002-primary-3b3de16ab1\arrays.npz,80,student_t,1.5,dynamic,2.9677379253417717,0.003,True
1.5,,0.5,1.0,4275,4743.439489723114,0.0,2.0,vp,primary,0.4038081394326167,,0,block,65536,1002,SOURCE_RUN\raw\task-0038-dynamic-vp-nu1p5-N80-s1002-primary-3b3de16ab1\arrays.npz,80,student_t,1.5,dynamic,2.7477813854449926,0.006,True
1.5,,0.5,1.0,5316,5866.92677409777,0.0,2.0,vp,primary,0.43932013520352253,,0,block,65536,1002,SOURCE_RUN\raw\task-0038-dynamic-vp-nu1p5-N80-s1002-primary-3b3de16ab1\arrays.npz,80,student_t,1.5,dynamic,2.5121443279304616,0.012,True
1.5,,0.5,1.0,3522,4054.774383760165,0.0,2.0,vp,primary,0.38792859709593197,,1,block,65536,1002,SOURCE_RUN\raw\task-0038-dynamic-vp-nu1p5-N80-s1002-primary-3b3de16ab1\arrays.npz,80,student_t,1.5,dynamic,2.9677379253417717,0.003,True
1.5,,0.5,1.0,4273,4909.76570101606,0.0,2.0,vp,primary,0.4181630913483971,,1,block,65536,1002,SOURCE_RUN\raw\task-0038-dynamic-vp-nu1p5-N80-s1002-primary-3b3de16ab1\arrays.npz,80,student_t,1.5,dynamic,2.7477813854449926,0.006,True
1.5,,0.5,1.0,5361,6036.4243447183435,0.0,2.0,vp,primary,0.4482180767942594,,1,block,65536,1002,SOURCE_RUN\raw\task-0038-dynamic-vp-nu1p5-N80-s1002-primary-3b3de16ab1\arrays.npz,80,student_t,1.5,dynamic,2.5121443279304616,0.012,True
1.5,,0.5,1.0,3540,4119.168863515563,0.0,2.0,vp,primary,0.3920855051437749,,2,block,65536,1002,SOURCE_RUN\raw\task-0038-dynamic-vp-nu1p5-N80-s1002-primary-3b3de16ab1\arrays.npz,80,student_t,1.5,dynamic,2.9677379253417717,0.003,True
1.5,,0.5,1.0,4317,4980.005747068495,0.0,2.0,vp,primary,0.41982241076133053,,2,block,65536,1002,SOURCE_RUN\raw\task-0038-dynamic-vp-nu1p5-N80-s1002-primary-3b3de16ab1\arrays.npz,80,student_t,1.5,dynamic,2.7477813854449926,0.006,True
1.5,,0.5,1.0,5390,6119.117951113012,0.0,2.0,vp,primary,0.45191366376649383,,2,block,65536,1002,SOURCE_RUN\raw\task-0038-dynamic-vp-nu1p5-N80-s1002-primary-3b3de16ab1\arrays.npz,80,student_t,1.5,dynamic,2.5121443279304616,0.012,True
1.5,,0.5,1.0,3492,4057.1668365765427,0.0,2.0,vp,primary,0.39149217429570843,,3,block,65536,1002,SOURCE_RUN\raw\task-0038-dynamic-vp-nu1p5-N80-s1002-primary-3b3de16ab1\arrays.npz,80,student_t,1.5,dynamic,2.9677379253417717,0.003,True
1.5,,0.5,1.0,4273,4907.815921254194,0.0,2.0,vp,primary,0.4179970292626846,,3,block,65536,1002,SOURCE_RUN\raw\task-0038-dynamic-vp-nu1p5-N80-s1002-primary-3b3de16ab1\arrays.npz,80,student_t,1.5,dynamic,2.7477813854449926,0.006,True
1.5,,0.5,1.0,5308,6032.325933051789,0.0,2.0,vp,primary,0.45238614734782706,,3,block,65536,1002,SOURCE_RUN\raw\task-0038-dynamic-vp-nu1p5-N80-s1002-primary-3b3de16ab1\arrays.npz,80,student_t,1.5,dynamic,2.5121443279304616,0.012,True
1.5,,0.5,1.0,14018,16128.67115658254,0.0,2.0,vp,primary,0.38769212988704926,,-1,full,262144,1002,SOURCE_RUN\raw\task-0038-dynamic-vp-nu1p5-N80-s1002-primary-3b3de16ab1\arrays.npz,80,student_t,1.5,dynamic,2.9677379253417717,0.003,True
1.5,,0.5,1.0,17138,19541.02685906186,0.0,2.0,vp,primary,0.41495888310784523,,-1,full,262144,1002,SOURCE_RUN\raw\task-0038-dynamic-vp-nu1p5-N80-s1002-primary-3b3de16ab1\arrays.npz,80,student_t,1.5,dynamic,2.7477813854449926,0.006,True
1.5,,0.5,1.0,21375,24054.795002980914,0.0,2.0,vp,primary,0.44797208263202887,,-1,full,262144,1002,SOURCE_RUN\raw\task-0038-dynamic-vp-nu1p5-N80-s1002-primary-3b3de16ab1\arrays.npz,80,student_t,1.5,dynamic,2.5121443279304616,0.012,True
1.5,,0.5,1.0,6986,7952.335456490437,0.0,2.0,vp,primary,0.3835664065140395,,-1,nested,131072,1002,SOURCE_RUN\raw\task-0038-dynamic-vp-nu1p5-N80-s1002-primary-3b3de16ab1\arrays.npz,80,student_t,1.5,dynamic,2.9677379253417717,0.003,True
1.5,,0.5,1.0,8548,9653.205190739174,0.0,2.0,vp,primary,0.41098393605593553,,-1,nested,131072,1002,SOURCE_RUN\raw\task-0038-dynamic-vp-nu1p5-N80-s1002-primary-3b3de16ab1\arrays.npz,80,student_t,1.5,dynamic,2.7477813854449926,0.006,True
1.5,,0.5,1.0,10677,11903.351118816114,0.0,2.0,vp,primary,0.4437878569294699,,-1,nested,131072,1002,SOURCE_RUN\raw\task-0038-dynamic-vp-nu1p5-N80-s1002-primary-3b3de16ab1\arrays.npz,80,student_t,1.5,dynamic,2.5121443279304616,0.012,True
1.5,,0.5,1.0,3464,3897.5610727302715,0.0,2.0,vp,primary,0.37913117694434395,,-1,nested,65536,1002,SOURCE_RUN\raw\task-0038-dynamic-vp-nu1p5-N80-s1002-primary-3b3de16ab1\arrays.npz,80,student_t,1.5,dynamic,2.9677379253417717,0.003,True
1.5,,0.5,1.0,4275,4743.439489723114,0.0,2.0,vp,primary,0.4038081394326167,,-1,nested,65536,1002,SOURCE_RUN\raw\task-0038-dynamic-vp-nu1p5-N80-s1002-primary-3b3de16ab1\arrays.npz,80,student_t,1.5,dynamic,2.7477813854449926,0.006,True
1.5,,0.5,1.0,5316,5866.92677409777,0.0,2.0,vp,primary,0.43932013520352253,,-1,nested,65536,1002,SOURCE_RUN\raw\task-0038-dynamic-vp-nu1p5-N80-s1002-primary-3b3de16ab1\arrays.npz,80,student_t,1.5,dynamic,2.5121443279304616,0.012,True
1.5,,0.5,1.0,3633,4104.19648584783,0.0,2.0,vp,primary,0.38065996176460004,,0,block,65536,1003,SOURCE_RUN\raw\task-0039-dynamic-vp-nu1p5-N80-s1003-primary-136bbabb2c\arrays.npz,80,student_t,1.5,dynamic,2.9677379253417717,0.003,True
1.5,,0.5,1.0,4419,4985.602137835405,0.0,2.0,vp,primary,0.410592903730784,,0,block,65536,1003,SOURCE_RUN\raw\task-0039-dynamic-vp-nu1p5-N80-s1003-primary-136bbabb2c\arrays.npz,80,student_t,1.5,dynamic,2.7477813854449926,0.006,True
1.5,,0.5,1.0,5466,6140.865293146539,0.0,2.0,vp,primary,0.44721396481880005,,0,block,65536,1003,SOURCE_RUN\raw\task-0039-dynamic-vp-nu1p5-N80-s1003-primary-136bbabb2c\arrays.npz,80,student_t,1.5,dynamic,2.5121443279304616,0.012,True
1.5,,0.5,1.0,3587,4113.276045111159,0.0,2.0,vp,primary,0.3863944973328993,,1,block,65536,1003,SOURCE_RUN\raw\task-0039-dynamic-vp-nu1p5-N80-s1003-primary-136bbabb2c\arrays.npz,80,student_t,1.5,dynamic,2.9677379253417717,0.003,True
1.5,,0.5,1.0,4361,4983.8090331264375,0.0,2.0,vp,primary,0.4159040305071193,,1,block,65536,1003,SOURCE_RUN\raw\task-0039-dynamic-vp-nu1p5-N80-s1003-primary-136bbabb2c\arrays.npz,80,student_t,1.5,dynamic,2.7477813854449926,0.006,True
1.5,,0.5,1.0,5436,6133.41591374838,0.0,2.0,vp,primary,0.4491365314198631,,1,block,65536,1003,SOURCE_RUN\raw\task-0039-dynamic-vp-nu1p5-N80-s1003-primary-136bbabb2c\arrays.npz,80,student_t,1.5,dynamic,2.5121443279304616,0.012,True
1.5,,0.5,1.0,3526,4072.4519139614395,0.0,2.0,vp,primary,0.3891778463159969,,2,block,65536,1003,SOURCE_RUN\raw\task-0039-dynamic-vp-nu1p5-N80-s1003-primary-136bbabb2c\arrays.npz,80,student_t,1.5,dynamic,2.9677379253417717,0.003,True
1.5,,0.5,1.0,4339,4933.557213683729,0.0,2.0,vp,primary,0.41379795663691865,,2,block,65536,1003,SOURCE_RUN\raw\task-0039-dynamic-vp-nu1p5-N80-s1003-primary-136bbabb2c\arrays.npz,80,student_t,1.5,dynamic,2.7477813854449926,0.006,True
1.5,,0.5,1.0,5468,6078.993368120383,0.0,2.0,vp,primary,0.4425461600902545,,2,block,65536,1003,SOURCE_RUN\raw\task-0039-dynamic-vp-nu1p5-N80-s1003-primary-136bbabb2c\arrays.npz,80,student_t,1.5,dynamic,2.5121443279304616,0.012,True
1.5,,0.5,1.0,3573,4152.912881254595,0.0,2.0,vp,primary,0.39164650725436073,,3,block,65536,1003,SOURCE_RUN\raw\task-0039-dynamic-vp-nu1p5-N80-s1003-primary-136bbabb2c\arrays.npz,80,student_t,1.5,dynamic,2.9677379253417717,0.003,True
1.5,,0.5,1.0,4347,5019.39342526317,0.0,2.0,vp,primary,0.42022261418011636,,3,block,65536,1003,SOURCE_RUN\raw\task-0039-dynamic-vp-nu1p5-N80-s1003-primary-136bbabb2c\arrays.npz,80,student_t,1.5,dynamic,2.7477813854449926,0.006,True
1.5,,0.5,1.0,5430,6167.618597343835,0.0,2.0,vp,primary,0.4521401695283248,,3,block,65536,1003,SOURCE_RUN\raw\task-0039-dynamic-vp-nu1p5-N80-s1003-primary-136bbabb2c\arrays.npz,80,student_t,1.5,dynamic,2.5121443279304616,0.012,True
1.5,,0.5,1.0,14319,16442.837326175024,0.0,2.0,vp,primary,0.38693545356197623,,-1,full,262144,1003,SOURCE_RUN\raw\task-0039-dynamic-vp-nu1p5-N80-s1003-primary-136bbabb2c\arrays.npz,80,student_t,1.5,dynamic,2.9677379253417717,0.003,True
1.5,,0.5,1.0,17466,19922.36180990874,0.0,2.0,vp,primary,0.41511190635042006,,-1,full,262144,1003,SOURCE_RUN\raw\task-0039-dynamic-vp-nu1p5-N80-s1003-primary-136bbabb2c\arrays.npz,80,student_t,1.5,dynamic,2.7477813854449926,0.006,True
1.5,,0.5,1.0,21800,24520.893172359138,0.0,2.0,vp,primary,0.4477495981839565,,-1,full,262144,1003,SOURCE_RUN\raw\task-0039-dynamic-vp-nu1p5-N80-s1003-primary-136bbabb2c\arrays.npz,80,student_t,1.5,dynamic,2.5121443279304616,0.012,True
1.5,,0.5,1.0,7220,8217.472530958989,0.0,2.0,vp,primary,0.3835089616376595,,-1,nested,131072,1003,SOURCE_RUN\raw\task-0039-dynamic-vp-nu1p5-N80-s1003-primary-136bbabb2c\arrays.npz,80,student_t,1.5,dynamic,2.9677379253417717,0.003,True
1.5,,0.5,1.0,8780,9969.411170961843,0.0,2.0,vp,primary,0.41323092467287953,,-1,nested,131072,1003,SOURCE_RUN\raw\task-0039-dynamic-vp-nu1p5-N80-s1003-primary-136bbabb2c\arrays.npz,80,student_t,1.5,dynamic,2.7477813854449926,0.006,True
1.5,,0.5,1.0,10902,12274.28120689492,0.0,2.0,vp,primary,0.4481726028708436,,-1,nested,131072,1003,SOURCE_RUN\raw\task-0039-dynamic-vp-nu1p5-N80-s1003-primary-136bbabb2c\arrays.npz,80,student_t,1.5,dynamic,2.5121443279304616,0.012,True
1.5,,0.5,1.0,3633,4104.19648584783,0.0,2.0,vp,primary,0.38065996176460004,,-1,nested,65536,1003,SOURCE_RUN\raw\task-0039-dynamic-vp-nu1p5-N80-s1003-primary-136bbabb2c\arrays.npz,80,student_t,1.5,dynamic,2.9677379253417717,0.003,True
1.5,,0.5,1.0,4419,4985.602137835405,0.0,2.0,vp,primary,0.410592903730784,,-1,nested,65536,1003,SOURCE_RUN\raw\task-0039-dynamic-vp-nu1p5-N80-s1003-primary-136bbabb2c\arrays.npz,80,student_t,1.5,dynamic,2.7477813854449926,0.006,True
1.5,,0.5,1.0,5466,6140.865293146539,0.0,2.0,vp,primary,0.44721396481880005,,-1,nested,65536,1003,SOURCE_RUN\raw\task-0039-dynamic-vp-nu1p5-N80-s1003-primary-136bbabb2c\arrays.npz,80,student_t,1.5,dynamic,2.5121443279304616,0.012,True
1.5,,0.5,1.0,3518,4162.463799768079,0.0,2.0,vp,primary,0.39868425783120703,,0,block,65536,1004,SOURCE_RUN\raw\task-0040-dynamic-vp-nu1p5-N80-s1004-primary-c2839c0cf0\arrays.npz,80,student_t,1.5,dynamic,2.9677379253417717,0.003,True
1.5,,0.5,1.0,4298,5017.87844477993,0.0,2.0,vp,primary,0.4248851458905514,,0,block,65536,1004,SOURCE_RUN\raw\task-0040-dynamic-vp-nu1p5-N80-s1004-primary-c2839c0cf0\arrays.npz,80,student_t,1.5,dynamic,2.7477813854449926,0.006,True
1.5,,0.5,1.0,5404,6158.376801425312,0.0,2.0,vp,primary,0.45363476554841725,,0,block,65536,1004,SOURCE_RUN\raw\task-0040-dynamic-vp-nu1p5-N80-s1004-primary-c2839c0cf0\arrays.npz,80,student_t,1.5,dynamic,2.5121443279304616,0.012,True
1.5,,0.5,1.0,3495,3948.4714187257955,0.0,2.0,vp,primary,0.38067667903360003,,1,block,65536,1004,SOURCE_RUN\raw\task-0040-dynamic-vp-nu1p5-N80-s1004-primary-c2839c0cf0\arrays.npz,80,student_t,1.5,dynamic,2.9677379253417717,0.003,True
1.5,,0.5,1.0,4278,4797.568366371079,0.0,2.0,vp,primary,0.4081297140216881,,1,block,65536,1004,SOURCE_RUN\raw\task-0040-dynamic-vp-nu1p5-N80-s1004-primary-c2839c0cf0\arrays.npz,80,student_t,1.5,dynamic,2.7477813854449926,0.006,True
1.5,,0.5,1.0,5333,5921.433944096034,0.0,2.0,vp,primary,0.44198824419216753,,1,block,65536,1004,SOURCE_RUN\raw\task-0040-dynamic-vp-nu1p5-N80-s1004-primary-c2839c0cf0\arrays.npz,80,student_t,1.5,dynamic,2.5121443279304616,0.012,True
1.5,,0.5,1.0,3495,3940.0697890411348,0.0,2.0,vp,primary,0.3798666682350772,,2,block,65536,1004,SOURCE_RUN\raw\task-0040-dynamic-vp-nu1p5-N80-s1004-primary-c2839c0cf0\arrays.npz,80,student_t,1.5,dynamic,2.9677379253417717,0.003,True
1.5,,0.5,1.0,4299,4793.95244203816,0.0,2.0,vp,primary,0.4058299542561197,,2,block,65536,1004,SOURCE_RUN\raw\task-0040-dynamic-vp-nu1p5-N80-s1004-primary-c2839c0cf0\arrays.npz,80,student_t,1.5,dynamic,2.7477813854449926,0.006,True
1.5,,0.5,1.0,5388,5928.423574351382,0.0,2.0,vp,primary,0.4379928809460624,,2,block,65536,1004,SOURCE_RUN\raw\task-0040-dynamic-vp-nu1p5-N80-s1004-primary-c2839c0cf0\arrays.npz,80,student_t,1.5,dynamic,2.5121443279304616,0.012,True
1.5,,0.5,1.0,3538,3961.01886817597,0.0,2.0,vp,primary,0.3772450378346104,,3,block,65536,1004,SOURCE_RUN\raw\task-0040-dynamic-vp-nu1p5-N80-s1004-primary-c2839c0cf0\arrays.npz,80,student_t,1.5,dynamic,2.9677379253417717,0.003,True
1.5,,0.5,1.0,4352,4823.702493945573,0.0,2.0,vp,primary,0.4033754386203688,,3,block,65536,1004,SOURCE_RUN\raw\task-0040-dynamic-vp-nu1p5-N80-s1004-primary-c2839c0cf0\arrays.npz,80,student_t,1.5,dynamic,2.7477813854449926,0.006,True
1.5,,0.5,1.0,5436,5969.822933649909,0.0,2.0,vp,primary,0.4371569779900415,,3,block,65536,1004,SOURCE_RUN\raw\task-0040-dynamic-vp-nu1p5-N80-s1004-primary-c2839c0cf0\arrays.npz,80,student_t,1.5,dynamic,2.5121443279304616,0.012,True
1.5,,0.5,1.0,14046,16012.02387571098,0.0,2.0,vp,primary,0.3841209712098152,,-1,full,262144,1004,SOURCE_RUN\raw\task-0040-dynamic-vp-nu1p5-N80-s1004-primary-c2839c0cf0\arrays.npz,80,student_t,1.5,dynamic,2.9677379253417717,0.003,True
1.5,,0.5,1.0,17227,19433.10174713474,0.0,2.0,vp,primary,0.410535099311852,,-1,full,262144,1004,SOURCE_RUN\raw\task-0040-dynamic-vp-nu1p5-N80-s1004-primary-c2839c0cf0\arrays.npz,80,student_t,1.5,dynamic,2.7477813854449926,0.006,True
1.5,,0.5,1.0,21561,23978.05725352264,0.0,2.0,vp,primary,0.4426908099898765,,-1,full,262144,1004,SOURCE_RUN\raw\task-0040-dynamic-vp-nu1p5-N80-s1004-primary-c2839c0cf0\arrays.npz,80,student_t,1.5,dynamic,2.5121443279304616,0.012,True
1.5,,0.5,1.0,7013,8110.935218493874,0.0,2.0,vp,primary,0.3897099974722114,,-1,nested,131072,1004,SOURCE_RUN\raw\task-0040-dynamic-vp-nu1p5-N80-s1004-primary-c2839c0cf0\arrays.npz,80,student_t,1.5,dynamic,2.9677379253417717,0.003,True
1.5,,0.5,1.0,8576,9815.446811151007,0.0,2.0,vp,primary,0.416526967539922,,-1,nested,131072,1004,SOURCE_RUN\raw\task-0040-dynamic-vp-nu1p5-N80-s1004-primary-c2839c0cf0\arrays.npz,80,student_t,1.5,dynamic,2.7477813854449926,0.006,True
1.5,,0.5,1.0,10737,12079.810745521347,0.0,2.0,vp,primary,0.4478500120425144,,-1,nested,131072,1004,SOURCE_RUN\raw\task-0040-dynamic-vp-nu1p5-N80-s1004-primary-c2839c0cf0\arrays.npz,80,student_t,1.5,dynamic,2.5121443279304616,0.012,True
1.5,,0.5,1.0,3518,4162.463799768079,0.0,2.0,vp,primary,0.39868425783120703,,-1,nested,65536,1004,SOURCE_RUN\raw\task-0040-dynamic-vp-nu1p5-N80-s1004-primary-c2839c0cf0\arrays.npz,80,student_t,1.5,dynamic,2.9677379253417717,0.003,True
1.5,,0.5,1.0,4298,5017.87844477993,0.0,2.0,vp,primary,0.4248851458905514,,-1,nested,65536,1004,SOURCE_RUN\raw\task-0040-dynamic-vp-nu1p5-N80-s1004-primary-c2839c0cf0\arrays.npz,80,student_t,1.5,dynamic,2.7477813854449926,0.006,True
1.5,,0.5,1.0,5404,6158.376801425312,0.0,2.0,vp,primary,0.45363476554841725,,-1,nested,65536,1004,SOURCE_RUN\raw\task-0040-dynamic-vp-nu1p5-N80-s1004-primary-c2839c0cf0\arrays.npz,80,student_t,1.5,dynamic,2.5121443279304616,0.012,True
1.5,,0.5,1.0,3531,4045.82418918812,0.0,2.0,vp,primary,0.38608572315629175,,0,block,65536,1005,SOURCE_RUN\raw\task-0041-dynamic-vp-nu1p5-N80-s1005-primary-72778fd45f\arrays.npz,80,student_t,1.5,dynamic,2.9677379253417717,0.003,True
1.5,,0.5,1.0,4288,4903.375921452833,0.0,2.0,vp,primary,0.416157989048594,,0,block,65536,1005,SOURCE_RUN\raw\task-0041-dynamic-vp-nu1p5-N80-s1005-primary-72778fd45f\arrays.npz,80,student_t,1.5,dynamic,2.7477813854449926,0.006,True
1.5,,0.5,1.0,5341,6032.553166445128,0.0,2.0,vp,primary,0.4496079618196214,,0,block,65536,1005,SOURCE_RUN\raw\task-0041-dynamic-vp-nu1p5-N80-s1005-primary-72778fd45f\arrays.npz,80,student_t,1.5,dynamic,2.5121443279304616,0.012,True
1.5,,0.5,1.0,3504,4025.7065210781075,0.0,2.0,vp,primary,0.38712611296610155,,1,block,65536,1005,SOURCE_RUN\raw\task-0041-dynamic-vp-nu1p5-N80-s1005-primary-72778fd45f\arrays.npz,80,student_t,1.5,dynamic,2.9677379253417717,0.003,True
1.5,,0.5,1.0,4292,4879.300121277467,0.0,2.0,vp,primary,0.41372869333178985,,1,block,65536,1005,SOURCE_RUN\raw\task-0041-dynamic-vp-nu1p5-N80-s1005-primary-72778fd45f\arrays.npz,80,student_t,1.5,dynamic,2.7477813854449926,0.006,True
1.5,,0.5,1.0,5325,6004.88270633165,0.0,2.0,vp,primary,0.44889041246505773,,1,block,65536,1005,SOURCE_RUN\raw\task-0041-dynamic-vp-nu1p5-N80-s1005-primary-72778fd45f\arrays.npz,80,student_t,1.5,dynamic,2.5121443279304616,0.012,True
1.5,,0.5,1.0,3484,3825.3520337158643,0.0,2.0,vp,primary,0.3699710268178021,,2,block,65536,1005,SOURCE_RUN\raw\task-0041-dynamic-vp-nu1p5-N80-s1005-primary-72778fd45f\arrays.npz,80,student_t,1.5,dynamic,2.9677379253417717,0.003,True
1.5,,0.5,1.0,4260,4677.9051090129005,0.0,2.0,vp,primary,0.3996314250706905,,2,block,65536,1005,SOURCE_RUN\raw\task-0041-dynamic-vp-nu1p5-N80-s1005-primary-72778fd45f\arrays.npz,80,student_t,1.5,dynamic,2.7477813854449926,0.006,True
1.5,,0.5,1.0,5282,5800.560117145378,0.0,2.0,vp,primary,0.4371464424658021,,2,block,65536,1005,SOURCE_RUN\raw\task-0041-dynamic-vp-nu1p5-N80-s1005-primary-72778fd45f\arrays.npz,80,student_t,1.5,dynamic,2.5121443279304616,0.012,True
1.5,,0.5,1.0,3486,3973.3889348318344,0.0,2.0,vp,primary,0.3840680218373837,,3,block,65536,1005,SOURCE_RUN\raw\task-0041-dynamic-vp-nu1p5-N80-s1005-primary-72778fd45f\arrays.npz,80,student_t,1.5,dynamic,2.9677379253417717,0.003,True
1.5,,0.5,1.0,4306,4824.43624096096,0.0,2.0,vp,primary,0.4077466189981183,,3,block,65536,1005,SOURCE_RUN\raw\task-0041-dynamic-vp-nu1p5-N80-s1005-primary-72778fd45f\arrays.npz,80,student_t,1.5,dynamic,2.7477813854449926,0.006,True
1.5,,0.5,1.0,5378,5956.736938277391,0.0,2.0,vp,primary,0.4409029822577265,,3,block,65536,1005,SOURCE_RUN\raw\task-0041-dynamic-vp-nu1p5-N80-s1005-primary-72778fd45f\arrays.npz,80,student_t,1.5,dynamic,2.5121443279304616,0.012,True
1.5,,0.5,1.0,14005,15870.271678813926,0.0,2.0,vp,primary,0.38183497107150505,,-1,full,262144,1005,SOURCE_RUN\raw\task-0041-dynamic-vp-nu1p5-N80-s1005-primary-72778fd45f\arrays.npz,80,student_t,1.5,dynamic,2.9677379253417717,0.003,True
1.5,,0.5,1.0,17146,19285.01739270416,0.0,2.0,vp,primary,0.4093313788071535,,-1,full,262144,1005,SOURCE_RUN\raw\task-0041-dynamic-vp-nu1p5-N80-s1005-primary-72778fd45f\arrays.npz,80,student_t,1.5,dynamic,2.7477813854449926,0.006,True
1.5,,0.5,1.0,21326,23794.732928199548,0.0,2.0,vp,primary,0.4441471123577534,,-1,full,262144,1005,SOURCE_RUN\raw\task-0041-dynamic-vp-nu1p5-N80-s1005-primary-72778fd45f\arrays.npz,80,student_t,1.5,dynamic,2.5121443279304616,0.012,True
1.5,,0.5,1.0,7035,8071.530710266227,0.0,2.0,vp,primary,0.3866039215775531,,-1,nested,131072,1005,SOURCE_RUN\raw\task-0041-dynamic-vp-nu1p5-N80-s1005-primary-72778fd45f\arrays.npz,80,student_t,1.5,dynamic,2.9677379253417717,0.003,True
1.5,,0.5,1.0,8580,9782.6760427303,0.0,2.0,vp,primary,0.4149427749207941,,-1,nested,131072,1005,SOURCE_RUN\raw\task-0041-dynamic-vp-nu1p5-N80-s1005-primary-72778fd45f\arrays.npz,80,student_t,1.5,dynamic,2.7477813854449926,0.006,True
1.5,,0.5,1.0,10666,12037.43587277678,0.0,2.0,vp,primary,0.4492497253379928,,-1,nested,131072,1005,SOURCE_RUN\raw\task-0041-dynamic-vp-nu1p5-N80-s1005-primary-72778fd45f\arrays.npz,80,student_t,1.5,dynamic,2.5121443279304616,0.012,True
1.5,,0.5,1.0,3531,4045.82418918812,0.0,2.0,vp,primary,0.38608572315629175,,-1,nested,65536,1005,SOURCE_RUN\raw\task-0041-dynamic-vp-nu1p5-N80-s1005-primary-72778fd45f\arrays.npz,80,student_t,1.5,dynamic,2.9677379253417717,0.003,True
1.5,,0.5,1.0,4288,4903.375921452833,0.0,2.0,vp,primary,0.416157989048594,,-1,nested,65536,1005,SOURCE_RUN\raw\task-0041-dynamic-vp-nu1p5-N80-s1005-primary-72778fd45f\arrays.npz,80,student_t,1.5,dynamic,2.7477813854449926,0.006,True
1.5,,0.5,1.0,5341,6032.553166445128,0.0,2.0,vp,primary,0.4496079618196214,,-1,nested,65536,1005,SOURCE_RUN\raw\task-0041-dynamic-vp-nu1p5-N80-s1005-primary-72778fd45f\arrays.npz,80,student_t,1.5,dynamic,2.5121443279304616,0.012,True
1.5,,0.5,1.0,3345,3900.197032657392,0.0,2.0,vp,primary,0.3928844849099776,,0,block,65536,1006,SOURCE_RUN\raw\task-0042-dynamic-vp-nu1p5-N80-s1006-primary-f079ec9e33\arrays.npz,80,student_t,1.5,dynamic,2.9677379253417717,0.003,True
1.5,,0.5,1.0,4105,4714.068532996311,0.0,2.0,vp,primary,0.4179271192798408,,0,block,65536,1006,SOURCE_RUN\raw\task-0042-dynamic-vp-nu1p5-N80-s1006-primary-f079ec9e33\arrays.npz,80,student_t,1.5,dynamic,2.7477813854449926,0.006,True
1.5,,0.5,1.0,5130,5797.4488127338755,0.0,2.0,vp,primary,0.44985750558796084,,0,block,65536,1006,SOURCE_RUN\raw\task-0042-dynamic-vp-nu1p5-N80-s1006-primary-f079ec9e33\arrays.npz,80,student_t,1.5,dynamic,2.5121443279304616,0.012,True
1.5,,0.5,1.0,3607,4326.9709068998845,0.0,2.0,vp,primary,0.40421487013378726,,1,block,65536,1006,SOURCE_RUN\raw\task-0042-dynamic-vp-nu1p5-N80-s1006-primary-f079ec9e33\arrays.npz,80,student_t,1.5,dynamic,2.9677379253417717,0.003,True
1.5,,0.5,1.0,4333,5197.965481971499,0.0,2.0,vp,primary,0.43657868157523205,,1,block,65536,1006,SOURCE_RUN\raw\task-0042-dynamic-vp-nu1p5-N80-s1006-primary-f079ec9e33\arrays.npz,80,student_t,1.5,dynamic,2.7477813854449926,0.006,True
1.5,,0.5,1.0,5372,6333.901836979434,0.0,2.0,vp,primary,0.46934342417084446,,1,block,65536,1006,SOURCE_RUN\raw\task-0042-dynamic-vp-nu1p5-N80-s1006-primary-f079ec9e33\arrays.npz,80,student_t,1.5,dynamic,2.5121443279304616,0.012,True
1.5,,0.5,1.0,3478,3981.8913191523934,0.0,2.0,vp,primary,0.3857751759181981,,2,block,65536,1006,SOURCE_RUN\raw\task-0042-dynamic-vp-nu1p5-N80-s1006-primary-f079ec9e33\arrays.npz,80,student_t,1.5,dynamic,2.9677379253417717,0.003,True
1.5,,0.5,1.0,4272,4832.026525230383,0.0,2.0,vp,primary,0.41163840668075224,,2,block,65536,1006,SOURCE_RUN\raw\task-0042-dynamic-vp-nu1p5-N80-s1006-primary-f079ec9e33\arrays.npz,80,student_t,1.5,dynamic,2.7477813854449926,0.006,True
1.5,,0.5,1.0,5333,5956.282759759257,0.0,2.0,vp,primary,0.44458943285568747,,2,block,65536,1006,SOURCE_RUN\raw\task-0042-dynamic-vp-nu1p5-N80-s1006-primary-f079ec9e33\arrays.npz,80,student_t,1.5,dynamic,2.5121443279304616,0.012,True
1.5,,0.5,1.0,3476,4079.078038615116,0.0,2.0,vp,primary,0.39541824080640525,,3,block,65536,1006,SOURCE_RUN\raw\task-0042-dynamic-vp-nu1p5-N80-s1006-primary-f079ec9e33\arrays.npz,80,student_t,1.5,dynamic,2.9677379253417717,0.003,True
1.5,,0.5,1.0,4278,4932.961472978201,0.0,2.0,vp,primary,0.419647621774167,,3,block,65536,1006,SOURCE_RUN\raw\task-0042-dynamic-vp-nu1p5-N80-s1006-primary-f079ec9e33\arrays.npz,80,student_t,1.5,dynamic,2.7477813854449926,0.006,True
1.5,,0.5,1.0,5326,6064.273522009458,0.0,2.0,vp,primary,0.4532450110180254,,3,block,65536,1006,SOURCE_RUN\raw\task-0042-dynamic-vp-nu1p5-N80-s1006-primary-f079ec9e33\arrays.npz,80,student_t,1.5,dynamic,2.5121443279304616,0.012,True
1.5,,0.5,1.0,13906,16288.137297324785,0.0,2.0,vp,primary,0.39467866428038284,,-1,full,262144,1006,SOURCE_RUN\raw\task-0042-dynamic-vp-nu1p5-N80-s1006-primary-f079ec9e33\arrays.npz,80,student_t,1.5,dynamic,2.9677379253417717,0.003,True
1.5,,0.5,1.0,16988,19677.022013176393,0.0,2.0,vp,primary,0.42153626390389015,,-1,full,262144,1006,SOURCE_RUN\raw\task-0042-dynamic-vp-nu1p5-N80-s1006-primary-f079ec9e33\arrays.npz,80,student_t,1.5,dynamic,2.7477813854449926,0.006,True
1.5,,0.5,1.0,21161,24151.906931482026,0.0,2.0,vp,primary,0.4543292024201786,,-1,full,262144,1006,SOURCE_RUN\raw\task-0042-dynamic-vp-nu1p5-N80-s1006-primary-f079ec9e33\arrays.npz,80,student_t,1.5,dynamic,2.5121443279304616,0.012,True
1.5,,0.5,1.0,6952,8227.167939557276,0.0,2.0,vp,primary,0.39876318161628965,,-1,nested,131072,1006,SOURCE_RUN\raw\task-0042-dynamic-vp-nu1p5-N80-s1006-primary-f079ec9e33\arrays.npz,80,student_t,1.5,dynamic,2.9677379253417717,0.003,True
1.5,,0.5,1.0,8438,9912.034014967809,0.0,2.0,vp,primary,0.42750488882545934,,-1,nested,131072,1006,SOURCE_RUN\raw\task-0042-dynamic-vp-nu1p5-N80-s1006-primary-f079ec9e33\arrays.npz,80,student_t,1.5,dynamic,2.7477813854449926,0.006,True
1.5,,0.5,1.0,10502,12131.35064971331,0.0,2.0,vp,primary,0.4598249741298815,,-1,nested,131072,1006,SOURCE_RUN\raw\task-0042-dynamic-vp-nu1p5-N80-s1006-primary-f079ec9e33\arrays.npz,80,student_t,1.5,dynamic,2.5121443279304616,0.012,True
1.5,,0.5,1.0,3345,3900.197032657392,0.0,2.0,vp,primary,0.3928844849099776,,-1,nested,65536,1006,SOURCE_RUN\raw\task-0042-dynamic-vp-nu1p5-N80-s1006-primary-f079ec9e33\arrays.npz,80,student_t,1.5,dynamic,2.9677379253417717,0.003,True
1.5,,0.5,1.0,4105,4714.068532996311,0.0,2.0,vp,primary,0.4179271192798408,,-1,nested,65536,1006,SOURCE_RUN\raw\task-0042-dynamic-vp-nu1p5-N80-s1006-primary-f079ec9e33\arrays.npz,80,student_t,1.5,dynamic,2.7477813854449926,0.006,True
1.5,,0.5,1.0,5130,5797.4488127338755,0.0,2.0,vp,primary,0.44985750558796084,,-1,nested,65536,1006,SOURCE_RUN\raw\task-0042-dynamic-vp-nu1p5-N80-s1006-primary-f079ec9e33\arrays.npz,80,student_t,1.5,dynamic,2.5121443279304616,0.012,True
1.5,,0.5,1.0,3527,4125.202986377936,0.0,2.0,vp,primary,0.3941071528233107,,0,block,65536,1007,SOURCE_RUN\raw\task-0043-dynamic-vp-nu1p5-N80-s1007-primary-8dd687b546\arrays.npz,80,student_t,1.5,dynamic,2.9677379253417717,0.003,True
1.5,,0.5,1.0,4331,4986.652626944151,0.0,2.0,vp,primary,0.4190238619388703,,0,block,65536,1007,SOURCE_RUN\raw\task-0043-dynamic-vp-nu1p5-N80-s1007-primary-8dd687b546\arrays.npz,80,student_t,1.5,dynamic,2.7477813854449926,0.006,True
1.5,,0.5,1.0,5345,6119.24985174699,0.0,2.0,vp,primary,0.45572818576218127,,0,block,65536,1007,SOURCE_RUN\raw\task-0043-dynamic-vp-nu1p5-N80-s1007-primary-8dd687b546\arrays.npz,80,student_t,1.5,dynamic,2.5121443279304616,0.012,True
1.5,,0.5,1.0,3442,4012.4918788821556,0.0,2.0,vp,primary,0.39280567517317655,,1,block,65536,1007,SOURCE_RUN\raw\task-0043-dynamic-vp-nu1p5-N80-s1007-primary-8dd687b546\arrays.npz,80,student_t,1.5,dynamic,2.9677379253417717,0.003,True
1.5,,0.5,1.0,4216,4851.624164468511,0.0,2.0,vp,primary,0.41879778027048126,,1,block,65536,1007,SOURCE_RUN\raw\task-0043-dynamic-vp-nu1p5-N80-s1007-primary-8dd687b546\arrays.npz,80,student_t,1.5,dynamic,2.7477813854449926,0.006,True
1.5,,0.5,1.0,5308,5968.413178946795,0.0,2.0,vp,primary,0.44759309655500956,,1,block,65536,1007,SOURCE_RUN\raw\task-0043-dynamic-vp-nu1p5-N80-s1007-primary-8dd687b546\arrays.npz,80,student_t,1.5,dynamic,2.5121443279304616,0.012,True
1.5,,0.5,1.0,3514,3983.4492042040456,0.0,2.0,vp,primary,0.3819723967219946,,2,block,65536,1007,SOURCE_RUN\raw\task-0043-dynamic-vp-nu1p5-N80-s1007-primary-8dd687b546\arrays.npz,80,student_t,1.5,dynamic,2.9677379253417717,0.003,True
1.5,,0.5,1.0,4297,4836.390550296547,0.0,2.0,vp,primary,0.40961309584735256,,2,block,65536,1007,SOURCE_RUN\raw\task-0043-dynamic-vp-nu1p5-N80-s1007-primary-8dd687b546\arrays.npz,80,student_t,1.5,dynamic,2.7477813854449926,0.006,True
1.5,,0.5,1.0,5390,5969.560498385522,0.0,2.0,vp,primary,0.4408684351983191,,2,block,65536,1007,SOURCE_RUN\raw\task-0043-dynamic-vp-nu1p5-N80-s1007-primary-8dd687b546\arrays.npz,80,student_t,1.5,dynamic,2.5121443279304616,0.012,True
1.5,,0.5,1.0,3424,3939.586935934411,0.0,2.0,vp,primary,0.3876960586327085,,3,block,65536,1007,SOURCE_RUN\raw\task-0043-dynamic-vp-nu1p5-N80-s1007-primary-8dd687b546\arrays.npz,80,student_t,1.5,dynamic,2.9677379253417717,0.003,True
1.5,,0.5,1.0,4249,4773.299545529994,0.0,2.0,vp,primary,0.40883661221915024,,3,block,65536,1007,SOURCE_RUN\raw\task-0043-dynamic-vp-nu1p5-N80-s1007-primary-8dd687b546\arrays.npz,80,student_t,1.5,dynamic,2.7477813854449926,0.006,True
1.5,,0.5,1.0,5343,5897.189919081695,0.0,2.0,vp,primary,0.4393547776380171,,3,block,65536,1007,SOURCE_RUN\raw\task-0043-dynamic-vp-nu1p5-N80-s1007-primary-8dd687b546\arrays.npz,80,student_t,1.5,dynamic,2.5121443279304616,0.012,True
1.5,,0.5,1.0,13907,16060.731005398546,0.0,2.0,vp,primary,0.3891403874878387,,-1,full,262144,1007,SOURCE_RUN\raw\task-0043-dynamic-vp-nu1p5-N80-s1007-primary-8dd687b546\arrays.npz,80,student_t,1.5,dynamic,2.9677379253417717,0.003,True
1.5,,0.5,1.0,17093,19447.966887239203,0.0,2.0,vp,primary,0.4140699716757058,,-1,full,262144,1007,SOURCE_RUN\raw\task-0043-dynamic-vp-nu1p5-N80-s1007-primary-8dd687b546\arrays.npz,80,student_t,1.5,dynamic,2.7477813854449926,0.006,True
1.5,,0.5,1.0,21386,23954.413448161,0.0,2.0,vp,primary,0.4458732232325688,,-1,full,262144,1007,SOURCE_RUN\raw\task-0043-dynamic-vp-nu1p5-N80-s1007-primary-8dd687b546\arrays.npz,80,student_t,1.5,dynamic,2.5121443279304616,0.012,True
1.5,,0.5,1.0,6969,8137.69486526009,0.0,2.0,vp,primary,0.393464350976308,,-1,nested,131072,1007,SOURCE_RUN\raw\task-0043-dynamic-vp-nu1p5-N80-s1007-primary-8dd687b546\arrays.npz,80,student_t,1.5,dynamic,2.9677379253417717,0.003,True
1.5,,0.5,1.0,8547,9838.276791412662,0.0,2.0,vp,primary,0.41891234207062084,,-1,nested,131072,1007,SOURCE_RUN\raw\task-0043-dynamic-vp-nu1p5-N80-s1007-primary-8dd687b546\arrays.npz,80,student_t,1.5,dynamic,2.7477813854449926,0.006,True
1.5,,0.5,1.0,10653,12087.663030693786,0.0,2.0,vp,primary,0.4516747685546653,,-1,nested,131072,1007,SOURCE_RUN\raw\task-0043-dynamic-vp-nu1p5-N80-s1007-primary-8dd687b546\arrays.npz,80,student_t,1.5,dynamic,2.5121443279304616,0.012,True
1.5,,0.5,1.0,3527,4125.202986377936,0.0,2.0,vp,primary,0.3941071528233107,,-1,nested,65536,1007,SOURCE_RUN\raw\task-0043-dynamic-vp-nu1p5-N80-s1007-primary-8dd687b546\arrays.npz,80,student_t,1.5,dynamic,2.9677379253417717,0.003,True
1.5,,0.5,1.0,4331,4986.652626944151,0.0,2.0,vp,primary,0.4190238619388703,,-1,nested,65536,1007,SOURCE_RUN\raw\task-0043-dynamic-vp-nu1p5-N80-s1007-primary-8dd687b546\arrays.npz,80,student_t,1.5,dynamic,2.7477813854449926,0.006,True
1.5,,0.5,1.0,5345,6119.24985174699,0.0,2.0,vp,primary,0.45572818576218127,,-1,nested,65536,1007,SOURCE_RUN\raw\task-0043-dynamic-vp-nu1p5-N80-s1007-primary-8dd687b546\arrays.npz,80,student_t,1.5,dynamic,2.5121443279304616,0.012,True
1.5,,0.5,1.0,3536,4139.865291319055,0.0,2.0,vp,primary,0.39450127091554377,,0,block,65536,1008,SOURCE_RUN\raw\task-0044-dynamic-vp-nu1p5-N80-s1008-primary-7d68ca5e8d\arrays.npz,80,student_t,1.5,dynamic,2.9677379253417717,0.003,True
1.5,,0.5,1.0,4327,5000.855440753481,0.0,2.0,vp,primary,0.42060577205348093,,0,block,65536,1008,SOURCE_RUN\raw\task-0044-dynamic-vp-nu1p5-N80-s1008-primary-7d68ca5e8d\arrays.npz,80,student_t,1.5,dynamic,2.7477813854449926,0.006,True
1.5,,0.5,1.0,5386,6138.68394944244,0.0,2.0,vp,primary,0.453695360616456,,0,block,65536,1008,SOURCE_RUN\raw\task-0044-dynamic-vp-nu1p5-N80-s1008-primary-7d68ca5e8d\arrays.npz,80,student_t,1.5,dynamic,2.5121443279304616,0.012,True
1.5,,0.5,1.0,3531,4077.420909718126,0.0,2.0,vp,primary,0.38910094134787676,,1,block,65536,1008,SOURCE_RUN\raw\task-0044-dynamic-vp-nu1p5-N80-s1008-primary-7d68ca5e8d\arrays.npz,80,student_t,1.5,dynamic,2.9677379253417717,0.003,True
1.5,,0.5,1.0,4251,4929.8062816414185,0.0,2.0,vp,primary,0.42204287397273554,,1,block,65536,1008,SOURCE_RUN\raw\task-0044-dynamic-vp-nu1p5-N80-s1008-primary-7d68ca5e8d\arrays.npz,80,student_t,1.5,dynamic,2.7477813854449926,0.006,True
1.5,,0.5,1.0,5327,6053.734747046073,0.0,2.0,vp,primary,0.4523724042643298,,1,block,65536,1008,SOURCE_RUN\raw\task-0044-dynamic-vp-nu1p5-N80-s1008-primary-7d68ca5e8d\arrays.npz,80,student_t,1.5,dynamic,2.5121443279304616,0.012,True
1.5,,0.5,1.0,3562,4156.666809173846,0.0,2.0,vp,primary,0.39321108439740754,,2,block,65536,1008,SOURCE_RUN\raw\task-0044-dynamic-vp-nu1p5-N80-s1008-primary-7d68ca5e8d\arrays.npz,80,student_t,1.5,dynamic,2.9677379253417717,0.003,True
1.5,,0.5,1.0,4348,5022.41474095309,0.0,2.0,vp,primary,0.4203788526155632,,2,block,65536,1008,SOURCE_RUN\raw\task-0044-dynamic-vp-nu1p5-N80-s1008-primary-7d68ca5e8d\arrays.npz,80,student_t,1.5,dynamic,2.7477813854449926,0.006,True
1.5,,0.5,1.0,5373,6160.7850306058735,0.0,2.0,vp,primary,0.456430468621873,,2,block,65536,1008,SOURCE_RUN\raw\task-0044-dynamic-vp-nu1p5-N80-s1008-primary-7d68ca5e8d\arrays.npz,80,student_t,1.5,dynamic,2.5121443279304616,0.012,True
1.5,,0.5,1.0,3547,4018.071410810525,0.0,2.0,vp,primary,0.3817076955618865,,3,block,65536,1008,SOURCE_RUN\raw\task-0044-dynamic-vp-nu1p5-N80-s1008-primary-7d68ca5e8d\arrays.npz,80,student_t,1.5,dynamic,2.9677379253417717,0.003,True
1.5,,0.5,1.0,4364,4884.296434417751,0.0,2.0,vp,primary,0.4073193996050502,,3,block,65536,1008,SOURCE_RUN\raw\task-0044-dynamic-vp-nu1p5-N80-s1008-primary-7d68ca5e8d\arrays.npz,80,student_t,1.5,dynamic,2.7477813854449926,0.006,True
1.5,,0.5,1.0,5399,6033.582959824691,0.0,2.0,vp,primary,0.4448538711094488,,3,block,65536,1008,SOURCE_RUN\raw\task-0044-dynamic-vp-nu1p5-N80-s1008-primary-7d68ca5e8d\arrays.npz,80,student_t,1.5,dynamic,2.5121443279304616,0.012,True
1.5,,0.5,1.0,14176,16392.024421021553,0.0,2.0,vp,primary,0.3896308547289992,,-1,full,262144,1008,SOURCE_RUN\raw\task-0044-dynamic-vp-nu1p5-N80-s1008-primary-7d68ca5e8d\arrays.npz,80,student_t,1.5,dynamic,2.9677379253417717,0.003,True
1.5,,0.5,1.0,17290,19837.372897765737,0.0,2.0,vp,primary,0.4175485566213082,,-1,full,262144,1008,SOURCE_RUN\raw\task-0044-dynamic-vp-nu1p5-N80-s1008-primary-7d68ca5e8d\arrays.npz,80,student_t,1.5,dynamic,2.7477813854449926,0.006,True
1.5,,0.5,1.0,21485,24386.78668691908,0.0,2.0,vp,primary,0.4518295540061232,,-1,full,262144,1008,SOURCE_RUN\raw\task-0044-dynamic-vp-nu1p5-N80-s1008-primary-7d68ca5e8d\arrays.npz,80,student_t,1.5,dynamic,2.5121443279304616,0.012,True
1.5,,0.5,1.0,7067,8217.286201037183,0.0,2.0,vp,primary,0.3918030165355477,,-1,nested,131072,1008,SOURCE_RUN\raw\task-0044-dynamic-vp-nu1p5-N80-s1008-primary-7d68ca5e8d\arrays.npz,80,student_t,1.5,dynamic,2.9677379253417717,0.003,True
1.5,,0.5,1.0,8578,9930.6617223949,0.0,2.0,vp,primary,0.421317956742074,,-1,nested,131072,1008,SOURCE_RUN\raw\task-0044-dynamic-vp-nu1p5-N80-s1008-primary-7d68ca5e8d\arrays.npz,80,student_t,1.5,dynamic,2.7477813854449926,0.006,True
1.5,,0.5,1.0,10713,12192.418696488516,0.0,2.0,vp,primary,0.4530375254173731,,-1,nested,131072,1008,SOURCE_RUN\raw\task-0044-dynamic-vp-nu1p5-N80-s1008-primary-7d68ca5e8d\arrays.npz,80,student_t,1.5,dynamic,2.5121443279304616,0.012,True
1.5,,0.5,1.0,3536,4139.865291319055,0.0,2.0,vp,primary,0.39450127091554377,,-1,nested,65536,1008,SOURCE_RUN\raw\task-0044-dynamic-vp-nu1p5-N80-s1008-primary-7d68ca5e8d\arrays.npz,80,student_t,1.5,dynamic,2.9677379253417717,0.003,True
1.5,,0.5,1.0,4327,5000.855440753481,0.0,2.0,vp,primary,0.42060577205348093,,-1,nested,65536,1008,SOURCE_RUN\raw\task-0044-dynamic-vp-nu1p5-N80-s1008-primary-7d68ca5e8d\arrays.npz,80,student_t,1.5,dynamic,2.7477813854449926,0.006,True
1.5,,0.5,1.0,5386,6138.68394944244,0.0,2.0,vp,primary,0.453695360616456,,-1,nested,65536,1008,SOURCE_RUN\raw\task-0044-dynamic-vp-nu1p5-N80-s1008-primary-7d68ca5e8d\arrays.npz,80,student_t,1.5,dynamic,2.5121443279304616,0.012,True
1.5,,0.5,1.0,3486,3934.652841958775,0.0,2.0,vp,primary,0.38032378868843447,,0,block,65536,1009,SOURCE_RUN\raw\task-0045-dynamic-vp-nu1p5-N80-s1009-primary-d93e638cc5\arrays.npz,80,student_t,1.5,dynamic,2.9677379253417717,0.003,True
1.5,,0.5,1.0,4319,4790.329657915247,0.0,2.0,vp,primary,0.40364541181434616,,0,block,65536,1009,SOURCE_RUN\raw\task-0045-dynamic-vp-nu1p5-N80-s1009-primary-d93e638cc5\arrays.npz,80,student_t,1.5,dynamic,2.7477813854449926,0.006,True
1.5,,0.5,1.0,5487,5938.7670274923785,0.0,2.0,vp,primary,0.43084071854710676,,0,block,65536,1009,SOURCE_RUN\raw\task-0045-dynamic-vp-nu1p5-N80-s1009-primary-d93e638cc5\arrays.npz,80,student_t,1.5,dynamic,2.5121443279304616,0.012,True
1.5,,0.5,1.0,3603,4194.817007168322,0.0,2.0,vp,primary,0.39230442909065943,,1,block,65536,1009,SOURCE_RUN\raw\task-0045-dynamic-vp-nu1p5-N80-s1009-primary-d93e638cc5\arrays.npz,80,student_t,1.5,dynamic,2.9677379253417717,0.003,True
1.5,,0.5,1.0,4332,5064.215524726458,0.0,2.0,vp,primary,0.4254431692521041,,1,block,65536,1009,SOURCE_RUN\raw\task-0045-dynamic-vp-nu1p5-N80-s1009-primary-d93e638cc5\arrays.npz,80,student_t,1.5,dynamic,2.7477813854449926,0.006,True
1.5,,0.5,1.0,5415,6209.236100628157,0.0,2.0,vp,primary,0.4564520122114088,,1,block,65536,1009,SOURCE_RUN\raw\task-0045-dynamic-vp-nu1p5-N80-s1009-primary-d93e638cc5\arrays.npz,80,student_t,1.5,dynamic,2.5121443279304616,0.012,True
1.5,,0.5,1.0,3457,3973.2217644483044,0.0,2.0,vp,primary,0.3872735883419245,,2,block,65536,1009,SOURCE_RUN\raw\task-0045-dynamic-vp-nu1p5-N80-s1009-primary-d93e638cc5\arrays.npz,80,student_t,1.5,dynamic,2.9677379253417717,0.003,True
1.5,,0.5,1.0,4235,4819.778863806116,0.0,2.0,vp,primary,0.414182286250971,,2,block,65536,1009,SOURCE_RUN\raw\task-0045-dynamic-vp-nu1p5-N80-s1009-primary-d93e638cc5\arrays.npz,80,student_t,1.5,dynamic,2.7477813854449926,0.006,True
1.5,,0.5,1.0,5304,5938.068481342132,0.0,2.0,vp,primary,0.4456532720561696,,2,block,65536,1009,SOURCE_RUN\raw\task-0045-dynamic-vp-nu1p5-N80-s1009-primary-d93e638cc5\arrays.npz,80,student_t,1.5,dynamic,2.5121443279304616,0.012,True
1.5,,0.5,1.0,3496,3967.050421758472,0.0,2.0,vp,primary,0.38235850054946424,,3,block,65536,1009,SOURCE_RUN\raw\task-0045-dynamic-vp-nu1p5-N80-s1009-primary-d93e638cc5\arrays.npz,80,student_t,1.5,dynamic,2.9677379253417717,0.003,True
1.5,,0.5,1.0,4252,4814.549512406851,0.0,2.0,vp,primary,0.41207875460245197,,3,block,65536,1009,SOURCE_RUN\raw\task-0045-dynamic-vp-nu1p5-N80-s1009-primary-d93e638cc5\arrays.npz,80,student_t,1.5,dynamic,2.7477813854449926,0.006,True
1.5,,0.5,1.0,5311,5934.617648280553,0.0,2.0,vp,primary,0.4448072480952746,,3,block,65536,1009,SOURCE_RUN\raw\task-0045-dynamic-vp-nu1p5-N80-s1009-primary-d93e638cc5\arrays.npz,80,student_t,1.5,dynamic,2.5121443279304616,0.012,True
1.5,,0.5,1.0,14042,16069.742035333871,0.0,2.0,vp,primary,0.3856154179034673,,-1,full,262144,1009,SOURCE_RUN\raw\task-0045-dynamic-vp-nu1p5-N80-s1009-primary-d93e638cc5\arrays.npz,80,student_t,1.5,dynamic,2.9677379253417717,0.003,True
1.5,,0.5,1.0,17138,19488.873558854673,0.0,2.0,vp,primary,0.41385139395896625,,-1,full,262144,1009,SOURCE_RUN\raw\task-0045-dynamic-vp-nu1p5-N80-s1009-primary-d93e638cc5\arrays.npz,80,student_t,1.5,dynamic,2.7477813854449926,0.006,True
1.5,,0.5,1.0,21517,24020.689257743223,0.0,2.0,vp,primary,0.4443847617424679,,-1,full,262144,1009,SOURCE_RUN\raw\task-0045-dynamic-vp-nu1p5-N80-s1009-primary-d93e638cc5\arrays.npz,80,student_t,1.5,dynamic,2.5121443279304616,0.012,True
1.5,,0.5,1.0,7089,8129.469849127095,0.0,2.0,vp,primary,0.3864129757908771,,-1,nested,131072,1009,SOURCE_RUN\raw\task-0045-dynamic-vp-nu1p5-N80-s1009-primary-d93e638cc5\arrays.npz,80,student_t,1.5,dynamic,2.9677379253417717,0.003,True
1.5,,0.5,1.0,8651,9854.545182641707,0.0,2.0,vp,primary,0.4145606684575513,,-1,nested,131072,1009,SOURCE_RUN\raw\task-0045-dynamic-vp-nu1p5-N80-s1009-primary-d93e638cc5\arrays.npz,80,student_t,1.5,dynamic,2.7477813854449926,0.006,True
1.5,,0.5,1.0,10902,12148.003128120536,0.0,2.0,vp,primary,0.4435617931382089,,-1,nested,131072,1009,SOURCE_RUN\raw\task-0045-dynamic-vp-nu1p5-N80-s1009-primary-d93e638cc5\arrays.npz,80,student_t,1.5,dynamic,2.5121443279304616,0.012,True
1.5,,0.5,1.0,3486,3934.652841958775,0.0,2.0,vp,primary,0.38032378868843447,,-1,nested,65536,1009,SOURCE_RUN\raw\task-0045-dynamic-vp-nu1p5-N80-s1009-primary-d93e638cc5\arrays.npz,80,student_t,1.5,dynamic,2.9677379253417717,0.003,True
1.5,,0.5,1.0,4319,4790.329657915247,0.0,2.0,vp,primary,0.40364541181434616,,-1,nested,65536,1009,SOURCE_RUN\raw\task-0045-dynamic-vp-nu1p5-N80-s1009-primary-d93e638cc5\arrays.npz,80,student_t,1.5,dynamic,2.7477813854449926,0.006,True
1.5,,0.5,1.0,5487,5938.7670274923785,0.0,2.0,vp,primary,0.43084071854710676,,-1,nested,65536,1009,SOURCE_RUN\raw\task-0045-dynamic-vp-nu1p5-N80-s1009-primary-d93e638cc5\arrays.npz,80,student_t,1.5,dynamic,2.5121443279304616,0.012,True
1.5,,0.5,1.0,3390,4095.665823125746,0.0,2.0,vp,primary,0.40709828164239664,,0,block,65536,1010,SOURCE_RUN\raw\task-0046-dynamic-vp-nu1p5-N80-s1010-primary-be25622ed0\arrays.npz,80,student_t,1.5,dynamic,2.9677379253417717,0.003,True
1.5,,0.5,1.0,4194,4925.774821532393,0.0,2.0,vp,primary,0.42742896711907846,,0,block,65536,1010,SOURCE_RUN\raw\task-0046-dynamic-vp-nu1p5-N80-s1010-primary-be25622ed0\arrays.npz,80,student_t,1.5,dynamic,2.7477813854449926,0.006,True
1.5,,0.5,1.0,5243,6033.176463598802,0.0,2.0,vp,primary,0.458059171785416,,0,block,65536,1010,SOURCE_RUN\raw\task-0046-dynamic-vp-nu1p5-N80-s1010-primary-be25622ed0\arrays.npz,80,student_t,1.5,dynamic,2.5121443279304616,0.012,True
1.5,,0.5,1.0,3444,3913.3000729229348,0.0,2.0,vp,primary,0.382872753444227,,1,block,65536,1010,SOURCE_RUN\raw\task-0046-dynamic-vp-nu1p5-N80-s1010-primary-be25622ed0\arrays.npz,80,student_t,1.5,dynamic,2.9677379253417717,0.003,True
1.5,,0.5,1.0,4188,4748.964062590502,0.0,2.0,vp,primary,0.4126767797798507,,1,block,65536,1010,SOURCE_RUN\raw\task-0046-dynamic-vp-nu1p5-N80-s1010-primary-be25622ed0\arrays.npz,80,student_t,1.5,dynamic,2.7477813854449926,0.006,True
1.5,,0.5,1.0,5217,5851.139657893534,0.0,2.0,vp,primary,0.4464522752141631,,1,block,65536,1010,SOURCE_RUN\raw\task-0046-dynamic-vp-nu1p5-N80-s1010-primary-be25622ed0\arrays.npz,80,student_t,1.5,dynamic,2.5121443279304616,0.012,True
1.5,,0.5,1.0,3470,3959.48925458482,0.0,2.0,vp,primary,0.38448920169657724,,2,block,65536,1010,SOURCE_RUN\raw\task-0046-dynamic-vp-nu1p5-N80-s1010-primary-be25622ed0\arrays.npz,80,student_t,1.5,dynamic,2.9677379253417717,0.003,True
1.5,,0.5,1.0,4300,4813.601178523029,0.0,2.0,vp,primary,0.40739854359226985,,2,block,65536,1010,SOURCE_RUN\raw\task-0046-dynamic-vp-nu1p5-N80-s1010-primary-be25622ed0\arrays.npz,80,student_t,1.5,dynamic,2.7477813854449926,0.006,True
1.5,,0.5,1.0,5371,5949.694919945803,0.0,2.0,vp,primary,0.44095569696402476,,2,block,65536,1010,SOURCE_RUN\raw\task-0046-dynamic-vp-nu1p5-N80-s1010-primary-be25622ed0\arrays.npz,80,student_t,1.5,dynamic,2.5121443279304616,0.012,True
1.5,,0.5,1.0,3511,3975.821781176983,0.0,2.0,vp,primary,0.38156675838086246,,3,block,65536,1010,SOURCE_RUN\raw\task-0046-dynamic-vp-nu1p5-N80-s1010-primary-be25622ed0\arrays.npz,80,student_t,1.5,dynamic,2.9677379253417717,0.003,True
1.5,,0.5,1.0,4302,4831.716804053847,0.0,2.0,vp,primary,0.40874164493755677,,3,block,65536,1010,SOURCE_RUN\raw\task-0046-dynamic-vp-nu1p5-N80-s1010-primary-be25622ed0\arrays.npz,80,student_t,1.5,dynamic,2.7477813854449926,0.006,True
1.5,,0.5,1.0,5360,5966.444614738945,0.0,2.0,vp,primary,0.443104577880904,,3,block,65536,1010,SOURCE_RUN\raw\task-0046-dynamic-vp-nu1p5-N80-s1010-primary-be25622ed0\arrays.npz,80,student_t,1.5,dynamic,2.5121443279304616,0.012,True
1.5,,0.5,1.0,13815,15944.276931810484,0.0,2.0,vp,primary,0.38889144814998,,-1,full,262144,1010,SOURCE_RUN\raw\task-0046-dynamic-vp-nu1p5-N80-s1010-primary-be25622ed0\arrays.npz,80,student_t,1.5,dynamic,2.9677379253417717,0.003,True
1.5,,0.5,1.0,16984,19320.05686669977,0.0,2.0,vp,primary,0.41398656004378,,-1,full,262144,1010,SOURCE_RUN\raw\task-0046-dynamic-vp-nu1p5-N80-s1010-primary-be25622ed0\arrays.npz,80,student_t,1.5,dynamic,2.7477813854449926,0.006,True
1.5,,0.5,1.0,21191,23800.455656177084,0.0,2.0,vp,primary,0.44708410850354624,,-1,full,262144,1010,SOURCE_RUN\raw\task-0046-dynamic-vp-nu1p5-N80-s1010-primary-be25622ed0\arrays.npz,80,student_t,1.5,dynamic,2.5121443279304616,0.012,True
1.5,,0.5,1.0,6834,8008.965896048681,0.0,2.0,vp,primary,0.39488980650126465,,-1,nested,131072,1010,SOURCE_RUN\raw\task-0046-dynamic-vp-nu1p5-N80-s1010-primary-be25622ed0\arrays.npz,80,student_t,1.5,dynamic,2.9677379253417717,0.003,True
1.5,,0.5,1.0,8382,9674.738884122893,0.0,2.0,vp,primary,0.4200581534019839,,-1,nested,131072,1010,SOURCE_RUN\raw\task-0046-dynamic-vp-nu1p5-N80-s1010-primary-be25622ed0\arrays.npz,80,student_t,1.5,dynamic,2.7477813854449926,0.006,True
1.5,,0.5,1.0,10460,11884.316121492335,0.0,2.0,vp,primary,0.4522701488970578,,-1,nested,131072,1010,SOURCE_RUN\raw\task-0046-dynamic-vp-nu1p5-N80-s1010-primary-be25622ed0\arrays.npz,80,student_t,1.5,dynamic,2.5121443279304616,0.012,True
1.5,,0.5,1.0,3390,4095.665823125746,0.0,2.0,vp,primary,0.40709828164239664,,-1,nested,65536,1010,SOURCE_RUN\raw\task-0046-dynamic-vp-nu1p5-N80-s1010-primary-be25622ed0\arrays.npz,80,student_t,1.5,dynamic,2.9677379253417717,0.003,True
1.5,,0.5,1.0,4194,4925.774821532393,0.0,2.0,vp,primary,0.42742896711907846,,-1,nested,65536,1010,SOURCE_RUN\raw\task-0046-dynamic-vp-nu1p5-N80-s1010-primary-be25622ed0\arrays.npz,80,student_t,1.5,dynamic,2.7477813854449926,0.006,True
1.5,,0.5,1.0,5243,6033.176463598802,0.0,2.0,vp,primary,0.458059171785416,,-1,nested,65536,1010,SOURCE_RUN\raw\task-0046-dynamic-vp-nu1p5-N80-s1010-primary-be25622ed0\arrays.npz,80,student_t,1.5,dynamic,2.5121443279304616,0.012,True
1.5,,0.5,1.0,3482,3999.2196458877997,0.0,2.0,vp,primary,0.3870088921417551,,0,block,65536,1011,SOURCE_RUN\raw\task-0047-dynamic-vp-nu1p5-N80-s1011-primary-fc8065840e\arrays.npz,80,student_t,1.5,dynamic,2.9677379253417717,0.003,True
1.5,,0.5,1.0,4260,4849.305908028677,0.0,2.0,vp,primary,0.41427412174210365,,0,block,65536,1011,SOURCE_RUN\raw\task-0047-dynamic-vp-nu1p5-N80-s1011-primary-fc8065840e\arrays.npz,80,student_t,1.5,dynamic,2.7477813854449926,0.006,True
1.5,,0.5,1.0,5323,5974.022724961926,0.0,2.0,vp,primary,0.44675129208079695,,0,block,65536,1011,SOURCE_RUN\raw\task-0047-dynamic-vp-nu1p5-N80-s1011-primary-fc8065840e\arrays.npz,80,student_t,1.5,dynamic,2.5121443279304616,0.012,True
1.5,,0.5,1.0,3542,3983.771416411758,0.0,2.0,vp,primary,0.37898350472404535,,1,block,65536,1011,SOURCE_RUN\raw\task-0047-dynamic-vp-nu1p5-N80-s1011-primary-fc8065840e\arrays.npz,80,student_t,1.5,dynamic,2.9677379253417717,0.003,True
1.5,,0.5,1.0,4324,4844.986184050373,0.0,2.0,vp,primary,0.40777883478239646,,1,block,65536,1011,SOURCE_RUN\raw\task-0047-dynamic-vp-nu1p5-N80-s1011-primary-fc8065840e\arrays.npz,80,student_t,1.5,dynamic,2.7477813854449926,0.006,True
1.5,,0.5,1.0,5378,5981.41964529735,0.0,2.0,vp,primary,0.44272993537787564,,1,block,65536,1011,SOURCE_RUN\raw\task-0047-dynamic-vp-nu1p5-N80-s1011-primary-fc8065840e\arrays.npz,80,student_t,1.5,dynamic,2.5121443279304616,0.012,True
1.5,,0.5,1.0,3620,4171.673489174079,0.0,2.0,vp,primary,0.3883078696552491,,2,block,65536,1011,SOURCE_RUN\raw\task-0047-dynamic-vp-nu1p5-N80-s1011-primary-fc8065840e\arrays.npz,80,student_t,1.5,dynamic,2.9677379253417717,0.003,True
1.5,,0.5,1.0,4373,5047.294094942207,0.0,2.0,vp,primary,0.4200460996453138,,2,block,65536,1011,SOURCE_RUN\raw\task-0047-dynamic-vp-nu1p5-N80-s1011-primary-fc8065840e\arrays.npz,80,student_t,1.5,dynamic,2.7477813854449926,0.006,True
1.5,,0.5,1.0,5393,6190.164292862988,0.0,2.0,vp,primary,0.45690632341105386,,2,block,65536,1011,SOURCE_RUN\raw\task-0047-dynamic-vp-nu1p5-N80-s1011-primary-fc8065840e\arrays.npz,80,student_t,1.5,dynamic,2.5121443279304616,0.012,True
1.5,,0.5,1.0,3555,4145.61089080453,0.0,2.0,vp,primary,0.3929374159750573,,3,block,65536,1011,SOURCE_RUN\raw\task-0047-dynamic-vp-nu1p5-N80-s1011-primary-fc8065840e\arrays.npz,80,student_t,1.5,dynamic,2.9677379253417717,0.003,True
1.5,,0.5,1.0,4290,5008.672078423728,0.0,2.0,vp,primary,0.42489647654925217,,3,block,65536,1011,SOURCE_RUN\raw\task-0047-dynamic-vp-nu1p5-N80-s1011-primary-fc8065840e\arrays.npz,80,student_t,1.5,dynamic,2.7477813854449926,0.006,True
1.5,,0.5,1.0,5387,6142.278645631917,0.0,2.0,vp,primary,0.45387676623265516,,3,block,65536,1011,SOURCE_RUN\raw\task-0047-dynamic-vp-nu1p5-N80-s1011-primary-fc8065840e\arrays.npz,80,student_t,1.5,dynamic,2.5121443279304616,0.012,True
1.5,,0.5,1.0,14199,16300.275442278165,0.0,2.0,vp,primary,0.38682241975586235,,-1,full,262144,1011,SOURCE_RUN\raw\task-0047-dynamic-vp-nu1p5-N80-s1011-primary-fc8065840e\arrays.npz,80,student_t,1.5,dynamic,2.9677379253417717,0.003,True
1.5,,0.5,1.0,17247,19750.25826544498,0.0,2.0,vp,primary,0.41675137231783443,,-1,full,262144,1011,SOURCE_RUN\raw\task-0047-dynamic-vp-nu1p5-N80-s1011-primary-fc8065840e\arrays.npz,80,student_t,1.5,dynamic,2.7477813854449926,0.006,True
1.5,,0.5,1.0,21481,24287.885308754183,0.0,2.0,vp,primary,0.4500809395307213,,-1,full,262144,1011,SOURCE_RUN\raw\task-0047-dynamic-vp-nu1p5-N80-s1011-primary-fc8065840e\arrays.npz,80,student_t,1.5,dynamic,2.5121443279304616,0.012,True
1.5,,0.5,1.0,7024,7982.991062299558,0.0,2.0,vp,primary,0.3829619214365262,,-1,nested,131072,1011,SOURCE_RUN\raw\task-0047-dynamic-vp-nu1p5-N80-s1011-primary-fc8065840e\arrays.npz,80,student_t,1.5,dynamic,2.9677379253417717,0.003,True
1.5,,0.5,1.0,8584,9694.29209207905,0.0,2.0,vp,primary,0.41100226470415235,,-1,nested,131072,1011,SOURCE_RUN\raw\task-0047-dynamic-vp-nu1p5-N80-s1011-primary-fc8065840e\arrays.npz,80,student_t,1.5,dynamic,2.7477813854449926,0.006,True
1.5,,0.5,1.0,10701,11955.442370259278,0.0,2.0,vp,primary,0.44473027943260424,,-1,nested,131072,1011,SOURCE_RUN\raw\task-0047-dynamic-vp-nu1p5-N80-s1011-primary-fc8065840e\arrays.npz,80,student_t,1.5,dynamic,2.5121443279304616,0.012,True
1.5,,0.5,1.0,3482,3999.2196458877997,0.0,2.0,vp,primary,0.3870088921417551,,-1,nested,65536,1011,SOURCE_RUN\raw\task-0047-dynamic-vp-nu1p5-N80-s1011-primary-fc8065840e\arrays.npz,80,student_t,1.5,dynamic,2.9677379253417717,0.003,True
1.5,,0.5,1.0,4260,4849.305908028677,0.0,2.0,vp,primary,0.41427412174210365,,-1,nested,65536,1011,SOURCE_RUN\raw\task-0047-dynamic-vp-nu1p5-N80-s1011-primary-fc8065840e\arrays.npz,80,student_t,1.5,dynamic,2.7477813854449926,0.006,True
1.5,,0.5,1.0,5323,5974.022724961926,0.0,2.0,vp,primary,0.44675129208079695,,-1,nested,65536,1011,SOURCE_RUN\raw\task-0047-dynamic-vp-nu1p5-N80-s1011-primary-fc8065840e\arrays.npz,80,student_t,1.5,dynamic,2.5121443279304616,0.012,True
1.5,,0.5,0.5,21,2544.744609201042,2.0,2.0,stable,refinement,1.371463095590562,,0,block,16384,200,SOURCE_RUN\raw\task-0056-dynamic-stable-nu1p2-N160-s200-refinement-dd8df524e0\arrays.npz,160,student_t,1.2,dynamic,88.35696353293332,0.003,True
1.5,,0.5,0.5,24,3381.157959271899,2.0,2.0,stable,refinement,1.6203501529992026,,0,block,16384,200,SOURCE_RUN\raw\task-0048-dynamic-stable-nu1p2-N40-s200-refinement-9a2385d37c\arrays.npz,40,student_t,1.2,dynamic,86.94514662498288,0.003,True
1.5,,0.5,0.5,24,2883.0664188030405,2.0,2.0,stable,refinement,1.3669638585588215,,0,block,16384,200,SOURCE_RUN\raw\task-0052-dynamic-stable-nu1p2-N80-s200-refinement-e08cf8f2ca\arrays.npz,80,student_t,1.2,dynamic,87.87925642509406,0.003,True
1.5,,0.5,0.5,35,3394.5590102950814,2.0,2.0,stable,refinement,1.7288901969268227,,0,block,16384,200,SOURCE_RUN\raw\task-0056-dynamic-stable-nu1p2-N160-s200-refinement-dd8df524e0\arrays.npz,160,student_t,1.2,dynamic,56.098068267461116,0.006,True
1.5,,0.5,0.5,42,4417.750499923082,2.0,2.0,stable,refinement,1.905458199558627,,0,block,16384,200,SOURCE_RUN\raw\task-0048-dynamic-stable-nu1p2-N40-s200-refinement-9a2385d37c\arrays.npz,40,student_t,1.2,dynamic,55.20170200365396,0.006,True
1.5,,0.5,0.5,38,3842.561467271331,2.0,2.0,stable,refinement,1.812356914768061,,0,block,16384,200,SOURCE_RUN\raw\task-0052-dynamic-stable-nu1p2-N80-s200-refinement-e08cf8f2ca\arrays.npz,80,student_t,1.2,dynamic,55.79477076972139,0.006,True
1.5,,0.5,0.5,73,4410.1446940823835,2.0,2.0,stable,refinement,1.6836203693682477,,0,block,16384,200,SOURCE_RUN\raw\task-0056-dynamic-stable-nu1p2-N160-s200-refinement-dd8df524e0\arrays.npz,160,student_t,1.2,dynamic,35.88275724978083,0.012,True
1.5,,0.5,0.5,80,5579.400021876849,2.0,2.0,stable,refinement,1.9751821131427572,,0,block,16384,200,SOURCE_RUN\raw\task-0048-dynamic-stable-nu1p2-N40-s200-refinement-9a2385d37c\arrays.npz,40,student_t,1.2,dynamic,35.30940251503783,0.012,True
1.5,,0.5,0.5,69,4884.603704491501,2.0,2.0,stable,refinement,1.9835760031959142,,0,block,16384,200,SOURCE_RUN\raw\task-0052-dynamic-stable-nu1p2-N80-s200-refinement-e08cf8f2ca\arrays.npz,80,student_t,1.2,dynamic,35.68875501722672,0.012,True
1.5,,0.5,0.5,17,2216.7272562240673,2.0,2.0,stable,refinement,1.4757831838093267,,1,block,16384,200,SOURCE_RUN\raw\task-0056-dynamic-stable-nu1p2-N160-s200-refinement-dd8df524e0\arrays.npz,160,student_t,1.2,dynamic,88.35696353293332,0.003,True
1.5,,0.5,0.5,22,2903.243354609176,2.0,2.0,stable,refinement,1.5178030304197652,,1,block,16384,200,SOURCE_RUN\raw\task-0048-dynamic-stable-nu1p2-N40-s200-refinement-9a2385d37c\arrays.npz,40,student_t,1.2,dynamic,86.94514662498288,0.003,True
1.5,,0.5,0.5,23,2067.8434510968586,2.0,2.0,stable,refinement,1.0230655180935098,,1,block,16384,200,SOURCE_RUN\raw\task-0052-dynamic-stable-nu1p2-N80-s200-refinement-e08cf8f2ca\arrays.npz,80,student_t,1.2,dynamic,87.87925642509406,0.003,True
1.5,,0.5,0.5,33,3043.8466667000343,2.0,2.0,stable,refinement,1.6442237785982754,,1,block,16384,200,SOURCE_RUN\raw\task-0056-dynamic-stable-nu1p2-N160-s200-refinement-dd8df524e0\arrays.npz,160,student_t,1.2,dynamic,56.098068267461116,0.006,True
1.5,,0.5,0.5,36,3790.4022515450088,2.0,2.0,stable,refinement,1.9073497303549882,,1,block,16384,200,SOURCE_RUN\raw\task-0048-dynamic-stable-nu1p2-N40-s200-refinement-9a2385d37c\arrays.npz,40,student_t,1.2,dynamic,55.20170200365396,0.006,True
1.5,,0.5,0.5,39,3038.5236419225816,2.0,2.0,stable,refinement,1.3963828785130534,,1,block,16384,200,SOURCE_RUN\raw\task-0052-dynamic-stable-nu1p2-N80-s200-refinement-e08cf8f2ca\arrays.npz,80,student_t,1.2,dynamic,55.79477076972139,0.006,True
1.5,,0.5,0.5,73,4068.431594692227,2.0,2.0,stable,refinement,1.55316770295456,,1,block,16384,200,SOURCE_RUN\raw\task-0056-dynamic-stable-nu1p2-N160-s200-refinement-dd8df524e0\arrays.npz,160,student_t,1.2,dynamic,35.88275724978083,0.012,True
1.5,,0.5,0.5,74,4799.786197392679,2.0,2.0,stable,refinement,1.8369604417072114,,1,block,16384,200,SOURCE_RUN\raw\task-0048-dynamic-stable-nu1p2-N40-s200-refinement-9a2385d37c\arrays.npz,40,student_t,1.2,dynamic,35.30940251503783,0.012,True
1.5,,0.5,0.5,83,4186.324276230595,2.0,2.0,stable,refinement,1.4132642581101647,,1,block,16384,200,SOURCE_RUN\raw\task-0052-dynamic-stable-nu1p2-N80-s200-refinement-e08cf8f2ca\arrays.npz,80,student_t,1.2,dynamic,35.68875501722672,0.012,True
1.5,,0.5,0.5,24,5285.6513087155445,2.0,2.0,stable,refinement,2.4925649591205405,,2,block,16384,200,SOURCE_RUN\raw\task-0056-dynamic-stable-nu1p2-N160-s200-refinement-dd8df524e0\arrays.npz,160,student_t,1.2,dynamic,88.35696353293332,0.003,True
1.5,,0.5,0.5,19,2566.810007252195,2.0,2.0,stable,refinement,1.5537987890490352,,2,block,16384,200,SOURCE_RUN\raw\task-0048-dynamic-stable-nu1p2-N40-s200-refinement-9a2385d37c\arrays.npz,40,student_t,1.2,dynamic,86.94514662498288,0.003,True
1.5,,0.5,0.5,17,2831.2166013511264,2.0,2.0,stable,refinement,1.895124740417104,,2,block,16384,200,SOURCE_RUN\raw\task-0052-dynamic-stable-nu1p2-N80-s200-refinement-e08cf8f2ca\arrays.npz,80,student_t,1.2,dynamic,87.87925642509406,0.003,True
1.5,,0.5,0.5,42,6311.120039526933,2.0,2.0,stable,refinement,2.678608506258286,,2,block,16384,200,SOURCE_RUN\raw\task-0056-dynamic-stable-nu1p2-N160-s200-refinement-dd8df524e0\arrays.npz,160,student_t,1.2,dynamic,56.098068267461116,0.006,True
1.5,,0.5,0.5,36,3401.7081083690737,2.0,2.0,stable,refinement,1.7117568565709484,,2,block,16384,200,SOURCE_RUN\raw\task-0048-dynamic-stable-nu1p2-N40-s200-refinement-9a2385d37c\arrays.npz,40,student_t,1.2,dynamic,55.20170200365396,0.006,True
1.5,,0.5,0.5,29,3518.7844485660503,2.0,2.0,stable,refinement,2.174709083023724,,2,block,16384,200,SOURCE_RUN\raw\task-0052-dynamic-stable-nu1p2-N80-s200-refinement-e08cf8f2ca\arrays.npz,80,student_t,1.2,dynamic,55.79477076972139,0.006,True
1.5,,0.5,0.5,74,7418.591964160957,2.0,2.0,stable,refinement,2.793855613187144,,2,block,16384,200,SOURCE_RUN\raw\task-0056-dynamic-stable-nu1p2-N160-s200-refinement-dd8df524e0\arrays.npz,160,student_t,1.2,dynamic,35.88275724978083,0.012,True
1.5,,0.5,0.5,73,4453.60592150761,2.0,2.0,stable,refinement,1.7278202390607467,,2,block,16384,200,SOURCE_RUN\raw\task-0048-dynamic-stable-nu1p2-N40-s200-refinement-9a2385d37c\arrays.npz,40,student_t,1.2,dynamic,35.30940251503783,0.012,True
1.5,,0.5,0.5,67,4415.011231706187,2.0,2.0,stable,refinement,1.846399236780831,,2,block,16384,200,SOURCE_RUN\raw\task-0052-dynamic-stable-nu1p2-N80-s200-refinement-e08cf8f2ca\arrays.npz,80,student_t,1.2,dynamic,35.68875501722672,0.012,True
1.5,,0.5,0.5,25,2558.7430277002213,2.0,2.0,stable,refinement,1.1583662115081625,,3,block,16384,200,SOURCE_RUN\raw\task-0056-dynamic-stable-nu1p2-N160-s200-refinement-dd8df524e0\arrays.npz,160,student_t,1.2,dynamic,88.35696353293332,0.003,True
1.5,,0.5,0.5,23,3648.8033114784134,2.0,2.0,stable,refinement,1.8246403438993926,,3,block,16384,200,SOURCE_RUN\raw\task-0048-dynamic-stable-nu1p2-N40-s200-refinement-9a2385d37c\arrays.npz,40,student_t,1.2,dynamic,86.94514662498288,0.003,True
1.5,,0.5,0.5,23,4786.41678569918,2.0,2.0,stable,refinement,2.36807963681939,,3,block,16384,200,SOURCE_RUN\raw\task-0052-dynamic-stable-nu1p2-N80-s200-refinement-e08cf8f2ca\arrays.npz,80,student_t,1.2,dynamic,87.87925642509406,0.003,True
1.5,,0.5,0.5,43,3563.133255652552,2.0,2.0,stable,refinement,1.4771197412693604,,3,block,16384,200,SOURCE_RUN\raw\task-0056-dynamic-stable-nu1p2-N160-s200-refinement-dd8df524e0\arrays.npz,160,student_t,1.2,dynamic,56.098068267461116,0.006,True
1.5,,0.5,0.5,39,4567.906131530284,2.0,2.0,stable,refinement,2.1217787494416993,,3,block,16384,200,SOURCE_RUN\raw\task-0048-dynamic-stable-nu1p2-N40-s200-refinement-9a2385d37c\arrays.npz,40,student_t,1.2,dynamic,55.20170200365396,0.006,True
1.5,,0.5,0.5,47,5865.730988457838,2.0,2.0,stable,refinement,2.2368187066052507,,3,block,16384,200,SOURCE_RUN\raw\task-0052-dynamic-stable-nu1p2-N80-s200-refinement-e08cf8f2ca\arrays.npz,80,student_t,1.2,dynamic,55.79477076972139,0.006,True
1.5,,0.5,0.5,78,4729.3994318283185,2.0,2.0,stable,refinement,1.6897621781684948,,3,block,16384,200,SOURCE_RUN\raw\task-0056-dynamic-stable-nu1p2-N160-s200-refinement-dd8df524e0\arrays.npz,160,student_t,1.2,dynamic,35.88275724978083,0.012,True
1.5,,0.5,0.5,72,5639.493161587874,2.0,2.0,stable,refinement,2.2182843189596455,,3,block,16384,200,SOURCE_RUN\raw\task-0048-dynamic-stable-nu1p2-N40-s200-refinement-9a2385d37c\arrays.npz,40,student_t,1.2,dynamic,35.30940251503783,0.012,True
1.5,,0.5,0.5,79,7084.407284921081,2.0,2.0,stable,refinement,2.512725409950375,,3,block,16384,200,SOURCE_RUN\raw\task-0052-dynamic-stable-nu1p2-N80-s200-refinement-e08cf8f2ca\arrays.npz,80,student_t,1.2,dynamic,35.68875501722672,0.012,True
1.5,,0.5,0.5,87,12605.866201840876,2.0,2.0,stable,refinement,1.6398822234339931,,-1,full,65536,200,SOURCE_RUN\raw\task-0056-dynamic-stable-nu1p2-N160-s200-refinement-dd8df524e0\arrays.npz,160,student_t,1.2,dynamic,88.35696353293332,0.003,True
1.5,,0.5,0.5,88,12500.014632611683,2.0,2.0,stable,refinement,1.6337383550321978,,-1,full,65536,200,SOURCE_RUN\raw\task-0048-dynamic-stable-nu1p2-N40-s200-refinement-9a2385d37c\arrays.npz,40,student_t,1.2,dynamic,86.94514662498288,0.003,True
1.5,,0.5,0.5,87,12568.543256950205,2.0,2.0,stable,refinement,1.6439148477643581,,-1,full,65536,200,SOURCE_RUN\raw\task-0052-dynamic-stable-nu1p2-N80-s200-refinement-e08cf8f2ca\arrays.npz,80,student_t,1.2,dynamic,87.87925642509406,0.003,True
1.5,,0.5,0.5,153,16312.658972174602,2.0,2.0,stable,refinement,1.9005767825072704,,-1,full,65536,200,SOURCE_RUN\raw\task-0056-dynamic-stable-nu1p2-N160-s200-refinement-dd8df524e0\arrays.npz,160,student_t,1.2,dynamic,56.098068267461116,0.006,True
1.5,,0.5,0.5,153,16177.766991367449,2.0,2.0,stable,refinement,1.915467011366159,,-1,full,65536,200,SOURCE_RUN\raw\task-0048-dynamic-stable-nu1p2-N40-s200-refinement-9a2385d37c\arrays.npz,40,student_t,1.2,dynamic,55.20170200365396,0.006,True
1.5,,0.5,0.5,153,16265.6005462178,2.0,2.0,stable,refinement,1.905395670858367,,-1,full,65536,200,SOURCE_RUN\raw\task-0052-dynamic-stable-nu1p2-N80-s200-refinement-e08cf8f2ca\arrays.npz,80,student_t,1.2,dynamic,55.79477076972139,0.006,True
1.5,,0.5,0.5,298,20626.567684763886,2.0,2.0,stable,refinement,1.9289674313844167,,-1,full,65536,200,SOURCE_RUN\raw\task-0056-dynamic-stable-nu1p2-N160-s200-refinement-dd8df524e0\arrays.npz,160,student_t,1.2,dynamic,35.88275724978083,0.012,True
1.5,,0.5,0.5,299,20472.28530236501,2.0,2.0,stable,refinement,1.9391203684089737,,-1,full,65536,200,SOURCE_RUN\raw\task-0048-dynamic-stable-nu1p2-N40-s200-refinement-9a2385d37c\arrays.npz,40,student_t,1.2,dynamic,35.30940251503783,0.012,True
1.5,,0.5,0.5,298,20570.34649734936,2.0,2.0,stable,refinement,1.9341668922619362,,-1,full,65536,200,SOURCE_RUN\raw\task-0052-dynamic-stable-nu1p2-N80-s200-refinement-e08cf8f2ca\arrays.npz,80,student_t,1.2,dynamic,35.68875501722672,0.012,True
1.5,,0.5,0.5,21,2544.744609201042,2.0,2.0,stable,refinement,1.371463095590562,,-1,nested,16384,200,SOURCE_RUN\raw\task-0056-dynamic-stable-nu1p2-N160-s200-refinement-dd8df524e0\arrays.npz,160,student_t,1.2,dynamic,88.35696353293332,0.003,True
1.5,,0.5,0.5,24,3381.157959271899,2.0,2.0,stable,refinement,1.6203501529992026,,-1,nested,16384,200,SOURCE_RUN\raw\task-0048-dynamic-stable-nu1p2-N40-s200-refinement-9a2385d37c\arrays.npz,40,student_t,1.2,dynamic,86.94514662498288,0.003,True
1.5,,0.5,0.5,24,2883.0664188030405,2.0,2.0,stable,refinement,1.3669638585588215,,-1,nested,16384,200,SOURCE_RUN\raw\task-0052-dynamic-stable-nu1p2-N80-s200-refinement-e08cf8f2ca\arrays.npz,80,student_t,1.2,dynamic,87.87925642509406,0.003,True
1.5,,0.5,0.5,35,3394.5590102950814,2.0,2.0,stable,refinement,1.7288901969268227,,-1,nested,16384,200,SOURCE_RUN\raw\task-0056-dynamic-stable-nu1p2-N160-s200-refinement-dd8df524e0\arrays.npz,160,student_t,1.2,dynamic,56.098068267461116,0.006,True
1.5,,0.5,0.5,42,4417.750499923082,2.0,2.0,stable,refinement,1.905458199558627,,-1,nested,16384,200,SOURCE_RUN\raw\task-0048-dynamic-stable-nu1p2-N40-s200-refinement-9a2385d37c\arrays.npz,40,student_t,1.2,dynamic,55.20170200365396,0.006,True
1.5,,0.5,0.5,38,3842.561467271331,2.0,2.0,stable,refinement,1.812356914768061,,-1,nested,16384,200,SOURCE_RUN\raw\task-0052-dynamic-stable-nu1p2-N80-s200-refinement-e08cf8f2ca\arrays.npz,80,student_t,1.2,dynamic,55.79477076972139,0.006,True
1.5,,0.5,0.5,73,4410.1446940823835,2.0,2.0,stable,refinement,1.6836203693682477,,-1,nested,16384,200,SOURCE_RUN\raw\task-0056-dynamic-stable-nu1p2-N160-s200-refinement-dd8df524e0\arrays.npz,160,student_t,1.2,dynamic,35.88275724978083,0.012,True
1.5,,0.5,0.5,80,5579.400021876849,2.0,2.0,stable,refinement,1.9751821131427572,,-1,nested,16384,200,SOURCE_RUN\raw\task-0048-dynamic-stable-nu1p2-N40-s200-refinement-9a2385d37c\arrays.npz,40,student_t,1.2,dynamic,35.30940251503783,0.012,True
1.5,,0.5,0.5,69,4884.603704491501,2.0,2.0,stable,refinement,1.9835760031959142,,-1,nested,16384,200,SOURCE_RUN\raw\task-0052-dynamic-stable-nu1p2-N80-s200-refinement-e08cf8f2ca\arrays.npz,80,student_t,1.2,dynamic,35.68875501722672,0.012,True
1.5,,0.5,0.5,38,4761.47186542511,2.0,2.0,stable,refinement,1.4181326087410622,,-1,nested,32768,200,SOURCE_RUN\raw\task-0056-dynamic-stable-nu1p2-N160-s200-refinement-dd8df524e0\arrays.npz,160,student_t,1.2,dynamic,88.35696353293332,0.003,True
1.5,,0.5,0.5,46,6284.401313881075,2.0,2.0,stable,refinement,1.57130587698295,,-1,nested,32768,200,SOURCE_RUN\raw\task-0048-dynamic-stable-nu1p2-N40-s200-refinement-9a2385d37c\arrays.npz,40,student_t,1.2,dynamic,86.94514662498288,0.003,True
1.5,,0.5,0.5,47,4950.909869899897,2.0,2.0,stable,refinement,1.1986731813098388,,-1,nested,32768,200,SOURCE_RUN\raw\task-0052-dynamic-stable-nu1p2-N80-s200-refinement-e08cf8f2ca\arrays.npz,80,student_t,1.2,dynamic,87.87925642509406,0.003,True
1.5,,0.5,0.5,68,6438.405676995117,2.0,2.0,stable,refinement,1.6878020821497337,,-1,nested,32768,200,SOURCE_RUN\raw\task-0056-dynamic-stable-nu1p2-N160-s200-refinement-dd8df524e0\arrays.npz,160,student_t,1.2,dynamic,56.098068267461116,0.006,True
1.5,,0.5,0.5,78,8208.15275146809,2.0,2.0,stable,refinement,1.9063312137723318,,-1,nested,32768,200,SOURCE_RUN\raw\task-0048-dynamic-stable-nu1p2-N40-s200-refinement-9a2385d37c\arrays.npz,40,student_t,1.2,dynamic,55.20170200365396,0.006,True
1.5,,0.5,0.5,77,6881.085109193914,2.0,2.0,stable,refinement,1.6016687665350056,,-1,nested,32768,200,SOURCE_RUN\raw\task-0052-dynamic-stable-nu1p2-N80-s200-refinement-e08cf8f2ca\arrays.npz,80,student_t,1.2,dynamic,55.79477076972139,0.006,True
1.5,,0.5,0.5,146,8478.576288774611,2.0,2.0,stable,refinement,1.618394036161404,,-1,nested,32768,200,SOURCE_RUN\raw\task-0056-dynamic-stable-nu1p2-N160-s200-refinement-dd8df524e0\arrays.npz,160,student_t,1.2,dynamic,35.88275724978083,0.012,True
1.5,,0.5,0.5,154,10379.18621926953,2.0,2.0,stable,refinement,1.9087639073880145,,-1,nested,32768,200,SOURCE_RUN\raw\task-0048-dynamic-stable-nu1p2-N40-s200-refinement-9a2385d37c\arrays.npz,40,student_t,1.2,dynamic,35.30940251503783,0.012,True
1.5,,0.5,0.5,152,9070.927980722096,2.0,2.0,stable,refinement,1.6721557739714588,,-1,nested,32768,200,SOURCE_RUN\raw\task-0052-dynamic-stable-nu1p2-N80-s200-refinement-e08cf8f2ca\arrays.npz,80,student_t,1.2,dynamic,35.68875501722672,0.012,True
1.5,,0.5,0.5,24,5962.953507359135,2.0,2.0,stable,refinement,2.8119616859327303,,0,block,16384,201,SOURCE_RUN\raw\task-0057-dynamic-stable-nu1p2-N160-s201-refinement-4b0c5669bc\arrays.npz,160,student_t,1.2,dynamic,88.35696353293332,0.003,True
1.5,,0.5,0.5,22,3609.5734634360833,2.0,2.0,stable,refinement,1.8870693469867827,,0,block,16384,201,SOURCE_RUN\raw\task-0049-dynamic-stable-nu1p2-N40-s201-refinement-035e8edbee\arrays.npz,40,student_t,1.2,dynamic,86.94514662498288,0.003,True
1.5,,0.5,0.5,22,7461.451496245825,2.0,2.0,stable,refinement,3.8593508865437474,,0,block,16384,201,SOURCE_RUN\raw\task-0053-dynamic-stable-nu1p2-N80-s201-refinement-d72bcba648\arrays.npz,80,student_t,1.2,dynamic,87.87925642509406,0.003,True
1.5,,0.5,0.5,43,6919.898873128099,2.0,2.0,stable,refinement,2.868688454710388,,0,block,16384,201,SOURCE_RUN\raw\task-0057-dynamic-stable-nu1p2-N160-s201-refinement-4b0c5669bc\arrays.npz,160,student_t,1.2,dynamic,56.098068267461116,0.006,True
1.5,,0.5,0.5,42,4505.351006341408,2.0,2.0,stable,refinement,1.943241932081139,,0,block,16384,201,SOURCE_RUN\raw\task-0049-dynamic-stable-nu1p2-N40-s201-refinement-035e8edbee\arrays.npz,40,student_t,1.2,dynamic,55.20170200365396,0.006,True
1.5,,0.5,0.5,36,8331.90930695935,2.0,2.0,stable,refinement,4.148093486189458,,0,block,16384,201,SOURCE_RUN\raw\task-0053-dynamic-stable-nu1p2-N80-s201-refinement-d72bcba648\arrays.npz,80,student_t,1.2,dynamic,55.79477076972139,0.006,True
1.5,,0.5,0.5,81,8066.650294367769,2.0,2.0,stable,refinement,2.775379677371826,,0,block,16384,201,SOURCE_RUN\raw\task-0057-dynamic-stable-nu1p2-N160-s201-refinement-4b0c5669bc\arrays.npz,160,student_t,1.2,dynamic,35.88275724978083,0.012,True
1.5,,0.5,0.5,67,5542.483243991873,2.0,2.0,stable,refinement,2.3428215890118906,,0,block,16384,201,SOURCE_RUN\raw\task-0049-dynamic-stable-nu1p2-N40-s201-refinement-035e8edbee\arrays.npz,40,student_t,1.2,dynamic,35.30940251503783,0.012,True
1.5,,0.5,0.5,72,9353.101189843615,2.0,2.0,stable,refinement,3.6399191602388083,,0,block,16384,201,SOURCE_RUN\raw\task-0053-dynamic-stable-nu1p2-N80-s201-refinement-d72bcba648\arrays.npz,80,student_t,1.2,dynamic,35.68875501722672,0.012,True
1.5,,0.5,0.5,21,8442.028293751839,2.0,2.0,stable,refinement,4.549741539858124,,1,block,16384,201,SOURCE_RUN\raw\task-0057-dynamic-stable-nu1p2-N160-s201-refinement-4b0c5669bc\arrays.npz,160,student_t,1.2,dynamic,88.35696353293332,0.003,True
1.5,,0.5,0.5,19,5815.635697377901,2.0,2.0,stable,refinement,3.5204505509192847,,1,block,16384,201,SOURCE_RUN\raw\task-0049-dynamic-stable-nu1p2-N40-s201-refinement-035e8edbee\arrays.npz,40,student_t,1.2,dynamic,86.94514662498288,0.003,True
1.5,,0.5,0.5,21,1041.6380940327244,2.0,2.0,stable,refinement,0.5644314257920193,,1,block,16384,201,SOURCE_RUN\raw\task-0053-dynamic-stable-nu1p2-N80-s201-refinement-d72bcba648\arrays.npz,80,student_t,1.2,dynamic,87.87925642509406,0.003,True
1.5,,0.5,0.5,35,9295.374088078328,2.0,2.0,stable,refinement,4.734247096281656,,1,block,16384,201,SOURCE_RUN\raw\task-0057-dynamic-stable-nu1p2-N160-s201-refinement-4b0c5669bc\arrays.npz,160,student_t,1.2,dynamic,56.098068267461116,0.006,True
1.5,,0.5,0.5,38,6635.217329561957,2.0,2.0,stable,refinement,3.1631449034911205,,1,block,16384,201,SOURCE_RUN\raw\task-0049-dynamic-stable-nu1p2-N40-s201-refinement-035e8edbee\arrays.npz,40,student_t,1.2,dynamic,55.20170200365396,0.006,True
1.5,,0.5,0.5,44,1964.2353161909803,2.0,2.0,stable,refinement,0.800105657138738,,1,block,16384,201,SOURCE_RUN\raw\task-0053-dynamic-stable-nu1p2-N80-s201-refinement-d72bcba648\arrays.npz,80,student_t,1.2,dynamic,55.79477076972139,0.006,True
1.5,,0.5,0.5,71,10339.152335920326,2.0,2.0,stable,refinement,4.058268512436881,,1,block,16384,201,SOURCE_RUN\raw\task-0057-dynamic-stable-nu1p2-N160-s201-refinement-4b0c5669bc\arrays.npz,160,student_t,1.2,dynamic,35.88275724978083,0.012,True
1.5,,0.5,0.5,77,7669.126417876015,2.0,2.0,stable,refinement,2.820751337992259,,1,block,16384,201,SOURCE_RUN\raw\task-0049-dynamic-stable-nu1p2-N40-s201-refinement-035e8edbee\arrays.npz,40,student_t,1.2,dynamic,35.30940251503783,0.012,True
1.5,,0.5,0.5,75,3126.7112943840916,2.0,2.0,stable,refinement,1.1681406063337876,,1,block,16384,201,SOURCE_RUN\raw\task-0053-dynamic-stable-nu1p2-N80-s201-refinement-d72bcba648\arrays.npz,80,student_t,1.2,dynamic,35.68875501722672,0.012,True
1.5,,0.5,0.5,19,2785.3400325966054,2.0,2.0,stable,refinement,1.6591430710068809,,2,block,16384,201,SOURCE_RUN\raw\task-0057-dynamic-stable-nu1p2-N160-s201-refinement-4b0c5669bc\arrays.npz,160,student_t,1.2,dynamic,88.35696353293332,0.003,True
1.5,,0.5,0.5,22,4587.659048624864,2.0,2.0,stable,refinement,2.398408247617544,,2,block,16384,201,SOURCE_RUN\raw\task-0049-dynamic-stable-nu1p2-N40-s201-refinement-035e8edbee\arrays.npz,40,student_t,1.2,dynamic,86.94514662498288,0.003,True
1.5,,0.5,0.5,19,4220.804328856782,2.0,2.0,stable,refinement,2.5278729622043725,,2,block,16384,201,SOURCE_RUN\raw\task-0053-dynamic-stable-nu1p2-N80-s201-refinement-d72bcba648\arrays.npz,80,student_t,1.2,dynamic,87.87925642509406,0.003,True
1.5,,0.5,0.5,38,3657.731531181976,2.0,2.0,stable,refinement,1.7158539660745047,,2,block,16384,201,SOURCE_RUN\raw\task-0057-dynamic-stable-nu1p2-N160-s201-refinement-4b0c5669bc\arrays.npz,160,student_t,1.2,dynamic,56.098068267461116,0.006,True
1.5,,0.5,0.5,42,5577.022113063195,2.0,2.0,stable,refinement,2.405473671417403,,2,block,16384,201,SOURCE_RUN\raw\task-0049-dynamic-stable-nu1p2-N40-s201-refinement-035e8edbee\arrays.npz,40,student_t,1.2,dynamic,55.20170200365396,0.006,True
1.5,,0.5,0.5,30,4953.964050811938,2.0,2.0,stable,refinement,2.9596346171687875,,2,block,16384,201,SOURCE_RUN\raw\task-0053-dynamic-stable-nu1p2-N80-s201-refinement-d72bcba648\arrays.npz,80,student_t,1.2,dynamic,55.79477076972139,0.006,True
1.5,,0.5,0.5,67,4696.739160328771,2.0,2.0,stable,refinement,1.953600833808476,,2,block,16384,201,SOURCE_RUN\raw\task-0057-dynamic-stable-nu1p2-N160-s201-refinement-4b0c5669bc\arrays.npz,160,student_t,1.2,dynamic,35.88275724978083,0.012,True
1.5,,0.5,0.5,73,6677.7006643710065,2.0,2.0,stable,refinement,2.5906796788126876,,2,block,16384,201,SOURCE_RUN\raw\task-0049-dynamic-stable-nu1p2-N40-s201-refinement-035e8edbee\arrays.npz,40,student_t,1.2,dynamic,35.30940251503783,0.012,True
1.5,,0.5,0.5,60,5767.606198736611,2.0,2.0,stable,refinement,2.6934750156609213,,2,block,16384,201,SOURCE_RUN\raw\task-0053-dynamic-stable-nu1p2-N80-s201-refinement-d72bcba648\arrays.npz,80,student_t,1.2,dynamic,35.68875501722672,0.012,True
1.5,,0.5,0.5,13,1992.11244825356,2.0,2.0,stable,refinement,1.7343219251679096,,3,block,16384,201,SOURCE_RUN\raw\task-0057-dynamic-stable-nu1p2-N160-s201-refinement-4b0c5669bc\arrays.npz,160,student_t,1.2,dynamic,88.35696353293332,0.003,True
1.5,,0.5,0.5,14,4994.660796218371,2.0,2.0,stable,refinement,4.103293850121098,,3,block,16384,201,SOURCE_RUN\raw\task-0049-dynamic-stable-nu1p2-N40-s201-refinement-035e8edbee\arrays.npz,40,student_t,1.2,dynamic,86.94514662498288,0.003,True
1.5,,0.5,0.5,15,6407.924437313751,2.0,2.0,stable,refinement,4.861158137491901,,3,block,16384,201,SOURCE_RUN\raw\task-0053-dynamic-stable-nu1p2-N80-s201-refinement-d72bcba648\arrays.npz,80,student_t,1.2,dynamic,87.87925642509406,0.003,True
1.5,,0.5,0.5,31,2622.645762815372,2.0,2.0,stable,refinement,1.5080996339569608,,3,block,16384,201,SOURCE_RUN\raw\task-0057-dynamic-stable-nu1p2-N160-s201-refinement-4b0c5669bc\arrays.npz,160,student_t,1.2,dynamic,56.098068267461116,0.006,True
1.5,,0.5,0.5,25,5579.429214729669,2.0,2.0,stable,refinement,4.0429399907708286,,3,block,16384,201,SOURCE_RUN\raw\task-0049-dynamic-stable-nu1p2-N40-s201-refinement-035e8edbee\arrays.npz,40,student_t,1.2,dynamic,55.20170200365396,0.006,True
1.5,,0.5,0.5,38,7186.695631127497,2.0,2.0,stable,refinement,3.3896289317283217,,3,block,16384,201,SOURCE_RUN\raw\task-0053-dynamic-stable-nu1p2-N80-s201-refinement-d72bcba648\arrays.npz,80,student_t,1.2,dynamic,55.79477076972139,0.006,True
1.5,,0.5,0.5,56,3400.152424024753,2.0,2.0,stable,refinement,1.6920942599036601,,3,block,16384,201,SOURCE_RUN\raw\task-0057-dynamic-stable-nu1p2-N160-s201-refinement-4b0c5669bc\arrays.npz,160,student_t,1.2,dynamic,35.88275724978083,0.012,True
1.5,,0.5,0.5,60,6390.946878627292,2.0,2.0,stable,refinement,3.016640716735185,,3,block,16384,201,SOURCE_RUN\raw\task-0049-dynamic-stable-nu1p2-N40-s201-refinement-035e8edbee\arrays.npz,40,student_t,1.2,dynamic,35.30940251503783,0.012,True
1.5,,0.5,0.5,71,8188.76876821664,2.0,2.0,stable,refinement,3.2316837986548324,,3,block,16384,201,SOURCE_RUN\raw\task-0053-dynamic-stable-nu1p2-N80-s201-refinement-d72bcba648\arrays.npz,80,student_t,1.2,dynamic,35.68875501722672,0.012,True
1.5,,0.5,0.5,77,19182.43428196114,2.0,2.0,stable,refinement,2.8195007295548016,,-1,full,65536,201,SOURCE_RUN\raw\task-0057-dynamic-stable-nu1p2-N160-s201-refinement-4b0c5669bc\arrays.npz,160,student_t,1.2,dynamic,88.35696353293332,0.003,True
1.5,,0.5,0.5,77,19007.52900565722,2.0,2.0,stable,refinement,2.8391582006552856,,-1,full,65536,201,SOURCE_RUN\raw\task-0049-dynamic-stable-nu1p2-N40-s201-refinement-035e8edbee\arrays.npz,40,student_t,1.2,dynamic,86.94514662498288,0.003,True
1.5,,0.5,0.5,77,19131.81835644908,2.0,2.0,stable,refinement,2.827347244024109,,-1,full,65536,201,SOURCE_RUN\raw\task-0053-dynamic-stable-nu1p2-N80-s201-refinement-d72bcba648\arrays.npz,80,student_t,1.2,dynamic,87.87925642509406,0.003,True
1.5,,0.5,0.5,147,22495.65025520378,2.0,2.0,stable,refinement,2.7279305529653177,,-1,full,65536,201,SOURCE_RUN\raw\task-0057-dynamic-stable-nu1p2-N160-s201-refinement-4b0c5669bc\arrays.npz,160,student_t,1.2,dynamic,56.098068267461116,0.006,True
1.5,,0.5,0.5,147,22297.01966369623,2.0,2.0,stable,refinement,2.747748717339266,,-1,full,65536,201,SOURCE_RUN\raw\task-0049-dynamic-stable-nu1p2-N40-s201-refinement-035e8edbee\arrays.npz,40,student_t,1.2,dynamic,55.20170200365396,0.006,True
1.5,,0.5,0.5,148,22436.80430508977,2.0,2.0,stable,refinement,2.7171010293085467,,-1,full,65536,201,SOURCE_RUN\raw\task-0053-dynamic-stable-nu1p2-N80-s201-refinement-d72bcba648\arrays.npz,80,student_t,1.2,dynamic,55.79477076972139,0.006,True
1.5,,0.5,0.5,275,26502.69421464162,2.0,2.0,stable,refinement,2.6857867369814885,,-1,full,65536,201,SOURCE_RUN\raw\task-0057-dynamic-stable-nu1p2-N160-s201-refinement-4b0c5669bc\arrays.npz,160,student_t,1.2,dynamic,35.88275724978083,0.012,True
1.5,,0.5,0.5,277,26280.257204866182,2.0,2.0,stable,refinement,2.6869493106376816,,-1,full,65536,201,SOURCE_RUN\raw\task-0049-dynamic-stable-nu1p2-N40-s201-refinement-035e8edbee\arrays.npz,40,student_t,1.2,dynamic,35.30940251503783,0.012,True
1.5,,0.5,0.5,278,26436.187451180955,2.0,2.0,stable,refinement,2.6645423584761745,,-1,full,65536,201,SOURCE_RUN\raw\task-0053-dynamic-stable-nu1p2-N80-s201-refinement-d72bcba648\arrays.npz,80,student_t,1.2,dynamic,35.68875501722672,0.012,True
1.5,,0.5,0.5,24,5962.953507359135,2.0,2.0,stable,refinement,2.8119616859327303,,-1,nested,16384,201,SOURCE_RUN\raw\task-0057-dynamic-stable-nu1p2-N160-s201-refinement-4b0c5669bc\arrays.npz,160,student_t,1.2,dynamic,88.35696353293332,0.003,True
1.5,,0.5,0.5,22,3609.5734634360833,2.0,2.0,stable,refinement,1.8870693469867827,,-1,nested,16384,201,SOURCE_RUN\raw\task-0049-dynamic-stable-nu1p2-N40-s201-refinement-035e8edbee\arrays.npz,40,student_t,1.2,dynamic,86.94514662498288,0.003,True
1.5,,0.5,0.5,22,7461.451496245825,2.0,2.0,stable,refinement,3.8593508865437474,,-1,nested,16384,201,SOURCE_RUN\raw\task-0053-dynamic-stable-nu1p2-N80-s201-refinement-d72bcba648\arrays.npz,80,student_t,1.2,dynamic,87.87925642509406,0.003,True
1.5,,0.5,0.5,43,6919.898873128099,2.0,2.0,stable,refinement,2.868688454710388,,-1,nested,16384,201,SOURCE_RUN\raw\task-0057-dynamic-stable-nu1p2-N160-s201-refinement-4b0c5669bc\arrays.npz,160,student_t,1.2,dynamic,56.098068267461116,0.006,True
1.5,,0.5,0.5,42,4505.351006341408,2.0,2.0,stable,refinement,1.943241932081139,,-1,nested,16384,201,SOURCE_RUN\raw\task-0049-dynamic-stable-nu1p2-N40-s201-refinement-035e8edbee\arrays.npz,40,student_t,1.2,dynamic,55.20170200365396,0.006,True
1.5,,0.5,0.5,36,8331.90930695935,2.0,2.0,stable,refinement,4.148093486189458,,-1,nested,16384,201,SOURCE_RUN\raw\task-0053-dynamic-stable-nu1p2-N80-s201-refinement-d72bcba648\arrays.npz,80,student_t,1.2,dynamic,55.79477076972139,0.006,True
1.5,,0.5,0.5,81,8066.650294367769,2.0,2.0,stable,refinement,2.775379677371826,,-1,nested,16384,201,SOURCE_RUN\raw\task-0057-dynamic-stable-nu1p2-N160-s201-refinement-4b0c5669bc\arrays.npz,160,student_t,1.2,dynamic,35.88275724978083,0.012,True
1.5,,0.5,0.5,67,5542.483243991873,2.0,2.0,stable,refinement,2.3428215890118906,,-1,nested,16384,201,SOURCE_RUN\raw\task-0049-dynamic-stable-nu1p2-N40-s201-refinement-035e8edbee\arrays.npz,40,student_t,1.2,dynamic,35.30940251503783,0.012,True
1.5,,0.5,0.5,72,9353.101189843615,2.0,2.0,stable,refinement,3.6399191602388083,,-1,nested,16384,201,SOURCE_RUN\raw\task-0053-dynamic-stable-nu1p2-N80-s201-refinement-d72bcba648\arrays.npz,80,student_t,1.2,dynamic,35.68875501722672,0.012,True
1.5,,0.5,0.5,45,14404.981801110973,2.0,2.0,stable,refinement,3.6229256177645803,,-1,nested,32768,201,SOURCE_RUN\raw\task-0057-dynamic-stable-nu1p2-N160-s201-refinement-4b0c5669bc\arrays.npz,160,student_t,1.2,dynamic,88.35696353293332,0.003,True
1.5,,0.5,0.5,41,9425.209160813984,2.0,2.0,stable,refinement,2.6440021000286738,,-1,nested,32768,201,SOURCE_RUN\raw\task-0049-dynamic-stable-nu1p2-N40-s201-refinement-035e8edbee\arrays.npz,40,student_t,1.2,dynamic,86.94514662498288,0.003,True
1.5,,0.5,0.5,43,8503.08959027855,2.0,2.0,stable,refinement,2.2502041731533686,,-1,nested,32768,201,SOURCE_RUN\raw\task-0053-dynamic-stable-nu1p2-N80-s201-refinement-d72bcba648\arrays.npz,80,student_t,1.2,dynamic,87.87925642509406,0.003,True
1.5,,0.5,0.5,78,16215.272961206427,2.0,2.0,stable,refinement,3.705798101569291,,-1,nested,32768,201,SOURCE_RUN\raw\task-0057-dynamic-stable-nu1p2-N160-s201-refinement-4b0c5669bc\arrays.npz,160,student_t,1.2,dynamic,56.098068267461116,0.006,True
1.5,,0.5,0.5,80,11140.568335903365,2.0,2.0,stable,refinement,2.5226958435008804,,-1,nested,32768,201,SOURCE_RUN\raw\task-0049-dynamic-stable-nu1p2-N40-s201-refinement-035e8edbee\arrays.npz,40,student_t,1.2,dynamic,55.20170200365396,0.006,True
1.5,,0.5,0.5,80,10296.144623150329,2.0,2.0,stable,refinement,2.306700180211562,,-1,nested,32768,201,SOURCE_RUN\raw\task-0053-dynamic-stable-nu1p2-N80-s201-refinement-d72bcba648\arrays.npz,80,student_t,1.2,dynamic,55.79477076972139,0.006,True
1.5,,0.5,0.5,152,18405.802630288097,2.0,2.0,stable,refinement,3.374623804277214,,-1,nested,32768,201,SOURCE_RUN\raw\task-0057-dynamic-stable-nu1p2-N160-s201-refinement-4b0c5669bc\arrays.npz,160,student_t,1.2,dynamic,35.88275724978083,0.012,True
1.5,,0.5,0.5,144,13211.609661867886,2.0,2.0,stable,refinement,2.5983812464527816,,-1,nested,32768,201,SOURCE_RUN\raw\task-0049-dynamic-stable-nu1p2-N40-s201-refinement-035e8edbee\arrays.npz,40,student_t,1.2,dynamic,35.30940251503783,0.012,True
1.5,,0.5,0.5,147,12479.812484227707,2.0,2.0,stable,refinement,2.37880765314441,,-1,nested,32768,201,SOURCE_RUN\raw\task-0053-dynamic-stable-nu1p2-N80-s201-refinement-d72bcba648\arrays.npz,80,student_t,1.2,dynamic,35.68875501722672,0.012,True
1.5,,0.5,0.5,24,1366.3751003451116,2.0,2.0,stable,refinement,0.644344187161803,,0,block,16384,202,SOURCE_RUN\raw\task-0058-dynamic-stable-nu1p2-N160-s202-refinement-d1720d823b\arrays.npz,160,student_t,1.2,dynamic,88.35696353293332,0.003,True
1.5,,0.5,0.5,35,7413.163294174152,2.0,2.0,stable,refinement,2.43607232570901,,0,block,16384,202,SOURCE_RUN\raw\task-0050-dynamic-stable-nu1p2-N40-s202-refinement-712f8e6442\arrays.npz,40,student_t,1.2,dynamic,86.94514662498288,0.003,True
1.5,,0.5,0.5,27,4337.188922529155,2.0,2.0,stable,refinement,1.8279242826464,,0,block,16384,202,SOURCE_RUN\raw\task-0054-dynamic-stable-nu1p2-N80-s202-refinement-0ec9e4c6ef\arrays.npz,80,student_t,1.2,dynamic,87.87925642509406,0.003,True
1.5,,0.5,0.5,38,2397.7320155659954,2.0,2.0,stable,refinement,1.1247840234909918,,0,block,16384,202,SOURCE_RUN\raw\task-0058-dynamic-stable-nu1p2-N160-s202-refinement-d1720d823b\arrays.npz,160,student_t,1.2,dynamic,56.098068267461116,0.006,True
1.5,,0.5,0.5,53,8809.938638480942,2.0,2.0,stable,refinement,3.011234278950786,,0,block,16384,202,SOURCE_RUN\raw\task-0050-dynamic-stable-nu1p2-N40-s202-refinement-712f8e6442\arrays.npz,40,student_t,1.2,dynamic,55.20170200365396,0.006,True
1.5,,0.5,0.5,44,5417.020532796525,2.0,2.0,stable,refinement,2.206552716673481,,0,block,16384,202,SOURCE_RUN\raw\task-0054-dynamic-stable-nu1p2-N80-s202-refinement-0ec9e4c6ef\arrays.npz,80,student_t,1.2,dynamic,55.79477076972139,0.006,True
1.5,,0.5,0.5,70,3493.199216534944,2.0,2.0,stable,refinement,1.390719380986365,,0,block,16384,202,SOURCE_RUN\raw\task-0058-dynamic-stable-nu1p2-N160-s202-refinement-d1720d823b\arrays.npz,160,student_t,1.2,dynamic,35.88275724978083,0.012,True
1.5,,0.5,0.5,78,10078.710344677214,2.0,2.0,stable,refinement,3.659485179142828,,0,block,16384,202,SOURCE_RUN\raw\task-0050-dynamic-stable-nu1p2-N40-s202-refinement-712f8e6442\arrays.npz,40,student_t,1.2,dynamic,35.30940251503783,0.012,True
1.5,,0.5,0.5,77,6526.9045354803375,2.0,2.0,stable,refinement,2.3751177065818525,,0,block,16384,202,SOURCE_RUN\raw\task-0054-dynamic-stable-nu1p2-N80-s202-refinement-0ec9e4c6ef\arrays.npz,80,student_t,1.2,dynamic,35.68875501722672,0.012,True
1.5,,0.5,0.5,19,3016.137145666319,2.0,2.0,stable,refinement,1.7966219520327742,,1,block,16384,202,SOURCE_RUN\raw\task-0058-dynamic-stable-nu1p2-N160-s202-refinement-d1720d823b\arrays.npz,160,student_t,1.2,dynamic,88.35696353293332,0.003,True
1.5,,0.5,0.5,20,1567.3445934740755,2.0,2.0,stable,refinement,0.9013410491067673,,1,block,16384,202,SOURCE_RUN\raw\task-0050-dynamic-stable-nu1p2-N40-s202-refinement-712f8e6442\arrays.npz,40,student_t,1.2,dynamic,86.94514662498288,0.003,True
1.5,,0.5,0.5,31,7974.742254208679,2.0,2.0,stable,refinement,2.9273091352910643,,1,block,16384,202,SOURCE_RUN\raw\task-0054-dynamic-stable-nu1p2-N80-s202-refinement-0ec9e4c6ef\arrays.npz,80,student_t,1.2,dynamic,87.87925642509406,0.003,True
1.5,,0.5,0.5,35,3893.9945807089,2.0,2.0,stable,refinement,1.9832588083035172,,1,block,16384,202,SOURCE_RUN\raw\task-0058-dynamic-stable-nu1p2-N160-s202-refinement-d1720d823b\arrays.npz,160,student_t,1.2,dynamic,56.098068267461116,0.006,True
1.5,,0.5,0.5,37,2444.3990035577654,2.0,2.0,stable,refinement,1.196789873066244,,1,block,16384,202,SOURCE_RUN\raw\task-0050-dynamic-stable-nu1p2-N40-s202-refinement-712f8e6442\arrays.npz,40,student_t,1.2,dynamic,55.20170200365396,0.006,True
1.5,,0.5,0.5,48,9286.719218154283,2.0,2.0,stable,refinement,3.4675887072534524,,1,block,16384,202,SOURCE_RUN\raw\task-0054-dynamic-stable-nu1p2-N80-s202-refinement-0ec9e4c6ef\arrays.npz,80,student_t,1.2,dynamic,55.79477076972139,0.006,True
1.5,,0.5,0.5,77,4914.021304095099,2.0,2.0,stable,refinement,1.778527164189183,,1,block,16384,202,SOURCE_RUN\raw\task-0058-dynamic-stable-nu1p2-N160-s202-refinement-d1720d823b\arrays.npz,160,student_t,1.2,dynamic,35.88275724978083,0.012,True
1.5,,0.5,0.5,75,3462.16871377807,2.0,2.0,stable,refinement,1.3073642211130876,,1,block,16384,202,SOURCE_RUN\raw\task-0050-dynamic-stable-nu1p2-N40-s202-refinement-712f8e6442\arrays.npz,40,student_t,1.2,dynamic,35.30940251503783,0.012,True
1.5,,0.5,0.5,86,10597.45262345131,2.0,2.0,stable,refinement,3.452801680430293,,1,block,16384,202,SOURCE_RUN\raw\task-0054-dynamic-stable-nu1p2-N80-s202-refinement-0ec9e4c6ef\arrays.npz,80,student_t,1.2,dynamic,35.68875501722672,0.012,True
1.5,,0.5,0.5,26,5557.303618918106,2.0,2.0,stable,refinement,2.4190786819173264,,2,block,16384,202,SOURCE_RUN\raw\task-0058-dynamic-stable-nu1p2-N160-s202-refinement-d1720d823b\arrays.npz,160,student_t,1.2,dynamic,88.35696353293332,0.003,True
1.5,,0.5,0.5,25,5057.348262998724,2.0,2.0,stable,refinement,2.3266845634581017,,2,block,16384,202,SOURCE_RUN\raw\task-0050-dynamic-stable-nu1p2-N40-s202-refinement-712f8e6442\arrays.npz,40,student_t,1.2,dynamic,86.94514662498288,0.003,True
1.5,,0.5,0.5,18,2498.845504800154,2.0,2.0,stable,refinement,1.5797214941731528,,2,block,16384,202,SOURCE_RUN\raw\task-0054-dynamic-stable-nu1p2-N80-s202-refinement-0ec9e4c6ef\arrays.npz,80,student_t,1.2,dynamic,87.87925642509406,0.003,True
1.5,,0.5,0.5,47,6779.140168054788,2.0,2.0,stable,refinement,2.571158496305873,,2,block,16384,202,SOURCE_RUN\raw\task-0058-dynamic-stable-nu1p2-N160-s202-refinement-d1720d823b\arrays.npz,160,student_t,1.2,dynamic,56.098068267461116,0.006,True
1.5,,0.5,0.5,40,6122.479408255804,2.0,2.0,stable,refinement,2.772776556713115,,2,block,16384,202,SOURCE_RUN\raw\task-0050-dynamic-stable-nu1p2-N40-s202-refinement-712f8e6442\arrays.npz,40,student_t,1.2,dynamic,55.20170200365396,0.006,True
1.5,,0.5,0.5,35,3395.582983567493,2.0,2.0,stable,refinement,1.7388127119254297,,2,block,16384,202,SOURCE_RUN\raw\task-0054-dynamic-stable-nu1p2-N80-s202-refinement-0ec9e4c6ef\arrays.npz,80,student_t,1.2,dynamic,55.79477076972139,0.006,True
1.5,,0.5,0.5,71,7886.634654713521,2.0,2.0,stable,refinement,3.095619452004952,,2,block,16384,202,SOURCE_RUN\raw\task-0058-dynamic-stable-nu1p2-N160-s202-refinement-d1720d823b\arrays.npz,160,student_t,1.2,dynamic,35.88275724978083,0.012,True
1.5,,0.5,0.5,76,7168.4067525905675,2.0,2.0,stable,refinement,2.6712754893341693,,2,block,16384,202,SOURCE_RUN\raw\task-0050-dynamic-stable-nu1p2-N40-s202-refinement-712f8e6442\arrays.npz,40,student_t,1.2,dynamic,35.30940251503783,0.012,True
1.5,,0.5,0.5,63,4358.2657483634575,2.0,2.0,stable,refinement,1.938392677727268,,2,block,16384,202,SOURCE_RUN\raw\task-0054-dynamic-stable-nu1p2-N80-s202-refinement-0ec9e4c6ef\arrays.npz,80,student_t,1.2,dynamic,35.68875501722672,0.012,True
1.5,,0.5,0.5,29,6867.448632031188,2.0,2.0,stable,refinement,2.6801348082774608,,3,block,16384,202,SOURCE_RUN\raw\task-0058-dynamic-stable-nu1p2-N160-s202-refinement-d1720d823b\arrays.npz,160,student_t,1.2,dynamic,88.35696353293332,0.003,True
1.5,,0.5,0.5,19,2639.4037542015576,2.0,2.0,stable,refinement,1.5977428580622308,,3,block,16384,202,SOURCE_RUN\raw\task-0050-dynamic-stable-nu1p2-N40-s202-refinement-712f8e6442\arrays.npz,40,student_t,1.2,dynamic,86.94514662498288,0.003,True
1.5,,0.5,0.5,22,1952.4933711656358,2.0,2.0,stable,refinement,1.0099049798514734,,3,block,16384,202,SOURCE_RUN\raw\task-0054-dynamic-stable-nu1p2-N80-s202-refinement-0ec9e4c6ef\arrays.npz,80,student_t,1.2,dynamic,87.87925642509406,0.003,True
1.5,,0.5,0.5,45,8019.615140102134,2.0,2.0,stable,refinement,3.1768236462327124,,3,block,16384,202,SOURCE_RUN\raw\task-0058-dynamic-stable-nu1p2-N160-s202-refinement-d1720d823b\arrays.npz,160,student_t,1.2,dynamic,56.098068267461116,0.006,True
1.5,,0.5,0.5,37,3545.231182209854,2.0,2.0,stable,refinement,1.7357627663781507,,3,block,16384,202,SOURCE_RUN\raw\task-0050-dynamic-stable-nu1p2-N40-s202-refinement-712f8e6442\arrays.npz,40,student_t,1.2,dynamic,55.20170200365396,0.006,True
1.5,,0.5,0.5,39,2935.4038114187915,2.0,2.0,stable,refinement,1.3489931647178532,,3,block,16384,202,SOURCE_RUN\raw\task-0054-dynamic-stable-nu1p2-N80-s202-refinement-0ec9e4c6ef\arrays.npz,80,student_t,1.2,dynamic,55.79477076972139,0.006,True
1.5,,0.5,0.5,73,9135.678989934653,2.0,2.0,stable,refinement,3.4876441256229214,,3,block,16384,202,SOURCE_RUN\raw\task-0058-dynamic-stable-nu1p2-N160-s202-refinement-d1720d823b\arrays.npz,160,student_t,1.2,dynamic,35.88275724978083,0.012,True
1.5,,0.5,0.5,64,4520.01840132532,2.0,2.0,stable,refinement,2.0001835910599084,,3,block,16384,202,SOURCE_RUN\raw\task-0050-dynamic-stable-nu1p2-N40-s202-refinement-712f8e6442\arrays.npz,40,student_t,1.2,dynamic,35.30940251503783,0.012,True
1.5,,0.5,0.5,65,3880.5036597678572,2.0,2.0,stable,refinement,1.67279739165191,,3,block,16384,202,SOURCE_RUN\raw\task-0054-dynamic-stable-nu1p2-N80-s202-refinement-0ec9e4c6ef\arrays.npz,80,student_t,1.2,dynamic,35.68875501722672,0.012,True
1.5,,0.5,0.5,98,16807.26449696072,2.0,2.0,stable,refinement,1.941020742351049,,-1,full,65536,202,SOURCE_RUN\raw\task-0058-dynamic-stable-nu1p2-N160-s202-refinement-d1720d823b\arrays.npz,160,student_t,1.2,dynamic,88.35696353293332,0.003,True
1.5,,0.5,0.5,99,16677.259904848514,2.0,2.0,stable,refinement,1.9375109168847038,,-1,full,65536,202,SOURCE_RUN\raw\task-0050-dynamic-stable-nu1p2-N40-s202-refinement-712f8e6442\arrays.npz,40,student_t,1.2,dynamic,86.94514662498288,0.003,True
1.5,,0.5,0.5,98,16763.27005270362,2.0,2.0,stable,refinement,1.946463625278826,,-1,full,65536,202,SOURCE_RUN\raw\task-0054-dynamic-stable-nu1p2-N80-s202-refinement-0ec9e4c6ef\arrays.npz,80,student_t,1.2,dynamic,87.87925642509406,0.003,True
1.5,,0.5,0.5,165,21090.48190443182,2.0,2.0,stable,refinement,2.278529482364418,,-1,full,65536,202,SOURCE_RUN\raw\task-0058-dynamic-stable-nu1p2-N160-s202-refinement-d1720d823b\arrays.npz,160,student_t,1.2,dynamic,56.098068267461116,0.006,True
1.5,,0.5,0.5,167,20922.048232504363,2.0,2.0,stable,refinement,2.269526507259634,,-1,full,65536,202,SOURCE_RUN\raw\task-0050-dynamic-stable-nu1p2-N40-s202-refinement-712f8e6442\arrays.npz,40,student_t,1.2,dynamic,55.20170200365396,0.006,True
1.5,,0.5,0.5,166,21034.72654593709,2.0,2.0,stable,refinement,2.2710949145975006,,-1,full,65536,202,SOURCE_RUN\raw\task-0054-dynamic-stable-nu1p2-N80-s202-refinement-0ec9e4c6ef\arrays.npz,80,student_t,1.2,dynamic,55.79477076972139,0.006,True
1.5,,0.5,0.5,291,25429.53416527822,2.0,2.0,stable,refinement,2.4353400363382733,,-1,full,65536,202,SOURCE_RUN\raw\task-0058-dynamic-stable-nu1p2-N160-s202-refinement-d1720d823b\arrays.npz,160,student_t,1.2,dynamic,35.88275724978083,0.012,True
1.5,,0.5,0.5,293,25229.30421237117,2.0,2.0,stable,refinement,2.4386377050302155,,-1,full,65536,202,SOURCE_RUN\raw\task-0050-dynamic-stable-nu1p2-N40-s202-refinement-712f8e6442\arrays.npz,40,student_t,1.2,dynamic,35.30940251503783,0.012,True
1.5,,0.5,0.5,291,25363.12656706296,2.0,2.0,stable,refinement,2.4421841136701024,,-1,full,65536,202,SOURCE_RUN\raw\task-0054-dynamic-stable-nu1p2-N80-s202-refinement-0ec9e4c6ef\arrays.npz,80,student_t,1.2,dynamic,35.68875501722672,0.012,True
1.5,,0.5,0.5,24,1366.3751003451116,2.0,2.0,stable,refinement,0.644344187161803,,-1,nested,16384,202,SOURCE_RUN\raw\task-0058-dynamic-stable-nu1p2-N160-s202-refinement-d1720d823b\arrays.npz,160,student_t,1.2,dynamic,88.35696353293332,0.003,True
1.5,,0.5,0.5,35,7413.163294174152,2.0,2.0,stable,refinement,2.43607232570901,,-1,nested,16384,202,SOURCE_RUN\raw\task-0050-dynamic-stable-nu1p2-N40-s202-refinement-712f8e6442\arrays.npz,40,student_t,1.2,dynamic,86.94514662498288,0.003,True
1.5,,0.5,0.5,27,4337.188922529155,2.0,2.0,stable,refinement,1.8279242826464,,-1,nested,16384,202,SOURCE_RUN\raw\task-0054-dynamic-stable-nu1p2-N80-s202-refinement-0ec9e4c6ef\arrays.npz,80,student_t,1.2,dynamic,87.87925642509406,0.003,True
1.5,,0.5,0.5,38,2397.7320155659954,2.0,2.0,stable,refinement,1.1247840234909918,,-1,nested,16384,202,SOURCE_RUN\raw\task-0058-dynamic-stable-nu1p2-N160-s202-refinement-d1720d823b\arrays.npz,160,student_t,1.2,dynamic,56.098068267461116,0.006,True
1.5,,0.5,0.5,53,8809.938638480942,2.0,2.0,stable,refinement,3.011234278950786,,-1,nested,16384,202,SOURCE_RUN\raw\task-0050-dynamic-stable-nu1p2-N40-s202-refinement-712f8e6442\arrays.npz,40,student_t,1.2,dynamic,55.20170200365396,0.006,True
1.5,,0.5,0.5,44,5417.020532796525,2.0,2.0,stable,refinement,2.206552716673481,,-1,nested,16384,202,SOURCE_RUN\raw\task-0054-dynamic-stable-nu1p2-N80-s202-refinement-0ec9e4c6ef\arrays.npz,80,student_t,1.2,dynamic,55.79477076972139,0.006,True
1.5,,0.5,0.5,70,3493.199216534944,2.0,2.0,stable,refinement,1.390719380986365,,-1,nested,16384,202,SOURCE_RUN\raw\task-0058-dynamic-stable-nu1p2-N160-s202-refinement-d1720d823b\arrays.npz,160,student_t,1.2,dynamic,35.88275724978083,0.012,True
1.5,,0.5,0.5,78,10078.710344677214,2.0,2.0,stable,refinement,3.659485179142828,,-1,nested,16384,202,SOURCE_RUN\raw\task-0050-dynamic-stable-nu1p2-N40-s202-refinement-712f8e6442\arrays.npz,40,student_t,1.2,dynamic,35.30940251503783,0.012,True
1.5,,0.5,0.5,77,6526.9045354803375,2.0,2.0,stable,refinement,2.3751177065818525,,-1,nested,16384,202,SOURCE_RUN\raw\task-0054-dynamic-stable-nu1p2-N80-s202-refinement-0ec9e4c6ef\arrays.npz,80,student_t,1.2,dynamic,35.68875501722672,0.012,True
1.5,,0.5,0.5,43,4382.512246011432,2.0,2.0,stable,refinement,1.153490176290837,,-1,nested,32768,202,SOURCE_RUN\raw\task-0058-dynamic-stable-nu1p2-N160-s202-refinement-d1720d823b\arrays.npz,160,student_t,1.2,dynamic,88.35696353293332,0.003,True
1.5,,0.5,0.5,55,8980.507887648228,2.0,2.0,stable,refinement,1.8779882251263762,,-1,nested,32768,202,SOURCE_RUN\raw\task-0050-dynamic-stable-nu1p2-N40-s202-refinement-712f8e6442\arrays.npz,40,student_t,1.2,dynamic,86.94514662498288,0.003,True
1.5,,0.5,0.5,58,12311.931176737837,2.0,2.0,stable,refinement,2.4155265314737213,,-1,nested,32768,202,SOURCE_RUN\raw\task-0054-dynamic-stable-nu1p2-N80-s202-refinement-0ec9e4c6ef\arrays.npz,80,student_t,1.2,dynamic,87.87925642509406,0.003,True
1.5,,0.5,0.5,73,6291.726596274895,2.0,2.0,stable,refinement,1.5363815230586408,,-1,nested,32768,202,SOURCE_RUN\raw\task-0058-dynamic-stable-nu1p2-N160-s202-refinement-d1720d823b\arrays.npz,160,student_t,1.2,dynamic,56.098068267461116,0.006,True
1.5,,0.5,0.5,90,11254.337642038707,2.0,2.0,stable,refinement,2.265296023198252,,-1,nested,32768,202,SOURCE_RUN\raw\task-0050-dynamic-stable-nu1p2-N40-s202-refinement-712f8e6442\arrays.npz,40,student_t,1.2,dynamic,55.20170200365396,0.006,True
1.5,,0.5,0.5,92,14703.739750950808,2.0,2.0,stable,refinement,2.8644845378456396,,-1,nested,32768,202,SOURCE_RUN\raw\task-0054-dynamic-stable-nu1p2-N80-s202-refinement-0ec9e4c6ef\arrays.npz,80,student_t,1.2,dynamic,55.79477076972139,0.006,True
1.5,,0.5,0.5,147,8407.220520630042,2.0,2.0,stable,refinement,1.59385679123546,,-1,nested,32768,202,SOURCE_RUN\raw\task-0058-dynamic-stable-nu1p2-N160-s202-refinement-d1720d823b\arrays.npz,160,student_t,1.2,dynamic,35.88275724978083,0.012,True
1.5,,0.5,0.5,153,13540.879058455284,2.0,2.0,stable,refinement,2.506484709520406,,-1,nested,32768,202,SOURCE_RUN\raw\task-0050-dynamic-stable-nu1p2-N40-s202-refinement-712f8e6442\arrays.npz,40,student_t,1.2,dynamic,35.30940251503783,0.012,True
1.5,,0.5,0.5,163,17124.35715893165,2.0,2.0,stable,refinement,2.943711705054036,,-1,nested,32768,202,SOURCE_RUN\raw\task-0054-dynamic-stable-nu1p2-N80-s202-refinement-0ec9e4c6ef\arrays.npz,80,student_t,1.2,dynamic,35.68875501722672,0.012,True
1.5,,0.5,0.5,18,1852.3133115429014,2.0,2.0,stable,refinement,1.164665363894725,,0,block,16384,203,SOURCE_RUN\raw\task-0059-dynamic-stable-nu1p2-N160-s203-refinement-13b498c7d2\arrays.npz,160,student_t,1.2,dynamic,88.35696353293332,0.003,True
1.5,,0.5,0.5,23,4404.789195290369,2.0,2.0,stable,refinement,2.202682738972431,,0,block,16384,203,SOURCE_RUN\raw\task-0051-dynamic-stable-nu1p2-N40-s203-refinement-14aab7ef2d\arrays.npz,40,student_t,1.2,dynamic,86.94514662498288,0.003,True
1.5,,0.5,0.5,22,2737.908239409701,2.0,2.0,stable,refinement,1.4161518836325266,,0,block,16384,203,SOURCE_RUN\raw\task-0055-dynamic-stable-nu1p2-N80-s203-refinement-5d4d389215\arrays.npz,80,student_t,1.2,dynamic,87.87925642509406,0.003,True
1.5,,0.5,0.5,36,2617.6151620876394,2.0,2.0,stable,refinement,1.296150376044009,,0,block,16384,203,SOURCE_RUN\raw\task-0059-dynamic-stable-nu1p2-N160-s203-refinement-13b498c7d2\arrays.npz,160,student_t,1.2,dynamic,56.098068267461116,0.006,True
1.5,,0.5,0.5,42,5318.854992906225,2.0,2.0,stable,refinement,2.294121376631154,,0,block,16384,203,SOURCE_RUN\raw\task-0051-dynamic-stable-nu1p2-N40-s203-refinement-14aab7ef2d\arrays.npz,40,student_t,1.2,dynamic,55.20170200365396,0.006,True
1.5,,0.5,0.5,42,3663.2658162554844,2.0,2.0,stable,refinement,1.5632399500793785,,0,block,16384,203,SOURCE_RUN\raw\task-0055-dynamic-stable-nu1p2-N80-s203-refinement-5d4d389215\arrays.npz,80,student_t,1.2,dynamic,55.79477076972139,0.006,True
1.5,,0.5,0.5,65,3586.064945484641,2.0,2.0,stable,refinement,1.537513673949064,,0,block,16384,203,SOURCE_RUN\raw\task-0059-dynamic-stable-nu1p2-N160-s203-refinement-13b498c7d2\arrays.npz,160,student_t,1.2,dynamic,35.88275724978083,0.012,True
1.5,,0.5,0.5,70,6372.345109953161,2.0,2.0,stable,refinement,2.5781660149018215,,0,block,16384,203,SOURCE_RUN\raw\task-0051-dynamic-stable-nu1p2-N40-s203-refinement-14aab7ef2d\arrays.npz,40,student_t,1.2,dynamic,35.30940251503783,0.012,True
1.5,,0.5,0.5,74,4728.442245110489,2.0,2.0,stable,refinement,1.79042020788693,,0,block,16384,203,SOURCE_RUN\raw\task-0055-dynamic-stable-nu1p2-N80-s203-refinement-5d4d389215\arrays.npz,80,student_t,1.2,dynamic,35.68875501722672,0.012,True
1.5,,0.5,0.5,23,3503.927717116969,2.0,2.0,stable,refinement,1.724195550202766,,1,block,16384,203,SOURCE_RUN\raw\task-0059-dynamic-stable-nu1p2-N160-s203-refinement-13b498c7d2\arrays.npz,160,student_t,1.2,dynamic,88.35696353293332,0.003,True
1.5,,0.5,0.5,22,2784.54094270767,2.0,2.0,stable,refinement,1.455745924453705,,1,block,16384,203,SOURCE_RUN\raw\task-0051-dynamic-stable-nu1p2-N40-s203-refinement-14aab7ef2d\arrays.npz,40,student_t,1.2,dynamic,86.94514662498288,0.003,True
1.5,,0.5,0.5,26,5680.899619442592,2.0,2.0,stable,refinement,2.4863221208018613,,1,block,16384,203,SOURCE_RUN\raw\task-0055-dynamic-stable-nu1p2-N80-s203-refinement-5d4d389215\arrays.npz,80,student_t,1.2,dynamic,87.87925642509406,0.003,True
1.5,,0.5,0.5,40,4458.402802025634,2.0,2.0,stable,refinement,1.9868789334995989,,1,block,16384,203,SOURCE_RUN\raw\task-0059-dynamic-stable-nu1p2-N160-s203-refinement-13b498c7d2\arrays.npz,160,student_t,1.2,dynamic,56.098068267461116,0.006,True
1.5,,0.5,0.5,42,3765.226900930163,2.0,2.0,stable,refinement,1.624012599104683,,1,block,16384,203,SOURCE_RUN\raw\task-0051-dynamic-stable-nu1p2-N40-s203-refinement-14aab7ef2d\arrays.npz,40,student_t,1.2,dynamic,55.20170200365396,0.006,True
1.5,,0.5,0.5,46,6805.357031968378,2.0,2.0,stable,refinement,2.65154856149191,,1,block,16384,203,SOURCE_RUN\raw\task-0055-dynamic-stable-nu1p2-N80-s203-refinement-5d4d389215\arrays.npz,80,student_t,1.2,dynamic,55.79477076972139,0.006,True
1.5,,0.5,0.5,70,5522.690213697973,2.0,2.0,stable,refinement,2.19870435073329,,1,block,16384,203,SOURCE_RUN\raw\task-0059-dynamic-stable-nu1p2-N160-s203-refinement-13b498c7d2\arrays.npz,160,student_t,1.2,dynamic,35.88275724978083,0.012,True
1.5,,0.5,0.5,84,4991.208728477087,2.0,2.0,stable,refinement,1.6828138483562065,,1,block,16384,203,SOURCE_RUN\raw\task-0051-dynamic-stable-nu1p2-N40-s203-refinement-14aab7ef2d\arrays.npz,40,student_t,1.2,dynamic,35.30940251503783,0.012,True
1.5,,0.5,0.5,75,7964.974848304963,2.0,2.0,stable,refinement,2.975717830246651,,1,block,16384,203,SOURCE_RUN\raw\task-0055-dynamic-stable-nu1p2-N80-s203-refinement-5d4d389215\arrays.npz,80,student_t,1.2,dynamic,35.68875501722672,0.012,True
1.5,,0.5,0.5,27,8421.099954527506,2.0,2.0,stable,refinement,3.5299152261176823,,2,block,16384,203,SOURCE_RUN\raw\task-0059-dynamic-stable-nu1p2-N160-s203-refinement-13b498c7d2\arrays.npz,160,student_t,1.2,dynamic,88.35696353293332,0.003,True
1.5,,0.5,0.5,21,5980.495909037696,2.0,2.0,stable,refinement,3.2754619496628123,,2,block,16384,203,SOURCE_RUN\raw\task-0051-dynamic-stable-nu1p2-N40-s203-refinement-14aab7ef2d\arrays.npz,40,student_t,1.2,dynamic,86.94514662498288,0.003,True
1.5,,0.5,0.5,23,8336.562650952044,2.0,2.0,stable,refinement,4.12451425328704,,2,block,16384,203,SOURCE_RUN\raw\task-0055-dynamic-stable-nu1p2-N80-s203-refinement-5d4d389215\arrays.npz,80,student_t,1.2,dynamic,87.87925642509406,0.003,True
1.5,,0.5,0.5,43,9551.916531223014,2.0,2.0,stable,refinement,3.9598082538293062,,2,block,16384,203,SOURCE_RUN\raw\task-0059-dynamic-stable-nu1p2-N160-s203-refinement-13b498c7d2\arrays.npz,160,student_t,1.2,dynamic,56.098068267461116,0.006,True
1.5,,0.5,0.5,35,6884.235380305628,2.0,2.0,stable,refinement,3.5631589660819514,,2,block,16384,203,SOURCE_RUN\raw\task-0051-dynamic-stable-nu1p2-N40-s203-refinement-14aab7ef2d\arrays.npz,40,student_t,1.2,dynamic,55.20170200365396,0.006,True
1.5,,0.5,0.5,40,9270.502111692962,2.0,2.0,stable,refinement,4.153840039039941,,2,block,16384,203,SOURCE_RUN\raw\task-0055-dynamic-stable-nu1p2-N80-s203-refinement-5d4d389215\arrays.npz,80,student_t,1.2,dynamic,55.79477076972139,0.006,True
1.5,,0.5,0.5,83,10734.540057006285,2.0,2.0,stable,refinement,3.604288461320188,,2,block,16384,203,SOURCE_RUN\raw\task-0059-dynamic-stable-nu1p2-N160-s203-refinement-13b498c7d2\arrays.npz,160,student_t,1.2,dynamic,35.88275724978083,0.012,True
1.5,,0.5,0.5,66,7855.162820197209,2.0,2.0,stable,refinement,3.3707061012190276,,2,block,16384,203,SOURCE_RUN\raw\task-0051-dynamic-stable-nu1p2-N40-s203-refinement-14aab7ef2d\arrays.npz,40,student_t,1.2,dynamic,35.30940251503783,0.012,True
1.5,,0.5,0.5,77,10413.1620780697,2.0,2.0,stable,refinement,3.7893132186450575,,2,block,16384,203,SOURCE_RUN\raw\task-0055-dynamic-stable-nu1p2-N80-s203-refinement-5d4d389215\arrays.npz,80,student_t,1.2,dynamic,35.68875501722672,0.012,True
1.5,,0.5,0.5,28,8492.049690340626,2.0,2.0,stable,refinement,3.4325250304430415,,3,block,16384,203,SOURCE_RUN\raw\task-0059-dynamic-stable-nu1p2-N160-s203-refinement-13b498c7d2\arrays.npz,160,student_t,1.2,dynamic,88.35696353293332,0.003,True
1.5,,0.5,0.5,30,8908.884865544693,2.0,2.0,stable,refinement,3.415519328897885,,3,block,16384,203,SOURCE_RUN\raw\task-0051-dynamic-stable-nu1p2-N40-s203-refinement-14aab7ef2d\arrays.npz,40,student_t,1.2,dynamic,86.94514662498288,0.003,True
1.5,,0.5,0.5,25,5448.071079551987,2.0,2.0,stable,refinement,2.479798442170834,,3,block,16384,203,SOURCE_RUN\raw\task-0055-dynamic-stable-nu1p2-N80-s203-refinement-5d4d389215\arrays.npz,80,student_t,1.2,dynamic,87.87925642509406,0.003,True
1.5,,0.5,0.5,46,9618.743859694878,2.0,2.0,stable,refinement,3.7274568241409223,,3,block,16384,203,SOURCE_RUN\raw\task-0059-dynamic-stable-nu1p2-N160-s203-refinement-13b498c7d2\arrays.npz,160,student_t,1.2,dynamic,56.098068267461116,0.006,True
1.5,,0.5,0.5,47,10052.001988581651,2.0,2.0,stable,refinement,3.8743802269289263,,3,block,16384,203,SOURCE_RUN\raw\task-0051-dynamic-stable-nu1p2-N40-s203-refinement-14aab7ef2d\arrays.npz,40,student_t,1.2,dynamic,55.20170200365396,0.006,True
1.5,,0.5,0.5,37,6430.224293838269,2.0,2.0,stable,refinement,3.114805265473456,,3,block,16384,203,SOURCE_RUN\raw\task-0055-dynamic-stable-nu1p2-N80-s203-refinement-5d4d389215\arrays.npz,80,student_t,1.2,dynamic,55.79477076972139,0.006,True
1.5,,0.5,0.5,81,10810.45777779655,2.0,2.0,stable,refinement,3.719403187780592,,3,block,16384,203,SOURCE_RUN\raw\task-0059-dynamic-stable-nu1p2-N160-s203-refinement-13b498c7d2\arrays.npz,160,student_t,1.2,dynamic,35.88275724978083,0.012,True
1.5,,0.5,0.5,82,11179.796774078844,2.0,2.0,stable,refinement,3.8612657065402605,,3,block,16384,203,SOURCE_RUN\raw\task-0051-dynamic-stable-nu1p2-N40-s203-refinement-14aab7ef2d\arrays.npz,40,student_t,1.2,dynamic,35.30940251503783,0.012,True
1.5,,0.5,0.5,73,7460.355822549852,2.0,2.0,stable,refinement,2.863553381284749,,3,block,16384,203,SOURCE_RUN\raw\task-0055-dynamic-stable-nu1p2-N80-s203-refinement-5d4d389215\arrays.npz,80,student_t,1.2,dynamic,35.68875501722672,0.012,True
1.5,,0.5,0.5,96,22269.390673528003,2.0,2.0,stable,refinement,2.6254050641911593,,-1,full,65536,203,SOURCE_RUN\raw\task-0059-dynamic-stable-nu1p2-N160-s203-refinement-13b498c7d2\arrays.npz,160,student_t,1.2,dynamic,88.35696353293332,0.003,True
1.5,,0.5,0.5,96,22078.710912580427,2.0,2.0,stable,refinement,2.6451916056687814,,-1,full,65536,203,SOURCE_RUN\raw\task-0051-dynamic-stable-nu1p2-N40-s203-refinement-14aab7ef2d\arrays.npz,40,student_t,1.2,dynamic,86.94514662498288,0.003,True
1.5,,0.5,0.5,96,22203.441589356327,2.0,2.0,stable,refinement,2.631859431881633,,-1,full,65536,203,SOURCE_RUN\raw\task-0055-dynamic-stable-nu1p2-N80-s203-refinement-5d4d389215\arrays.npz,80,student_t,1.2,dynamic,87.87925642509406,0.003,True
1.5,,0.5,0.5,165,26246.678355031163,2.0,2.0,stable,refinement,2.835583876986126,,-1,full,65536,203,SOURCE_RUN\raw\task-0059-dynamic-stable-nu1p2-N160-s203-refinement-13b498c7d2\arrays.npz,160,student_t,1.2,dynamic,56.098068267461116,0.006,True
1.5,,0.5,0.5,166,26020.31926272367,2.0,2.0,stable,refinement,2.8395666352977895,,-1,full,65536,203,SOURCE_RUN\raw\task-0051-dynamic-stable-nu1p2-N40-s203-refinement-14aab7ef2d\arrays.npz,40,student_t,1.2,dynamic,55.20170200365396,0.006,True
1.5,,0.5,0.5,165,26169.34925375509,2.0,2.0,stable,refinement,2.8425982310065283,,-1,full,65536,203,SOURCE_RUN\raw\task-0055-dynamic-stable-nu1p2-N80-s203-refinement-5d4d389215\arrays.npz,80,student_t,1.2,dynamic,55.79477076972139,0.006,True
1.5,,0.5,0.5,299,30653.75299398545,2.0,2.0,stable,refinement,2.8571080062134553,,-1,full,65536,203,SOURCE_RUN\raw\task-0059-dynamic-stable-nu1p2-N160-s203-refinement-13b498c7d2\arrays.npz,160,student_t,1.2,dynamic,35.88275724978083,0.012,True
1.5,,0.5,0.5,302,30398.5134327063,2.0,2.0,stable,refinement,2.8507230957675693,,-1,full,65536,203,SOURCE_RUN\raw\task-0051-dynamic-stable-nu1p2-N40-s203-refinement-14aab7ef2d\arrays.npz,40,student_t,1.2,dynamic,35.30940251503783,0.012,True
1.5,,0.5,0.5,299,30566.934994035008,2.0,2.0,stable,refinement,2.864503168299625,,-1,full,65536,203,SOURCE_RUN\raw\task-0055-dynamic-stable-nu1p2-N80-s203-refinement-5d4d389215\arrays.npz,80,student_t,1.2,dynamic,35.68875501722672,0.012,True
1.5,,0.5,0.5,18,1852.3133115429014,2.0,2.0,stable,refinement,1.164665363894725,,-1,nested,16384,203,SOURCE_RUN\raw\task-0059-dynamic-stable-nu1p2-N160-s203-refinement-13b498c7d2\arrays.npz,160,student_t,1.2,dynamic,88.35696353293332,0.003,True
1.5,,0.5,0.5,23,4404.789195290369,2.0,2.0,stable,refinement,2.202682738972431,,-1,nested,16384,203,SOURCE_RUN\raw\task-0051-dynamic-stable-nu1p2-N40-s203-refinement-14aab7ef2d\arrays.npz,40,student_t,1.2,dynamic,86.94514662498288,0.003,True
1.5,,0.5,0.5,22,2737.908239409701,2.0,2.0,stable,refinement,1.4161518836325266,,-1,nested,16384,203,SOURCE_RUN\raw\task-0055-dynamic-stable-nu1p2-N80-s203-refinement-5d4d389215\arrays.npz,80,student_t,1.2,dynamic,87.87925642509406,0.003,True
1.5,,0.5,0.5,36,2617.6151620876394,2.0,2.0,stable,refinement,1.296150376044009,,-1,nested,16384,203,SOURCE_RUN\raw\task-0059-dynamic-stable-nu1p2-N160-s203-refinement-13b498c7d2\arrays.npz,160,student_t,1.2,dynamic,56.098068267461116,0.006,True
1.5,,0.5,0.5,42,5318.854992906225,2.0,2.0,stable,refinement,2.294121376631154,,-1,nested,16384,203,SOURCE_RUN\raw\task-0051-dynamic-stable-nu1p2-N40-s203-refinement-14aab7ef2d\arrays.npz,40,student_t,1.2,dynamic,55.20170200365396,0.006,True
1.5,,0.5,0.5,42,3663.2658162554844,2.0,2.0,stable,refinement,1.5632399500793785,,-1,nested,16384,203,SOURCE_RUN\raw\task-0055-dynamic-stable-nu1p2-N80-s203-refinement-5d4d389215\arrays.npz,80,student_t,1.2,dynamic,55.79477076972139,0.006,True
1.5,,0.5,0.5,65,3586.064945484641,2.0,2.0,stable,refinement,1.537513673949064,,-1,nested,16384,203,SOURCE_RUN\raw\task-0059-dynamic-stable-nu1p2-N160-s203-refinement-13b498c7d2\arrays.npz,160,student_t,1.2,dynamic,35.88275724978083,0.012,True
1.5,,0.5,0.5,70,6372.345109953161,2.0,2.0,stable,refinement,2.5781660149018215,,-1,nested,16384,203,SOURCE_RUN\raw\task-0051-dynamic-stable-nu1p2-N40-s203-refinement-14aab7ef2d\arrays.npz,40,student_t,1.2,dynamic,35.30940251503783,0.012,True
1.5,,0.5,0.5,74,4728.442245110489,2.0,2.0,stable,refinement,1.79042020788693,,-1,nested,16384,203,SOURCE_RUN\raw\task-0055-dynamic-stable-nu1p2-N80-s203-refinement-5d4d389215\arrays.npz,80,student_t,1.2,dynamic,35.68875501722672,0.012,True
1.5,,0.5,0.5,41,5356.2410286598715,2.0,2.0,stable,refinement,1.4785481513358214,,-1,nested,32768,203,SOURCE_RUN\raw\task-0059-dynamic-stable-nu1p2-N160-s203-refinement-13b498c7d2\arrays.npz,160,student_t,1.2,dynamic,88.35696353293332,0.003,True
1.5,,0.5,0.5,45,7189.330137998041,2.0,2.0,stable,refinement,1.8375136296521657,,-1,nested,32768,203,SOURCE_RUN\raw\task-0051-dynamic-stable-nu1p2-N40-s203-refinement-14aab7ef2d\arrays.npz,40,student_t,1.2,dynamic,86.94514662498288,0.003,True
1.5,,0.5,0.5,48,8418.807858852293,2.0,2.0,stable,refinement,1.9958274287659163,,-1,nested,32768,203,SOURCE_RUN\raw\task-0055-dynamic-stable-nu1p2-N80-s203-refinement-5d4d389215\arrays.npz,80,student_t,1.2,dynamic,87.87925642509406,0.003,True
1.5,,0.5,0.5,76,7076.017964113273,2.0,2.0,stable,refinement,1.6596917220732668,,-1,nested,32768,203,SOURCE_RUN\raw\task-0059-dynamic-stable-nu1p2-N160-s203-refinement-13b498c7d2\arrays.npz,160,student_t,1.2,dynamic,56.098068267461116,0.006,True
1.5,,0.5,0.5,84,9084.081893836388,2.0,2.0,stable,refinement,1.9590669878679186,,-1,nested,32768,203,SOURCE_RUN\raw\task-0051-dynamic-stable-nu1p2-N40-s203-refinement-14aab7ef2d\arrays.npz,40,student_t,1.2,dynamic,55.20170200365396,0.006,True
1.5,,0.5,0.5,88,10468.622848223862,2.0,2.0,stable,refinement,2.1321285424086565,,-1,nested,32768,203,SOURCE_RUN\raw\task-0055-dynamic-stable-nu1p2-N80-s203-refinement-5d4d389215\arrays.npz,80,student_t,1.2,dynamic,55.79477076972139,0.006,True
1.5,,0.5,0.5,135,9108.755159182614,2.0,2.0,stable,refinement,1.8803532841334776,,-1,nested,32768,203,SOURCE_RUN\raw\task-0059-dynamic-stable-nu1p2-N160-s203-refinement-13b498c7d2\arrays.npz,160,student_t,1.2,dynamic,35.88275724978083,0.012,True
1.5,,0.5,0.5,154,11363.553838430245,2.0,2.0,stable,refinement,2.08979210587694,,-1,nested,32768,203,SOURCE_RUN\raw\task-0051-dynamic-stable-nu1p2-N40-s203-refinement-14aab7ef2d\arrays.npz,40,student_t,1.2,dynamic,35.30940251503783,0.012,True
1.5,,0.5,0.5,149,12693.417093415454,2.0,2.0,stable,refinement,2.3870465278666555,,-1,nested,32768,203,SOURCE_RUN\raw\task-0055-dynamic-stable-nu1p2-N80-s203-refinement-5d4d389215\arrays.npz,80,student_t,1.2,dynamic,35.68875501722672,0.012,True
1.5,,0.5,0.5,43,2451.9863151973245,2.0,2.0,stable,refinement,1.6984297973803224,,0,block,16384,200,SOURCE_RUN\raw\task-0068-dynamic-stable-nu1p5-N160-s200-refinement-faac1bd3cc\arrays.npz,160,student_t,1.5,dynamic,33.57391494819586,0.003,True
1.5,,0.5,0.5,48,2126.7478096772115,2.0,2.0,stable,refinement,1.3247053678516956,,0,block,16384,200,SOURCE_RUN\raw\task-0060-dynamic-stable-nu1p5-N40-s200-refinement-dee8cc841d\arrays.npz,40,student_t,1.5,dynamic,33.44686834537099,0.003,True
1.5,,0.5,0.5,48,1640.5838631672236,2.0,2.0,stable,refinement,1.0193099649758557,,0,block,16384,200,SOURCE_RUN\raw\task-0064-dynamic-stable-nu1p5-N80-s200-refinement-844f1bc1c2\arrays.npz,80,student_t,1.5,dynamic,33.53134145358824,0.003,True
1.5,,0.5,0.5,91,3217.3655545494144,2.0,2.0,stable,refinement,1.6586314867642993,,0,block,16384,200,SOURCE_RUN\raw\task-0068-dynamic-stable-nu1p5-N160-s200-refinement-faac1bd3cc\arrays.npz,160,student_t,1.5,dynamic,21.31616680181424,0.006,True
1.5,,0.5,0.5,98,2980.5685218194917,2.0,2.0,stable,refinement,1.4322223610886826,,0,block,16384,200,SOURCE_RUN\raw\task-0060-dynamic-stable-nu1p5-N40-s200-refinement-dee8cc841d\arrays.npz,40,student_t,1.5,dynamic,21.235504579919724,0.006,True
1.5,,0.5,0.5,100,2477.3114807386905,2.0,2.0,stable,refinement,1.1636505070841194,,0,block,16384,200,SOURCE_RUN\raw\task-0064-dynamic-stable-nu1p5-N80-s200-refinement-844f1bc1c2\arrays.npz,80,student_t,1.5,dynamic,21.28913677824408,0.006,True
1.5,,0.5,0.5,172,4172.776328942587,2.0,2.0,stable,refinement,1.7793019255021862,,0,block,16384,200,SOURCE_RUN\raw\task-0068-dynamic-stable-nu1p5-N160-s200-refinement-faac1bd3cc\arrays.npz,160,student_t,1.5,dynamic,13.63474469742119,0.012,True
1.5,,0.5,0.5,182,4034.5867438982627,2.0,2.0,stable,refinement,1.6320264162783784,,0,block,16384,200,SOURCE_RUN\raw\task-0060-dynamic-stable-nu1p5-N40-s200-refinement-dee8cc841d\arrays.npz,40,student_t,1.5,dynamic,13.583149642246221,0.012,True
1.5,,0.5,0.5,168,3489.5853652402725,2.0,2.0,stable,refinement,1.525346790090498,,0,block,16384,200,SOURCE_RUN\raw\task-0064-dynamic-stable-nu1p5-N80-s200-refinement-844f1bc1c2\arrays.npz,80,student_t,1.5,dynamic,13.617455122143847,0.012,True
1.5,,0.5,0.5,55,3185.866500348272,2.0,2.0,stable,refinement,1.7252931494660362,,1,block,16384,200,SOURCE_RUN\raw\task-0068-dynamic-stable-nu1p5-N160-s200-refinement-faac1bd3cc\arrays.npz,160,student_t,1.5,dynamic,33.57391494819586,0.003,True
1.5,,0.5,0.5,51,2612.0083170304665,2.0,2.0,stable,refinement,1.5312599321612357,,1,block,16384,200,SOURCE_RUN\raw\task-0060-dynamic-stable-nu1p5-N40-s200-refinement-dee8cc841d\arrays.npz,40,student_t,1.5,dynamic,33.44686834537099,0.003,True
1.5,,0.5,0.5,50,3159.3721544207183,2.0,2.0,stable,refinement,1.884429323409982,,1,block,16384,200,SOURCE_RUN\raw\task-0064-dynamic-stable-nu1p5-N80-s200-refinement-844f1bc1c2\arrays.npz,80,student_t,1.5,dynamic,33.53134145358824,0.003,True
1.5,,0.5,0.5,94,4046.3312449271757,2.0,2.0,stable,refinement,2.0194098438950885,,1,block,16384,200,SOURCE_RUN\raw\task-0068-dynamic-stable-nu1p5-N160-s200-refinement-faac1bd3cc\arrays.npz,160,student_t,1.5,dynamic,21.31616680181424,0.006,True
1.5,,0.5,0.5,98,3427.365574747609,2.0,2.0,stable,refinement,1.6469172172503983,,1,block,16384,200,SOURCE_RUN\raw\task-0060-dynamic-stable-nu1p5-N40-s200-refinement-dee8cc841d\arrays.npz,40,student_t,1.5,dynamic,21.235504579919724,0.006,True
1.5,,0.5,0.5,105,4013.2617043728615,2.0,2.0,stable,refinement,1.7953541489153229,,1,block,16384,200,SOURCE_RUN\raw\task-0064-dynamic-stable-nu1p5-N80-s200-refinement-844f1bc1c2\arrays.npz,80,student_t,1.5,dynamic,21.28913677824408,0.006,True
1.5,,0.5,0.5,196,5116.395168578509,2.0,2.0,stable,refinement,1.9145248086295745,,1,block,16384,200,SOURCE_RUN\raw\task-0068-dynamic-stable-nu1p5-N160-s200-refinement-faac1bd3cc\arrays.npz,160,student_t,1.5,dynamic,13.63474469742119,0.012,True
1.5,,0.5,0.5,175,4415.551243229122,2.0,2.0,stable,refinement,1.8575751614636684,,1,block,16384,200,SOURCE_RUN\raw\task-0060-dynamic-stable-nu1p5-N40-s200-refinement-dee8cc841d\arrays.npz,40,student_t,1.5,dynamic,13.583149642246221,0.012,True
1.5,,0.5,0.5,203,5136.742657072355,2.0,2.0,stable,refinement,1.8582143868359695,,1,block,16384,200,SOURCE_RUN\raw\task-0064-dynamic-stable-nu1p5-N80-s200-refinement-844f1bc1c2\arrays.npz,80,student_t,1.5,dynamic,13.617455122143847,0.012,True
1.5,,0.5,0.5,52,2129.148202743687,2.0,2.0,stable,refinement,1.2195526738019316,,2,block,16384,200,SOURCE_RUN\raw\task-0068-dynamic-stable-nu1p5-N160-s200-refinement-faac1bd3cc\arrays.npz,160,student_t,1.5,dynamic,33.57391494819586,0.003,True
1.5,,0.5,0.5,46,1734.903636708634,2.0,2.0,stable,refinement,1.1276181692330982,,2,block,16384,200,SOURCE_RUN\raw\task-0060-dynamic-stable-nu1p5-N40-s200-refinement-dee8cc841d\arrays.npz,40,student_t,1.5,dynamic,33.44686834537099,0.003,True
1.5,,0.5,0.5,47,2142.635931139727,2.0,2.0,stable,refinement,1.359563815780754,,2,block,16384,200,SOURCE_RUN\raw\task-0064-dynamic-stable-nu1p5-N80-s200-refinement-844f1bc1c2\arrays.npz,80,student_t,1.5,dynamic,33.53134145358824,0.003,True
1.5,,0.5,0.5,108,3018.9547341243624,2.0,2.0,stable,refinement,1.3113654455380994,,2,block,16384,200,SOURCE_RUN\raw\task-0068-dynamic-stable-nu1p5-N160-s200-refinement-faac1bd3cc\arrays.npz,160,student_t,1.5,dynamic,21.31616680181424,0.006,True
1.5,,0.5,0.5,97,2529.3679623740572,2.0,2.0,stable,refinement,1.2279415484032195,,2,block,16384,200,SOURCE_RUN\raw\task-0060-dynamic-stable-nu1p5-N40-s200-refinement-dee8cc841d\arrays.npz,40,student_t,1.5,dynamic,21.235504579919724,0.006,True
1.5,,0.5,0.5,87,2897.7582836357315,2.0,2.0,stable,refinement,1.5645334437706975,,2,block,16384,200,SOURCE_RUN\raw\task-0064-dynamic-stable-nu1p5-N80-s200-refinement-844f1bc1c2\arrays.npz,80,student_t,1.5,dynamic,21.28913677824408,0.006,True
1.5,,0.5,0.5,207,4170.791535571019,2.0,2.0,stable,refinement,1.477750542947898,,2,block,16384,200,SOURCE_RUN\raw\task-0068-dynamic-stable-nu1p5-N160-s200-refinement-faac1bd3cc\arrays.npz,160,student_t,1.5,dynamic,13.63474469742119,0.012,True
1.5,,0.5,0.5,177,3530.3437027707087,2.0,2.0,stable,refinement,1.4683961506532988,,2,block,16384,200,SOURCE_RUN\raw\task-0060-dynamic-stable-nu1p5-N40-s200-refinement-dee8cc841d\arrays.npz,40,student_t,1.5,dynamic,13.583149642246221,0.012,True
1.5,,0.5,0.5,190,3881.8271523505477,2.0,2.0,stable,refinement,1.5003294697608038,,2,block,16384,200,SOURCE_RUN\raw\task-0064-dynamic-stable-nu1p5-N80-s200-refinement-844f1bc1c2\arrays.npz,80,student_t,1.5,dynamic,13.617455122143847,0.012,True
1.5,,0.5,0.5,47,1746.26144145677,2.0,2.0,stable,refinement,1.1066477892652167,,3,block,16384,200,SOURCE_RUN\raw\task-0068-dynamic-stable-nu1p5-N160-s200-refinement-faac1bd3cc\arrays.npz,160,student_t,1.5,dynamic,33.57391494819586,0.003,True
1.5,,0.5,0.5,52,3005.3942185625706,2.0,2.0,stable,refinement,1.7279956397670855,,3,block,16384,200,SOURCE_RUN\raw\task-0060-dynamic-stable-nu1p5-N40-s200-refinement-dee8cc841d\arrays.npz,40,student_t,1.5,dynamic,33.44686834537099,0.003,True
1.5,,0.5,0.5,52,2558.786707480773,2.0,2.0,stable,refinement,1.4675057587669758,,3,block,16384,200,SOURCE_RUN\raw\task-0064-dynamic-stable-nu1p5-N80-s200-refinement-844f1bc1c2\arrays.npz,80,student_t,1.5,dynamic,33.53134145358824,0.003,True
1.5,,0.5,0.5,99,2540.2693893566943,2.0,2.0,stable,refinement,1.2037477000318295,,3,block,16384,200,SOURCE_RUN\raw\task-0068-dynamic-stable-nu1p5-N160-s200-refinement-faac1bd3cc\arrays.npz,160,student_t,1.5,dynamic,21.31616680181424,0.006,True
1.5,,0.5,0.5,98,3839.973158046897,2.0,2.0,stable,refinement,1.8451833543413374,,3,block,16384,200,SOURCE_RUN\raw\task-0060-dynamic-stable-nu1p5-N40-s200-refinement-dee8cc841d\arrays.npz,40,student_t,1.5,dynamic,21.235504579919724,0.006,True
1.5,,0.5,0.5,100,3418.7105049929246,2.0,2.0,stable,refinement,1.6058474049951112,,3,block,16384,200,SOURCE_RUN\raw\task-0064-dynamic-stable-nu1p5-N80-s200-refinement-844f1bc1c2\arrays.npz,80,student_t,1.5,dynamic,21.28913677824408,0.006,True
1.5,,0.5,0.5,170,3524.5087675547857,2.0,2.0,stable,refinement,1.5205568549405533,,3,block,16384,200,SOURCE_RUN\raw\task-0068-dynamic-stable-nu1p5-N160-s200-refinement-faac1bd3cc\arrays.npz,160,student_t,1.5,dynamic,13.63474469742119,0.012,True
1.5,,0.5,0.5,213,4944.734553454064,2.0,2.0,stable,refinement,1.709081974713516,,3,block,16384,200,SOURCE_RUN\raw\task-0060-dynamic-stable-nu1p5-N40-s200-refinement-dee8cc841d\arrays.npz,40,student_t,1.5,dynamic,13.583149642246221,0.012,True
1.5,,0.5,0.5,184,4456.029764384079,2.0,2.0,stable,refinement,1.7784198919755363,,3,block,16384,200,SOURCE_RUN\raw\task-0064-dynamic-stable-nu1p5-N80-s200-refinement-844f1bc1c2\arrays.npz,80,student_t,1.5,dynamic,13.617455122143847,0.012,True
1.5,,0.5,0.5,197,9513.262459746053,2.0,2.0,stable,refinement,1.4383390337114288,,-1,full,65536,200,SOURCE_RUN\raw\task-0068-dynamic-stable-nu1p5-N160-s200-refinement-faac1bd3cc\arrays.npz,160,student_t,1.5,dynamic,33.57391494819586,0.003,True
1.5,,0.5,0.5,197,9479.053981978883,2.0,2.0,stable,refinement,1.438610777917337,,-1,full,65536,200,SOURCE_RUN\raw\task-0060-dynamic-stable-nu1p5-N40-s200-refinement-dee8cc841d\arrays.npz,40,student_t,1.5,dynamic,33.44686834537099,0.003,True
1.5,,0.5,0.5,197,9501.378656208442,2.0,2.0,stable,refinement,1.4383662095782657,,-1,full,65536,200,SOURCE_RUN\raw\task-0064-dynamic-stable-nu1p5-N80-s200-refinement-844f1bc1c2\arrays.npz,80,student_t,1.5,dynamic,33.53134145358824,0.003,True
1.5,,0.5,0.5,392,12822.920922957646,2.0,2.0,stable,refinement,1.534587961844274,,-1,full,65536,200,SOURCE_RUN\raw\task-0068-dynamic-stable-nu1p5-N160-s200-refinement-faac1bd3cc\arrays.npz,160,student_t,1.5,dynamic,21.31616680181424,0.006,True
1.5,,0.5,0.5,391,12777.275216988055,2.0,2.0,stable,refinement,1.538859277743717,,-1,full,65536,200,SOURCE_RUN\raw\task-0060-dynamic-stable-nu1p5-N40-s200-refinement-dee8cc841d\arrays.npz,40,student_t,1.5,dynamic,21.235504579919724,0.006,True
1.5,,0.5,0.5,392,12807.041973740208,2.0,2.0,stable,refinement,1.5346336389083741,,-1,full,65536,200,SOURCE_RUN\raw\task-0064-dynamic-stable-nu1p5-N80-s200-refinement-844f1bc1c2\arrays.npz,80,student_t,1.5,dynamic,21.28913677824408,0.006,True
1.5,,0.5,0.5,745,16984.4718006469,2.0,2.0,stable,refinement,1.672048082426687,,-1,full,65536,200,SOURCE_RUN\raw\task-0068-dynamic-stable-nu1p5-N160-s200-refinement-faac1bd3cc\arrays.npz,160,student_t,1.5,dynamic,13.63474469742119,0.012,True
1.5,,0.5,0.5,747,16925.21624335216,2.0,2.0,stable,refinement,1.6680656496632127,,-1,full,65536,200,SOURCE_RUN\raw\task-0060-dynamic-stable-nu1p5-N40-s200-refinement-dee8cc841d\arrays.npz,40,student_t,1.5,dynamic,13.583149642246221,0.012,True
1.5,,0.5,0.5,745,16964.184939047256,2.0,2.0,stable,refinement,1.6721713297194056,,-1,full,65536,200,SOURCE_RUN\raw\task-0064-dynamic-stable-nu1p5-N80-s200-refinement-844f1bc1c2\arrays.npz,80,student_t,1.5,dynamic,13.617455122143847,0.012,True
1.5,,0.5,0.5,43,2451.9863151973245,2.0,2.0,stable,refinement,1.6984297973803224,,-1,nested,16384,200,SOURCE_RUN\raw\task-0068-dynamic-stable-nu1p5-N160-s200-refinement-faac1bd3cc\arrays.npz,160,student_t,1.5,dynamic,33.57391494819586,0.003,True
1.5,,0.5,0.5,48,2126.7478096772115,2.0,2.0,stable,refinement,1.3247053678516956,,-1,nested,16384,200,SOURCE_RUN\raw\task-0060-dynamic-stable-nu1p5-N40-s200-refinement-dee8cc841d\arrays.npz,40,student_t,1.5,dynamic,33.44686834537099,0.003,True
1.5,,0.5,0.5,48,1640.5838631672236,2.0,2.0,stable,refinement,1.0193099649758557,,-1,nested,16384,200,SOURCE_RUN\raw\task-0064-dynamic-stable-nu1p5-N80-s200-refinement-844f1bc1c2\arrays.npz,80,student_t,1.5,dynamic,33.53134145358824,0.003,True
1.5,,0.5,0.5,91,3217.3655545494144,2.0,2.0,stable,refinement,1.6586314867642993,,-1,nested,16384,200,SOURCE_RUN\raw\task-0068-dynamic-stable-nu1p5-N160-s200-refinement-faac1bd3cc\arrays.npz,160,student_t,1.5,dynamic,21.31616680181424,0.006,True
1.5,,0.5,0.5,98,2980.5685218194917,2.0,2.0,stable,refinement,1.4322223610886826,,-1,nested,16384,200,SOURCE_RUN\raw\task-0060-dynamic-stable-nu1p5-N40-s200-refinement-dee8cc841d\arrays.npz,40,student_t,1.5,dynamic,21.235504579919724,0.006,True
1.5,,0.5,0.5,100,2477.3114807386905,2.0,2.0,stable,refinement,1.1636505070841194,,-1,nested,16384,200,SOURCE_RUN\raw\task-0064-dynamic-stable-nu1p5-N80-s200-refinement-844f1bc1c2\arrays.npz,80,student_t,1.5,dynamic,21.28913677824408,0.006,True
1.5,,0.5,0.5,172,4172.776328942587,2.0,2.0,stable,refinement,1.7793019255021862,,-1,nested,16384,200,SOURCE_RUN\raw\task-0068-dynamic-stable-nu1p5-N160-s200-refinement-faac1bd3cc\arrays.npz,160,student_t,1.5,dynamic,13.63474469742119,0.012,True
1.5,,0.5,0.5,182,4034.5867438982627,2.0,2.0,stable,refinement,1.6320264162783784,,-1,nested,16384,200,SOURCE_RUN\raw\task-0060-dynamic-stable-nu1p5-N40-s200-refinement-dee8cc841d\arrays.npz,40,student_t,1.5,dynamic,13.583149642246221,0.012,True
1.5,,0.5,0.5,168,3489.5853652402725,2.0,2.0,stable,refinement,1.525346790090498,,-1,nested,16384,200,SOURCE_RUN\raw\task-0064-dynamic-stable-nu1p5-N80-s200-refinement-844f1bc1c2\arrays.npz,80,student_t,1.5,dynamic,13.617455122143847,0.012,True
1.5,,0.5,0.5,98,5637.852815545596,2.0,2.0,stable,refinement,1.713506168448835,,-1,nested,32768,200,SOURCE_RUN\raw\task-0068-dynamic-stable-nu1p5-N160-s200-refinement-faac1bd3cc\arrays.npz,160,student_t,1.5,dynamic,33.57391494819586,0.003,True
1.5,,0.5,0.5,99,4738.756126707677,2.0,2.0,stable,refinement,1.4311122646172159,,-1,nested,32768,200,SOURCE_RUN\raw\task-0060-dynamic-stable-nu1p5-N40-s200-refinement-dee8cc841d\arrays.npz,40,student_t,1.5,dynamic,33.44686834537099,0.003,True
1.5,,0.5,0.5,98,4799.9560175879415,2.0,2.0,stable,refinement,1.4606973927483689,,-1,nested,32768,200,SOURCE_RUN\raw\task-0064-dynamic-stable-nu1p5-N80-s200-refinement-844f1bc1c2\arrays.npz,80,student_t,1.5,dynamic,33.53134145358824,0.003,True
1.5,,0.5,0.5,185,7263.696799476591,2.0,2.0,stable,refinement,1.841945895252376,,-1,nested,32768,200,SOURCE_RUN\raw\task-0068-dynamic-stable-nu1p5-N160-s200-refinement-faac1bd3cc\arrays.npz,160,student_t,1.5,dynamic,21.31616680181424,0.006,True
1.5,,0.5,0.5,196,6407.934096567101,2.0,2.0,stable,refinement,1.5395697891695406,,-1,nested,32768,200,SOURCE_RUN\raw\task-0060-dynamic-stable-nu1p5-N40-s200-refinement-dee8cc841d\arrays.npz,40,student_t,1.5,dynamic,21.235504579919724,0.006,True
1.5,,0.5,0.5,205,6490.5731851115515,2.0,2.0,stable,refinement,1.4872060309488822,,-1,nested,32768,200,SOURCE_RUN\raw\task-0064-dynamic-stable-nu1p5-N80-s200-refinement-844f1bc1c2\arrays.npz,80,student_t,1.5,dynamic,21.28913677824408,0.006,True
1.5,,0.5,0.5,368,9289.171497521094,2.0,2.0,stable,refinement,1.8513228089069906,,-1,nested,32768,200,SOURCE_RUN\raw\task-0068-dynamic-stable-nu1p5-N160-s200-refinement-faac1bd3cc\arrays.npz,160,student_t,1.5,dynamic,13.63474469742119,0.012,True
1.5,,0.5,0.5,357,8450.137987127386,2.0,2.0,stable,refinement,1.742589526663325,,-1,nested,32768,200,SOURCE_RUN\raw\task-0060-dynamic-stable-nu1p5-N40-s200-refinement-dee8cc841d\arrays.npz,40,student_t,1.5,dynamic,13.583149642246221,0.012,True
1.5,,0.5,0.5,371,8626.328022312628,2.0,2.0,stable,refinement,1.7074818901965108,,-1,nested,32768,200,SOURCE_RUN\raw\task-0064-dynamic-stable-nu1p5-N80-s200-refinement-844f1bc1c2\arrays.npz,80,student_t,1.5,dynamic,13.617455122143847,0.012,True
1.5,,0.5,0.5,46,1925.7230481789932,2.0,2.0,stable,refinement,1.2469068498632114,,0,block,16384,201,SOURCE_RUN\raw\task-0069-dynamic-stable-nu1p5-N160-s201-refinement-876064bfcc\arrays.npz,160,student_t,1.5,dynamic,33.57391494819586,0.003,True
1.5,,0.5,0.5,48,2499.1223566419167,2.0,2.0,stable,refinement,1.5566494464918221,,0,block,16384,201,SOURCE_RUN\raw\task-0061-dynamic-stable-nu1p5-N40-s201-refinement-5f01494859\arrays.npz,40,student_t,1.5,dynamic,33.44686834537099,0.003,True
1.5,,0.5,0.5,60,3257.3480572964177,2.0,2.0,stable,refinement,1.6190564389861017,,0,block,16384,201,SOURCE_RUN\raw\task-0065-dynamic-stable-nu1p5-N80-s201-refinement-67c841271e\arrays.npz,80,student_t,1.5,dynamic,33.53134145358824,0.003,True
1.5,,0.5,0.5,88,2690.0950224658004,2.0,2.0,stable,refinement,1.4340881220880561,,0,block,16384,201,SOURCE_RUN\raw\task-0069-dynamic-stable-nu1p5-N160-s201-refinement-876064bfcc\arrays.npz,160,student_t,1.5,dynamic,21.31616680181424,0.006,True
1.5,,0.5,0.5,91,3322.273174525618,2.0,2.0,stable,refinement,1.7192196345492465,,0,block,16384,201,SOURCE_RUN\raw\task-0061-dynamic-stable-nu1p5-N40-s201-refinement-5f01494859\arrays.npz,40,student_t,1.5,dynamic,21.235504579919724,0.006,True
1.5,,0.5,0.5,109,4245.910382296795,2.0,2.0,stable,refinement,1.8297269008770247,,0,block,16384,201,SOURCE_RUN\raw\task-0065-dynamic-stable-nu1p5-N80-s201-refinement-67c841271e\arrays.npz,80,student_t,1.5,dynamic,21.28913677824408,0.006,True
1.5,,0.5,0.5,202,3723.089228714581,2.0,2.0,stable,refinement,1.3517770376076579,,0,block,16384,201,SOURCE_RUN\raw\task-0069-dynamic-stable-nu1p5-N160-s201-refinement-876064bfcc\arrays.npz,160,student_t,1.5,dynamic,13.63474469742119,0.012,True
1.5,,0.5,0.5,186,4348.375968374781,2.0,2.0,stable,refinement,1.7211299320931102,,0,block,16384,201,SOURCE_RUN\raw\task-0061-dynamic-stable-nu1p5-N40-s201-refinement-5f01494859\arrays.npz,40,student_t,1.5,dynamic,13.583149642246221,0.012,True
1.5,,0.5,0.5,230,5432.848522248603,2.0,2.0,stable,refinement,1.734617835685359,,0,block,16384,201,SOURCE_RUN\raw\task-0065-dynamic-stable-nu1p5-N80-s201-refinement-67c841271e\arrays.npz,80,student_t,1.5,dynamic,13.617455122143847,0.012,True
1.5,,0.5,0.5,49,2413.8556305561,2.0,2.0,stable,refinement,1.4672807708984361,,1,block,16384,201,SOURCE_RUN\raw\task-0069-dynamic-stable-nu1p5-N160-s201-refinement-876064bfcc\arrays.npz,160,student_t,1.5,dynamic,33.57391494819586,0.003,True
1.5,,0.5,0.5,57,6953.119039932689,2.0,2.0,stable,refinement,3.6471140825686645,,1,block,16384,201,SOURCE_RUN\raw\task-0061-dynamic-stable-nu1p5-N40-s201-refinement-5f01494859\arrays.npz,40,student_t,1.5,dynamic,33.44686834537099,0.003,True
1.5,,0.5,0.5,47,2354.2719185030305,2.0,2.0,stable,refinement,1.4938529063138004,,1,block,16384,201,SOURCE_RUN\raw\task-0065-dynamic-stable-nu1p5-N80-s201-refinement-67c841271e\arrays.npz,80,student_t,1.5,dynamic,33.53134145358824,0.003,True
1.5,,0.5,0.5,98,3300.9484281364057,2.0,2.0,stable,refinement,1.5801690584920214,,1,block,16384,201,SOURCE_RUN\raw\task-0069-dynamic-stable-nu1p5-N160-s201-refinement-876064bfcc\arrays.npz,160,student_t,1.5,dynamic,21.31616680181424,0.006,True
1.5,,0.5,0.5,101,7857.753658659894,2.0,2.0,stable,refinement,3.6636539942835937,,1,block,16384,201,SOURCE_RUN\raw\task-0061-dynamic-stable-nu1p5-N40-s201-refinement-5f01494859\arrays.npz,40,student_t,1.5,dynamic,21.235504579919724,0.006,True
1.5,,0.5,0.5,89,3146.2111163235227,2.0,2.0,stable,refinement,1.6605035266808035,,1,block,16384,201,SOURCE_RUN\raw\task-0065-dynamic-stable-nu1p5-N80-s201-refinement-67c841271e\arrays.npz,80,student_t,1.5,dynamic,21.28913677824408,0.006,True
1.5,,0.5,0.5,190,4350.4304382904165,2.0,2.0,stable,refinement,1.6793128741986856,,1,block,16384,201,SOURCE_RUN\raw\task-0069-dynamic-stable-nu1p5-N160-s201-refinement-876064bfcc\arrays.npz,160,student_t,1.5,dynamic,13.63474469742119,0.012,True
1.5,,0.5,0.5,191,8886.02779474802,2.0,2.0,stable,refinement,3.425104409287174,,1,block,16384,201,SOURCE_RUN\raw\task-0061-dynamic-stable-nu1p5-N40-s201-refinement-5f01494859\arrays.npz,40,student_t,1.5,dynamic,13.583149642246221,0.012,True
1.5,,0.5,0.5,175,4090.816153434338,2.0,2.0,stable,refinement,1.716627086020379,,1,block,16384,201,SOURCE_RUN\raw\task-0065-dynamic-stable-nu1p5-N80-s201-refinement-67c841271e\arrays.npz,80,student_t,1.5,dynamic,13.617455122143847,0.012,True
1.5,,0.5,0.5,57,2916.9932235165206,2.0,2.0,stable,refinement,1.5242583353707497,,2,block,16384,201,SOURCE_RUN\raw\task-0069-dynamic-stable-nu1p5-N160-s201-refinement-876064bfcc\arrays.npz,160,student_t,1.5,dynamic,33.57391494819586,0.003,True
1.5,,0.5,0.5,53,2784.5706315048706,2.0,2.0,stable,refinement,1.570821757554207,,2,block,16384,201,SOURCE_RUN\raw\task-0061-dynamic-stable-nu1p5-N40-s201-refinement-5f01494859\arrays.npz,40,student_t,1.5,dynamic,33.44686834537099,0.003,True
1.5,,0.5,0.5,47,5945.340808219942,2.0,2.0,stable,refinement,3.7724888852400276,,2,block,16384,201,SOURCE_RUN\raw\task-0065-dynamic-stable-nu1p5-N80-s201-refinement-67c841271e\arrays.npz,80,student_t,1.5,dynamic,33.53134145358824,0.003,True
1.5,,0.5,0.5,102,3811.2109537141573,2.0,2.0,stable,refinement,1.7528861365696984,,2,block,16384,201,SOURCE_RUN\raw\task-0069-dynamic-stable-nu1p5-N160-s201-refinement-876064bfcc\arrays.npz,160,student_t,1.5,dynamic,21.31616680181424,0.006,True
1.5,,0.5,0.5,96,3615.1904801129936,2.0,2.0,stable,refinement,1.7733618726184297,,2,block,16384,201,SOURCE_RUN\raw\task-0061-dynamic-stable-nu1p5-N40-s201-refinement-5f01494859\arrays.npz,40,student_t,1.5,dynamic,21.235504579919724,0.006,True
1.5,,0.5,0.5,101,6780.633771068227,2.0,2.0,stable,refinement,3.1534856735462222,,2,block,16384,201,SOURCE_RUN\raw\task-0065-dynamic-stable-nu1p5-N80-s201-refinement-67c841271e\arrays.npz,80,student_t,1.5,dynamic,21.28913677824408,0.006,True
1.5,,0.5,0.5,189,4855.1880625943695,2.0,2.0,stable,refinement,1.8840709010760721,,2,block,16384,201,SOURCE_RUN\raw\task-0069-dynamic-stable-nu1p5-N160-s201-refinement-876064bfcc\arrays.npz,160,student_t,1.5,dynamic,13.63474469742119,0.012,True
1.5,,0.5,0.5,189,4657.318794686727,2.0,2.0,stable,refinement,1.8141520217037725,,2,block,16384,201,SOURCE_RUN\raw\task-0061-dynamic-stable-nu1p5-N40-s201-refinement-5f01494859\arrays.npz,40,student_t,1.5,dynamic,13.583149642246221,0.012,True
1.5,,0.5,0.5,180,7830.901007955468,2.0,2.0,stable,refinement,3.1947970607964407,,2,block,16384,201,SOURCE_RUN\raw\task-0065-dynamic-stable-nu1p5-N80-s201-refinement-67c841271e\arrays.npz,80,student_t,1.5,dynamic,13.617455122143847,0.012,True
1.5,,0.5,0.5,49,6536.5009019218205,2.0,2.0,stable,refinement,3.973262510376662,,3,block,16384,201,SOURCE_RUN\raw\task-0069-dynamic-stable-nu1p5-N160-s201-refinement-876064bfcc\arrays.npz,160,student_t,1.5,dynamic,33.57391494819586,0.003,True
1.5,,0.5,0.5,43,1506.914480187201,2.0,2.0,stable,refinement,1.0477669368977354,,3,block,16384,201,SOURCE_RUN\raw\task-0061-dynamic-stable-nu1p5-N40-s201-refinement-5f01494859\arrays.npz,40,student_t,1.5,dynamic,33.44686834537099,0.003,True
1.5,,0.5,0.5,47,2219.293630353217,2.0,2.0,stable,refinement,1.408205319704488,,3,block,16384,201,SOURCE_RUN\raw\task-0065-dynamic-stable-nu1p5-N80-s201-refinement-67c841271e\arrays.npz,80,student_t,1.5,dynamic,33.53134145358824,0.003,True
1.5,,0.5,0.5,96,7355.2268075209695,2.0,2.0,stable,refinement,3.594311614466998,,3,block,16384,201,SOURCE_RUN\raw\task-0069-dynamic-stable-nu1p5-N160-s201-refinement-876064bfcc\arrays.npz,160,student_t,1.5,dynamic,21.31616680181424,0.006,True
1.5,,0.5,0.5,95,2301.029464316249,2.0,2.0,stable,refinement,1.1406068874473556,,3,block,16384,201,SOURCE_RUN\raw\task-0061-dynamic-stable-nu1p5-N40-s201-refinement-5f01494859\arrays.npz,40,student_t,1.5,dynamic,21.235504579919724,0.006,True
1.5,,0.5,0.5,85,2963.7314716672963,2.0,2.0,stable,refinement,1.637803798323599,,3,block,16384,201,SOURCE_RUN\raw\task-0065-dynamic-stable-nu1p5-N80-s201-refinement-67c841271e\arrays.npz,80,student_t,1.5,dynamic,21.28913677824408,0.006,True
1.5,,0.5,0.5,181,8364.637554618968,2.0,2.0,stable,refinement,3.3893899869890176,,3,block,16384,201,SOURCE_RUN\raw\task-0069-dynamic-stable-nu1p5-N160-s201-refinement-876064bfcc\arrays.npz,160,student_t,1.5,dynamic,13.63474469742119,0.012,True
1.5,,0.5,0.5,198,3327.738872923297,2.0,2.0,stable,refinement,1.2373243634295847,,3,block,16384,201,SOURCE_RUN\raw\task-0061-dynamic-stable-nu1p5-N40-s201-refinement-5f01494859\arrays.npz,40,student_t,1.5,dynamic,13.583149642246221,0.012,True
1.5,,0.5,0.5,177,3913.159786792906,2.0,2.0,stable,refinement,1.623522690892495,,3,block,16384,201,SOURCE_RUN\raw\task-0065-dynamic-stable-nu1p5-N80-s201-refinement-67c841271e\arrays.npz,80,student_t,1.5,dynamic,13.617455122143847,0.012,True
1.5,,0.5,0.5,201,13793.072804173435,2.0,2.0,stable,refinement,2.0439157263299514,,-1,full,65536,201,SOURCE_RUN\raw\task-0069-dynamic-stable-nu1p5-N160-s201-refinement-876064bfcc\arrays.npz,160,student_t,1.5,dynamic,33.57391494819586,0.003,True
1.5,,0.5,0.5,201,13743.72650826668,2.0,2.0,stable,refinement,2.0443393411691395,,-1,full,65536,201,SOURCE_RUN\raw\task-0061-dynamic-stable-nu1p5-N40-s201-refinement-5f01494859\arrays.npz,40,student_t,1.5,dynamic,33.44686834537099,0.003,True
1.5,,0.5,0.5,201,13776.254414372606,2.0,2.0,stable,refinement,2.0440154257129697,,-1,full,65536,201,SOURCE_RUN\raw\task-0065-dynamic-stable-nu1p5-N80-s201-refinement-67c841271e\arrays.npz,80,student_t,1.5,dynamic,33.53134145358824,0.003,True
1.5,,0.5,0.5,384,17157.481211837337,2.0,2.0,stable,refinement,2.096105790090907,,-1,full,65536,201,SOURCE_RUN\raw\task-0069-dynamic-stable-nu1p5-N160-s201-refinement-876064bfcc\arrays.npz,160,student_t,1.5,dynamic,21.31616680181424,0.006,True
1.5,,0.5,0.5,383,17096.246777614753,2.0,2.0,stable,refinement,2.1020324653929303,,-1,full,65536,201,SOURCE_RUN\raw\task-0061-dynamic-stable-nu1p5-N40-s201-refinement-5f01494859\arrays.npz,40,student_t,1.5,dynamic,21.235504579919724,0.006,True
1.5,,0.5,0.5,384,17136.486741355842,2.0,2.0,stable,refinement,2.096199015510056,,-1,full,65536,201,SOURCE_RUN\raw\task-0065-dynamic-stable-nu1p5-N80-s201-refinement-67c841271e\arrays.npz,80,student_t,1.5,dynamic,21.28913677824408,0.006,True
1.5,,0.5,0.5,762,21293.34528421834,2.0,2.0,stable,refinement,2.049471647825311,,-1,full,65536,201,SOURCE_RUN\raw\task-0069-dynamic-stable-nu1p5-N160-s201-refinement-876064bfcc\arrays.npz,160,student_t,1.5,dynamic,13.63474469742119,0.012,True
1.5,,0.5,0.5,764,21219.461430732827,2.0,2.0,stable,refinement,2.044751394769947,,-1,full,65536,201,SOURCE_RUN\raw\task-0061-dynamic-stable-nu1p5-N40-s201-refinement-5f01494859\arrays.npz,40,student_t,1.5,dynamic,13.583149642246221,0.012,True
1.5,,0.5,0.5,762,21267.725470431316,2.0,2.0,stable,refinement,2.0496047631135563,,-1,full,65536,201,SOURCE_RUN\raw\task-0065-dynamic-stable-nu1p5-N80-s201-refinement-67c841271e\arrays.npz,80,student_t,1.5,dynamic,13.617455122143847,0.012,True
1.5,,0.5,0.5,46,1925.7230481789932,2.0,2.0,stable,refinement,1.2469068498632114,,-1,nested,16384,201,SOURCE_RUN\raw\task-0069-dynamic-stable-nu1p5-N160-s201-refinement-876064bfcc\arrays.npz,160,student_t,1.5,dynamic,33.57391494819586,0.003,True
1.5,,0.5,0.5,48,2499.1223566419167,2.0,2.0,stable,refinement,1.5566494464918221,,-1,nested,16384,201,SOURCE_RUN\raw\task-0061-dynamic-stable-nu1p5-N40-s201-refinement-5f01494859\arrays.npz,40,student_t,1.5,dynamic,33.44686834537099,0.003,True
1.5,,0.5,0.5,60,3257.3480572964177,2.0,2.0,stable,refinement,1.6190564389861017,,-1,nested,16384,201,SOURCE_RUN\raw\task-0065-dynamic-stable-nu1p5-N80-s201-refinement-67c841271e\arrays.npz,80,student_t,1.5,dynamic,33.53134145358824,0.003,True
1.5,,0.5,0.5,88,2690.0950224658004,2.0,2.0,stable,refinement,1.4340881220880561,,-1,nested,16384,201,SOURCE_RUN\raw\task-0069-dynamic-stable-nu1p5-N160-s201-refinement-876064bfcc\arrays.npz,160,student_t,1.5,dynamic,21.31616680181424,0.006,True
1.5,,0.5,0.5,91,3322.273174525618,2.0,2.0,stable,refinement,1.7192196345492465,,-1,nested,16384,201,SOURCE_RUN\raw\task-0061-dynamic-stable-nu1p5-N40-s201-refinement-5f01494859\arrays.npz,40,student_t,1.5,dynamic,21.235504579919724,0.006,True
1.5,,0.5,0.5,109,4245.910382296795,2.0,2.0,stable,refinement,1.8297269008770247,,-1,nested,16384,201,SOURCE_RUN\raw\task-0065-dynamic-stable-nu1p5-N80-s201-refinement-67c841271e\arrays.npz,80,student_t,1.5,dynamic,21.28913677824408,0.006,True
1.5,,0.5,0.5,202,3723.089228714581,2.0,2.0,stable,refinement,1.3517770376076579,,-1,nested,16384,201,SOURCE_RUN\raw\task-0069-dynamic-stable-nu1p5-N160-s201-refinement-876064bfcc\arrays.npz,160,student_t,1.5,dynamic,13.63474469742119,0.012,True
1.5,,0.5,0.5,186,4348.375968374781,2.0,2.0,stable,refinement,1.7211299320931102,,-1,nested,16384,201,SOURCE_RUN\raw\task-0061-dynamic-stable-nu1p5-N40-s201-refinement-5f01494859\arrays.npz,40,student_t,1.5,dynamic,13.583149642246221,0.012,True
1.5,,0.5,0.5,230,5432.848522248603,2.0,2.0,stable,refinement,1.734617835685359,,-1,nested,16384,201,SOURCE_RUN\raw\task-0065-dynamic-stable-nu1p5-N80-s201-refinement-67c841271e\arrays.npz,80,student_t,1.5,dynamic,13.617455122143847,0.012,True
1.5,,0.5,0.5,95,4339.578678735092,2.0,2.0,stable,refinement,1.360573398607695,,-1,nested,32768,201,SOURCE_RUN\raw\task-0069-dynamic-stable-nu1p5-N160-s201-refinement-876064bfcc\arrays.npz,160,student_t,1.5,dynamic,33.57391494819586,0.003,True
1.5,,0.5,0.5,105,9452.241396574607,2.0,2.0,stable,refinement,2.691473106076394,,-1,nested,32768,201,SOURCE_RUN\raw\task-0061-dynamic-stable-nu1p5-N40-s201-refinement-5f01494859\arrays.npz,40,student_t,1.5,dynamic,33.44686834537099,0.003,True
1.5,,0.5,0.5,107,5611.619975799448,2.0,2.0,stable,refinement,1.5640604947281749,,-1,nested,32768,201,SOURCE_RUN\raw\task-0065-dynamic-stable-nu1p5-N80-s201-refinement-67c841271e\arrays.npz,80,student_t,1.5,dynamic,33.53134145358824,0.003,True
1.5,,0.5,0.5,186,5991.043450602207,2.0,2.0,stable,refinement,1.5110554971826184,,-1,nested,32768,201,SOURCE_RUN\raw\task-0069-dynamic-stable-nu1p5-N160-s201-refinement-876064bfcc\arrays.npz,160,student_t,1.5,dynamic,21.31616680181424,0.006,True
1.5,,0.5,0.5,192,11180.026833185515,2.0,2.0,stable,refinement,2.742073125867836,,-1,nested,32768,201,SOURCE_RUN\raw\task-0061-dynamic-stable-nu1p5-N40-s201-refinement-5f01494859\arrays.npz,40,student_t,1.5,dynamic,21.235504579919724,0.006,True
1.5,,0.5,0.5,198,7392.1214986203195,2.0,2.0,stable,refinement,1.7536618488393296,,-1,nested,32768,201,SOURCE_RUN\raw\task-0065-dynamic-stable-nu1p5-N80-s201-refinement-67c841271e\arrays.npz,80,student_t,1.5,dynamic,21.28913677824408,0.006,True
1.5,,0.5,0.5,392,8073.519667004998,2.0,2.0,stable,refinement,1.5105316522818806,,-1,nested,32768,201,SOURCE_RUN\raw\task-0069-dynamic-stable-nu1p5-N160-s201-refinement-876064bfcc\arrays.npz,160,student_t,1.5,dynamic,13.63474469742119,0.012,True
1.5,,0.5,0.5,377,13234.403763122802,2.0,2.0,stable,refinement,2.584416736188776,,-1,nested,32768,201,SOURCE_RUN\raw\task-0061-dynamic-stable-nu1p5-N40-s201-refinement-5f01494859\arrays.npz,40,student_t,1.5,dynamic,13.583149642246221,0.012,True
1.5,,0.5,0.5,405,9523.664675682941,2.0,2.0,stable,refinement,1.7268440549659232,,-1,nested,32768,201,SOURCE_RUN\raw\task-0065-dynamic-stable-nu1p5-N80-s201-refinement-67c841271e\arrays.npz,80,student_t,1.5,dynamic,13.617455122143847,0.012,True
1.5,,0.5,0.5,72,4056.11016408407,2.0,2.0,stable,refinement,1.6779354888156635,,0,block,16384,202,SOURCE_RUN\raw\task-0070-dynamic-stable-nu1p5-N160-s202-refinement-fe82d9c42b\arrays.npz,160,student_t,1.5,dynamic,33.57391494819586,0.003,True
1.5,,0.5,0.5,58,4955.859737966767,2.0,2.0,stable,refinement,2.5546743769503544,,0,block,16384,202,SOURCE_RUN\raw\task-0062-dynamic-stable-nu1p5-N40-s202-refinement-2c7114f5eb\arrays.npz,40,student_t,1.5,dynamic,33.44686834537099,0.003,True
1.5,,0.5,0.5,61,4537.41422254701,2.0,2.0,stable,refinement,2.218337724926465,,0,block,16384,202,SOURCE_RUN\raw\task-0066-dynamic-stable-nu1p5-N80-s202-refinement-9d1193c30f\arrays.npz,80,student_t,1.5,dynamic,33.53134145358824,0.003,True
1.5,,0.5,0.5,120,5178.388402336042,2.0,2.0,stable,refinement,2.024436995982827,,0,block,16384,202,SOURCE_RUN\raw\task-0070-dynamic-stable-nu1p5-N160-s202-refinement-fe82d9c42b\arrays.npz,160,student_t,1.5,dynamic,21.31616680181424,0.006,True
1.5,,0.5,0.5,118,5990.688550656032,2.0,2.0,stable,refinement,2.390738908434726,,0,block,16384,202,SOURCE_RUN\raw\task-0062-dynamic-stable-nu1p5-N40-s202-refinement-2c7114f5eb\arrays.npz,40,student_t,1.5,dynamic,21.235504579919724,0.006,True
1.5,,0.5,0.5,117,5541.604457224693,2.0,2.0,stable,refinement,2.2248032484080214,,0,block,16384,202,SOURCE_RUN\raw\task-0066-dynamic-stable-nu1p5-N80-s202-refinement-9d1193c30f\arrays.npz,80,student_t,1.5,dynamic,21.28913677824408,0.006,True
1.5,,0.5,0.5,200,6366.175306023895,2.0,2.0,stable,refinement,2.334541440745848,,0,block,16384,202,SOURCE_RUN\raw\task-0070-dynamic-stable-nu1p5-N160-s202-refinement-fe82d9c42b\arrays.npz,160,student_t,1.5,dynamic,13.63474469742119,0.012,True
1.5,,0.5,0.5,181,7059.427377258347,2.0,2.0,stable,refinement,2.8713783052950754,,0,block,16384,202,SOURCE_RUN\raw\task-0062-dynamic-stable-nu1p5-N40-s202-refinement-2c7114f5eb\arrays.npz,40,student_t,1.5,dynamic,13.583149642246221,0.012,True
1.5,,0.5,0.5,211,6712.766432660744,2.0,2.0,stable,refinement,2.3362705173031006,,0,block,16384,202,SOURCE_RUN\raw\task-0066-dynamic-stable-nu1p5-N80-s202-refinement-9d1193c30f\arrays.npz,80,student_t,1.5,dynamic,13.617455122143847,0.012,True
1.5,,0.5,0.5,50,2807.9914210305064,2.0,2.0,stable,refinement,1.6727220673330485,,1,block,16384,202,SOURCE_RUN\raw\task-0070-dynamic-stable-nu1p5-N160-s202-refinement-fe82d9c42b\arrays.npz,160,student_t,1.5,dynamic,33.57391494819586,0.003,True
1.5,,0.5,0.5,52,1408.645137466059,2.0,2.0,stable,refinement,0.8099212544185505,,1,block,16384,202,SOURCE_RUN\raw\task-0062-dynamic-stable-nu1p5-N40-s202-refinement-2c7114f5eb\arrays.npz,40,student_t,1.5,dynamic,33.44686834537099,0.003,True
1.5,,0.5,0.5,59,3971.216294142114,2.0,2.0,stable,refinement,2.0073384430901915,,1,block,16384,202,SOURCE_RUN\raw\task-0066-dynamic-stable-nu1p5-N80-s202-refinement-9d1193c30f\arrays.npz,80,student_t,1.5,dynamic,33.53134145358824,0.003,True
1.5,,0.5,0.5,97,3651.899941385842,2.0,2.0,stable,refinement,1.7661924563647837,,1,block,16384,202,SOURCE_RUN\raw\task-0070-dynamic-stable-nu1p5-N160-s202-refinement-fe82d9c42b\arrays.npz,160,student_t,1.5,dynamic,21.31616680181424,0.006,True
1.5,,0.5,0.5,95,2232.61543636664,2.0,2.0,stable,refinement,1.1066944527360831,,1,block,16384,202,SOURCE_RUN\raw\task-0062-dynamic-stable-nu1p5-N40-s202-refinement-2c7114f5eb\arrays.npz,40,student_t,1.5,dynamic,21.235504579919724,0.006,True
1.5,,0.5,0.5,110,4973.190497653644,2.0,2.0,stable,refinement,2.1236569231000635,,1,block,16384,202,SOURCE_RUN\raw\task-0066-dynamic-stable-nu1p5-N80-s202-refinement-9d1193c30f\arrays.npz,80,student_t,1.5,dynamic,21.28913677824408,0.006,True
1.5,,0.5,0.5,183,4635.338224149937,2.0,2.0,stable,refinement,1.8577331394146541,,1,block,16384,202,SOURCE_RUN\raw\task-0070-dynamic-stable-nu1p5-N160-s202-refinement-fe82d9c42b\arrays.npz,160,student_t,1.5,dynamic,13.63474469742119,0.012,True
1.5,,0.5,0.5,181,3230.023949539997,2.0,2.0,stable,refinement,1.3137922098569166,,1,block,16384,202,SOURCE_RUN\raw\task-0062-dynamic-stable-nu1p5-N40-s202-refinement-2c7114f5eb\arrays.npz,40,student_t,1.5,dynamic,13.583149642246221,0.012,True
1.5,,0.5,0.5,186,6064.995256213901,2.0,2.0,stable,refinement,2.394537091183053,,1,block,16384,202,SOURCE_RUN\raw\task-0066-dynamic-stable-nu1p5-N80-s202-refinement-9d1193c30f\arrays.npz,80,student_t,1.5,dynamic,13.617455122143847,0.012,True
1.5,,0.5,0.5,55,2804.5009788330544,2.0,2.0,stable,refinement,1.5187661899588443,,2,block,16384,202,SOURCE_RUN\raw\task-0070-dynamic-stable-nu1p5-N160-s202-refinement-fe82d9c42b\arrays.npz,160,student_t,1.5,dynamic,33.57391494819586,0.003,True
1.5,,0.5,0.5,71,6831.007527887913,2.0,2.0,stable,refinement,2.8765435567464626,,2,block,16384,202,SOURCE_RUN\raw\task-0062-dynamic-stable-nu1p5-N40-s202-refinement-2c7114f5eb\arrays.npz,40,student_t,1.5,dynamic,33.44686834537099,0.003,True
1.5,,0.5,0.5,52,2520.767670806016,2.0,2.0,stable,refinement,1.4457012233987625,,2,block,16384,202,SOURCE_RUN\raw\task-0066-dynamic-stable-nu1p5-N80-s202-refinement-9d1193c30f\arrays.npz,80,student_t,1.5,dynamic,33.53134145358824,0.003,True
1.5,,0.5,0.5,102,3708.4115920348245,2.0,2.0,stable,refinement,1.7056057372099331,,2,block,16384,202,SOURCE_RUN\raw\task-0070-dynamic-stable-nu1p5-N160-s202-refinement-fe82d9c42b\arrays.npz,160,student_t,1.5,dynamic,21.31616680181424,0.006,True
1.5,,0.5,0.5,112,7904.088669264182,2.0,2.0,stable,refinement,3.323312615233093,,2,block,16384,202,SOURCE_RUN\raw\task-0062-dynamic-stable-nu1p5-N40-s202-refinement-2c7114f5eb\arrays.npz,40,student_t,1.5,dynamic,21.235504579919724,0.006,True
1.5,,0.5,0.5,106,3393.4802390352693,2.0,2.0,stable,refinement,1.5037699674096956,,2,block,16384,202,SOURCE_RUN\raw\task-0066-dynamic-stable-nu1p5-N80-s202-refinement-9d1193c30f\arrays.npz,80,student_t,1.5,dynamic,21.28913677824408,0.006,True
1.5,,0.5,0.5,199,4783.313432223318,2.0,2.0,stable,refinement,1.7629043630161452,,2,block,16384,202,SOURCE_RUN\raw\task-0070-dynamic-stable-nu1p5-N160-s202-refinement-fe82d9c42b\arrays.npz,160,student_t,1.5,dynamic,13.63474469742119,0.012,True
1.5,,0.5,0.5,205,9061.73879189821,2.0,2.0,stable,refinement,3.2542970538612295,,2,block,16384,202,SOURCE_RUN\raw\task-0062-dynamic-stable-nu1p5-N40-s202-refinement-2c7114f5eb\arrays.npz,40,student_t,1.5,dynamic,13.583149642246221,0.012,True
1.5,,0.5,0.5,198,4457.761027045852,2.0,2.0,stable,refinement,1.6533151296697794,,2,block,16384,202,SOURCE_RUN\raw\task-0066-dynamic-stable-nu1p5-N80-s202-refinement-9d1193c30f\arrays.npz,80,student_t,1.5,dynamic,13.617455122143847,0.012,True
1.5,,0.5,0.5,54,5379.528289850592,2.0,2.0,stable,refinement,2.967211134304899,,3,block,16384,202,SOURCE_RUN\raw\task-0070-dynamic-stable-nu1p5-N160-s202-refinement-fe82d9c42b\arrays.npz,160,student_t,1.5,dynamic,33.57391494819586,0.003,True
1.5,,0.5,0.5,50,1794.5768447701512,2.0,2.0,stable,refinement,1.073091104518022,,3,block,16384,202,SOURCE_RUN\raw\task-0062-dynamic-stable-nu1p5-N40-s202-refinement-2c7114f5eb\arrays.npz,40,student_t,1.5,dynamic,33.44686834537099,0.003,True
1.5,,0.5,0.5,59,3999.3973819762086,2.0,2.0,stable,refinement,2.021583192503847,,3,block,16384,202,SOURCE_RUN\raw\task-0066-dynamic-stable-nu1p5-N80-s202-refinement-9d1193c30f\arrays.npz,80,student_t,1.5,dynamic,33.53134145358824,0.003,True
1.5,,0.5,0.5,110,6327.8236809183445,2.0,2.0,stable,refinement,2.6986873560040983,,3,block,16384,202,SOURCE_RUN\raw\task-0070-dynamic-stable-nu1p5-N160-s202-refinement-fe82d9c42b\arrays.npz,160,student_t,1.5,dynamic,21.31616680181424,0.006,True
1.5,,0.5,0.5,104,2667.832845116697,2.0,2.0,stable,refinement,1.2079881972576059,,3,block,16384,202,SOURCE_RUN\raw\task-0062-dynamic-stable-nu1p5-N40-s202-refinement-2c7114f5eb\arrays.npz,40,student_t,1.5,dynamic,21.235504579919724,0.006,True
1.5,,0.5,0.5,96,4934.664692366514,2.0,2.0,stable,refinement,2.4145064098926263,,3,block,16384,202,SOURCE_RUN\raw\task-0066-dynamic-stable-nu1p5-N80-s202-refinement-9d1193c30f\arrays.npz,80,student_t,1.5,dynamic,21.28913677824408,0.006,True
1.5,,0.5,0.5,190,7401.383525568335,2.0,2.0,stable,refinement,2.857013534102907,,3,block,16384,202,SOURCE_RUN\raw\task-0070-dynamic-stable-nu1p5-N160-s202-refinement-fe82d9c42b\arrays.npz,160,student_t,1.5,dynamic,13.63474469742119,0.012,True
1.5,,0.5,0.5,206,3749.566894340834,2.0,2.0,stable,refinement,1.3400265416997563,,3,block,16384,202,SOURCE_RUN\raw\task-0062-dynamic-stable-nu1p5-N40-s202-refinement-2c7114f5eb\arrays.npz,40,student_t,1.5,dynamic,13.583149642246221,0.012,True
1.5,,0.5,0.5,177,5922.345870433935,2.0,2.0,stable,refinement,2.457109708735697,,3,block,16384,202,SOURCE_RUN\raw\task-0066-dynamic-stable-nu1p5-N80-s202-refinement-9d1193c30f\arrays.npz,80,student_t,1.5,dynamic,13.617455122143847,0.012,True
1.5,,0.5,0.5,231,15048.130853798222,2.0,2.0,stable,refinement,1.9402987024310874,,-1,full,65536,202,SOURCE_RUN\raw\task-0070-dynamic-stable-nu1p5-N160-s202-refinement-fe82d9c42b\arrays.npz,160,student_t,1.5,dynamic,33.57391494819586,0.003,True
1.5,,0.5,0.5,231,14990.089248090891,2.0,2.0,stable,refinement,1.9401565664406284,,-1,full,65536,202,SOURCE_RUN\raw\task-0062-dynamic-stable-nu1p5-N40-s202-refinement-2c7114f5eb\arrays.npz,40,student_t,1.5,dynamic,33.44686834537099,0.003,True
1.5,,0.5,0.5,231,15028.79556947135,2.0,2.0,stable,refinement,1.9402659798151445,,-1,full,65536,202,SOURCE_RUN\raw\task-0066-dynamic-stable-nu1p5-N80-s202-refinement-9d1193c30f\arrays.npz,80,student_t,1.5,dynamic,33.53134145358824,0.003,True
1.5,,0.5,0.5,429,18866.52361667505,2.0,2.0,stable,refinement,2.063124713615821,,-1,full,65536,202,SOURCE_RUN\raw\task-0070-dynamic-stable-nu1p5-N160-s202-refinement-fe82d9c42b\arrays.npz,160,student_t,1.5,dynamic,21.31616680181424,0.006,True
1.5,,0.5,0.5,429,18795.22550140355,2.0,2.0,stable,refinement,2.063135080713573,,-1,full,65536,202,SOURCE_RUN\raw\task-0062-dynamic-stable-nu1p5-N40-s202-refinement-2c7114f5eb\arrays.npz,40,student_t,1.5,dynamic,21.235504579919724,0.006,True
1.5,,0.5,0.5,429,18842.939886280117,2.0,2.0,stable,refinement,2.063161942890128,,-1,full,65536,202,SOURCE_RUN\raw\task-0066-dynamic-stable-nu1p5-N80-s202-refinement-9d1193c30f\arrays.npz,80,student_t,1.5,dynamic,21.28913677824408,0.006,True
1.5,,0.5,0.5,772,23186.210487965483,2.0,2.0,stable,refinement,2.2027512854686737,,-1,full,65536,202,SOURCE_RUN\raw\task-0070-dynamic-stable-nu1p5-N160-s202-refinement-fe82d9c42b\arrays.npz,160,student_t,1.5,dynamic,13.63474469742119,0.012,True
1.5,,0.5,0.5,773,23100.757013037386,2.0,2.0,stable,refinement,2.200119310315928,,-1,full,65536,202,SOURCE_RUN\raw\task-0062-dynamic-stable-nu1p5-N40-s202-refinement-2c7114f5eb\arrays.npz,40,student_t,1.5,dynamic,13.583149642246221,0.012,True
1.5,,0.5,0.5,772,23157.86858635443,2.0,2.0,stable,refinement,2.2028520624764725,,-1,full,65536,202,SOURCE_RUN\raw\task-0066-dynamic-stable-nu1p5-N80-s202-refinement-9d1193c30f\arrays.npz,80,student_t,1.5,dynamic,13.617455122143847,0.012,True
1.5,,0.5,0.5,72,4056.11016408407,2.0,2.0,stable,refinement,1.6779354888156635,,-1,nested,16384,202,SOURCE_RUN\raw\task-0070-dynamic-stable-nu1p5-N160-s202-refinement-fe82d9c42b\arrays.npz,160,student_t,1.5,dynamic,33.57391494819586,0.003,True
1.5,,0.5,0.5,58,4955.859737966767,2.0,2.0,stable,refinement,2.5546743769503544,,-1,nested,16384,202,SOURCE_RUN\raw\task-0062-dynamic-stable-nu1p5-N40-s202-refinement-2c7114f5eb\arrays.npz,40,student_t,1.5,dynamic,33.44686834537099,0.003,True
1.5,,0.5,0.5,61,4537.41422254701,2.0,2.0,stable,refinement,2.218337724926465,,-1,nested,16384,202,SOURCE_RUN\raw\task-0066-dynamic-stable-nu1p5-N80-s202-refinement-9d1193c30f\arrays.npz,80,student_t,1.5,dynamic,33.53134145358824,0.003,True
1.5,,0.5,0.5,120,5178.388402336042,2.0,2.0,stable,refinement,2.024436995982827,,-1,nested,16384,202,SOURCE_RUN\raw\task-0070-dynamic-stable-nu1p5-N160-s202-refinement-fe82d9c42b\arrays.npz,160,student_t,1.5,dynamic,21.31616680181424,0.006,True
1.5,,0.5,0.5,118,5990.688550656032,2.0,2.0,stable,refinement,2.390738908434726,,-1,nested,16384,202,SOURCE_RUN\raw\task-0062-dynamic-stable-nu1p5-N40-s202-refinement-2c7114f5eb\arrays.npz,40,student_t,1.5,dynamic,21.235504579919724,0.006,True
1.5,,0.5,0.5,117,5541.604457224693,2.0,2.0,stable,refinement,2.2248032484080214,,-1,nested,16384,202,SOURCE_RUN\raw\task-0066-dynamic-stable-nu1p5-N80-s202-refinement-9d1193c30f\arrays.npz,80,student_t,1.5,dynamic,21.28913677824408,0.006,True
1.5,,0.5,0.5,200,6366.175306023895,2.0,2.0,stable,refinement,2.334541440745848,,-1,nested,16384,202,SOURCE_RUN\raw\task-0070-dynamic-stable-nu1p5-N160-s202-refinement-fe82d9c42b\arrays.npz,160,student_t,1.5,dynamic,13.63474469742119,0.012,True
1.5,,0.5,0.5,181,7059.427377258347,2.0,2.0,stable,refinement,2.8713783052950754,,-1,nested,16384,202,SOURCE_RUN\raw\task-0062-dynamic-stable-nu1p5-N40-s202-refinement-2c7114f5eb\arrays.npz,40,student_t,1.5,dynamic,13.583149642246221,0.012,True
1.5,,0.5,0.5,211,6712.766432660744,2.0,2.0,stable,refinement,2.3362705173031006,,-1,nested,16384,202,SOURCE_RUN\raw\task-0066-dynamic-stable-nu1p5-N80-s202-refinement-9d1193c30f\arrays.npz,80,student_t,1.5,dynamic,13.617455122143847,0.012,True
1.5,,0.5,0.5,122,6864.101585114576,2.0,2.0,stable,refinement,1.6757988406670505,,-1,nested,32768,202,SOURCE_RUN\raw\task-0070-dynamic-stable-nu1p5-N160-s202-refinement-fe82d9c42b\arrays.npz,160,student_t,1.5,dynamic,33.57391494819586,0.003,True
1.5,,0.5,0.5,110,6364.504875432827,2.0,2.0,stable,refinement,1.729881991753502,,-1,nested,32768,202,SOURCE_RUN\raw\task-0062-dynamic-stable-nu1p5-N40-s202-refinement-2c7114f5eb\arrays.npz,40,student_t,1.5,dynamic,33.44686834537099,0.003,True
1.5,,0.5,0.5,120,8508.630516689125,2.0,2.0,stable,refinement,2.1145964113569646,,-1,nested,32768,202,SOURCE_RUN\raw\task-0066-dynamic-stable-nu1p5-N80-s202-refinement-9d1193c30f\arrays.npz,80,student_t,1.5,dynamic,33.53134145358824,0.003,True
1.5,,0.5,0.5,217,8830.288343721884,2.0,2.0,stable,refinement,1.9090004967065588,,-1,nested,32768,202,SOURCE_RUN\raw\task-0070-dynamic-stable-nu1p5-N160-s202-refinement-fe82d9c42b\arrays.npz,160,student_t,1.5,dynamic,21.31616680181424,0.006,True
1.5,,0.5,0.5,213,8223.303987022673,2.0,2.0,stable,refinement,1.8180430244376786,,-1,nested,32768,202,SOURCE_RUN\raw\task-0062-dynamic-stable-nu1p5-N40-s202-refinement-2c7114f5eb\arrays.npz,40,student_t,1.5,dynamic,21.235504579919724,0.006,True
1.5,,0.5,0.5,227,10514.794954878336,2.0,2.0,stable,refinement,2.175789610593592,,-1,nested,32768,202,SOURCE_RUN\raw\task-0066-dynamic-stable-nu1p5-N80-s202-refinement-9d1193c30f\arrays.npz,80,student_t,1.5,dynamic,21.28913677824408,0.006,True
1.5,,0.5,0.5,383,11001.51353017383,2.0,2.0,stable,refinement,2.1067191975510475,,-1,nested,32768,202,SOURCE_RUN\raw\task-0070-dynamic-stable-nu1p5-N160-s202-refinement-fe82d9c42b\arrays.npz,160,student_t,1.5,dynamic,13.63474469742119,0.012,True
1.5,,0.5,0.5,362,10289.451326798344,2.0,2.0,stable,refinement,2.092585257575996,,-1,nested,32768,202,SOURCE_RUN\raw\task-0062-dynamic-stable-nu1p5-N40-s202-refinement-2c7114f5eb\arrays.npz,40,student_t,1.5,dynamic,13.583149642246221,0.012,True
1.5,,0.5,0.5,397,12777.761688874645,2.0,2.0,stable,refinement,2.3635692143853957,,-1,nested,32768,202,SOURCE_RUN\raw\task-0066-dynamic-stable-nu1p5-N80-s202-refinement-9d1193c30f\arrays.npz,80,student_t,1.5,dynamic,13.617455122143847,0.012,True
1.5,,0.5,0.5,45,3669.470314388873,2.0,2.0,stable,refinement,2.42878392019573,,0,block,16384,203,SOURCE_RUN\raw\task-0071-dynamic-stable-nu1p5-N160-s203-refinement-ccccbf38ef\arrays.npz,160,student_t,1.5,dynamic,33.57391494819586,0.003,True
1.5,,0.5,0.5,49,3324.950852896687,2.0,2.0,stable,refinement,2.028774088932773,,0,block,16384,203,SOURCE_RUN\raw\task-0063-dynamic-stable-nu1p5-N40-s203-refinement-d6910c4a67\arrays.npz,40,student_t,1.5,dynamic,33.44686834537099,0.003,True
1.5,,0.5,0.5,49,1851.016563233695,2.0,2.0,stable,refinement,1.1265832678226069,,0,block,16384,203,SOURCE_RUN\raw\task-0067-dynamic-stable-nu1p5-N80-s203-refinement-cb6a5893dc\arrays.npz,80,student_t,1.5,dynamic,33.53134145358824,0.003,True
1.5,,0.5,0.5,96,4389.318918737485,2.0,2.0,stable,refinement,2.1449481276479165,,0,block,16384,203,SOURCE_RUN\raw\task-0071-dynamic-stable-nu1p5-N160-s203-refinement-ccccbf38ef\arrays.npz,160,student_t,1.5,dynamic,21.31616680181424,0.006,True
1.5,,0.5,0.5,100,4154.9463970737925,2.0,2.0,stable,refinement,1.9566035652398421,,0,block,16384,203,SOURCE_RUN\raw\task-0063-dynamic-stable-nu1p5-N40-s203-refinement-d6910c4a67\arrays.npz,40,student_t,1.5,dynamic,21.235504579919724,0.006,True
1.5,,0.5,0.5,102,2709.767000957065,2.0,2.0,stable,refinement,1.2478825902319688,,0,block,16384,203,SOURCE_RUN\raw\task-0067-dynamic-stable-nu1p5-N80-s203-refinement-cb6a5893dc\arrays.npz,80,student_t,1.5,dynamic,21.28913677824408,0.006,True
1.5,,0.5,0.5,185,5378.1939191403035,2.0,2.0,stable,refinement,2.132149822162632,,0,block,16384,203,SOURCE_RUN\raw\task-0071-dynamic-stable-nu1p5-N160-s203-refinement-ccccbf38ef\arrays.npz,160,student_t,1.5,dynamic,13.63474469742119,0.012,True
1.5,,0.5,0.5,206,5273.628021184044,2.0,2.0,stable,refinement,1.8846980780910998,,0,block,16384,203,SOURCE_RUN\raw\task-0063-dynamic-stable-nu1p5-N40-s203-refinement-d6910c4a67\arrays.npz,40,student_t,1.5,dynamic,13.583149642246221,0.012,True
1.5,,0.5,0.5,189,3743.215846555229,2.0,2.0,stable,refinement,1.4544108772051185,,0,block,16384,203,SOURCE_RUN\raw\task-0067-dynamic-stable-nu1p5-N80-s203-refinement-cb6a5893dc\arrays.npz,80,student_t,1.5,dynamic,13.617455122143847,0.012,True
1.5,,0.5,0.5,53,3024.4484910082288,2.0,2.0,stable,refinement,1.699684590138817,,1,block,16384,203,SOURCE_RUN\raw\task-0071-dynamic-stable-nu1p5-N160-s203-refinement-ccccbf38ef\arrays.npz,160,student_t,1.5,dynamic,33.57391494819586,0.003,True
1.5,,0.5,0.5,50,3411.8290130099435,2.0,2.0,stable,refinement,2.040148559069589,,1,block,16384,203,SOURCE_RUN\raw\task-0063-dynamic-stable-nu1p5-N40-s203-refinement-d6910c4a67\arrays.npz,40,student_t,1.5,dynamic,33.44686834537099,0.003,True
1.5,,0.5,0.5,55,5239.368604908194,2.0,2.0,stable,refinement,2.840961417956427,,1,block,16384,203,SOURCE_RUN\raw\task-0067-dynamic-stable-nu1p5-N80-s203-refinement-cb6a5893dc\arrays.npz,80,student_t,1.5,dynamic,33.53134145358824,0.003,True
1.5,,0.5,0.5,106,3931.823492927396,2.0,2.0,stable,refinement,1.7401193566576056,,1,block,16384,203,SOURCE_RUN\raw\task-0071-dynamic-stable-nu1p5-N160-s203-refinement-ccccbf38ef\arrays.npz,160,student_t,1.5,dynamic,21.31616680181424,0.006,True
1.5,,0.5,0.5,102,4244.140108411372,2.0,2.0,stable,refinement,1.9594173801020365,,1,block,16384,203,SOURCE_RUN\raw\task-0063-dynamic-stable-nu1p5-N40-s203-refinement-d6910c4a67\arrays.npz,40,student_t,1.5,dynamic,21.235504579919724,0.006,True
1.5,,0.5,0.5,111,6149.800610333468,2.0,2.0,stable,refinement,2.602435677839305,,1,block,16384,203,SOURCE_RUN\raw\task-0067-dynamic-stable-nu1p5-N80-s203-refinement-cb6a5893dc\arrays.npz,80,student_t,1.5,dynamic,21.28913677824408,0.006,True
1.5,,0.5,0.5,208,5097.222842871779,2.0,2.0,stable,refinement,1.7973111778838873,,1,block,16384,203,SOURCE_RUN\raw\task-0071-dynamic-stable-nu1p5-N160-s203-refinement-ccccbf38ef\arrays.npz,160,student_t,1.5,dynamic,13.63474469742119,0.012,True
1.5,,0.5,0.5,202,5306.3895543696235,2.0,2.0,stable,refinement,1.9339590530571156,,1,block,16384,203,SOURCE_RUN\raw\task-0063-dynamic-stable-nu1p5-N40-s203-refinement-d6910c4a67\arrays.npz,40,student_t,1.5,dynamic,13.583149642246221,0.012,True
1.5,,0.5,0.5,201,7284.232423557582,2.0,2.0,stable,refinement,2.661287441830851,,1,block,16384,203,SOURCE_RUN\raw\task-0067-dynamic-stable-nu1p5-N80-s203-refinement-cb6a5893dc\arrays.npz,80,student_t,1.5,dynamic,13.617455122143847,0.012,True
1.5,,0.5,0.5,55,3082.9493901678634,2.0,2.0,stable,refinement,1.669558803680458,,2,block,16384,203,SOURCE_RUN\raw\task-0071-dynamic-stable-nu1p5-N160-s203-refinement-ccccbf38ef\arrays.npz,160,student_t,1.5,dynamic,33.57391494819586,0.003,True
1.5,,0.5,0.5,44,4257.362362812611,2.0,2.0,stable,refinement,2.8928937238412535,,2,block,16384,203,SOURCE_RUN\raw\task-0063-dynamic-stable-nu1p5-N40-s203-refinement-d6910c4a67\arrays.npz,40,student_t,1.5,dynamic,33.44686834537099,0.003,True
1.5,,0.5,0.5,56,4244.86671576973,2.0,2.0,stable,refinement,2.2606071832213943,,2,block,16384,203,SOURCE_RUN\raw\task-0067-dynamic-stable-nu1p5-N80-s203-refinement-cb6a5893dc\arrays.npz,80,student_t,1.5,dynamic,33.53134145358824,0.003,True
1.5,,0.5,0.5,105,3982.736246938728,2.0,2.0,stable,refinement,1.7794391342531684,,2,block,16384,203,SOURCE_RUN\raw\task-0071-dynamic-stable-nu1p5-N160-s203-refinement-ccccbf38ef\arrays.npz,160,student_t,1.5,dynamic,21.31616680181424,0.006,True
1.5,,0.5,0.5,96,5054.053050156011,2.0,2.0,stable,refinement,2.479168118703781,,2,block,16384,203,SOURCE_RUN\raw\task-0063-dynamic-stable-nu1p5-N40-s203-refinement-d6910c4a67\arrays.npz,40,student_t,1.5,dynamic,21.235504579919724,0.006,True
1.5,,0.5,0.5,104,5151.180550442681,2.0,2.0,stable,refinement,2.3265660196430127,,2,block,16384,203,SOURCE_RUN\raw\task-0067-dynamic-stable-nu1p5-N80-s203-refinement-cb6a5893dc\arrays.npz,80,student_t,1.5,dynamic,21.28913677824408,0.006,True
1.5,,0.5,0.5,204,5129.137507464091,2.0,2.0,stable,refinement,1.8440265275885228,,2,block,16384,203,SOURCE_RUN\raw\task-0071-dynamic-stable-nu1p5-N160-s203-refinement-ccccbf38ef\arrays.npz,160,student_t,1.5,dynamic,13.63474469742119,0.012,True
1.5,,0.5,0.5,180,6067.181509946168,2.0,2.0,stable,refinement,2.4814983882170782,,2,block,16384,203,SOURCE_RUN\raw\task-0063-dynamic-stable-nu1p5-N40-s203-refinement-d6910c4a67\arrays.npz,40,student_t,1.5,dynamic,13.583149642246221,0.012,True
1.5,,0.5,0.5,211,6321.903054268811,2.0,2.0,stable,refinement,2.200236797615254,,2,block,16384,203,SOURCE_RUN\raw\task-0067-dynamic-stable-nu1p5-N80-s203-refinement-cb6a5893dc\arrays.npz,80,student_t,1.5,dynamic,13.617455122143847,0.012,True
1.5,,0.5,0.5,51,3272.7429530167597,2.0,2.0,stable,refinement,1.9113478589054846,,3,block,16384,203,SOURCE_RUN\raw\task-0071-dynamic-stable-nu1p5-N160-s203-refinement-ccccbf38ef\arrays.npz,160,student_t,1.5,dynamic,33.57391494819586,0.003,True
1.5,,0.5,0.5,61,2010.1855520920055,2.0,2.0,stable,refinement,0.9852600001119622,,3,block,16384,203,SOURCE_RUN\raw\task-0063-dynamic-stable-nu1p5-N40-s203-refinement-d6910c4a67\arrays.npz,40,student_t,1.5,dynamic,33.44686834537099,0.003,True
1.5,,0.5,0.5,44,1699.3764079603752,2.0,2.0,stable,refinement,1.1518236198055687,,3,block,16384,203,SOURCE_RUN\raw\task-0067-dynamic-stable-nu1p5-N80-s203-refinement-cb6a5893dc\arrays.npz,80,student_t,1.5,dynamic,33.53134145358824,0.003,True
1.5,,0.5,0.5,108,4193.968545733999,2.0,2.0,stable,refinement,1.8217647877865406,,3,block,16384,203,SOURCE_RUN\raw\task-0071-dynamic-stable-nu1p5-N160-s203-refinement-ccccbf38ef\arrays.npz,160,student_t,1.5,dynamic,21.31616680181424,0.006,True
1.5,,0.5,0.5,115,2987.378154338509,2.0,2.0,stable,refinement,1.223290986296507,,3,block,16384,203,SOURCE_RUN\raw\task-0063-dynamic-stable-nu1p5-N40-s203-refinement-d6910c4a67\arrays.npz,40,student_t,1.5,dynamic,21.235504579919724,0.006,True
1.5,,0.5,0.5,98,2468.170331273645,2.0,2.0,stable,refinement,1.1830170384994776,,3,block,16384,203,SOURCE_RUN\raw\task-0067-dynamic-stable-nu1p5-N80-s203-refinement-cb6a5893dc\arrays.npz,80,student_t,1.5,dynamic,21.28913677824408,0.006,True
1.5,,0.5,0.5,205,5320.131448224925,2.0,2.0,stable,refinement,1.9033624243772473,,3,block,16384,203,SOURCE_RUN\raw\task-0071-dynamic-stable-nu1p5-N160-s203-refinement-ccccbf38ef\arrays.npz,160,student_t,1.5,dynamic,13.63474469742119,0.012,True
1.5,,0.5,0.5,212,4205.958650269733,2.0,2.0,stable,refinement,1.4605911087004073,,3,block,16384,203,SOURCE_RUN\raw\task-0063-dynamic-stable-nu1p5-N40-s203-refinement-d6910c4a67\arrays.npz,40,student_t,1.5,dynamic,13.583149642246221,0.012,True
1.5,,0.5,0.5,201,3552.025032560666,2.0,2.0,stable,refinement,1.297728993606954,,3,block,16384,203,SOURCE_RUN\raw\task-0067-dynamic-stable-nu1p5-N80-s203-refinement-cb6a5893dc\arrays.npz,80,student_t,1.5,dynamic,13.617455122143847,0.012,True
1.5,,0.5,0.5,204,13049.611148581724,2.0,2.0,stable,refinement,1.90530899359201,,-1,full,65536,203,SOURCE_RUN\raw\task-0071-dynamic-stable-nu1p5-N160-s203-refinement-ccccbf38ef\arrays.npz,160,student_t,1.5,dynamic,33.57391494819586,0.003,True
1.5,,0.5,0.5,204,13004.327780811247,2.0,2.0,stable,refinement,1.9059095204266185,,-1,full,65536,203,SOURCE_RUN\raw\task-0063-dynamic-stable-nu1p5-N40-s203-refinement-d6910c4a67\arrays.npz,40,student_t,1.5,dynamic,33.44686834537099,0.003,True
1.5,,0.5,0.5,204,13034.628291871993,2.0,2.0,stable,refinement,1.9055377433468348,,-1,full,65536,203,SOURCE_RUN\raw\task-0067-dynamic-stable-nu1p5-N80-s203-refinement-cb6a5893dc\arrays.npz,80,student_t,1.5,dynamic,33.53134145358824,0.003,True
1.5,,0.5,0.5,415,16497.84720433761,2.0,2.0,stable,refinement,1.8649623571986391,,-1,full,65536,203,SOURCE_RUN\raw\task-0071-dynamic-stable-nu1p5-N160-s203-refinement-ccccbf38ef\arrays.npz,160,student_t,1.5,dynamic,21.31616680181424,0.006,True
1.5,,0.5,0.5,413,16440.517709979686,2.0,2.0,stable,refinement,1.874575138290686,,-1,full,65536,203,SOURCE_RUN\raw\task-0063-dynamic-stable-nu1p5-N40-s203-refinement-d6910c4a67\arrays.npz,40,student_t,1.5,dynamic,21.235504579919724,0.006,True
1.5,,0.5,0.5,415,16478.91849300686,2.0,2.0,stable,refinement,1.865187759661797,,-1,full,65536,203,SOURCE_RUN\raw\task-0067-dynamic-stable-nu1p5-N80-s203-refinement-cb6a5893dc\arrays.npz,80,student_t,1.5,dynamic,21.28913677824408,0.006,True
1.5,,0.5,0.5,802,20924.685717701097,2.0,2.0,stable,refinement,1.9135400881861968,,-1,full,65536,203,SOURCE_RUN\raw\task-0071-dynamic-stable-nu1p5-N160-s203-refinement-ccccbf38ef\arrays.npz,160,student_t,1.5,dynamic,13.63474469742119,0.012,True
1.5,,0.5,0.5,800,20853.157735769568,2.0,2.0,stable,refinement,1.9190281971598304,,-1,full,65536,203,SOURCE_RUN\raw\task-0063-dynamic-stable-nu1p5-N40-s203-refinement-d6910c4a67\arrays.npz,40,student_t,1.5,dynamic,13.583149642246221,0.012,True
1.5,,0.5,0.5,802,20901.376356942288,2.0,2.0,stable,refinement,1.9138353162239214,,-1,full,65536,203,SOURCE_RUN\raw\task-0067-dynamic-stable-nu1p5-N80-s203-refinement-cb6a5893dc\arrays.npz,80,student_t,1.5,dynamic,13.617455122143847,0.012,True
1.5,,0.5,0.5,45,3669.470314388873,2.0,2.0,stable,refinement,2.42878392019573,,-1,nested,16384,203,SOURCE_RUN\raw\task-0071-dynamic-stable-nu1p5-N160-s203-refinement-ccccbf38ef\arrays.npz,160,student_t,1.5,dynamic,33.57391494819586,0.003,True
1.5,,0.5,0.5,49,3324.950852896687,2.0,2.0,stable,refinement,2.028774088932773,,-1,nested,16384,203,SOURCE_RUN\raw\task-0063-dynamic-stable-nu1p5-N40-s203-refinement-d6910c4a67\arrays.npz,40,student_t,1.5,dynamic,33.44686834537099,0.003,True
1.5,,0.5,0.5,49,1851.016563233695,2.0,2.0,stable,refinement,1.1265832678226069,,-1,nested,16384,203,SOURCE_RUN\raw\task-0067-dynamic-stable-nu1p5-N80-s203-refinement-cb6a5893dc\arrays.npz,80,student_t,1.5,dynamic,33.53134145358824,0.003,True
1.5,,0.5,0.5,96,4389.318918737485,2.0,2.0,stable,refinement,2.1449481276479165,,-1,nested,16384,203,SOURCE_RUN\raw\task-0071-dynamic-stable-nu1p5-N160-s203-refinement-ccccbf38ef\arrays.npz,160,student_t,1.5,dynamic,21.31616680181424,0.006,True
1.5,,0.5,0.5,100,4154.9463970737925,2.0,2.0,stable,refinement,1.9566035652398421,,-1,nested,16384,203,SOURCE_RUN\raw\task-0063-dynamic-stable-nu1p5-N40-s203-refinement-d6910c4a67\arrays.npz,40,student_t,1.5,dynamic,21.235504579919724,0.006,True
1.5,,0.5,0.5,102,2709.767000957065,2.0,2.0,stable,refinement,1.2478825902319688,,-1,nested,16384,203,SOURCE_RUN\raw\task-0067-dynamic-stable-nu1p5-N80-s203-refinement-cb6a5893dc\arrays.npz,80,student_t,1.5,dynamic,21.28913677824408,0.006,True
1.5,,0.5,0.5,185,5378.1939191403035,2.0,2.0,stable,refinement,2.132149822162632,,-1,nested,16384,203,SOURCE_RUN\raw\task-0071-dynamic-stable-nu1p5-N160-s203-refinement-ccccbf38ef\arrays.npz,160,student_t,1.5,dynamic,13.63474469742119,0.012,True
1.5,,0.5,0.5,206,5273.628021184044,2.0,2.0,stable,refinement,1.8846980780910998,,-1,nested,16384,203,SOURCE_RUN\raw\task-0063-dynamic-stable-nu1p5-N40-s203-refinement-d6910c4a67\arrays.npz,40,student_t,1.5,dynamic,13.583149642246221,0.012,True
1.5,,0.5,0.5,189,3743.215846555229,2.0,2.0,stable,refinement,1.4544108772051185,,-1,nested,16384,203,SOURCE_RUN\raw\task-0067-dynamic-stable-nu1p5-N80-s203-refinement-cb6a5893dc\arrays.npz,80,student_t,1.5,dynamic,13.617455122143847,0.012,True
1.5,,0.5,0.5,98,6693.918805397101,2.0,2.0,stable,refinement,2.03447509883842,,-1,nested,32768,203,SOURCE_RUN\raw\task-0071-dynamic-stable-nu1p5-N160-s203-refinement-ccccbf38ef\arrays.npz,160,student_t,1.5,dynamic,33.57391494819586,0.003,True
1.5,,0.5,0.5,99,6736.779865906631,2.0,2.0,stable,refinement,2.034518770820054,,-1,nested,32768,203,SOURCE_RUN\raw\task-0063-dynamic-stable-nu1p5-N40-s203-refinement-d6910c4a67\arrays.npz,40,student_t,1.5,dynamic,33.44686834537099,0.003,True
1.5,,0.5,0.5,104,7090.385168141888,2.0,2.0,stable,refinement,2.0332255587587613,,-1,nested,32768,203,SOURCE_RUN\raw\task-0067-dynamic-stable-nu1p5-N80-s203-refinement-cb6a5893dc\arrays.npz,80,student_t,1.5,dynamic,33.53134145358824,0.003,True
1.5,,0.5,0.5,202,8321.142411664881,2.0,2.0,stable,refinement,1.9325132280193378,,-1,nested,32768,203,SOURCE_RUN\raw\task-0071-dynamic-stable-nu1p5-N160-s203-refinement-ccccbf38ef\arrays.npz,160,student_t,1.5,dynamic,21.31616680181424,0.006,True
1.5,,0.5,0.5,202,8399.086505485164,2.0,2.0,stable,refinement,1.9580244024474844,,-1,nested,32768,203,SOURCE_RUN\raw\task-0063-dynamic-stable-nu1p5-N40-s203-refinement-d6910c4a67\arrays.npz,40,student_t,1.5,dynamic,21.235504579919724,0.006,True
1.5,,0.5,0.5,213,8859.567611290531,2.0,2.0,stable,refinement,1.953776452787904,,-1,nested,32768,203,SOURCE_RUN\raw\task-0067-dynamic-stable-nu1p5-N80-s203-refinement-cb6a5893dc\arrays.npz,80,student_t,1.5,dynamic,21.28913677824408,0.006,True
1.5,,0.5,0.5,393,10475.416762012082,2.0,2.0,stable,refinement,1.9549324226461462,,-1,nested,32768,203,SOURCE_RUN\raw\task-0071-dynamic-stable-nu1p5-N160-s203-refinement-ccccbf38ef\arrays.npz,160,student_t,1.5,dynamic,13.63474469742119,0.012,True
1.5,,0.5,0.5,408,10580.01757555367,2.0,2.0,stable,refinement,1.9090870902066277,,-1,nested,32768,203,SOURCE_RUN\raw\task-0063-dynamic-stable-nu1p5-N40-s203-refinement-d6910c4a67\arrays.npz,40,student_t,1.5,dynamic,13.583149642246221,0.012,True
1.5,,0.5,0.5,390,11027.44827011281,2.0,2.0,stable,refinement,2.0764164912814578,,-1,nested,32768,203,SOURCE_RUN\raw\task-0067-dynamic-stable-nu1p5-N80-s203-refinement-cb6a5893dc\arrays.npz,80,student_t,1.5,dynamic,13.617455122143847,0.012,True
1.5,,0.5,0.5,59,1193.4978352861572,2.0,2.0,stable,refinement,1.3833357153603505,,0,block,16384,200,SOURCE_RUN\raw\task-0080-dynamic-stable-nu3-N160-s200-refinement-32d011d4a5\arrays.npz,160,student_t,3.0,dynamic,14.623187014287003,0.003,True
1.5,,0.5,0.5,56,1264.7987144864444,2.0,2.0,stable,refinement,1.5263998466975177,,0,block,16384,200,SOURCE_RUN\raw\task-0072-dynamic-stable-nu3-N40-s200-refinement-83a136740d\arrays.npz,40,student_t,3.0,dynamic,14.796707022069572,0.003,True
1.5,,0.5,0.5,53,943.16823248566,2.0,2.0,stable,refinement,1.2121758284240536,,0,block,16384,200,SOURCE_RUN\raw\task-0076-dynamic-stable-nu3-N80-s200-refinement-8d51dc2542\arrays.npz,80,student_t,3.0,dynamic,14.68073080715309,0.003,True
1.5,,0.5,0.5,122,1628.902051704766,2.0,2.0,stable,refinement,1.4380897186592865,,0,block,16384,200,SOURCE_RUN\raw\task-0080-dynamic-stable-nu3-N160-s200-refinement-32d011d4a5\arrays.npz,160,student_t,3.0,dynamic,9.284299851585104,0.006,True
1.5,,0.5,0.5,110,1693.3675406171676,2.0,2.0,stable,refinement,1.6386505448148967,,0,block,16384,200,SOURCE_RUN\raw\task-0072-dynamic-stable-nu3-N40-s200-refinement-83a136740d\arrays.npz,40,student_t,3.0,dynamic,9.394468160376393,0.006,True
1.5,,0.5,0.5,124,1371.030792118977,2.0,2.0,stable,refinement,1.1862349738114841,,0,block,16384,200,SOURCE_RUN\raw\task-0076-dynamic-stable-nu3-N80-s200-refinement-8d51dc2542\arrays.npz,80,student_t,3.0,dynamic,9.320834556847661,0.006,True
1.5,,0.5,0.5,278,2253.2233304320857,2.0,2.0,stable,refinement,1.3648105934133414,,0,block,16384,200,SOURCE_RUN\raw\task-0080-dynamic-stable-nu3-N160-s200-refinement-32d011d4a5\arrays.npz,160,student_t,3.0,dynamic,5.9386408141586795,0.012,True
1.5,,0.5,0.5,269,2256.4740134809635,2.0,2.0,stable,refinement,1.395943873596333,,0,block,16384,200,SOURCE_RUN\raw\task-0072-dynamic-stable-nu3-N40-s200-refinement-83a136740d\arrays.npz,40,student_t,3.0,dynamic,6.009109242093295,0.012,True
1.5,,0.5,0.5,274,1965.481699457016,2.0,2.0,stable,refinement,1.2031665291913176,,0,block,16384,200,SOURCE_RUN\raw\task-0076-dynamic-stable-nu3-N80-s200-refinement-8d51dc2542\arrays.npz,80,student_t,3.0,dynamic,5.9620099960327915,0.012,True
1.5,,0.5,0.5,70,1645.405942102383,2.0,2.0,stable,refinement,1.6074333966956575,,1,block,16384,200,SOURCE_RUN\raw\task-0080-dynamic-stable-nu3-N160-s200-refinement-32d011d4a5\arrays.npz,160,student_t,3.0,dynamic,14.623187014287003,0.003,True
1.5,,0.5,0.5,53,1166.89097771403,2.0,2.0,stable,refinement,1.4879534255443607,,1,block,16384,200,SOURCE_RUN\raw\task-0072-dynamic-stable-nu3-N40-s200-refinement-83a136740d\arrays.npz,40,student_t,3.0,dynamic,14.796707022069572,0.003,True
1.5,,0.5,0.5,64,1169.092355034506,2.0,2.0,stable,refinement,1.2442887406200274,,1,block,16384,200,SOURCE_RUN\raw\task-0076-dynamic-stable-nu3-N80-s200-refinement-8d51dc2542\arrays.npz,80,student_t,3.0,dynamic,14.68073080715309,0.003,True
1.5,,0.5,0.5,124,2125.3138367646156,2.0,2.0,stable,refinement,1.846087264503573,,1,block,16384,200,SOURCE_RUN\raw\task-0080-dynamic-stable-nu3-N160-s200-refinement-32d011d4a5\arrays.npz,160,student_t,3.0,dynamic,9.284299851585104,0.006,True
1.5,,0.5,0.5,122,1600.2828079134424,2.0,2.0,stable,refinement,1.3962548993817956,,1,block,16384,200,SOURCE_RUN\raw\task-0072-dynamic-stable-nu3-N40-s200-refinement-83a136740d\arrays.npz,40,student_t,3.0,dynamic,9.394468160376393,0.006,True
1.5,,0.5,0.5,131,1660.045308710778,2.0,2.0,stable,refinement,1.3595458127622635,,1,block,16384,200,SOURCE_RUN\raw\task-0076-dynamic-stable-nu3-N80-s200-refinement-8d51dc2542\arrays.npz,80,student_t,3.0,dynamic,9.320834556847661,0.006,True
1.5,,0.5,0.5,284,2737.0786963409464,2.0,2.0,stable,refinement,1.6228631003371072,,1,block,16384,200,SOURCE_RUN\raw\task-0080-dynamic-stable-nu3-N160-s200-refinement-32d011d4a5\arrays.npz,160,student_t,3.0,dynamic,5.9386408141586795,0.012,True
1.5,,0.5,0.5,282,2229.2674257411363,2.0,2.0,stable,refinement,1.3155366825426706,,1,block,16384,200,SOURCE_RUN\raw\task-0072-dynamic-stable-nu3-N40-s200-refinement-83a136740d\arrays.npz,40,student_t,3.0,dynamic,6.009109242093295,0.012,True
1.5,,0.5,0.5,287,2309.471772791354,2.0,2.0,stable,refinement,1.3497025298913148,,1,block,16384,200,SOURCE_RUN\raw\task-0076-dynamic-stable-nu3-N80-s200-refinement-8d51dc2542\arrays.npz,80,student_t,3.0,dynamic,5.9620099960327915,0.012,True
1.5,,0.5,0.5,56,1052.6884914824718,2.0,2.0,stable,refinement,1.2854932893976438,,2,block,16384,200,SOURCE_RUN\raw\task-0080-dynamic-stable-nu3-N160-s200-refinement-32d011d4a5\arrays.npz,160,student_t,3.0,dynamic,14.623187014287003,0.003,True
1.5,,0.5,0.5,64,1155.8110489532437,2.0,2.0,stable,refinement,1.2205112673352436,,2,block,16384,200,SOURCE_RUN\raw\task-0072-dynamic-stable-nu3-N40-s200-refinement-83a136740d\arrays.npz,40,student_t,3.0,dynamic,14.796707022069572,0.003,True
1.5,,0.5,0.5,69,2181.3925985468013,2.0,2.0,stable,refinement,2.153461288914965,,2,block,16384,200,SOURCE_RUN\raw\task-0076-dynamic-stable-nu3-N80-s200-refinement-8d51dc2542\arrays.npz,80,student_t,3.0,dynamic,14.68073080715309,0.003,True
1.5,,0.5,0.5,132,1532.8479445070723,2.0,2.0,stable,refinement,1.2507657673401498,,2,block,16384,200,SOURCE_RUN\raw\task-0080-dynamic-stable-nu3-N160-s200-refinement-32d011d4a5\arrays.npz,160,student_t,3.0,dynamic,9.284299851585104,0.006,True
1.5,,0.5,0.5,131,1636.4149365537496,2.0,2.0,stable,refinement,1.3296885847797584,,2,block,16384,200,SOURCE_RUN\raw\task-0072-dynamic-stable-nu3-N40-s200-refinement-83a136740d\arrays.npz,40,student_t,3.0,dynamic,9.394468160376393,0.006,True
1.5,,0.5,0.5,127,2677.4957228630637,2.0,2.0,stable,refinement,2.261883671309467,,2,block,16384,200,SOURCE_RUN\raw\task-0076-dynamic-stable-nu3-N80-s200-refinement-8d51dc2542\arrays.npz,80,student_t,3.0,dynamic,9.320834556847661,0.006,True
1.5,,0.5,0.5,278,2164.987969824196,2.0,2.0,stable,refinement,1.311365134525695,,2,block,16384,200,SOURCE_RUN\raw\task-0080-dynamic-stable-nu3-N160-s200-refinement-32d011d4a5\arrays.npz,160,student_t,3.0,dynamic,5.9386408141586795,0.012,True
1.5,,0.5,0.5,274,2244.956910832615,2.0,2.0,stable,refinement,1.3634755280876154,,2,block,16384,200,SOURCE_RUN\raw\task-0072-dynamic-stable-nu3-N40-s200-refinement-83a136740d\arrays.npz,40,student_t,3.0,dynamic,6.009109242093295,0.012,True
1.5,,0.5,0.5,275,3284.256231881167,2.0,2.0,stable,refinement,2.003141548246349,,2,block,16384,200,SOURCE_RUN\raw\task-0076-dynamic-stable-nu3-N80-s200-refinement-8d51dc2542\arrays.npz,80,student_t,3.0,dynamic,5.9620099960327915,0.012,True
1.5,,0.5,0.5,56,1931.152667382764,2.0,2.0,stable,refinement,2.3582321026677997,,3,block,16384,200,SOURCE_RUN\raw\task-0080-dynamic-stable-nu3-N160-s200-refinement-32d011d4a5\arrays.npz,160,student_t,3.0,dynamic,14.623187014287003,0.003,True
1.5,,0.5,0.5,66,2291.4119958225374,2.0,2.0,stable,refinement,2.3463574375897047,,3,block,16384,200,SOURCE_RUN\raw\task-0072-dynamic-stable-nu3-N40-s200-refinement-83a136740d\arrays.npz,40,student_t,3.0,dynamic,14.796707022069572,0.003,True
1.5,,0.5,0.5,52,1548.1617855862403,2.0,2.0,stable,refinement,2.027987735869269,,3,block,16384,200,SOURCE_RUN\raw\task-0076-dynamic-stable-nu3-N80-s200-refinement-8d51dc2542\arrays.npz,80,student_t,3.0,dynamic,14.68073080715309,0.003,True
1.5,,0.5,0.5,120,2375.050828473705,2.0,2.0,stable,refinement,2.131780592362254,,3,block,16384,200,SOURCE_RUN\raw\task-0080-dynamic-stable-nu3-N160-s200-refinement-32d011d4a5\arrays.npz,160,student_t,3.0,dynamic,9.284299851585104,0.006,True
1.5,,0.5,0.5,131,2793.4987084193813,2.0,2.0,stable,refinement,2.269890882324053,,3,block,16384,200,SOURCE_RUN\raw\task-0072-dynamic-stable-nu3-N40-s200-refinement-83a136740d\arrays.npz,40,student_t,3.0,dynamic,9.394468160376393,0.006,True
1.5,,0.5,0.5,114,1974.5562388832466,2.0,2.0,stable,refinement,1.858274455628966,,3,block,16384,200,SOURCE_RUN\raw\task-0076-dynamic-stable-nu3-N80-s200-refinement-8d51dc2542\arrays.npz,80,student_t,3.0,dynamic,9.320834556847661,0.006,True
1.5,,0.5,0.5,284,2961.335200169876,2.0,2.0,stable,refinement,1.7558288077393478,,3,block,16384,200,SOURCE_RUN\raw\task-0080-dynamic-stable-nu3-N160-s200-refinement-32d011d4a5\arrays.npz,160,student_t,3.0,dynamic,5.9386408141586795,0.012,True
1.5,,0.5,0.5,282,3437.376137703115,2.0,2.0,stable,refinement,2.0284665485308135,,3,block,16384,200,SOURCE_RUN\raw\task-0072-dynamic-stable-nu3-N40-s200-refinement-83a136740d\arrays.npz,40,student_t,3.0,dynamic,6.009109242093295,0.012,True
1.5,,0.5,0.5,282,2575.087183508518,2.0,2.0,stable,refinement,1.531616827414384,,3,block,16384,200,SOURCE_RUN\raw\task-0076-dynamic-stable-nu3-N80-s200-refinement-8d51dc2542\arrays.npz,80,student_t,3.0,dynamic,5.9620099960327915,0.012,True
1.5,,0.5,0.5,241,5822.744936253775,2.0,2.0,stable,refinement,1.6522230992971847,,-1,full,65536,200,SOURCE_RUN\raw\task-0080-dynamic-stable-nu3-N160-s200-refinement-32d011d4a5\arrays.npz,160,student_t,3.0,dynamic,14.623187014287003,0.003,True
1.5,,0.5,0.5,239,5878.9127369762555,2.0,2.0,stable,refinement,1.6623942885325866,,-1,full,65536,200,SOURCE_RUN\raw\task-0072-dynamic-stable-nu3-N40-s200-refinement-83a136740d\arrays.npz,40,student_t,3.0,dynamic,14.796707022069572,0.003,True
1.5,,0.5,0.5,238,5841.814971653207,2.0,2.0,stable,refinement,1.6719495357415595,,-1,full,65536,200,SOURCE_RUN\raw\task-0076-dynamic-stable-nu3-N80-s200-refinement-8d51dc2542\arrays.npz,80,student_t,3.0,dynamic,14.68073080715309,0.003,True
1.5,,0.5,0.5,498,7662.11466145016,2.0,2.0,stable,refinement,1.6571817647535068,,-1,full,65536,200,SOURCE_RUN\raw\task-0080-dynamic-stable-nu3-N160-s200-refinement-32d011d4a5\arrays.npz,160,student_t,3.0,dynamic,9.284299851585104,0.006,True
1.5,,0.5,0.5,494,7723.56399350374,2.0,2.0,stable,refinement,1.6642501373376861,,-1,full,65536,200,SOURCE_RUN\raw\task-0072-dynamic-stable-nu3-N40-s200-refinement-83a136740d\arrays.npz,40,student_t,3.0,dynamic,9.394468160376393,0.006,True
1.5,,0.5,0.5,496,7683.1280625760655,2.0,2.0,stable,refinement,1.6618874040775908,,-1,full,65536,200,SOURCE_RUN\raw\task-0076-dynamic-stable-nu3-N80-s200-refinement-8d51dc2542\arrays.npz,80,student_t,3.0,dynamic,9.320834556847661,0.006,True
1.5,,0.5,0.5,1124,10116.625196767103,2.0,2.0,stable,refinement,1.5155919521892929,,-1,full,65536,200,SOURCE_RUN\raw\task-0080-dynamic-stable-nu3-N160-s200-refinement-32d011d4a5\arrays.npz,160,student_t,3.0,dynamic,5.9386408141586795,0.012,True
1.5,,0.5,0.5,1107,10168.074487757829,2.0,2.0,stable,refinement,1.528554749644212,,-1,full,65536,200,SOURCE_RUN\raw\task-0072-dynamic-stable-nu3-N40-s200-refinement-83a136740d\arrays.npz,40,student_t,3.0,dynamic,6.009109242093295,0.012,True
1.5,,0.5,0.5,1118,10134.296887638055,2.0,2.0,stable,refinement,1.5204044062395623,,-1,full,65536,200,SOURCE_RUN\raw\task-0076-dynamic-stable-nu3-N80-s200-refinement-8d51dc2542\arrays.npz,80,student_t,3.0,dynamic,5.9620099960327915,0.012,True
1.5,,0.5,0.5,59,1193.4978352861572,2.0,2.0,stable,refinement,1.3833357153603505,,-1,nested,16384,200,SOURCE_RUN\raw\task-0080-dynamic-stable-nu3-N160-s200-refinement-32d011d4a5\arrays.npz,160,student_t,3.0,dynamic,14.623187014287003,0.003,True
1.5,,0.5,0.5,56,1264.7987144864444,2.0,2.0,stable,refinement,1.5263998466975177,,-1,nested,16384,200,SOURCE_RUN\raw\task-0072-dynamic-stable-nu3-N40-s200-refinement-83a136740d\arrays.npz,40,student_t,3.0,dynamic,14.796707022069572,0.003,True
1.5,,0.5,0.5,53,943.16823248566,2.0,2.0,stable,refinement,1.2121758284240536,,-1,nested,16384,200,SOURCE_RUN\raw\task-0076-dynamic-stable-nu3-N80-s200-refinement-8d51dc2542\arrays.npz,80,student_t,3.0,dynamic,14.68073080715309,0.003,True
1.5,,0.5,0.5,122,1628.902051704766,2.0,2.0,stable,refinement,1.4380897186592865,,-1,nested,16384,200,SOURCE_RUN\raw\task-0080-dynamic-stable-nu3-N160-s200-refinement-32d011d4a5\arrays.npz,160,student_t,3.0,dynamic,9.284299851585104,0.006,True
1.5,,0.5,0.5,110,1693.3675406171676,2.0,2.0,stable,refinement,1.6386505448148967,,-1,nested,16384,200,SOURCE_RUN\raw\task-0072-dynamic-stable-nu3-N40-s200-refinement-83a136740d\arrays.npz,40,student_t,3.0,dynamic,9.394468160376393,0.006,True
1.5,,0.5,0.5,124,1371.030792118977,2.0,2.0,stable,refinement,1.1862349738114841,,-1,nested,16384,200,SOURCE_RUN\raw\task-0076-dynamic-stable-nu3-N80-s200-refinement-8d51dc2542\arrays.npz,80,student_t,3.0,dynamic,9.320834556847661,0.006,True
1.5,,0.5,0.5,278,2253.2233304320857,2.0,2.0,stable,refinement,1.3648105934133414,,-1,nested,16384,200,SOURCE_RUN\raw\task-0080-dynamic-stable-nu3-N160-s200-refinement-32d011d4a5\arrays.npz,160,student_t,3.0,dynamic,5.9386408141586795,0.012,True
1.5,,0.5,0.5,269,2256.4740134809635,2.0,2.0,stable,refinement,1.395943873596333,,-1,nested,16384,200,SOURCE_RUN\raw\task-0072-dynamic-stable-nu3-N40-s200-refinement-83a136740d\arrays.npz,40,student_t,3.0,dynamic,6.009109242093295,0.012,True
1.5,,0.5,0.5,274,1965.481699457016,2.0,2.0,stable,refinement,1.2031665291913176,,-1,nested,16384,200,SOURCE_RUN\raw\task-0076-dynamic-stable-nu3-N80-s200-refinement-8d51dc2542\arrays.npz,80,student_t,3.0,dynamic,5.9620099960327915,0.012,True
1.5,,0.5,0.5,129,2838.90377738854,2.0,2.0,stable,refinement,1.5049391083329977,,-1,nested,32768,200,SOURCE_RUN\raw\task-0080-dynamic-stable-nu3-N160-s200-refinement-32d011d4a5\arrays.npz,160,student_t,3.0,dynamic,14.623187014287003,0.003,True
1.5,,0.5,0.5,109,2431.6896922004744,2.0,2.0,stable,refinement,1.5077057153111202,,-1,nested,32768,200,SOURCE_RUN\raw\task-0072-dynamic-stable-nu3-N40-s200-refinement-83a136740d\arrays.npz,40,student_t,3.0,dynamic,14.796707022069572,0.003,True
1.5,,0.5,0.5,117,2112.2605875201657,2.0,2.0,stable,refinement,1.229741865864586,,-1,nested,32768,200,SOURCE_RUN\raw\task-0076-dynamic-stable-nu3-N80-s200-refinement-8d51dc2542\arrays.npz,80,student_t,3.0,dynamic,14.68073080715309,0.003,True
1.5,,0.5,0.5,246,3754.2158884693818,2.0,2.0,stable,refinement,1.643747018190553,,-1,nested,32768,200,SOURCE_RUN\raw\task-0080-dynamic-stable-nu3-N160-s200-refinement-32d011d4a5\arrays.npz,160,student_t,3.0,dynamic,9.284299851585104,0.006,True
1.5,,0.5,0.5,232,3293.6503485306102,2.0,2.0,stable,refinement,1.5111838691992143,,-1,nested,32768,200,SOURCE_RUN\raw\task-0072-dynamic-stable-nu3-N40-s200-refinement-83a136740d\arrays.npz,40,student_t,3.0,dynamic,9.394468160376393,0.006,True
1.5,,0.5,0.5,255,3031.076100829755,2.0,2.0,stable,refinement,1.275269169507767,,-1,nested,32768,200,SOURCE_RUN\raw\task-0076-dynamic-stable-nu3-N80-s200-refinement-8d51dc2542\arrays.npz,80,student_t,3.0,dynamic,9.320834556847661,0.006,True
1.5,,0.5,0.5,562,4990.302026773032,2.0,2.0,stable,refinement,1.4952143513605824,,-1,nested,32768,200,SOURCE_RUN\raw\task-0080-dynamic-stable-nu3-N160-s200-refinement-32d011d4a5\arrays.npz,160,student_t,3.0,dynamic,5.9386408141586795,0.012,True
1.5,,0.5,0.5,551,4485.7414392221,2.0,2.0,stable,refinement,1.354791735888288,,-1,nested,32768,200,SOURCE_RUN\raw\task-0072-dynamic-stable-nu3-N40-s200-refinement-83a136740d\arrays.npz,40,student_t,3.0,dynamic,6.009109242093295,0.012,True
1.5,,0.5,0.5,561,4274.9534722483695,2.0,2.0,stable,refinement,1.2781323619914944,,-1,nested,32768,200,SOURCE_RUN\raw\task-0076-dynamic-stable-nu3-N80-s200-refinement-8d51dc2542\arrays.npz,80,student_t,3.0,dynamic,5.9620099960327915,0.012,True
1.5,,0.5,0.5,56,684.9390356204324,2.0,2.0,stable,refinement,0.8364150848619973,,0,block,16384,201,SOURCE_RUN\raw\task-0081-dynamic-stable-nu3-N160-s201-refinement-987bf81fca\arrays.npz,160,student_t,3.0,dynamic,14.623187014287003,0.003,True
1.5,,0.5,0.5,76,1514.0408024512915,2.0,2.0,stable,refinement,1.3463529065098478,,0,block,16384,201,SOURCE_RUN\raw\task-0073-dynamic-stable-nu3-N40-s201-refinement-db83e14422\arrays.npz,40,student_t,3.0,dynamic,14.796707022069572,0.003,True
1.5,,0.5,0.5,64,1800.3105546260756,2.0,2.0,stable,refinement,1.9161070920479208,,0,block,16384,201,SOURCE_RUN\raw\task-0077-dynamic-stable-nu3-N80-s201-refinement-099f960814\arrays.npz,80,student_t,3.0,dynamic,14.68073080715309,0.003,True
1.5,,0.5,0.5,128,1126.6613241364976,2.0,2.0,stable,refinement,0.948056583212747,,0,block,16384,201,SOURCE_RUN\raw\task-0081-dynamic-stable-nu3-N160-s201-refinement-987bf81fca\arrays.npz,160,student_t,3.0,dynamic,9.284299851585104,0.006,True
1.5,,0.5,0.5,146,2052.329510113808,2.0,2.0,stable,refinement,1.4963115739137773,,0,block,16384,201,SOURCE_RUN\raw\task-0073-dynamic-stable-nu3-N40-s201-refinement-db83e14422\arrays.npz,40,student_t,3.0,dynamic,9.394468160376393,0.006,True
1.5,,0.5,0.5,127,2287.2690847468352,2.0,2.0,stable,refinement,1.9322296392495146,,0,block,16384,201,SOURCE_RUN\raw\task-0077-dynamic-stable-nu3-N80-s201-refinement-099f960814\arrays.npz,80,student_t,3.0,dynamic,9.320834556847661,0.006,True
1.5,,0.5,0.5,281,1753.6525964180603,2.0,2.0,stable,refinement,1.0508728791954893,,0,block,16384,201,SOURCE_RUN\raw\task-0081-dynamic-stable-nu3-N160-s201-refinement-987bf81fca\arrays.npz,160,student_t,3.0,dynamic,5.9386408141586795,0.012,True
1.5,,0.5,0.5,305,2756.851768842402,2.0,2.0,stable,refinement,1.5041927005059672,,0,block,16384,201,SOURCE_RUN\raw\task-0073-dynamic-stable-nu3-N40-s201-refinement-db83e14422\arrays.npz,40,student_t,3.0,dynamic,6.009109242093295,0.012,True
1.5,,0.5,0.5,293,2946.0070446451664,2.0,2.0,stable,refinement,1.6864499654278484,,0,block,16384,201,SOURCE_RUN\raw\task-0077-dynamic-stable-nu3-N80-s201-refinement-099f960814\arrays.npz,80,student_t,3.0,dynamic,5.9620099960327915,0.012,True
1.5,,0.5,0.5,55,948.4926814801332,2.0,2.0,stable,refinement,1.1793134741837135,,1,block,16384,201,SOURCE_RUN\raw\task-0081-dynamic-stable-nu3-N160-s201-refinement-987bf81fca\arrays.npz,160,student_t,3.0,dynamic,14.623187014287003,0.003,True
1.5,,0.5,0.5,51,1136.5653233907215,2.0,2.0,stable,refinement,1.5061185264430297,,1,block,16384,201,SOURCE_RUN\raw\task-0073-dynamic-stable-nu3-N40-s201-refinement-db83e14422\arrays.npz,40,student_t,3.0,dynamic,14.796707022069572,0.003,True
1.5,,0.5,0.5,61,911.244097760633,2.0,2.0,stable,refinement,1.0175534194021782,,1,block,16384,201,SOURCE_RUN\raw\task-0077-dynamic-stable-nu3-N80-s201-refinement-099f960814\arrays.npz,80,student_t,3.0,dynamic,14.68073080715309,0.003,True
1.5,,0.5,0.5,123,1369.851277915191,2.0,2.0,stable,refinement,1.1995521942962326,,1,block,16384,201,SOURCE_RUN\raw\task-0081-dynamic-stable-nu3-N160-s201-refinement-987bf81fca\arrays.npz,160,student_t,3.0,dynamic,9.284299851585104,0.006,True
1.5,,0.5,0.5,125,1573.7462691487247,2.0,2.0,stable,refinement,1.340147194951521,,1,block,16384,201,SOURCE_RUN\raw\task-0073-dynamic-stable-nu3-N40-s201-refinement-db83e14422\arrays.npz,40,student_t,3.0,dynamic,9.394468160376393,0.006,True
1.5,,0.5,0.5,113,1334.9576437233686,2.0,2.0,stable,refinement,1.2674599453167839,,1,block,16384,201,SOURCE_RUN\raw\task-0077-dynamic-stable-nu3-N80-s201-refinement-099f960814\arrays.npz,80,student_t,3.0,dynamic,9.320834556847661,0.006,True
1.5,,0.5,0.5,272,1966.9215627598917,2.0,2.0,stable,refinement,1.2176741279943863,,1,block,16384,201,SOURCE_RUN\raw\task-0081-dynamic-stable-nu3-N160-s201-refinement-987bf81fca\arrays.npz,160,student_t,3.0,dynamic,5.9386408141586795,0.012,True
1.5,,0.5,0.5,263,2177.5562618847543,2.0,2.0,stable,refinement,1.377855064794975,,1,block,16384,201,SOURCE_RUN\raw\task-0073-dynamic-stable-nu3-N40-s201-refinement-db83e14422\arrays.npz,40,student_t,3.0,dynamic,6.009109242093295,0.012,True
1.5,,0.5,0.5,258,1898.9814549698644,2.0,2.0,stable,refinement,1.2345489593635397,,1,block,16384,201,SOURCE_RUN\raw\task-0077-dynamic-stable-nu3-N80-s201-refinement-099f960814\arrays.npz,80,student_t,3.0,dynamic,5.9620099960327915,0.012,True
1.5,,0.5,0.5,58,1208.342493848788,2.0,2.0,stable,refinement,1.4246888351287879,,2,block,16384,201,SOURCE_RUN\raw\task-0081-dynamic-stable-nu3-N160-s201-refinement-987bf81fca\arrays.npz,160,student_t,3.0,dynamic,14.623187014287003,0.003,True
1.5,,0.5,0.5,57,1508.1105841891472,2.0,2.0,stable,refinement,1.7881059876976864,,2,block,16384,201,SOURCE_RUN\raw\task-0073-dynamic-stable-nu3-N40-s201-refinement-db83e14422\arrays.npz,40,student_t,3.0,dynamic,14.796707022069572,0.003,True
1.5,,0.5,0.5,60,1191.5336730328606,2.0,2.0,stable,refinement,1.3527183906179632,,2,block,16384,201,SOURCE_RUN\raw\task-0077-dynamic-stable-nu3-N80-s201-refinement-099f960814\arrays.npz,80,student_t,3.0,dynamic,14.68073080715309,0.003,True
1.5,,0.5,0.5,119,1647.8248500066993,2.0,2.0,stable,refinement,1.491471394555507,,2,block,16384,201,SOURCE_RUN\raw\task-0081-dynamic-stable-nu3-N160-s201-refinement-987bf81fca\arrays.npz,160,student_t,3.0,dynamic,9.284299851585104,0.006,True
1.5,,0.5,0.5,107,1922.2343851049425,2.0,2.0,stable,refinement,1.9122750783488316,,2,block,16384,201,SOURCE_RUN\raw\task-0073-dynamic-stable-nu3-N40-s201-refinement-db83e14422\arrays.npz,40,student_t,3.0,dynamic,9.394468160376393,0.006,True
1.5,,0.5,0.5,121,1634.0791267920072,2.0,2.0,stable,refinement,1.4488816521170114,,2,block,16384,201,SOURCE_RUN\raw\task-0077-dynamic-stable-nu3-N80-s201-refinement-099f960814\arrays.npz,80,student_t,3.0,dynamic,9.320834556847661,0.006,True
1.5,,0.5,0.5,276,2228.587866699162,2.0,2.0,stable,refinement,1.359670330738536,,2,block,16384,201,SOURCE_RUN\raw\task-0081-dynamic-stable-nu3-N160-s201-refinement-987bf81fca\arrays.npz,160,student_t,3.0,dynamic,5.9386408141586795,0.012,True
1.5,,0.5,0.5,252,2485.924687929116,2.0,2.0,stable,refinement,1.6416377386773535,,2,block,16384,201,SOURCE_RUN\raw\task-0073-dynamic-stable-nu3-N40-s201-refinement-db83e14422\arrays.npz,40,student_t,3.0,dynamic,6.009109242093295,0.012,True
1.5,,0.5,0.5,271,2230.8038140321655,2.0,2.0,stable,refinement,1.380700199553528,,2,block,16384,201,SOURCE_RUN\raw\task-0077-dynamic-stable-nu3-N80-s201-refinement-099f960814\arrays.npz,80,student_t,3.0,dynamic,5.9620099960327915,0.012,True
1.5,,0.5,0.5,66,1902.2466804757864,2.0,2.0,stable,refinement,1.9709738631523326,,3,block,16384,201,SOURCE_RUN\raw\task-0081-dynamic-stable-nu3-N160-s201-refinement-987bf81fca\arrays.npz,160,student_t,3.0,dynamic,14.623187014287003,0.003,True
1.5,,0.5,0.5,47,622.8856900739484,2.0,2.0,stable,refinement,0.8956646234248626,,3,block,16384,201,SOURCE_RUN\raw\task-0073-dynamic-stable-nu3-N40-s201-refinement-db83e14422\arrays.npz,40,student_t,3.0,dynamic,14.796707022069572,0.003,True
1.5,,0.5,0.5,49,854.9015987598975,2.0,2.0,stable,refinement,1.1884266275601412,,3,block,16384,201,SOURCE_RUN\raw\task-0077-dynamic-stable-nu3-N80-s201-refinement-099f960814\arrays.npz,80,student_t,3.0,dynamic,14.68073080715309,0.003,True
1.5,,0.5,0.5,115,2358.04094234893,2.0,2.0,stable,refinement,2.2085352879906908,,3,block,16384,201,SOURCE_RUN\raw\task-0081-dynamic-stable-nu3-N160-s201-refinement-987bf81fca\arrays.npz,160,student_t,3.0,dynamic,9.284299851585104,0.006,True
1.5,,0.5,0.5,102,994.9792710819795,2.0,2.0,stable,refinement,1.0383449674395417,,3,block,16384,201,SOURCE_RUN\raw\task-0073-dynamic-stable-nu3-N40-s201-refinement-db83e14422\arrays.npz,40,student_t,3.0,dynamic,9.394468160376393,0.006,True
1.5,,0.5,0.5,123,1261.144034965729,2.0,2.0,stable,refinement,1.1000306328550915,,3,block,16384,201,SOURCE_RUN\raw\task-0077-dynamic-stable-nu3-N80-s201-refinement-099f960814\arrays.npz,80,student_t,3.0,dynamic,9.320834556847661,0.006,True
1.5,,0.5,0.5,277,2998.594362432658,2.0,2.0,stable,refinement,1.8228498312416748,,3,block,16384,201,SOURCE_RUN\raw\task-0081-dynamic-stable-nu3-N160-s201-refinement-987bf81fca\arrays.npz,160,student_t,3.0,dynamic,5.9386408141586795,0.012,True
1.5,,0.5,0.5,269,1560.6146355545284,2.0,2.0,stable,refinement,0.9654578012118981,,3,block,16384,201,SOURCE_RUN\raw\task-0073-dynamic-stable-nu3-N40-s201-refinement-db83e14422\arrays.npz,40,student_t,3.0,dynamic,6.009109242093295,0.012,True
1.5,,0.5,0.5,278,1884.4103826418445,2.0,2.0,stable,refinement,1.1369411688893623,,3,block,16384,201,SOURCE_RUN\raw\task-0077-dynamic-stable-nu3-N80-s201-refinement-099f960814\arrays.npz,80,student_t,3.0,dynamic,5.9620099960327915,0.012,True
1.5,,0.5,0.5,235,4744.02089142514,2.0,2.0,stable,refinement,1.3805009073953178,,-1,full,65536,201,SOURCE_RUN\raw\task-0081-dynamic-stable-nu3-N160-s201-refinement-987bf81fca\arrays.npz,160,student_t,3.0,dynamic,14.623187014287003,0.003,True
1.5,,0.5,0.5,231,4781.602400105107,2.0,2.0,stable,refinement,1.3989313607925522,,-1,full,65536,201,SOURCE_RUN\raw\task-0073-dynamic-stable-nu3-N40-s201-refinement-db83e14422\arrays.npz,40,student_t,3.0,dynamic,14.796707022069572,0.003,True
1.5,,0.5,0.5,234,4757.989924179467,2.0,2.0,stable,refinement,1.3850325669321562,,-1,full,65536,201,SOURCE_RUN\raw\task-0077-dynamic-stable-nu3-N80-s201-refinement-099f960814\arrays.npz,80,student_t,3.0,dynamic,14.68073080715309,0.003,True
1.5,,0.5,0.5,485,6502.378394407318,2.0,2.0,stable,refinement,1.4440470445787692,,-1,full,65536,201,SOURCE_RUN\raw\task-0081-dynamic-stable-nu3-N160-s201-refinement-987bf81fca\arrays.npz,160,student_t,3.0,dynamic,9.284299851585104,0.006,True
1.5,,0.5,0.5,480,6543.289435449454,2.0,2.0,stable,refinement,1.4510510608802287,,-1,full,65536,201,SOURCE_RUN\raw\task-0073-dynamic-stable-nu3-N40-s201-refinement-db83e14422\arrays.npz,40,student_t,3.0,dynamic,9.394468160376393,0.006,True
1.5,,0.5,0.5,484,6517.449890227941,2.0,2.0,stable,refinement,1.4446995573405366,,-1,full,65536,201,SOURCE_RUN\raw\task-0077-dynamic-stable-nu3-N80-s201-refinement-099f960814\arrays.npz,80,student_t,3.0,dynamic,9.320834556847661,0.006,True
1.5,,0.5,0.5,1106,8947.756388309772,2.0,2.0,stable,refinement,1.362297519354598,,-1,full,65536,201,SOURCE_RUN\raw\task-0081-dynamic-stable-nu3-N160-s201-refinement-987bf81fca\arrays.npz,160,student_t,3.0,dynamic,5.9386408141586795,0.012,True
1.5,,0.5,0.5,1089,8980.9473542108,2.0,2.0,stable,refinement,1.3724109406502223,,-1,full,65536,201,SOURCE_RUN\raw\task-0073-dynamic-stable-nu3-N40-s201-refinement-db83e14422\arrays.npz,40,student_t,3.0,dynamic,6.009109242093295,0.012,True
1.5,,0.5,0.5,1100,8960.202696289041,2.0,2.0,stable,refinement,1.3662571549240015,,-1,full,65536,201,SOURCE_RUN\raw\task-0077-dynamic-stable-nu3-N80-s201-refinement-099f960814\arrays.npz,80,student_t,3.0,dynamic,5.9620099960327915,0.012,True
1.5,,0.5,0.5,56,684.9390356204324,2.0,2.0,stable,refinement,0.8364150848619973,,-1,nested,16384,201,SOURCE_RUN\raw\task-0081-dynamic-stable-nu3-N160-s201-refinement-987bf81fca\arrays.npz,160,student_t,3.0,dynamic,14.623187014287003,0.003,True
1.5,,0.5,0.5,76,1514.0408024512915,2.0,2.0,stable,refinement,1.3463529065098478,,-1,nested,16384,201,SOURCE_RUN\raw\task-0073-dynamic-stable-nu3-N40-s201-refinement-db83e14422\arrays.npz,40,student_t,3.0,dynamic,14.796707022069572,0.003,True
1.5,,0.5,0.5,64,1800.3105546260756,2.0,2.0,stable,refinement,1.9161070920479208,,-1,nested,16384,201,SOURCE_RUN\raw\task-0077-dynamic-stable-nu3-N80-s201-refinement-099f960814\arrays.npz,80,student_t,3.0,dynamic,14.68073080715309,0.003,True
1.5,,0.5,0.5,128,1126.6613241364976,2.0,2.0,stable,refinement,0.948056583212747,,-1,nested,16384,201,SOURCE_RUN\raw\task-0081-dynamic-stable-nu3-N160-s201-refinement-987bf81fca\arrays.npz,160,student_t,3.0,dynamic,9.284299851585104,0.006,True
1.5,,0.5,0.5,146,2052.329510113808,2.0,2.0,stable,refinement,1.4963115739137773,,-1,nested,16384,201,SOURCE_RUN\raw\task-0073-dynamic-stable-nu3-N40-s201-refinement-db83e14422\arrays.npz,40,student_t,3.0,dynamic,9.394468160376393,0.006,True
1.5,,0.5,0.5,127,2287.2690847468352,2.0,2.0,stable,refinement,1.9322296392495146,,-1,nested,16384,201,SOURCE_RUN\raw\task-0077-dynamic-stable-nu3-N80-s201-refinement-099f960814\arrays.npz,80,student_t,3.0,dynamic,9.320834556847661,0.006,True
1.5,,0.5,0.5,281,1753.6525964180603,2.0,2.0,stable,refinement,1.0508728791954893,,-1,nested,16384,201,SOURCE_RUN\raw\task-0081-dynamic-stable-nu3-N160-s201-refinement-987bf81fca\arrays.npz,160,student_t,3.0,dynamic,5.9386408141586795,0.012,True
1.5,,0.5,0.5,305,2756.851768842402,2.0,2.0,stable,refinement,1.5041927005059672,,-1,nested,16384,201,SOURCE_RUN\raw\task-0073-dynamic-stable-nu3-N40-s201-refinement-db83e14422\arrays.npz,40,student_t,3.0,dynamic,6.009109242093295,0.012,True
1.5,,0.5,0.5,293,2946.0070446451664,2.0,2.0,stable,refinement,1.6864499654278484,,-1,nested,16384,201,SOURCE_RUN\raw\task-0077-dynamic-stable-nu3-N80-s201-refinement-099f960814\arrays.npz,80,student_t,3.0,dynamic,5.9620099960327915,0.012,True
1.5,,0.5,0.5,111,1633.4317171005653,2.0,2.0,stable,refinement,1.006319692183568,,-1,nested,32768,201,SOURCE_RUN\raw\task-0081-dynamic-stable-nu3-N160-s201-refinement-987bf81fca\arrays.npz,160,student_t,3.0,dynamic,14.623187014287003,0.003,True
1.5,,0.5,0.5,127,2650.6061258420127,2.0,2.0,stable,refinement,1.41051075388459,,-1,nested,32768,201,SOURCE_RUN\raw\task-0073-dynamic-stable-nu3-N40-s201-refinement-db83e14422\arrays.npz,40,student_t,3.0,dynamic,14.796707022069572,0.003,True
1.5,,0.5,0.5,125,2711.5546523867083,2.0,2.0,stable,refinement,1.477612899796798,,-1,nested,32768,201,SOURCE_RUN\raw\task-0077-dynamic-stable-nu3-N80-s201-refinement-099f960814\arrays.npz,80,student_t,3.0,dynamic,14.68073080715309,0.003,True
1.5,,0.5,0.5,251,2496.5126020516886,2.0,2.0,stable,refinement,1.0712994523891164,,-1,nested,32768,201,SOURCE_RUN\raw\task-0081-dynamic-stable-nu3-N160-s201-refinement-987bf81fca\arrays.npz,160,student_t,3.0,dynamic,9.284299851585104,0.006,True
1.5,,0.5,0.5,271,3626.0757792625327,2.0,2.0,stable,refinement,1.4242800338020356,,-1,nested,32768,201,SOURCE_RUN\raw\task-0073-dynamic-stable-nu3-N40-s201-refinement-db83e14422\arrays.npz,40,student_t,3.0,dynamic,9.394468160376393,0.006,True
1.5,,0.5,0.5,240,3622.226728470204,2.0,2.0,stable,refinement,1.6192339083561873,,-1,nested,32768,201,SOURCE_RUN\raw\task-0077-dynamic-stable-nu3-N80-s201-refinement-099f960814\arrays.npz,80,student_t,3.0,dynamic,9.320834556847661,0.006,True
1.5,,0.5,0.5,553,3720.5741591779524,2.0,2.0,stable,refinement,1.1329161697439525,,-1,nested,32768,201,SOURCE_RUN\raw\task-0081-dynamic-stable-nu3-N160-s201-refinement-987bf81fca\arrays.npz,160,student_t,3.0,dynamic,5.9386408141586795,0.012,True
1.5,,0.5,0.5,568,4934.408030727157,2.0,2.0,stable,refinement,1.4456948163651382,,-1,nested,32768,201,SOURCE_RUN\raw\task-0073-dynamic-stable-nu3-N40-s201-refinement-db83e14422\arrays.npz,40,student_t,3.0,dynamic,6.009109242093295,0.012,True
1.5,,0.5,0.5,551,4844.98849961503,2.0,2.0,stable,refinement,1.4748520351835803,,-1,nested,32768,201,SOURCE_RUN\raw\task-0077-dynamic-stable-nu3-N80-s201-refinement-099f960814\arrays.npz,80,student_t,3.0,dynamic,5.9620099960327915,0.012,True
1.5,,0.5,0.5,51,1160.5592154885537,2.0,2.0,stable,refinement,1.5561630324882163,,0,block,16384,202,SOURCE_RUN\raw\task-0082-dynamic-stable-nu3-N160-s202-refinement-135253af90\arrays.npz,160,student_t,3.0,dynamic,14.623187014287003,0.003,True
1.5,,0.5,0.5,54,1493.8607031152155,2.0,2.0,stable,refinement,1.869611059640817,,0,block,16384,202,SOURCE_RUN\raw\task-0074-dynamic-stable-nu3-N40-s202-refinement-9c397be7fa\arrays.npz,40,student_t,3.0,dynamic,14.796707022069572,0.003,True
1.5,,0.5,0.5,59,1389.6532199683768,2.0,2.0,stable,refinement,1.6043781958570764,,0,block,16384,202,SOURCE_RUN\raw\task-0078-dynamic-stable-nu3-N80-s202-refinement-ba49bc5bb5\arrays.npz,80,student_t,3.0,dynamic,14.68073080715309,0.003,True
1.5,,0.5,0.5,113,1562.1843857193935,2.0,2.0,stable,refinement,1.4890342624196138,,0,block,16384,202,SOURCE_RUN\raw\task-0082-dynamic-stable-nu3-N160-s202-refinement-135253af90\arrays.npz,160,student_t,3.0,dynamic,9.284299851585104,0.006,True
1.5,,0.5,0.5,109,1899.333535167876,2.0,2.0,stable,refinement,1.8548232860894915,,0,block,16384,202,SOURCE_RUN\raw\task-0074-dynamic-stable-nu3-N40-s202-refinement-9c397be7fa\arrays.npz,40,student_t,3.0,dynamic,9.394468160376393,0.006,True
1.5,,0.5,0.5,111,1806.769106878095,2.0,2.0,stable,refinement,1.7463242225564108,,0,block,16384,202,SOURCE_RUN\raw\task-0078-dynamic-stable-nu3-N80-s202-refinement-ba49bc5bb5\arrays.npz,80,student_t,3.0,dynamic,9.320834556847661,0.006,True
1.5,,0.5,0.5,279,2134.56347781401,2.0,2.0,stable,refinement,1.2883023898691721,,0,block,16384,202,SOURCE_RUN\raw\task-0082-dynamic-stable-nu3-N160-s202-refinement-135253af90\arrays.npz,160,student_t,3.0,dynamic,5.9386408141586795,0.012,True
1.5,,0.5,0.5,254,2462.706186420105,2.0,2.0,stable,refinement,1.6134993152405592,,0,block,16384,202,SOURCE_RUN\raw\task-0074-dynamic-stable-nu3-N40-s202-refinement-9c397be7fa\arrays.npz,40,student_t,3.0,dynamic,6.009109242093295,0.012,True
1.5,,0.5,0.5,266,2386.3271011573297,2.0,2.0,stable,refinement,1.5047198044952284,,0,block,16384,202,SOURCE_RUN\raw\task-0078-dynamic-stable-nu3-N80-s202-refinement-ba49bc5bb5\arrays.npz,80,student_t,3.0,dynamic,5.9620099960327915,0.012,True
1.5,,0.5,0.5,57,982.372561193736,2.0,2.0,stable,refinement,1.1785807238800832,,1,block,16384,202,SOURCE_RUN\raw\task-0082-dynamic-stable-nu3-N160-s202-refinement-135253af90\arrays.npz,160,student_t,3.0,dynamic,14.623187014287003,0.003,True
1.5,,0.5,0.5,45,727.5211487949699,2.0,2.0,stable,refinement,1.0926172029881125,,1,block,16384,202,SOURCE_RUN\raw\task-0074-dynamic-stable-nu3-N40-s202-refinement-9c397be7fa\arrays.npz,40,student_t,3.0,dynamic,14.796707022069572,0.003,True
1.5,,0.5,0.5,56,1505.8270977959305,2.0,2.0,stable,refinement,1.83163699115012,,1,block,16384,202,SOURCE_RUN\raw\task-0078-dynamic-stable-nu3-N80-s202-refinement-ba49bc5bb5\arrays.npz,80,student_t,3.0,dynamic,14.68073080715309,0.003,True
1.5,,0.5,0.5,118,1422.9084309927525,2.0,2.0,stable,refinement,1.2988104884724894,,1,block,16384,202,SOURCE_RUN\raw\task-0082-dynamic-stable-nu3-N160-s202-refinement-135253af90\arrays.npz,160,student_t,3.0,dynamic,9.284299851585104,0.006,True
1.5,,0.5,0.5,107,1114.3219650485046,2.0,2.0,stable,refinement,1.108548540974424,,1,block,16384,202,SOURCE_RUN\raw\task-0074-dynamic-stable-nu3-N40-s202-refinement-9c397be7fa\arrays.npz,40,student_t,3.0,dynamic,9.394468160376393,0.006,True
1.5,,0.5,0.5,120,1944.966099819185,2.0,2.0,stable,refinement,1.7389055382298475,,1,block,16384,202,SOURCE_RUN\raw\task-0078-dynamic-stable-nu3-N80-s202-refinement-ba49bc5bb5\arrays.npz,80,student_t,3.0,dynamic,9.320834556847661,0.006,True
1.5,,0.5,0.5,253,2006.3825730285012,2.0,2.0,stable,refinement,1.3353839960132206,,1,block,16384,202,SOURCE_RUN\raw\task-0082-dynamic-stable-nu3-N160-s202-refinement-135253af90\arrays.npz,160,student_t,3.0,dynamic,5.9386408141586795,0.012,True
1.5,,0.5,0.5,243,1657.1031506150155,2.0,2.0,stable,refinement,1.1348361719755242,,1,block,16384,202,SOURCE_RUN\raw\task-0074-dynamic-stable-nu3-N40-s202-refinement-9c397be7fa\arrays.npz,40,student_t,3.0,dynamic,6.009109242093295,0.012,True
1.5,,0.5,0.5,283,2546.8831824146387,2.0,2.0,stable,refinement,1.5094887836486879,,1,block,16384,202,SOURCE_RUN\raw\task-0078-dynamic-stable-nu3-N80-s202-refinement-ba49bc5bb5\arrays.npz,80,student_t,3.0,dynamic,5.9620099960327915,0.012,True
1.5,,0.5,0.5,64,1279.7067257347971,2.0,2.0,stable,refinement,1.3673775470470615,,2,block,16384,202,SOURCE_RUN\raw\task-0082-dynamic-stable-nu3-N160-s202-refinement-135253af90\arrays.npz,160,student_t,3.0,dynamic,14.623187014287003,0.003,True
1.5,,0.5,0.5,60,1629.8547813342877,2.0,2.0,stable,refinement,1.8358305206053933,,2,block,16384,202,SOURCE_RUN\raw\task-0074-dynamic-stable-nu3-N40-s202-refinement-9c397be7fa\arrays.npz,40,student_t,3.0,dynamic,14.796707022069572,0.003,True
1.5,,0.5,0.5,65,1313.2329016013312,2.0,2.0,stable,refinement,1.3761973683023243,,2,block,16384,202,SOURCE_RUN\raw\task-0078-dynamic-stable-nu3-N80-s202-refinement-ba49bc5bb5\arrays.npz,80,student_t,3.0,dynamic,14.68073080715309,0.003,True
1.5,,0.5,0.5,125,1750.4378536735985,2.0,2.0,stable,refinement,1.508299285163434,,2,block,16384,202,SOURCE_RUN\raw\task-0082-dynamic-stable-nu3-N160-s202-refinement-135253af90\arrays.npz,160,student_t,3.0,dynamic,9.284299851585104,0.006,True
1.5,,0.5,0.5,124,2101.594231983931,2.0,2.0,stable,refinement,1.8040766428907171,,2,block,16384,202,SOURCE_RUN\raw\task-0074-dynamic-stable-nu3-N40-s202-refinement-9c397be7fa\arrays.npz,40,student_t,3.0,dynamic,9.394468160376393,0.006,True
1.5,,0.5,0.5,131,1801.2448149545462,2.0,2.0,stable,refinement,1.4751855464915191,,2,block,16384,202,SOURCE_RUN\raw\task-0078-dynamic-stable-nu3-N80-s202-refinement-ba49bc5bb5\arrays.npz,80,student_t,3.0,dynamic,9.320834556847661,0.006,True
1.5,,0.5,0.5,301,2395.0714110461126,2.0,2.0,stable,refinement,1.339876939224666,,2,block,16384,202,SOURCE_RUN\raw\task-0082-dynamic-stable-nu3-N160-s202-refinement-135253af90\arrays.npz,160,student_t,3.0,dynamic,5.9386408141586795,0.012,True
1.5,,0.5,0.5,314,2759.819845959478,2.0,2.0,stable,refinement,1.4626519212942672,,2,block,16384,202,SOURCE_RUN\raw\task-0074-dynamic-stable-nu3-N40-s202-refinement-9c397be7fa\arrays.npz,40,student_t,3.0,dynamic,6.009109242093295,0.012,True
1.5,,0.5,0.5,283,2425.8068177724526,2.0,2.0,stable,refinement,1.4377291459651627,,2,block,16384,202,SOURCE_RUN\raw\task-0078-dynamic-stable-nu3-N80-s202-refinement-ba49bc5bb5\arrays.npz,80,student_t,3.0,dynamic,5.9620099960327915,0.012,True
1.5,,0.5,0.5,62,1827.186230907998,2.0,2.0,stable,refinement,2.015343552059698,,3,block,16384,202,SOURCE_RUN\raw\task-0082-dynamic-stable-nu3-N160-s202-refinement-135253af90\arrays.npz,160,student_t,3.0,dynamic,14.623187014287003,0.003,True
1.5,,0.5,0.5,69,1459.060445844627,2.0,2.0,stable,refinement,1.4290884810671887,,3,block,16384,202,SOURCE_RUN\raw\task-0074-dynamic-stable-nu3-N40-s202-refinement-9c397be7fa\arrays.npz,40,student_t,3.0,dynamic,14.796707022069572,0.003,True
1.5,,0.5,0.5,53,1058.5219020051381,2.0,2.0,stable,refinement,1.3604303233226123,,3,block,16384,202,SOURCE_RUN\raw\task-0078-dynamic-stable-nu3-N80-s202-refinement-ba49bc5bb5\arrays.npz,80,student_t,3.0,dynamic,14.68073080715309,0.003,True
1.5,,0.5,0.5,121,2282.1378710385625,2.0,2.0,stable,refinement,2.03145566858034,,3,block,16384,202,SOURCE_RUN\raw\task-0082-dynamic-stable-nu3-N160-s202-refinement-135253af90\arrays.npz,160,student_t,3.0,dynamic,9.284299851585104,0.006,True
1.5,,0.5,0.5,133,1967.4334074560802,2.0,2.0,stable,refinement,1.5746215894668745,,3,block,16384,202,SOURCE_RUN\raw\task-0074-dynamic-stable-nu3-N40-s202-refinement-9c397be7fa\arrays.npz,40,student_t,3.0,dynamic,9.394468160376393,0.006,True
1.5,,0.5,0.5,113,1483.6119957684934,2.0,2.0,stable,refinement,1.408598083893755,,3,block,16384,202,SOURCE_RUN\raw\task-0078-dynamic-stable-nu3-N80-s202-refinement-ba49bc5bb5\arrays.npz,80,student_t,3.0,dynamic,9.320834556847661,0.006,True
1.5,,0.5,0.5,271,2872.233954970229,2.0,2.0,stable,refinement,1.7846927625365145,,3,block,16384,202,SOURCE_RUN\raw\task-0082-dynamic-stable-nu3-N160-s202-refinement-135253af90\arrays.npz,160,student_t,3.0,dynamic,5.9386408141586795,0.012,True
1.5,,0.5,0.5,269,2585.0422826544554,2.0,2.0,stable,refinement,1.5992091714329908,,3,block,16384,202,SOURCE_RUN\raw\task-0074-dynamic-stable-nu3-N40-s202-refinement-9c397be7fa\arrays.npz,40,student_t,3.0,dynamic,6.009109242093295,0.012,True
1.5,,0.5,0.5,264,2065.345068827473,2.0,2.0,stable,refinement,1.3121877992602096,,3,block,16384,202,SOURCE_RUN\raw\task-0078-dynamic-stable-nu3-N80-s202-refinement-ba49bc5bb5\arrays.npz,80,student_t,3.0,dynamic,5.9620099960327915,0.012,True
1.5,,0.5,0.5,234,5249.824733325085,2.0,2.0,stable,refinement,1.5342174322939188,,-1,full,65536,202,SOURCE_RUN\raw\task-0082-dynamic-stable-nu3-N160-s202-refinement-135253af90\arrays.npz,160,student_t,3.0,dynamic,14.623187014287003,0.003,True
1.5,,0.5,0.5,228,5310.2970790891,2.0,2.0,stable,refinement,1.574051349934337,,-1,full,65536,202,SOURCE_RUN\raw\task-0074-dynamic-stable-nu3-N40-s202-refinement-9c397be7fa\arrays.npz,40,student_t,3.0,dynamic,14.796707022069572,0.003,True
1.5,,0.5,0.5,233,5267.235121370776,2.0,2.0,stable,refinement,1.5398524512262821,,-1,full,65536,202,SOURCE_RUN\raw\task-0078-dynamic-stable-nu3-N80-s202-refinement-ba49bc5bb5\arrays.npz,80,student_t,3.0,dynamic,14.68073080715309,0.003,True
1.5,,0.5,0.5,477,7017.668541424307,2.0,2.0,stable,refinement,1.5846206621316992,,-1,full,65536,202,SOURCE_RUN\raw\task-0082-dynamic-stable-nu3-N160-s202-refinement-135253af90\arrays.npz,160,student_t,3.0,dynamic,9.284299851585104,0.006,True
1.5,,0.5,0.5,473,7082.68313965639,2.0,2.0,stable,refinement,1.5939124887643994,,-1,full,65536,202,SOURCE_RUN\raw\task-0074-dynamic-stable-nu3-N40-s202-refinement-9c397be7fa\arrays.npz,40,student_t,3.0,dynamic,9.394468160376393,0.006,True
1.5,,0.5,0.5,475,7036.59201742032,2.0,2.0,stable,refinement,1.589329564972056,,-1,full,65536,202,SOURCE_RUN\raw\task-0078-dynamic-stable-nu3-N80-s202-refinement-ba49bc5bb5\arrays.npz,80,student_t,3.0,dynamic,9.320834556847661,0.006,True
1.5,,0.5,0.5,1104,9408.251416858853,2.0,2.0,stable,refinement,1.4350029122453476,,-1,full,65536,202,SOURCE_RUN\raw\task-0082-dynamic-stable-nu3-N160-s202-refinement-135253af90\arrays.npz,160,student_t,3.0,dynamic,5.9386408141586795,0.012,True
1.5,,0.5,0.5,1080,9464.671465649053,2.0,2.0,stable,refinement,1.4583833206139156,,-1,full,65536,202,SOURCE_RUN\raw\task-0074-dynamic-stable-nu3-N40-s202-refinement-9c397be7fa\arrays.npz,40,student_t,3.0,dynamic,6.009109242093295,0.012,True
1.5,,0.5,0.5,1096,9424.362170171893,2.0,2.0,stable,refinement,1.442277117774768,,-1,full,65536,202,SOURCE_RUN\raw\task-0078-dynamic-stable-nu3-N80-s202-refinement-ba49bc5bb5\arrays.npz,80,student_t,3.0,dynamic,5.9620099960327915,0.012,True
1.5,,0.5,0.5,51,1160.5592154885537,2.0,2.0,stable,refinement,1.5561630324882163,,-1,nested,16384,202,SOURCE_RUN\raw\task-0082-dynamic-stable-nu3-N160-s202-refinement-135253af90\arrays.npz,160,student_t,3.0,dynamic,14.623187014287003,0.003,True
1.5,,0.5,0.5,54,1493.8607031152155,2.0,2.0,stable,refinement,1.869611059640817,,-1,nested,16384,202,SOURCE_RUN\raw\task-0074-dynamic-stable-nu3-N40-s202-refinement-9c397be7fa\arrays.npz,40,student_t,3.0,dynamic,14.796707022069572,0.003,True
1.5,,0.5,0.5,59,1389.6532199683768,2.0,2.0,stable,refinement,1.6043781958570764,,-1,nested,16384,202,SOURCE_RUN\raw\task-0078-dynamic-stable-nu3-N80-s202-refinement-ba49bc5bb5\arrays.npz,80,student_t,3.0,dynamic,14.68073080715309,0.003,True
1.5,,0.5,0.5,113,1562.1843857193935,2.0,2.0,stable,refinement,1.4890342624196138,,-1,nested,16384,202,SOURCE_RUN\raw\task-0082-dynamic-stable-nu3-N160-s202-refinement-135253af90\arrays.npz,160,student_t,3.0,dynamic,9.284299851585104,0.006,True
1.5,,0.5,0.5,109,1899.333535167876,2.0,2.0,stable,refinement,1.8548232860894915,,-1,nested,16384,202,SOURCE_RUN\raw\task-0074-dynamic-stable-nu3-N40-s202-refinement-9c397be7fa\arrays.npz,40,student_t,3.0,dynamic,9.394468160376393,0.006,True
1.5,,0.5,0.5,111,1806.769106878095,2.0,2.0,stable,refinement,1.7463242225564108,,-1,nested,16384,202,SOURCE_RUN\raw\task-0078-dynamic-stable-nu3-N80-s202-refinement-ba49bc5bb5\arrays.npz,80,student_t,3.0,dynamic,9.320834556847661,0.006,True
1.5,,0.5,0.5,279,2134.56347781401,2.0,2.0,stable,refinement,1.2883023898691721,,-1,nested,16384,202,SOURCE_RUN\raw\task-0082-dynamic-stable-nu3-N160-s202-refinement-135253af90\arrays.npz,160,student_t,3.0,dynamic,5.9386408141586795,0.012,True
1.5,,0.5,0.5,254,2462.706186420105,2.0,2.0,stable,refinement,1.6134993152405592,,-1,nested,16384,202,SOURCE_RUN\raw\task-0074-dynamic-stable-nu3-N40-s202-refinement-9c397be7fa\arrays.npz,40,student_t,3.0,dynamic,6.009109242093295,0.012,True
1.5,,0.5,0.5,266,2386.3271011573297,2.0,2.0,stable,refinement,1.5047198044952284,,-1,nested,16384,202,SOURCE_RUN\raw\task-0078-dynamic-stable-nu3-N80-s202-refinement-ba49bc5bb5\arrays.npz,80,student_t,3.0,dynamic,5.9620099960327915,0.012,True
1.5,,0.5,0.5,108,2142.9317766822896,2.0,2.0,stable,refinement,1.3568834807228127,,-1,nested,32768,202,SOURCE_RUN\raw\task-0082-dynamic-stable-nu3-N160-s202-refinement-135253af90\arrays.npz,160,student_t,3.0,dynamic,14.623187014287003,0.003,True
1.5,,0.5,0.5,99,2221.3818519101856,2.0,2.0,stable,refinement,1.5164320338895878,,-1,nested,32768,202,SOURCE_RUN\raw\task-0074-dynamic-stable-nu3-N40-s202-refinement-9c397be7fa\arrays.npz,40,student_t,3.0,dynamic,14.796707022069572,0.003,True
1.5,,0.5,0.5,115,2895.480317764307,2.0,2.0,stable,refinement,1.715043348347602,,-1,nested,32768,202,SOURCE_RUN\raw\task-0078-dynamic-stable-nu3-N80-s202-refinement-ba49bc5bb5\arrays.npz,80,student_t,3.0,dynamic,14.68073080715309,0.003,True
1.5,,0.5,0.5,231,2985.0928167121465,2.0,2.0,stable,refinement,1.3918636765938102,,-1,nested,32768,202,SOURCE_RUN\raw\task-0082-dynamic-stable-nu3-N160-s202-refinement-135253af90\arrays.npz,160,student_t,3.0,dynamic,9.284299851585104,0.006,True
1.5,,0.5,0.5,216,3013.6555002163805,2.0,2.0,stable,refinement,1.4851408892037867,,-1,nested,32768,202,SOURCE_RUN\raw\task-0074-dynamic-stable-nu3-N40-s202-refinement-9c397be7fa\arrays.npz,40,student_t,3.0,dynamic,9.394468160376393,0.006,True
1.5,,0.5,0.5,231,3751.7352066972803,2.0,2.0,stable,refinement,1.7424703605685856,,-1,nested,32768,202,SOURCE_RUN\raw\task-0078-dynamic-stable-nu3-N80-s202-refinement-ba49bc5bb5\arrays.npz,80,student_t,3.0,dynamic,9.320834556847661,0.006,True
1.5,,0.5,0.5,532,4140.946050842512,2.0,2.0,stable,refinement,1.3106927025654962,,-1,nested,32768,202,SOURCE_RUN\raw\task-0082-dynamic-stable-nu3-N160-s202-refinement-135253af90\arrays.npz,160,student_t,3.0,dynamic,5.9386408141586795,0.012,True
1.5,,0.5,0.5,497,4119.809337035121,2.0,2.0,stable,refinement,1.3794648206461861,,-1,nested,32768,202,SOURCE_RUN\raw\task-0074-dynamic-stable-nu3-N40-s202-refinement-9c397be7fa\arrays.npz,40,student_t,3.0,dynamic,6.009109242093295,0.012,True
1.5,,0.5,0.5,549,4933.210283571969,2.0,2.0,stable,refinement,1.507178130725518,,-1,nested,32768,202,SOURCE_RUN\raw\task-0078-dynamic-stable-nu3-N80-s202-refinement-ba49bc5bb5\arrays.npz,80,student_t,3.0,dynamic,5.9620099960327915,0.012,True
1.5,,0.5,0.5,46,1098.8453757640802,2.0,2.0,stable,refinement,1.6335661253633893,,0,block,16384,203,SOURCE_RUN\raw\task-0083-dynamic-stable-nu3-N160-s203-refinement-5b8b268c83\arrays.npz,160,student_t,3.0,dynamic,14.623187014287003,0.003,True
1.5,,0.5,0.5,52,1080.9920588290422,2.0,2.0,stable,refinement,1.4049280554537753,,0,block,16384,203,SOURCE_RUN\raw\task-0075-dynamic-stable-nu3-N40-s203-refinement-f03b23c000\arrays.npz,40,student_t,3.0,dynamic,14.796707022069572,0.003,True
1.5,,0.5,0.5,33,1334.3578481445466,2.0,2.0,stable,refinement,2.7542965563886486,,0,block,16384,203,SOURCE_RUN\raw\task-0079-dynamic-stable-nu3-N80-s203-refinement-f82f645ca2\arrays.npz,80,student_t,3.0,dynamic,14.68073080715309,0.003,True
1.5,,0.5,0.5,105,1465.3462564344027,2.0,2.0,stable,refinement,1.5031482024275586,,0,block,16384,203,SOURCE_RUN\raw\task-0083-dynamic-stable-nu3-N160-s203-refinement-5b8b268c83\arrays.npz,160,student_t,3.0,dynamic,9.284299851585104,0.006,True
1.5,,0.5,0.5,118,1481.3163903461632,2.0,2.0,stable,refinement,1.3362681652054462,,0,block,16384,203,SOURCE_RUN\raw\task-0075-dynamic-stable-nu3-N40-s203-refinement-f03b23c000\arrays.npz,40,student_t,3.0,dynamic,9.394468160376393,0.006,True
1.5,,0.5,0.5,99,1655.213995776217,2.0,2.0,stable,refinement,1.793759259291412,,0,block,16384,203,SOURCE_RUN\raw\task-0079-dynamic-stable-nu3-N80-s203-refinement-f82f645ca2\arrays.npz,80,student_t,3.0,dynamic,9.320834556847661,0.006,True
1.5,,0.5,0.5,263,2035.3415910296594,2.0,2.0,stable,refinement,1.3031502751114825,,0,block,16384,203,SOURCE_RUN\raw\task-0083-dynamic-stable-nu3-N160-s203-refinement-5b8b268c83\arrays.npz,160,student_t,3.0,dynamic,5.9386408141586795,0.012,True
1.5,,0.5,0.5,286,2088.932412865536,2.0,2.0,stable,refinement,1.2154812287951469,,0,block,16384,203,SOURCE_RUN\raw\task-0075-dynamic-stable-nu3-N40-s203-refinement-f03b23c000\arrays.npz,40,student_t,3.0,dynamic,6.009109242093295,0.012,True
1.5,,0.5,0.5,243,2157.9135997641456,2.0,2.0,stable,refinement,1.4894813805406104,,0,block,16384,203,SOURCE_RUN\raw\task-0079-dynamic-stable-nu3-N80-s203-refinement-f82f645ca2\arrays.npz,80,student_t,3.0,dynamic,5.9620099960327915,0.012,True
1.5,,0.5,0.5,45,1315.8404083519717,2.0,2.0,stable,refinement,1.999625521769536,,1,block,16384,203,SOURCE_RUN\raw\task-0083-dynamic-stable-nu3-N160-s203-refinement-5b8b268c83\arrays.npz,160,student_t,3.0,dynamic,14.623187014287003,0.003,True
1.5,,0.5,0.5,47,1725.163170209116,2.0,2.0,stable,refinement,2.4806600084332477,,1,block,16384,203,SOURCE_RUN\raw\task-0075-dynamic-stable-nu3-N40-s203-refinement-f03b23c000\arrays.npz,40,student_t,3.0,dynamic,14.796707022069572,0.003,True
1.5,,0.5,0.5,52,1310.0296786223407,2.0,2.0,stable,refinement,1.7160507038770814,,1,block,16384,203,SOURCE_RUN\raw\task-0079-dynamic-stable-nu3-N80-s203-refinement-f82f645ca2\arrays.npz,80,student_t,3.0,dynamic,14.68073080715309,0.003,True
1.5,,0.5,0.5,109,1714.392574685001,2.0,2.0,stable,refinement,1.6940827521992654,,1,block,16384,203,SOURCE_RUN\raw\task-0083-dynamic-stable-nu3-N160-s203-refinement-5b8b268c83\arrays.npz,160,student_t,3.0,dynamic,9.284299851585104,0.006,True
1.5,,0.5,0.5,114,2135.4979119623063,2.0,2.0,stable,refinement,1.9939859824358843,,1,block,16384,203,SOURCE_RUN\raw\task-0075-dynamic-stable-nu3-N40-s203-refinement-f03b23c000\arrays.npz,40,student_t,3.0,dynamic,9.394468160376393,0.006,True
1.5,,0.5,0.5,105,1714.1137374592693,2.0,2.0,stable,refinement,1.751441100916661,,1,block,16384,203,SOURCE_RUN\raw\task-0079-dynamic-stable-nu3-N80-s203-refinement-f82f645ca2\arrays.npz,80,student_t,3.0,dynamic,9.320834556847661,0.006,True
1.5,,0.5,0.5,266,2273.9086356736525,2.0,2.0,stable,refinement,1.4394756263350652,,1,block,16384,203,SOURCE_RUN\raw\task-0083-dynamic-stable-nu3-N160-s203-refinement-5b8b268c83\arrays.npz,160,student_t,3.0,dynamic,5.9386408141586795,0.012,True
1.5,,0.5,0.5,266,2709.032862789154,2.0,2.0,stable,refinement,1.6948159303371506,,1,block,16384,203,SOURCE_RUN\raw\task-0075-dynamic-stable-nu3-N40-s203-refinement-f03b23c000\arrays.npz,40,student_t,3.0,dynamic,6.009109242093295,0.012,True
1.5,,0.5,0.5,271,2275.0326350670307,2.0,2.0,stable,refinement,1.4080745216004664,,1,block,16384,203,SOURCE_RUN\raw\task-0079-dynamic-stable-nu3-N80-s203-refinement-f82f645ca2\arrays.npz,80,student_t,3.0,dynamic,5.9620099960327915,0.012,True
1.5,,0.5,0.5,53,1459.7441383004395,2.0,2.0,stable,refinement,1.8834705598153545,,2,block,16384,203,SOURCE_RUN\raw\task-0083-dynamic-stable-nu3-N160-s203-refinement-5b8b268c83\arrays.npz,160,student_t,3.0,dynamic,14.623187014287003,0.003,True
1.5,,0.5,0.5,58,1486.6929142486879,2.0,2.0,stable,refinement,1.7323203341346163,,2,block,16384,203,SOURCE_RUN\raw\task-0075-dynamic-stable-nu3-N40-s203-refinement-f03b23c000\arrays.npz,40,student_t,3.0,dynamic,14.796707022069572,0.003,True
1.5,,0.5,0.5,60,1456.9900178596058,2.0,2.0,stable,refinement,1.6540843424834784,,2,block,16384,203,SOURCE_RUN\raw\task-0079-dynamic-stable-nu3-N80-s203-refinement-f82f645ca2\arrays.npz,80,student_t,3.0,dynamic,14.68073080715309,0.003,True
1.5,,0.5,0.5,123,1895.749417984774,2.0,2.0,stable,refinement,1.6600709951815882,,2,block,16384,203,SOURCE_RUN\raw\task-0083-dynamic-stable-nu3-N160-s203-refinement-5b8b268c83\arrays.npz,160,student_t,3.0,dynamic,9.284299851585104,0.006,True
1.5,,0.5,0.5,110,1905.406812758812,2.0,2.0,stable,refinement,1.8438382908197744,,2,block,16384,203,SOURCE_RUN\raw\task-0075-dynamic-stable-nu3-N40-s203-refinement-f03b23c000\arrays.npz,40,student_t,3.0,dynamic,9.394468160376393,0.006,True
1.5,,0.5,0.5,141,1949.5527143064237,2.0,2.0,stable,refinement,1.4834095499445523,,2,block,16384,203,SOURCE_RUN\raw\task-0079-dynamic-stable-nu3-N80-s203-refinement-f82f645ca2\arrays.npz,80,student_t,3.0,dynamic,9.320834556847661,0.006,True
1.5,,0.5,0.5,280,2508.313029349123,2.0,2.0,stable,refinement,1.5084698838404351,,2,block,16384,203,SOURCE_RUN\raw\task-0083-dynamic-stable-nu3-N160-s203-refinement-5b8b268c83\arrays.npz,160,student_t,3.0,dynamic,5.9386408141586795,0.012,True
1.5,,0.5,0.5,253,2466.3684374426157,2.0,2.0,stable,refinement,1.6222856757723627,,2,block,16384,203,SOURCE_RUN\raw\task-0075-dynamic-stable-nu3-N40-s203-refinement-f03b23c000\arrays.npz,40,student_t,3.0,dynamic,6.009109242093295,0.012,True
1.5,,0.5,0.5,297,2632.757174611469,2.0,2.0,stable,refinement,1.4868311655494804,,2,block,16384,203,SOURCE_RUN\raw\task-0079-dynamic-stable-nu3-N80-s203-refinement-f82f645ca2\arrays.npz,80,student_t,3.0,dynamic,5.9620099960327915,0.012,True
1.5,,0.5,0.5,66,1382.989958402015,2.0,2.0,stable,refinement,1.4329566659202801,,3,block,16384,203,SOURCE_RUN\raw\task-0083-dynamic-stable-nu3-N160-s203-refinement-5b8b268c83\arrays.npz,160,student_t,3.0,dynamic,14.623187014287003,0.003,True
1.5,,0.5,0.5,52,1019.3301315552535,2.0,2.0,stable,refinement,1.3247881775770254,,3,block,16384,203,SOURCE_RUN\raw\task-0075-dynamic-stable-nu3-N40-s203-refinement-f03b23c000\arrays.npz,40,student_t,3.0,dynamic,14.796707022069572,0.003,True
1.5,,0.5,0.5,65,1179.1817705211326,2.0,2.0,stable,refinement,1.2357190010716779,,3,block,16384,203,SOURCE_RUN\raw\task-0079-dynamic-stable-nu3-N80-s203-refinement-f82f645ca2\arrays.npz,80,student_t,3.0,dynamic,14.68073080715309,0.003,True
1.5,,0.5,0.5,127,1848.1725362904526,2.0,2.0,stable,refinement,1.5674353358315747,,3,block,16384,203,SOURCE_RUN\raw\task-0083-dynamic-stable-nu3-N160-s203-refinement-5b8b268c83\arrays.npz,160,student_t,3.0,dynamic,9.284299851585104,0.006,True
1.5,,0.5,0.5,116,1458.4836904446217,2.0,2.0,stable,refinement,1.3383551945477974,,3,block,16384,203,SOURCE_RUN\raw\task-0075-dynamic-stable-nu3-N40-s203-refinement-f03b23c000\arrays.npz,40,student_t,3.0,dynamic,9.394468160376393,0.006,True
1.5,,0.5,0.5,119,1629.08484250857,2.0,2.0,stable,refinement,1.4687299199460233,,3,block,16384,203,SOURCE_RUN\raw\task-0079-dynamic-stable-nu3-N80-s203-refinement-f82f645ca2\arrays.npz,80,student_t,3.0,dynamic,9.320834556847661,0.006,True
1.5,,0.5,0.5,297,2478.936533513952,2.0,2.0,stable,refinement,1.4054710355658346,,3,block,16384,203,SOURCE_RUN\raw\task-0083-dynamic-stable-nu3-N160-s203-refinement-5b8b268c83\arrays.npz,160,student_t,3.0,dynamic,5.9386408141586795,0.012,True
1.5,,0.5,0.5,282,2080.4880677844126,2.0,2.0,stable,refinement,1.227738915106964,,3,block,16384,203,SOURCE_RUN\raw\task-0075-dynamic-stable-nu3-N40-s203-refinement-f03b23c000\arrays.npz,40,student_t,3.0,dynamic,6.009109242093295,0.012,True
1.5,,0.5,0.5,284,2251.921645064376,2.0,2.0,stable,refinement,1.3299711963590062,,3,block,16384,203,SOURCE_RUN\raw\task-0079-dynamic-stable-nu3-N80-s203-refinement-f82f645ca2\arrays.npz,80,student_t,3.0,dynamic,5.9620099960327915,0.012,True
1.5,,0.5,0.5,210,5257.4198808185065,2.0,2.0,stable,refinement,1.7120298565109395,,-1,full,65536,203,SOURCE_RUN\raw\task-0083-dynamic-stable-nu3-N160-s203-refinement-5b8b268c83\arrays.npz,160,student_t,3.0,dynamic,14.623187014287003,0.003,True
1.5,,0.5,0.5,209,5312.1782748421,2.0,2.0,stable,refinement,1.7177552339414932,,-1,full,65536,203,SOURCE_RUN\raw\task-0075-dynamic-stable-nu3-N40-s203-refinement-f03b23c000\arrays.npz,40,student_t,3.0,dynamic,14.796707022069572,0.003,True
1.5,,0.5,0.5,210,5280.559315147626,2.0,2.0,stable,refinement,1.7128248503861974,,-1,full,65536,203,SOURCE_RUN\raw\task-0079-dynamic-stable-nu3-N80-s203-refinement-f82f645ca2\arrays.npz,80,student_t,3.0,dynamic,14.68073080715309,0.003,True
1.5,,0.5,0.5,464,6923.660785394631,2.0,2.0,stable,refinement,1.6071952614279288,,-1,full,65536,203,SOURCE_RUN\raw\task-0083-dynamic-stable-nu3-N160-s203-refinement-5b8b268c83\arrays.npz,160,student_t,3.0,dynamic,9.284299851585104,0.006,True
1.5,,0.5,0.5,458,6980.704805511903,2.0,2.0,stable,refinement,1.6224136682306838,,-1,full,65536,203,SOURCE_RUN\raw\task-0075-dynamic-stable-nu3-N40-s203-refinement-f03b23c000\arrays.npz,40,student_t,3.0,dynamic,9.394468160376393,0.006,True
1.5,,0.5,0.5,464,6947.965290050481,2.0,2.0,stable,refinement,1.606515278624694,,-1,full,65536,203,SOURCE_RUN\raw\task-0079-dynamic-stable-nu3-N80-s203-refinement-f82f645ca2\arrays.npz,80,student_t,3.0,dynamic,9.320834556847661,0.006,True
1.5,,0.5,0.5,1106,9296.499789566387,2.0,2.0,stable,refinement,1.4153937649166564,,-1,full,65536,203,SOURCE_RUN\raw\task-0083-dynamic-stable-nu3-N160-s203-refinement-5b8b268c83\arrays.npz,160,student_t,3.0,dynamic,5.9386408141586795,0.012,True
1.5,,0.5,0.5,1087,9344.821780881719,2.0,2.0,stable,refinement,1.4306433476869052,,-1,full,65536,203,SOURCE_RUN\raw\task-0075-dynamic-stable-nu3-N40-s203-refinement-f03b23c000\arrays.npz,40,student_t,3.0,dynamic,6.009109242093295,0.012,True
1.5,,0.5,0.5,1095,9317.625054507022,2.0,2.0,stable,refinement,1.4272446089125554,,-1,full,65536,203,SOURCE_RUN\raw\task-0079-dynamic-stable-nu3-N80-s203-refinement-f82f645ca2\arrays.npz,80,student_t,3.0,dynamic,5.9620099960327915,0.012,True
1.5,,0.5,0.5,46,1098.8453757640802,2.0,2.0,stable,refinement,1.6335661253633893,,-1,nested,16384,203,SOURCE_RUN\raw\task-0083-dynamic-stable-nu3-N160-s203-refinement-5b8b268c83\arrays.npz,160,student_t,3.0,dynamic,14.623187014287003,0.003,True
1.5,,0.5,0.5,52,1080.9920588290422,2.0,2.0,stable,refinement,1.4049280554537753,,-1,nested,16384,203,SOURCE_RUN\raw\task-0075-dynamic-stable-nu3-N40-s203-refinement-f03b23c000\arrays.npz,40,student_t,3.0,dynamic,14.796707022069572,0.003,True
1.5,,0.5,0.5,33,1334.3578481445466,2.0,2.0,stable,refinement,2.7542965563886486,,-1,nested,16384,203,SOURCE_RUN\raw\task-0079-dynamic-stable-nu3-N80-s203-refinement-f82f645ca2\arrays.npz,80,student_t,3.0,dynamic,14.68073080715309,0.003,True
1.5,,0.5,0.5,105,1465.3462564344027,2.0,2.0,stable,refinement,1.5031482024275586,,-1,nested,16384,203,SOURCE_RUN\raw\task-0083-dynamic-stable-nu3-N160-s203-refinement-5b8b268c83\arrays.npz,160,student_t,3.0,dynamic,9.284299851585104,0.006,True
1.5,,0.5,0.5,118,1481.3163903461632,2.0,2.0,stable,refinement,1.3362681652054462,,-1,nested,16384,203,SOURCE_RUN\raw\task-0075-dynamic-stable-nu3-N40-s203-refinement-f03b23c000\arrays.npz,40,student_t,3.0,dynamic,9.394468160376393,0.006,True
1.5,,0.5,0.5,99,1655.213995776217,2.0,2.0,stable,refinement,1.793759259291412,,-1,nested,16384,203,SOURCE_RUN\raw\task-0079-dynamic-stable-nu3-N80-s203-refinement-f82f645ca2\arrays.npz,80,student_t,3.0,dynamic,9.320834556847661,0.006,True
1.5,,0.5,0.5,263,2035.3415910296594,2.0,2.0,stable,refinement,1.3031502751114825,,-1,nested,16384,203,SOURCE_RUN\raw\task-0083-dynamic-stable-nu3-N160-s203-refinement-5b8b268c83\arrays.npz,160,student_t,3.0,dynamic,5.9386408141586795,0.012,True
1.5,,0.5,0.5,286,2088.932412865536,2.0,2.0,stable,refinement,1.2154812287951469,,-1,nested,16384,203,SOURCE_RUN\raw\task-0075-dynamic-stable-nu3-N40-s203-refinement-f03b23c000\arrays.npz,40,student_t,3.0,dynamic,6.009109242093295,0.012,True
1.5,,0.5,0.5,243,2157.9135997641456,2.0,2.0,stable,refinement,1.4894813805406104,,-1,nested,16384,203,SOURCE_RUN\raw\task-0079-dynamic-stable-nu3-N80-s203-refinement-f82f645ca2\arrays.npz,80,student_t,3.0,dynamic,5.9620099960327915,0.012,True
1.5,,0.5,0.5,91,2414.685784116052,2.0,2.0,stable,refinement,1.814584508201594,,-1,nested,32768,203,SOURCE_RUN\raw\task-0083-dynamic-stable-nu3-N160-s203-refinement-5b8b268c83\arrays.npz,160,student_t,3.0,dynamic,14.623187014287003,0.003,True
1.5,,0.5,0.5,99,2806.1552290381583,2.0,2.0,stable,refinement,1.9156290836359493,,-1,nested,32768,203,SOURCE_RUN\raw\task-0075-dynamic-stable-nu3-N40-s203-refinement-f03b23c000\arrays.npz,40,student_t,3.0,dynamic,14.796707022069572,0.003,True
1.5,,0.5,0.5,85,2644.3875267668873,2.0,2.0,stable,refinement,2.119134387793337,,-1,nested,32768,203,SOURCE_RUN\raw\task-0079-dynamic-stable-nu3-N80-s203-refinement-f82f645ca2\arrays.npz,80,student_t,3.0,dynamic,14.68073080715309,0.003,True
1.5,,0.5,0.5,214,3179.7388311194036,2.0,2.0,stable,refinement,1.6003999123580073,,-1,nested,32768,203,SOURCE_RUN\raw\task-0083-dynamic-stable-nu3-N160-s203-refinement-5b8b268c83\arrays.npz,160,student_t,3.0,dynamic,9.284299851585104,0.006,True
1.5,,0.5,0.5,232,3616.8143023084695,2.0,2.0,stable,refinement,1.6594570926376442,,-1,nested,32768,203,SOURCE_RUN\raw\task-0075-dynamic-stable-nu3-N40-s203-refinement-f03b23c000\arrays.npz,40,student_t,3.0,dynamic,9.394468160376393,0.006,True
1.5,,0.5,0.5,204,3369.3277332354864,2.0,2.0,stable,refinement,1.7719778542455846,,-1,nested,32768,203,SOURCE_RUN\raw\task-0079-dynamic-stable-nu3-N80-s203-refinement-f82f645ca2\arrays.npz,80,student_t,3.0,dynamic,9.320834556847661,0.006,True
1.5,,0.5,0.5,529,4309.250226703312,2.0,2.0,stable,refinement,1.3716995065395978,,-1,nested,32768,203,SOURCE_RUN\raw\task-0083-dynamic-stable-nu3-N160-s203-refinement-5b8b268c83\arrays.npz,160,student_t,3.0,dynamic,5.9386408141586795,0.012,True
1.5,,0.5,0.5,552,4797.965275654689,2.0,2.0,stable,refinement,1.4464649799005322,,-1,nested,32768,203,SOURCE_RUN\raw\task-0075-dynamic-stable-nu3-N40-s203-refinement-f03b23c000\arrays.npz,40,student_t,3.0,dynamic,6.009109242093295,0.012,True
1.5,,0.5,0.5,514,4432.946234831177,2.0,2.0,stable,refinement,1.4465606436285894,,-1,nested,32768,203,SOURCE_RUN\raw\task-0079-dynamic-stable-nu3-N80-s203-refinement-f82f645ca2\arrays.npz,80,student_t,3.0,dynamic,5.9620099960327915,0.012,True
1.5,,0.5,1.0,866,973.1164577197001,0.0,2.0,vp,refinement,0.37863554262228544,,0,block,16384,200,SOURCE_RUN\raw\task-0092-dynamic-vp-nu1p5-N160-s200-refinement-a1ee02dd4a\arrays.npz,160,student_t,1.5,dynamic,2.9677379253417717,0.003,True
1.5,,0.5,1.0,892,991.4922250730206,0.0,2.0,vp,refinement,0.37454060866507777,,0,block,16384,200,SOURCE_RUN\raw\task-0084-dynamic-vp-nu1p5-N40-s200-refinement-39ff189c4f\arrays.npz,40,student_t,1.5,dynamic,2.9677379253417717,0.003,True
1.5,,0.5,1.0,874,977.9363627392232,0.0,2.0,vp,refinement,0.3770280097665288,,0,block,16384,200,SOURCE_RUN\raw\task-0088-dynamic-vp-nu1p5-N80-s200-refinement-5c6d0e802d\arrays.npz,80,student_t,1.5,dynamic,2.9677379253417717,0.003,True
1.5,,0.5,1.0,1063,1183.407302171127,0.0,2.0,vp,refinement,0.40515276123712757,,0,block,16384,200,SOURCE_RUN\raw\task-0092-dynamic-vp-nu1p5-N160-s200-refinement-a1ee02dd4a\arrays.npz,160,student_t,1.5,dynamic,2.7477813854449926,0.006,True
1.5,,0.5,1.0,1063,1205.2298422099357,0.0,2.0,vp,refinement,0.4126239525486145,,0,block,16384,200,SOURCE_RUN\raw\task-0084-dynamic-vp-nu1p5-N40-s200-refinement-39ff189c4f\arrays.npz,40,student_t,1.5,dynamic,2.7477813854449926,0.006,True
1.5,,0.5,1.0,1063,1189.881476005084,0.0,2.0,vp,refinement,0.4073692672539019,,0,block,16384,200,SOURCE_RUN\raw\task-0088-dynamic-vp-nu1p5-N80-s200-refinement-5c6d0e802d\arrays.npz,80,student_t,1.5,dynamic,2.7477813854449926,0.006,True
1.5,,0.5,1.0,1322,1462.4840363992869,0.0,2.0,vp,refinement,0.44036733020127705,,0,block,16384,200,SOURCE_RUN\raw\task-0092-dynamic-vp-nu1p5-N160-s200-refinement-a1ee02dd4a\arrays.npz,160,student_t,1.5,dynamic,2.5121443279304616,0.012,True
1.5,,0.5,1.0,1321,1485.0620719186184,0.0,2.0,vp,refinement,0.4475042888776237,,0,block,16384,200,SOURCE_RUN\raw\task-0084-dynamic-vp-nu1p5-N40-s200-refinement-39ff189c4f\arrays.npz,40,student_t,1.5,dynamic,2.5121443279304616,0.012,True
1.5,,0.5,1.0,1313,1468.3144119978888,0.0,2.0,vp,refinement,0.44515345512079685,,0,block,16384,200,SOURCE_RUN\raw\task-0088-dynamic-vp-nu1p5-N80-s200-refinement-5c6d0e802d\arrays.npz,80,student_t,1.5,dynamic,2.5121443279304616,0.012,True
1.5,,0.5,1.0,871,1049.2483581889019,0.0,2.0,vp,refinement,0.4059145292193777,,1,block,16384,200,SOURCE_RUN\raw\task-0092-dynamic-vp-nu1p5-N160-s200-refinement-a1ee02dd4a\arrays.npz,160,student_t,1.5,dynamic,2.9677379253417717,0.003,True
1.5,,0.5,1.0,833,892.4006135518293,0.0,2.0,vp,refinement,0.3609851297239487,,1,block,16384,200,SOURCE_RUN\raw\task-0084-dynamic-vp-nu1p5-N40-s200-refinement-39ff189c4f\arrays.npz,40,student_t,1.5,dynamic,2.9677379253417717,0.003,True
1.5,,0.5,1.0,863,986.2802806928305,0.0,2.0,vp,refinement,0.385091566519522,,1,block,16384,200,SOURCE_RUN\raw\task-0088-dynamic-vp-nu1p5-N80-s200-refinement-5c6d0e802d\arrays.npz,80,student_t,1.5,dynamic,2.9677379253417717,0.003,True
1.5,,0.5,1.0,1080,1261.6331359911123,0.0,2.0,vp,refinement,0.4251352876212233,,1,block,16384,200,SOURCE_RUN\raw\task-0092-dynamic-vp-nu1p5-N160-s200-refinement-a1ee02dd4a\arrays.npz,160,student_t,1.5,dynamic,2.7477813854449926,0.006,True
1.5,,0.5,1.0,1021,1095.0835099695728,0.0,2.0,vp,refinement,0.3903366406052421,,1,block,16384,200,SOURCE_RUN\raw\task-0084-dynamic-vp-nu1p5-N40-s200-refinement-39ff189c4f\arrays.npz,40,student_t,1.5,dynamic,2.7477813854449926,0.006,True
1.5,,0.5,1.0,1065,1197.4824789443464,0.0,2.0,vp,refinement,0.4092016562163169,,1,block,16384,200,SOURCE_RUN\raw\task-0088-dynamic-vp-nu1p5-N80-s200-refinement-5c6d0e802d\arrays.npz,80,student_t,1.5,dynamic,2.7477813854449926,0.006,True
1.5,,0.5,1.0,1344,1544.694694877589,0.0,2.0,vp,refinement,0.4575081125318899,,1,block,16384,200,SOURCE_RUN\raw\task-0092-dynamic-vp-nu1p5-N160-s200-refinement-a1ee02dd4a\arrays.npz,160,student_t,1.5,dynamic,2.5121443279304616,0.012,True
1.5,,0.5,1.0,1276,1365.6795094211234,0.0,2.0,vp,refinement,0.4260430960497203,,1,block,16384,200,SOURCE_RUN\raw\task-0084-dynamic-vp-nu1p5-N40-s200-refinement-39ff189c4f\arrays.npz,40,student_t,1.5,dynamic,2.5121443279304616,0.012,True
1.5,,0.5,1.0,1343,1481.3626488916543,0.0,2.0,vp,refinement,0.43907710347539375,,1,block,16384,200,SOURCE_RUN\raw\task-0088-dynamic-vp-nu1p5-N80-s200-refinement-5c6d0e802d\arrays.npz,80,student_t,1.5,dynamic,2.5121443279304616,0.012,True
1.5,,0.5,1.0,892,1014.8347217587188,0.0,2.0,vp,refinement,0.383358340862403,,2,block,16384,200,SOURCE_RUN\raw\task-0092-dynamic-vp-nu1p5-N160-s200-refinement-a1ee02dd4a\arrays.npz,160,student_t,1.5,dynamic,2.9677379253417717,0.003,True
1.5,,0.5,1.0,827,992.1469814964397,0.0,2.0,vp,refinement,0.40424528134750765,,2,block,16384,200,SOURCE_RUN\raw\task-0084-dynamic-vp-nu1p5-N40-s200-refinement-39ff189c4f\arrays.npz,40,student_t,1.5,dynamic,2.9677379253417717,0.003,True
1.5,,0.5,1.0,862,987.593058308154,0.0,2.0,vp,refinement,0.3860514750384523,,2,block,16384,200,SOURCE_RUN\raw\task-0088-dynamic-vp-nu1p5-N80-s200-refinement-5c6d0e802d\arrays.npz,80,student_t,1.5,dynamic,2.9677379253417717,0.003,True
1.5,,0.5,1.0,1061,1229.3286238872581,0.0,2.0,vp,refinement,0.4216677949828916,,2,block,16384,200,SOURCE_RUN\raw\task-0092-dynamic-vp-nu1p5-N160-s200-refinement-a1ee02dd4a\arrays.npz,160,student_t,1.5,dynamic,2.7477813854449926,0.006,True
1.5,,0.5,1.0,1017,1194.5924760038874,0.0,2.0,vp,refinement,0.427480831056029,,2,block,16384,200,SOURCE_RUN\raw\task-0084-dynamic-vp-nu1p5-N40-s200-refinement-39ff189c4f\arrays.npz,40,student_t,1.5,dynamic,2.7477813854449926,0.006,True
1.5,,0.5,1.0,1053,1197.1068909026744,0.0,2.0,vp,refinement,0.4137351150287301,,2,block,16384,200,SOURCE_RUN\raw\task-0088-dynamic-vp-nu1p5-N80-s200-refinement-5c6d0e802d\arrays.npz,80,student_t,1.5,dynamic,2.7477813854449926,0.006,True
1.5,,0.5,1.0,1326,1510.8117963846862,0.0,2.0,vp,refinement,0.4535469556374768,,2,block,16384,200,SOURCE_RUN\raw\task-0092-dynamic-vp-nu1p5-N160-s200-refinement-a1ee02dd4a\arrays.npz,160,student_t,1.5,dynamic,2.5121443279304616,0.012,True
1.5,,0.5,1.0,1276,1466.7867933728014,0.0,2.0,vp,refinement,0.4575849475535259,,2,block,16384,200,SOURCE_RUN\raw\task-0084-dynamic-vp-nu1p5-N40-s200-refinement-39ff189c4f\arrays.npz,40,student_t,1.5,dynamic,2.5121443279304616,0.012,True
1.5,,0.5,1.0,1341,1478.3014988282428,0.0,2.0,vp,refinement,0.4388232731432858,,2,block,16384,200,SOURCE_RUN\raw\task-0088-dynamic-vp-nu1p5-N80-s200-refinement-5c6d0e802d\arrays.npz,80,student_t,1.5,dynamic,2.5121443279304616,0.012,True
1.5,,0.5,1.0,885,1037.2765474088746,0.0,2.0,vp,refinement,0.39493510709584706,,3,block,16384,200,SOURCE_RUN\raw\task-0092-dynamic-vp-nu1p5-N160-s200-refinement-a1ee02dd4a\arrays.npz,160,student_t,1.5,dynamic,2.9677379253417717,0.003,True
1.5,,0.5,1.0,845,968.1235784117932,0.0,2.0,vp,refinement,0.3860544312337646,,3,block,16384,200,SOURCE_RUN\raw\task-0084-dynamic-vp-nu1p5-N40-s200-refinement-39ff189c4f\arrays.npz,40,student_t,1.5,dynamic,2.9677379253417717,0.003,True
1.5,,0.5,1.0,882,1043.9729868277423,0.0,2.0,vp,refinement,0.3988367140174661,,3,block,16384,200,SOURCE_RUN\raw\task-0088-dynamic-vp-nu1p5-N80-s200-refinement-5c6d0e802d\arrays.npz,80,student_t,1.5,dynamic,2.9677379253417717,0.003,True
1.5,,0.5,1.0,1081,1252.9448148650577,0.0,2.0,vp,refinement,0.42181699368660713,,3,block,16384,200,SOURCE_RUN\raw\task-0092-dynamic-vp-nu1p5-N160-s200-refinement-a1ee02dd4a\arrays.npz,160,student_t,1.5,dynamic,2.7477813854449926,0.006,True
1.5,,0.5,1.0,1044,1174.902721469884,0.0,2.0,vp,refinement,0.40956160286096405,,3,block,16384,200,SOURCE_RUN\raw\task-0084-dynamic-vp-nu1p5-N40-s200-refinement-39ff189c4f\arrays.npz,40,student_t,1.5,dynamic,2.7477813854449926,0.006,True
1.5,,0.5,1.0,1050,1254.7573892679852,0.0,2.0,vp,refinement,0.4348988765001603,,3,block,16384,200,SOURCE_RUN\raw\task-0088-dynamic-vp-nu1p5-N80-s200-refinement-5c6d0e802d\arrays.npz,80,student_t,1.5,dynamic,2.7477813854449926,0.006,True
1.5,,0.5,1.0,1330,1537.3735334177602,0.0,2.0,vp,refinement,0.46013277863315605,,3,block,16384,200,SOURCE_RUN\raw\task-0092-dynamic-vp-nu1p5-N160-s200-refinement-a1ee02dd4a\arrays.npz,160,student_t,1.5,dynamic,2.5121443279304616,0.012,True
1.5,,0.5,1.0,1317,1451.541078810637,0.0,2.0,vp,refinement,0.4387316536656298,,3,block,16384,200,SOURCE_RUN\raw\task-0084-dynamic-vp-nu1p5-N40-s200-refinement-39ff189c4f\arrays.npz,40,student_t,1.5,dynamic,2.5121443279304616,0.012,True
1.5,,0.5,1.0,1280,1528.9131749462001,0.0,2.0,vp,refinement,0.4754756343600425,,3,block,16384,200,SOURCE_RUN\raw\task-0088-dynamic-vp-nu1p5-N80-s200-refinement-5c6d0e802d\arrays.npz,80,student_t,1.5,dynamic,2.5121443279304616,0.012,True
1.5,,0.5,1.0,3514,4074.476085076195,0.0,2.0,vp,refinement,0.39070095181845904,,-1,full,65536,200,SOURCE_RUN\raw\task-0092-dynamic-vp-nu1p5-N160-s200-refinement-a1ee02dd4a\arrays.npz,160,student_t,1.5,dynamic,2.9677379253417717,0.003,True
1.5,,0.5,1.0,3397,3844.1633985330827,0.0,2.0,vp,refinement,0.38131223963974636,,-1,full,65536,200,SOURCE_RUN\raw\task-0084-dynamic-vp-nu1p5-N40-s200-refinement-39ff189c4f\arrays.npz,40,student_t,1.5,dynamic,2.9677379253417717,0.003,True
1.5,,0.5,1.0,3481,3995.78268856795,0.0,2.0,vp,refinement,0.38678737595198065,,-1,full,65536,200,SOURCE_RUN\raw\task-0088-dynamic-vp-nu1p5-N80-s200-refinement-5c6d0e802d\arrays.npz,80,student_t,1.5,dynamic,2.9677379253417717,0.003,True
1.5,,0.5,1.0,4285,4927.313876914554,0.0,2.0,vp,refinement,0.418482426249255,,-1,full,65536,200,SOURCE_RUN\raw\task-0092-dynamic-vp-nu1p5-N160-s200-refinement-a1ee02dd4a\arrays.npz,160,student_t,1.5,dynamic,2.7477813854449926,0.006,True
1.5,,0.5,1.0,4145,4669.808549653279,0.0,2.0,vp,refinement,0.41000803140843356,,-1,full,65536,200,SOURCE_RUN\raw\task-0084-dynamic-vp-nu1p5-N40-s200-refinement-39ff189c4f\arrays.npz,40,student_t,1.5,dynamic,2.7477813854449926,0.006,True
1.5,,0.5,1.0,4231,4839.22823512009,0.0,2.0,vp,refinement,0.41624679541756,,-1,full,65536,200,SOURCE_RUN\raw\task-0088-dynamic-vp-nu1p5-N80-s200-refinement-5c6d0e802d\arrays.npz,80,student_t,1.5,dynamic,2.7477813854449926,0.006,True
1.5,,0.5,1.0,5322,6055.364061079323,0.0,2.0,vp,refinement,0.4529192733044608,,-1,full,65536,200,SOURCE_RUN\raw\task-0092-dynamic-vp-nu1p5-N160-s200-refinement-a1ee02dd4a\arrays.npz,160,student_t,1.5,dynamic,2.5121443279304616,0.012,True
1.5,,0.5,1.0,5190,5769.0694535231805,0.0,2.0,vp,refinement,0.44248018056314403,,-1,full,65536,200,SOURCE_RUN\raw\task-0084-dynamic-vp-nu1p5-N40-s200-refinement-39ff189c4f\arrays.npz,40,student_t,1.5,dynamic,2.5121443279304616,0.012,True
1.5,,0.5,1.0,5277,5956.891734663986,0.0,2.0,vp,refinement,0.44935339355828324,,-1,full,65536,200,SOURCE_RUN\raw\task-0088-dynamic-vp-nu1p5-N80-s200-refinement-5c6d0e802d\arrays.npz,80,student_t,1.5,dynamic,2.5121443279304616,0.012,True
1.5,,0.5,1.0,866,973.1164577197001,0.0,2.0,vp,refinement,0.37863554262228544,,-1,nested,16384,200,SOURCE_RUN\raw\task-0092-dynamic-vp-nu1p5-N160-s200-refinement-a1ee02dd4a\arrays.npz,160,student_t,1.5,dynamic,2.9677379253417717,0.003,True
1.5,,0.5,1.0,892,991.4922250730206,0.0,2.0,vp,refinement,0.37454060866507777,,-1,nested,16384,200,SOURCE_RUN\raw\task-0084-dynamic-vp-nu1p5-N40-s200-refinement-39ff189c4f\arrays.npz,40,student_t,1.5,dynamic,2.9677379253417717,0.003,True
1.5,,0.5,1.0,874,977.9363627392232,0.0,2.0,vp,refinement,0.3770280097665288,,-1,nested,16384,200,SOURCE_RUN\raw\task-0088-dynamic-vp-nu1p5-N80-s200-refinement-5c6d0e802d\arrays.npz,80,student_t,1.5,dynamic,2.9677379253417717,0.003,True
1.5,,0.5,1.0,1063,1183.407302171127,0.0,2.0,vp,refinement,0.40515276123712757,,-1,nested,16384,200,SOURCE_RUN\raw\task-0092-dynamic-vp-nu1p5-N160-s200-refinement-a1ee02dd4a\arrays.npz,160,student_t,1.5,dynamic,2.7477813854449926,0.006,True
1.5,,0.5,1.0,1063,1205.2298422099357,0.0,2.0,vp,refinement,0.4126239525486145,,-1,nested,16384,200,SOURCE_RUN\raw\task-0084-dynamic-vp-nu1p5-N40-s200-refinement-39ff189c4f\arrays.npz,40,student_t,1.5,dynamic,2.7477813854449926,0.006,True
1.5,,0.5,1.0,1063,1189.881476005084,0.0,2.0,vp,refinement,0.4073692672539019,,-1,nested,16384,200,SOURCE_RUN\raw\task-0088-dynamic-vp-nu1p5-N80-s200-refinement-5c6d0e802d\arrays.npz,80,student_t,1.5,dynamic,2.7477813854449926,0.006,True
1.5,,0.5,1.0,1322,1462.4840363992869,0.0,2.0,vp,refinement,0.44036733020127705,,-1,nested,16384,200,SOURCE_RUN\raw\task-0092-dynamic-vp-nu1p5-N160-s200-refinement-a1ee02dd4a\arrays.npz,160,student_t,1.5,dynamic,2.5121443279304616,0.012,True
1.5,,0.5,1.0,1321,1485.0620719186184,0.0,2.0,vp,refinement,0.4475042888776237,,-1,nested,16384,200,SOURCE_RUN\raw\task-0084-dynamic-vp-nu1p5-N40-s200-refinement-39ff189c4f\arrays.npz,40,student_t,1.5,dynamic,2.5121443279304616,0.012,True
1.5,,0.5,1.0,1313,1468.3144119978888,0.0,2.0,vp,refinement,0.44515345512079685,,-1,nested,16384,200,SOURCE_RUN\raw\task-0088-dynamic-vp-nu1p5-N80-s200-refinement-5c6d0e802d\arrays.npz,80,student_t,1.5,dynamic,2.5121443279304616,0.012,True
1.5,,0.5,1.0,1737,2022.364815908602,0.0,2.0,vp,refinement,0.39231429755957237,,-1,nested,32768,200,SOURCE_RUN\raw\task-0092-dynamic-vp-nu1p5-N160-s200-refinement-a1ee02dd4a\arrays.npz,160,student_t,1.5,dynamic,2.9677379253417717,0.003,True
1.5,,0.5,1.0,1725,1883.89283862485,0.0,2.0,vp,refinement,0.3679946875300282,,-1,nested,32768,200,SOURCE_RUN\raw\task-0084-dynamic-vp-nu1p5-N40-s200-refinement-39ff189c4f\arrays.npz,40,student_t,1.5,dynamic,2.9677379253417717,0.003,True
1.5,,0.5,1.0,1737,1964.2166434320538,0.0,2.0,vp,refinement,0.38103425586775685,,-1,nested,32768,200,SOURCE_RUN\raw\task-0088-dynamic-vp-nu1p5-N80-s200-refinement-5c6d0e802d\arrays.npz,80,student_t,1.5,dynamic,2.9677379253417717,0.003,True
1.5,,0.5,1.0,2143,2445.0404381622393,0.0,2.0,vp,refinement,0.4152232831665832,,-1,nested,32768,200,SOURCE_RUN\raw\task-0092-dynamic-vp-nu1p5-N160-s200-refinement-a1ee02dd4a\arrays.npz,160,student_t,1.5,dynamic,2.7477813854449926,0.006,True
1.5,,0.5,1.0,2084,2300.313352179509,0.0,2.0,vp,refinement,0.4017048808143616,,-1,nested,32768,200,SOURCE_RUN\raw\task-0084-dynamic-vp-nu1p5-N40-s200-refinement-39ff189c4f\arrays.npz,40,student_t,1.5,dynamic,2.7477813854449926,0.006,True
1.5,,0.5,1.0,2128,2387.3639549494305,0.0,2.0,vp,refinement,0.4082863228201481,,-1,nested,32768,200,SOURCE_RUN\raw\task-0088-dynamic-vp-nu1p5-N80-s200-refinement-5c6d0e802d\arrays.npz,80,student_t,1.5,dynamic,2.7477813854449926,0.006,True
1.5,,0.5,1.0,2666,3007.1787312768756,0.0,2.0,vp,refinement,0.44900844477454926,,-1,nested,32768,200,SOURCE_RUN\raw\task-0092-dynamic-vp-nu1p5-N160-s200-refinement-a1ee02dd4a\arrays.npz,160,student_t,1.5,dynamic,2.5121443279304616,0.012,True
1.5,,0.5,1.0,2597,2850.741581339742,0.0,2.0,vp,refinement,0.43695962886668627,,-1,nested,32768,200,SOURCE_RUN\raw\task-0084-dynamic-vp-nu1p5-N40-s200-refinement-39ff189c4f\arrays.npz,40,student_t,1.5,dynamic,2.5121443279304616,0.012,True
1.5,,0.5,1.0,2656,2949.677060889543,0.0,2.0,vp,refinement,0.44208096255310997,,-1,nested,32768,200,SOURCE_RUN\raw\task-0088-dynamic-vp-nu1p5-N80-s200-refinement-5c6d0e802d\arrays.npz,80,student_t,1.5,dynamic,2.5121443279304616,0.012,True
1.5,,0.5,1.0,933,1050.0743821072092,0.0,2.0,vp,refinement,0.37923889546898376,,0,block,16384,201,SOURCE_RUN\raw\task-0093-dynamic-vp-nu1p5-N160-s201-refinement-3e4cbb963b\arrays.npz,160,student_t,1.5,dynamic,2.9677379253417717,0.003,True
1.5,,0.5,1.0,838,952.6333392671339,0.0,2.0,vp,refinement,0.3830506566068783,,0,block,16384,201,SOURCE_RUN\raw\task-0085-dynamic-vp-nu1p5-N40-s201-refinement-d6e04fbda2\arrays.npz,40,student_t,1.5,dynamic,2.9677379253417717,0.003,True
1.5,,0.5,1.0,890,980.2158276070395,0.0,2.0,vp,refinement,0.371112991154042,,0,block,16384,201,SOURCE_RUN\raw\task-0089-dynamic-vp-nu1p5-N80-s201-refinement-0fc10b801a\arrays.npz,80,student_t,1.5,dynamic,2.9677379253417717,0.003,True
1.5,,0.5,1.0,1127,1275.0733933321908,0.0,2.0,vp,refinement,0.4117457170325527,,0,block,16384,201,SOURCE_RUN\raw\task-0093-dynamic-vp-nu1p5-N160-s201-refinement-3e4cbb963b\arrays.npz,160,student_t,1.5,dynamic,2.7477813854449926,0.006,True
1.5,,0.5,1.0,1046,1160.2619930205897,0.0,2.0,vp,refinement,0.4036846209430651,,0,block,16384,201,SOURCE_RUN\raw\task-0085-dynamic-vp-nu1p5-N40-s201-refinement-d6e04fbda2\arrays.npz,40,student_t,1.5,dynamic,2.7477813854449926,0.006,True
1.5,,0.5,1.0,1079,1196.118814299822,0.0,2.0,vp,refinement,0.4034323312658034,,0,block,16384,201,SOURCE_RUN\raw\task-0089-dynamic-vp-nu1p5-N80-s201-refinement-0fc10b801a\arrays.npz,80,student_t,1.5,dynamic,2.7477813854449926,0.006,True
1.5,,0.5,1.0,1393,1570.5163481372297,0.0,2.0,vp,refinement,0.44879370656109163,,0,block,16384,201,SOURCE_RUN\raw\task-0093-dynamic-vp-nu1p5-N160-s201-refinement-3e4cbb963b\arrays.npz,160,student_t,1.5,dynamic,2.5121443279304616,0.012,True
1.5,,0.5,1.0,1289,1434.2908518503891,0.0,2.0,vp,refinement,0.44293471981498345,,0,block,16384,201,SOURCE_RUN\raw\task-0085-dynamic-vp-nu1p5-N40-s201-refinement-d6e04fbda2\arrays.npz,40,student_t,1.5,dynamic,2.5121443279304616,0.012,True
1.5,,0.5,1.0,1338,1480.3599812917275,0.0,2.0,vp,refinement,0.44041959774656,,0,block,16384,201,SOURCE_RUN\raw\task-0089-dynamic-vp-nu1p5-N80-s201-refinement-0fc10b801a\arrays.npz,80,student_t,1.5,dynamic,2.5121443279304616,0.012,True
1.5,,0.5,1.0,838,924.3228421040797,0.0,2.0,vp,refinement,0.37166710106648787,,1,block,16384,201,SOURCE_RUN\raw\task-0093-dynamic-vp-nu1p5-N160-s201-refinement-3e4cbb963b\arrays.npz,160,student_t,1.5,dynamic,2.9677379253417717,0.003,True
1.5,,0.5,1.0,867,956.5754484970983,0.0,2.0,vp,refinement,0.3717702092801546,,1,block,16384,201,SOURCE_RUN\raw\task-0085-dynamic-vp-nu1p5-N40-s201-refinement-d6e04fbda2\arrays.npz,40,student_t,1.5,dynamic,2.9677379253417717,0.003,True
1.5,,0.5,1.0,874,1014.6498980317504,0.0,2.0,vp,refinement,0.39118233684775405,,1,block,16384,201,SOURCE_RUN\raw\task-0089-dynamic-vp-nu1p5-N80-s201-refinement-0fc10b801a\arrays.npz,80,student_t,1.5,dynamic,2.9677379253417717,0.003,True
1.5,,0.5,1.0,1053,1132.0132726263828,0.0,2.0,vp,refinement,0.39123794635495346,,1,block,16384,201,SOURCE_RUN\raw\task-0093-dynamic-vp-nu1p5-N160-s201-refinement-3e4cbb963b\arrays.npz,160,student_t,1.5,dynamic,2.7477813854449926,0.006,True
1.5,,0.5,1.0,1061,1166.8190921153264,0.0,2.0,vp,refinement,0.40022661488221517,,1,block,16384,201,SOURCE_RUN\raw\task-0085-dynamic-vp-nu1p5-N40-s201-refinement-d6e04fbda2\arrays.npz,40,student_t,1.5,dynamic,2.7477813854449926,0.006,True
1.5,,0.5,1.0,1111,1230.4243862632757,0.0,2.0,vp,refinement,0.40304978510045647,,1,block,16384,201,SOURCE_RUN\raw\task-0089-dynamic-vp-nu1p5-N80-s201-refinement-0fc10b801a\arrays.npz,80,student_t,1.5,dynamic,2.7477813854449926,0.006,True
1.5,,0.5,1.0,1351,1415.5420623534342,0.0,2.0,vp,refinement,0.41708334016262505,,1,block,16384,201,SOURCE_RUN\raw\task-0093-dynamic-vp-nu1p5-N160-s201-refinement-3e4cbb963b\arrays.npz,160,student_t,1.5,dynamic,2.5121443279304616,0.012,True
1.5,,0.5,1.0,1356,1451.5850927714557,0.0,2.0,vp,refinement,0.4261261861004472,,1,block,16384,201,SOURCE_RUN\raw\task-0085-dynamic-vp-nu1p5-N40-s201-refinement-d6e04fbda2\arrays.npz,40,student_t,1.5,dynamic,2.5121443279304616,0.012,True
1.5,,0.5,1.0,1386,1522.5782746818616,0.0,2.0,vp,refinement,0.4372922811442446,,1,block,16384,201,SOURCE_RUN\raw\task-0089-dynamic-vp-nu1p5-N80-s201-refinement-0fc10b801a\arrays.npz,80,student_t,1.5,dynamic,2.5121443279304616,0.012,True
1.5,,0.5,1.0,897,1060.3438426673163,0.0,2.0,vp,refinement,0.39831689616369054,,2,block,16384,201,SOURCE_RUN\raw\task-0093-dynamic-vp-nu1p5-N160-s201-refinement-3e4cbb963b\arrays.npz,160,student_t,1.5,dynamic,2.9677379253417717,0.003,True
1.5,,0.5,1.0,900,997.9813408327914,0.0,2.0,vp,refinement,0.37364086195487745,,2,block,16384,201,SOURCE_RUN\raw\task-0085-dynamic-vp-nu1p5-N40-s201-refinement-d6e04fbda2\arrays.npz,40,student_t,1.5,dynamic,2.9677379253417717,0.003,True
1.5,,0.5,1.0,877,970.5672077409488,0.0,2.0,vp,refinement,0.3729069468008144,,2,block,16384,201,SOURCE_RUN\raw\task-0089-dynamic-vp-nu1p5-N80-s201-refinement-0fc10b801a\arrays.npz,80,student_t,1.5,dynamic,2.9677379253417717,0.003,True
1.5,,0.5,1.0,1118,1281.186879789117,0.0,2.0,vp,refinement,0.417050361399682,,2,block,16384,201,SOURCE_RUN\raw\task-0093-dynamic-vp-nu1p5-N160-s201-refinement-3e4cbb963b\arrays.npz,160,student_t,1.5,dynamic,2.7477813854449926,0.006,True
1.5,,0.5,1.0,1123,1218.6510866003823,0.0,2.0,vp,refinement,0.3949275642398668,,2,block,16384,201,SOURCE_RUN\raw\task-0085-dynamic-vp-nu1p5-N40-s201-refinement-d6e04fbda2\arrays.npz,40,student_t,1.5,dynamic,2.7477813854449926,0.006,True
1.5,,0.5,1.0,1066,1184.2991058738917,0.0,2.0,vp,refinement,0.4043170162202417,,2,block,16384,201,SOURCE_RUN\raw\task-0089-dynamic-vp-nu1p5-N80-s201-refinement-0fc10b801a\arrays.npz,80,student_t,1.5,dynamic,2.7477813854449926,0.006,True
1.5,,0.5,1.0,1354,1571.38891389226,0.0,2.0,vp,refinement,0.4619770843884906,,2,block,16384,201,SOURCE_RUN\raw\task-0093-dynamic-vp-nu1p5-N160-s201-refinement-3e4cbb963b\arrays.npz,160,student_t,1.5,dynamic,2.5121443279304616,0.012,True
1.5,,0.5,1.0,1374,1513.0525528790808,0.0,2.0,vp,refinement,0.43835169783426753,,2,block,16384,201,SOURCE_RUN\raw\task-0085-dynamic-vp-nu1p5-N40-s201-refinement-d6e04fbda2\arrays.npz,40,student_t,1.5,dynamic,2.5121443279304616,0.012,True
1.5,,0.5,1.0,1355,1469.4410944881602,0.0,2.0,vp,refinement,0.4316863327710859,,2,block,16384,201,SOURCE_RUN\raw\task-0089-dynamic-vp-nu1p5-N80-s201-refinement-0fc10b801a\arrays.npz,80,student_t,1.5,dynamic,2.5121443279304616,0.012,True
1.5,,0.5,1.0,906,1006.9774778758219,0.0,2.0,vp,refinement,0.3745122371992687,,3,block,16384,201,SOURCE_RUN\raw\task-0093-dynamic-vp-nu1p5-N160-s201-refinement-3e4cbb963b\arrays.npz,160,student_t,1.5,dynamic,2.9677379253417717,0.003,True
1.5,,0.5,1.0,842,901.9198949040754,0.0,2.0,vp,refinement,0.36093610609048826,,3,block,16384,201,SOURCE_RUN\raw\task-0085-dynamic-vp-nu1p5-N40-s201-refinement-d6e04fbda2\arrays.npz,40,student_t,1.5,dynamic,2.9677379253417717,0.003,True
1.5,,0.5,1.0,887,996.6794264301111,0.0,2.0,vp,refinement,0.3786224200878068,,3,block,16384,201,SOURCE_RUN\raw\task-0089-dynamic-vp-nu1p5-N80-s201-refinement-0fc10b801a\arrays.npz,80,student_t,1.5,dynamic,2.9677379253417717,0.003,True
1.5,,0.5,1.0,1111,1227.0579337094375,0.0,2.0,vp,refinement,0.40194703714330976,,3,block,16384,201,SOURCE_RUN\raw\task-0093-dynamic-vp-nu1p5-N160-s201-refinement-3e4cbb963b\arrays.npz,160,student_t,1.5,dynamic,2.7477813854449926,0.006,True
1.5,,0.5,1.0,1039,1109.3154405730625,0.0,2.0,vp,refinement,0.38855932256994413,,3,block,16384,201,SOURCE_RUN\raw\task-0085-dynamic-vp-nu1p5-N40-s201-refinement-d6e04fbda2\arrays.npz,40,student_t,1.5,dynamic,2.7477813854449926,0.006,True
1.5,,0.5,1.0,1105,1215.415360723031,0.0,2.0,vp,refinement,0.40029509232268506,,3,block,16384,201,SOURCE_RUN\raw\task-0089-dynamic-vp-nu1p5-N80-s201-refinement-0fc10b801a\arrays.npz,80,student_t,1.5,dynamic,2.7477813854449926,0.006,True
1.5,,0.5,1.0,1385,1518.896978805305,0.0,2.0,vp,refinement,0.43654996522292056,,3,block,16384,201,SOURCE_RUN\raw\task-0093-dynamic-vp-nu1p5-N160-s201-refinement-3e4cbb963b\arrays.npz,160,student_t,1.5,dynamic,2.5121443279304616,0.012,True
1.5,,0.5,1.0,1330,1386.2235473430828,0.0,2.0,vp,refinement,0.41489389454212544,,3,block,16384,201,SOURCE_RUN\raw\task-0085-dynamic-vp-nu1p5-N40-s201-refinement-d6e04fbda2\arrays.npz,40,student_t,1.5,dynamic,2.5121443279304616,0.012,True
1.5,,0.5,1.0,1356,1504.677428089417,0.0,2.0,vp,refinement,0.4417119305896068,,3,block,16384,201,SOURCE_RUN\raw\task-0089-dynamic-vp-nu1p5-N80-s201-refinement-0fc10b801a\arrays.npz,80,student_t,1.5,dynamic,2.5121443279304616,0.012,True
1.5,,0.5,1.0,3574,4041.718544754427,0.0,2.0,vp,refinement,0.3810535150888771,,-1,full,65536,201,SOURCE_RUN\raw\task-0093-dynamic-vp-nu1p5-N160-s201-refinement-3e4cbb963b\arrays.npz,160,student_t,1.5,dynamic,2.9677379253417717,0.003,True
1.5,,0.5,1.0,3447,3809.110023501099,0.0,2.0,vp,refinement,0.3723545688337798,,-1,full,65536,201,SOURCE_RUN\raw\task-0085-dynamic-vp-nu1p5-N40-s201-refinement-d6e04fbda2\arrays.npz,40,student_t,1.5,dynamic,2.9677379253417717,0.003,True
1.5,,0.5,1.0,3528,3962.11235980985,0.0,2.0,vp,refinement,0.37841876516276457,,-1,full,65536,201,SOURCE_RUN\raw\task-0089-dynamic-vp-nu1p5-N80-s201-refinement-0fc10b801a\arrays.npz,80,student_t,1.5,dynamic,2.9677379253417717,0.003,True
1.5,,0.5,1.0,4409,4915.331479457128,0.0,2.0,vp,refinement,0.40572384733919586,,-1,full,65536,201,SOURCE_RUN\raw\task-0093-dynamic-vp-nu1p5-N160-s201-refinement-3e4cbb963b\arrays.npz,160,student_t,1.5,dynamic,2.7477813854449926,0.006,True
1.5,,0.5,1.0,4269,4655.047612309361,0.0,2.0,vp,refinement,0.3968403238903768,,-1,full,65536,201,SOURCE_RUN\raw\task-0085-dynamic-vp-nu1p5-N40-s201-refinement-d6e04fbda2\arrays.npz,40,student_t,1.5,dynamic,2.7477813854449926,0.006,True
1.5,,0.5,1.0,4361,4826.25766716002,0.0,2.0,vp,refinement,0.40275620568441955,,-1,full,65536,201,SOURCE_RUN\raw\task-0089-dynamic-vp-nu1p5-N80-s201-refinement-0fc10b801a\arrays.npz,80,student_t,1.5,dynamic,2.7477813854449926,0.006,True
1.5,,0.5,1.0,5483,6076.344303188229,0.0,2.0,vp,refinement,0.44114315154022765,,-1,full,65536,201,SOURCE_RUN\raw\task-0093-dynamic-vp-nu1p5-N160-s201-refinement-3e4cbb963b\arrays.npz,160,student_t,1.5,dynamic,2.5121443279304616,0.012,True
1.5,,0.5,1.0,5349,5785.152044844009,0.0,2.0,vp,refinement,0.4305242241089981,,-1,full,65536,201,SOURCE_RUN\raw\task-0085-dynamic-vp-nu1p5-N40-s201-refinement-d6e04fbda2\arrays.npz,40,student_t,1.5,dynamic,2.5121443279304616,0.012,True
1.5,,0.5,1.0,5435,5977.056778551167,0.0,2.0,vp,refinement,0.43776722764216164,,-1,full,65536,201,SOURCE_RUN\raw\task-0089-dynamic-vp-nu1p5-N80-s201-refinement-0fc10b801a\arrays.npz,80,student_t,1.5,dynamic,2.5121443279304616,0.012,True
1.5,,0.5,1.0,933,1050.0743821072092,0.0,2.0,vp,refinement,0.37923889546898376,,-1,nested,16384,201,SOURCE_RUN\raw\task-0093-dynamic-vp-nu1p5-N160-s201-refinement-3e4cbb963b\arrays.npz,160,student_t,1.5,dynamic,2.9677379253417717,0.003,True
1.5,,0.5,1.0,838,952.6333392671339,0.0,2.0,vp,refinement,0.3830506566068783,,-1,nested,16384,201,SOURCE_RUN\raw\task-0085-dynamic-vp-nu1p5-N40-s201-refinement-d6e04fbda2\arrays.npz,40,student_t,1.5,dynamic,2.9677379253417717,0.003,True
1.5,,0.5,1.0,890,980.2158276070395,0.0,2.0,vp,refinement,0.371112991154042,,-1,nested,16384,201,SOURCE_RUN\raw\task-0089-dynamic-vp-nu1p5-N80-s201-refinement-0fc10b801a\arrays.npz,80,student_t,1.5,dynamic,2.9677379253417717,0.003,True
1.5,,0.5,1.0,1127,1275.0733933321908,0.0,2.0,vp,refinement,0.4117457170325527,,-1,nested,16384,201,SOURCE_RUN\raw\task-0093-dynamic-vp-nu1p5-N160-s201-refinement-3e4cbb963b\arrays.npz,160,student_t,1.5,dynamic,2.7477813854449926,0.006,True
1.5,,0.5,1.0,1046,1160.2619930205897,0.0,2.0,vp,refinement,0.4036846209430651,,-1,nested,16384,201,SOURCE_RUN\raw\task-0085-dynamic-vp-nu1p5-N40-s201-refinement-d6e04fbda2\arrays.npz,40,student_t,1.5,dynamic,2.7477813854449926,0.006,True
1.5,,0.5,1.0,1079,1196.118814299822,0.0,2.0,vp,refinement,0.4034323312658034,,-1,nested,16384,201,SOURCE_RUN\raw\task-0089-dynamic-vp-nu1p5-N80-s201-refinement-0fc10b801a\arrays.npz,80,student_t,1.5,dynamic,2.7477813854449926,0.006,True
1.5,,0.5,1.0,1393,1570.5163481372297,0.0,2.0,vp,refinement,0.44879370656109163,,-1,nested,16384,201,SOURCE_RUN\raw\task-0093-dynamic-vp-nu1p5-N160-s201-refinement-3e4cbb963b\arrays.npz,160,student_t,1.5,dynamic,2.5121443279304616,0.012,True
1.5,,0.5,1.0,1289,1434.2908518503891,0.0,2.0,vp,refinement,0.44293471981498345,,-1,nested,16384,201,SOURCE_RUN\raw\task-0085-dynamic-vp-nu1p5-N40-s201-refinement-d6e04fbda2\arrays.npz,40,student_t,1.5,dynamic,2.5121443279304616,0.012,True
1.5,,0.5,1.0,1338,1480.3599812917275,0.0,2.0,vp,refinement,0.44041959774656,,-1,nested,16384,201,SOURCE_RUN\raw\task-0089-dynamic-vp-nu1p5-N80-s201-refinement-0fc10b801a\arrays.npz,80,student_t,1.5,dynamic,2.5121443279304616,0.012,True
1.5,,0.5,1.0,1771,1974.3972242112886,0.0,2.0,vp,refinement,0.375656081403884,,-1,nested,32768,201,SOURCE_RUN\raw\task-0093-dynamic-vp-nu1p5-N160-s201-refinement-3e4cbb963b\arrays.npz,160,student_t,1.5,dynamic,2.9677379253417717,0.003,True
1.5,,0.5,1.0,1705,1909.208787764232,0.0,2.0,vp,refinement,0.3773144995205033,,-1,nested,32768,201,SOURCE_RUN\raw\task-0085-dynamic-vp-nu1p5-N40-s201-refinement-d6e04fbda2\arrays.npz,40,student_t,1.5,dynamic,2.9677379253417717,0.003,True
1.5,,0.5,1.0,1764,1994.86572563879,0.0,2.0,vp,refinement,0.38105664656011023,,-1,nested,32768,201,SOURCE_RUN\raw\task-0089-dynamic-vp-nu1p5-N80-s201-refinement-0fc10b801a\arrays.npz,80,student_t,1.5,dynamic,2.9677379253417717,0.003,True
1.5,,0.5,1.0,2180,2407.0866659585736,0.0,2.0,vp,refinement,0.40183989936121695,,-1,nested,32768,201,SOURCE_RUN\raw\task-0093-dynamic-vp-nu1p5-N160-s201-refinement-3e4cbb963b\arrays.npz,160,student_t,1.5,dynamic,2.7477813854449926,0.006,True
1.5,,0.5,1.0,2107,2327.0810851359165,0.0,2.0,vp,refinement,0.4019433089209665,,-1,nested,32768,201,SOURCE_RUN\raw\task-0085-dynamic-vp-nu1p5-N40-s201-refinement-d6e04fbda2\arrays.npz,40,student_t,1.5,dynamic,2.7477813854449926,0.006,True
1.5,,0.5,1.0,2190,2426.543200563098,0.0,2.0,vp,refinement,0.40323826332530094,,-1,nested,32768,201,SOURCE_RUN\raw\task-0089-dynamic-vp-nu1p5-N80-s201-refinement-0fc10b801a\arrays.npz,80,student_t,1.5,dynamic,2.7477813854449926,0.006,True
1.5,,0.5,1.0,2744,2986.058410490664,0.0,2.0,vp,refinement,0.43318120473735683,,-1,nested,32768,201,SOURCE_RUN\raw\task-0093-dynamic-vp-nu1p5-N160-s201-refinement-3e4cbb963b\arrays.npz,160,student_t,1.5,dynamic,2.5121443279304616,0.012,True
1.5,,0.5,1.0,2645,2885.875944621845,0.0,2.0,vp,refinement,0.43431756604677507,,-1,nested,32768,201,SOURCE_RUN\raw\task-0085-dynamic-vp-nu1p5-N40-s201-refinement-d6e04fbda2\arrays.npz,40,student_t,1.5,dynamic,2.5121443279304616,0.012,True
1.5,,0.5,1.0,2724,3002.9382559735895,0.0,2.0,vp,refinement,0.43882838599516166,,-1,nested,32768,201,SOURCE_RUN\raw\task-0089-dynamic-vp-nu1p5-N80-s201-refinement-0fc10b801a\arrays.npz,80,student_t,1.5,dynamic,2.5121443279304616,0.012,True
1.5,,0.5,1.0,878,982.2297963797134,0.0,2.0,vp,refinement,0.37695806714875946,,0,block,16384,202,SOURCE_RUN\raw\task-0094-dynamic-vp-nu1p5-N160-s202-refinement-824645f334\arrays.npz,160,student_t,1.5,dynamic,2.9677379253417717,0.003,True
1.5,,0.5,1.0,823,859.7271780657302,0.0,2.0,vp,refinement,0.35199401094630967,,0,block,16384,202,SOURCE_RUN\raw\task-0086-dynamic-vp-nu1p5-N40-s202-refinement-c0cb1d0686\arrays.npz,40,student_t,1.5,dynamic,2.9677379253417717,0.003,True
1.5,,0.5,1.0,877,963.712392854868,0.0,2.0,vp,refinement,0.3702732208005275,,0,block,16384,202,SOURCE_RUN\raw\task-0090-dynamic-vp-nu1p5-N80-s202-refinement-ee74ad0c8d\arrays.npz,80,student_t,1.5,dynamic,2.9677379253417717,0.003,True
1.5,,0.5,1.0,1075,1196.1213742868626,0.0,2.0,vp,refinement,0.40493434148075486,,0,block,16384,202,SOURCE_RUN\raw\task-0094-dynamic-vp-nu1p5-N160-s202-refinement-824645f334\arrays.npz,160,student_t,1.5,dynamic,2.7477813854449926,0.006,True
1.5,,0.5,1.0,1014,1061.113892652988,0.0,2.0,vp,refinement,0.3808393966588256,,0,block,16384,202,SOURCE_RUN\raw\task-0086-dynamic-vp-nu1p5-N40-s202-refinement-c0cb1d0686\arrays.npz,40,student_t,1.5,dynamic,2.7477813854449926,0.006,True
1.5,,0.5,1.0,1055,1177.4271298914846,0.0,2.0,vp,refinement,0.4061621054697496,,0,block,16384,202,SOURCE_RUN\raw\task-0090-dynamic-vp-nu1p5-N80-s202-refinement-ee74ad0c8d\arrays.npz,80,student_t,1.5,dynamic,2.7477813854449926,0.006,True
1.5,,0.5,1.0,1349,1480.9826987340261,0.0,2.0,vp,refinement,0.43701208644453093,,0,block,16384,202,SOURCE_RUN\raw\task-0094-dynamic-vp-nu1p5-N160-s202-refinement-824645f334\arrays.npz,160,student_t,1.5,dynamic,2.5121443279304616,0.012,True
1.5,,0.5,1.0,1280,1328.7413533983517,0.0,2.0,vp,refinement,0.4132243401785939,,0,block,16384,202,SOURCE_RUN\raw\task-0086-dynamic-vp-nu1p5-N40-s202-refinement-c0cb1d0686\arrays.npz,40,student_t,1.5,dynamic,2.5121443279304616,0.012,True
1.5,,0.5,1.0,1324,1457.076778585221,0.0,2.0,vp,refinement,0.4380764074093011,,0,block,16384,202,SOURCE_RUN\raw\task-0090-dynamic-vp-nu1p5-N80-s202-refinement-ee74ad0c8d\arrays.npz,80,student_t,1.5,dynamic,2.5121443279304616,0.012,True
1.5,,0.5,1.0,892,1015.6320354855118,0.0,2.0,vp,refinement,0.3836595296775831,,1,block,16384,202,SOURCE_RUN\raw\task-0094-dynamic-vp-nu1p5-N160-s202-refinement-824645f334\arrays.npz,160,student_t,1.5,dynamic,2.9677379253417717,0.003,True
1.5,,0.5,1.0,874,921.6600087015829,0.0,2.0,vp,refinement,0.3553315450801185,,1,block,16384,202,SOURCE_RUN\raw\task-0086-dynamic-vp-nu1p5-N40-s202-refinement-c0cb1d0686\arrays.npz,40,student_t,1.5,dynamic,2.9677379253417717,0.003,True
1.5,,0.5,1.0,929,1050.6454314827351,0.0,2.0,vp,refinement,0.3810789112420726,,1,block,16384,202,SOURCE_RUN\raw\task-0090-dynamic-vp-nu1p5-N80-s202-refinement-ee74ad0c8d\arrays.npz,80,student_t,1.5,dynamic,2.9677379253417717,0.003,True
1.5,,0.5,1.0,1062,1230.371155424661,0.0,2.0,vp,refinement,0.4216280027768854,,1,block,16384,202,SOURCE_RUN\raw\task-0094-dynamic-vp-nu1p5-N160-s202-refinement-824645f334\arrays.npz,160,student_t,1.5,dynamic,2.7477813854449926,0.006,True
1.5,,0.5,1.0,1061,1135.7237297645813,0.0,2.0,vp,refinement,0.38956070129177783,,1,block,16384,202,SOURCE_RUN\raw\task-0086-dynamic-vp-nu1p5-N40-s202-refinement-c0cb1d0686\arrays.npz,40,student_t,1.5,dynamic,2.7477813854449926,0.006,True
1.5,,0.5,1.0,1120,1273.8803920917085,0.0,2.0,vp,refinement,0.4139314769542859,,1,block,16384,202,SOURCE_RUN\raw\task-0090-dynamic-vp-nu1p5-N80-s202-refinement-ee74ad0c8d\arrays.npz,80,student_t,1.5,dynamic,2.7477813854449926,0.006,True
1.5,,0.5,1.0,1329,1510.2809883044654,0.0,2.0,vp,refinement,0.452364158289166,,1,block,16384,202,SOURCE_RUN\raw\task-0094-dynamic-vp-nu1p5-N160-s202-refinement-824645f334\arrays.npz,160,student_t,1.5,dynamic,2.5121443279304616,0.012,True
1.5,,0.5,1.0,1318,1415.3887497299227,0.0,2.0,vp,refinement,0.4274799423147046,,1,block,16384,202,SOURCE_RUN\raw\task-0086-dynamic-vp-nu1p5-N40-s202-refinement-c0cb1d0686\arrays.npz,40,student_t,1.5,dynamic,2.5121443279304616,0.012,True
1.5,,0.5,1.0,1379,1567.066431896458,0.0,2.0,vp,refinement,0.45235412461432045,,1,block,16384,202,SOURCE_RUN\raw\task-0090-dynamic-vp-nu1p5-N80-s202-refinement-ee74ad0c8d\arrays.npz,80,student_t,1.5,dynamic,2.5121443279304616,0.012,True
1.5,,0.5,1.0,905,1011.900205040849,0.0,2.0,vp,refinement,0.3767589327811129,,2,block,16384,202,SOURCE_RUN\raw\task-0094-dynamic-vp-nu1p5-N160-s202-refinement-824645f334\arrays.npz,160,student_t,1.5,dynamic,2.9677379253417717,0.003,True
1.5,,0.5,1.0,874,997.7382056799775,0.0,2.0,vp,refinement,0.3846622993973489,,2,block,16384,202,SOURCE_RUN\raw\task-0086-dynamic-vp-nu1p5-N40-s202-refinement-c0cb1d0686\arrays.npz,40,student_t,1.5,dynamic,2.9677379253417717,0.003,True
1.5,,0.5,1.0,878,952.3378267923567,0.0,2.0,vp,refinement,0.3654861904856293,,2,block,16384,202,SOURCE_RUN\raw\task-0090-dynamic-vp-nu1p5-N80-s202-refinement-ee74ad0c8d\arrays.npz,80,student_t,1.5,dynamic,2.9677379253417717,0.003,True
1.5,,0.5,1.0,1081,1229.7824730114035,0.0,2.0,vp,refinement,0.4140191487284458,,2,block,16384,202,SOURCE_RUN\raw\task-0094-dynamic-vp-nu1p5-N160-s202-refinement-824645f334\arrays.npz,160,student_t,1.5,dynamic,2.7477813854449926,0.006,True
1.5,,0.5,1.0,1048,1207.6176846453914,0.0,2.0,vp,refinement,0.4193590352934497,,2,block,16384,202,SOURCE_RUN\raw\task-0086-dynamic-vp-nu1p5-N40-s202-refinement-c0cb1d0686\arrays.npz,40,student_t,1.5,dynamic,2.7477813854449926,0.006,True
1.5,,0.5,1.0,1072,1165.979418135034,0.0,2.0,vp,refinement,0.3958347536032727,,2,block,16384,202,SOURCE_RUN\raw\task-0090-dynamic-vp-nu1p5-N80-s202-refinement-ee74ad0c8d\arrays.npz,80,student_t,1.5,dynamic,2.7477813854449926,0.006,True
1.5,,0.5,1.0,1360,1515.499090053713,0.0,2.0,vp,refinement,0.4435802329613648,,2,block,16384,202,SOURCE_RUN\raw\task-0094-dynamic-vp-nu1p5-N160-s202-refinement-824645f334\arrays.npz,160,student_t,1.5,dynamic,2.5121443279304616,0.012,True
1.5,,0.5,1.0,1333,1486.000270084773,0.0,2.0,vp,refinement,0.4437559119886522,,2,block,16384,202,SOURCE_RUN\raw\task-0086-dynamic-vp-nu1p5-N40-s202-refinement-c0cb1d0686\arrays.npz,40,student_t,1.5,dynamic,2.5121443279304616,0.012,True
1.5,,0.5,1.0,1371,1451.0305420307552,0.0,2.0,vp,refinement,0.4213029616266831,,2,block,16384,202,SOURCE_RUN\raw\task-0090-dynamic-vp-nu1p5-N80-s202-refinement-ee74ad0c8d\arrays.npz,80,student_t,1.5,dynamic,2.5121443279304616,0.012,True
1.5,,0.5,1.0,876,959.5419194341089,0.0,2.0,vp,refinement,0.3690917174946758,,3,block,16384,202,SOURCE_RUN\raw\task-0094-dynamic-vp-nu1p5-N160-s202-refinement-824645f334\arrays.npz,160,student_t,1.5,dynamic,2.9677379253417717,0.003,True
1.5,,0.5,1.0,856,962.6542069113507,0.0,2.0,vp,refinement,0.37894048073058195,,3,block,16384,202,SOURCE_RUN\raw\task-0086-dynamic-vp-nu1p5-N40-s202-refinement-c0cb1d0686\arrays.npz,40,student_t,1.5,dynamic,2.9677379253417717,0.003,True
1.5,,0.5,1.0,821,924.0816237617114,0.0,2.0,vp,refinement,0.3792640079053147,,3,block,16384,202,SOURCE_RUN\raw\task-0090-dynamic-vp-nu1p5-N80-s202-refinement-ee74ad0c8d\arrays.npz,80,student_t,1.5,dynamic,2.9677379253417717,0.003,True
1.5,,0.5,1.0,1072,1173.7886633592243,0.0,2.0,vp,refinement,0.3984858901594301,,3,block,16384,202,SOURCE_RUN\raw\task-0094-dynamic-vp-nu1p5-N160-s202-refinement-824645f334\arrays.npz,160,student_t,1.5,dynamic,2.7477813854449926,0.006,True
1.5,,0.5,1.0,1055,1171.769693723074,0.0,2.0,vp,refinement,0.4042105314594462,,3,block,16384,202,SOURCE_RUN\raw\task-0086-dynamic-vp-nu1p5-N40-s202-refinement-c0cb1d0686\arrays.npz,40,student_t,1.5,dynamic,2.7477813854449926,0.006,True
1.5,,0.5,1.0,1004,1125.6538916639677,0.0,2.0,vp,refinement,0.4080270798628981,,3,block,16384,202,SOURCE_RUN\raw\task-0090-dynamic-vp-nu1p5-N80-s202-refinement-ee74ad0c8d\arrays.npz,80,student_t,1.5,dynamic,2.7477813854449926,0.006,True
1.5,,0.5,1.0,1362,1459.1084461388268,0.0,2.0,vp,refinement,0.4264477986767111,,3,block,16384,202,SOURCE_RUN\raw\task-0094-dynamic-vp-nu1p5-N160-s202-refinement-824645f334\arrays.npz,160,student_t,1.5,dynamic,2.5121443279304616,0.012,True
1.5,,0.5,1.0,1339,1451.0568624304437,0.0,2.0,vp,refinement,0.4313792663587195,,3,block,16384,202,SOURCE_RUN\raw\task-0086-dynamic-vp-nu1p5-N40-s202-refinement-c0cb1d0686\arrays.npz,40,student_t,1.5,dynamic,2.5121443279304616,0.012,True
1.5,,0.5,1.0,1277,1393.0542239561437,0.0,2.0,vp,refinement,0.43424271097351486,,3,block,16384,202,SOURCE_RUN\raw\task-0090-dynamic-vp-nu1p5-N80-s202-refinement-ee74ad0c8d\arrays.npz,80,student_t,1.5,dynamic,2.5121443279304616,0.012,True
1.5,,0.5,1.0,3551,3969.303956340183,0.0,2.0,vp,refinement,0.37665014421888426,,-1,full,65536,202,SOURCE_RUN\raw\task-0094-dynamic-vp-nu1p5-N160-s202-refinement-824645f334\arrays.npz,160,student_t,1.5,dynamic,2.9677379253417717,0.003,True
1.5,,0.5,1.0,3427,3741.7795993586415,0.0,2.0,vp,refinement,0.3679074241574256,,-1,full,65536,202,SOURCE_RUN\raw\task-0086-dynamic-vp-nu1p5-N40-s202-refinement-c0cb1d0686\arrays.npz,40,student_t,1.5,dynamic,2.9677379253417717,0.003,True
1.5,,0.5,1.0,3505,3890.7772748916714,0.0,2.0,vp,refinement,0.37404409384382137,,-1,full,65536,202,SOURCE_RUN\raw\task-0090-dynamic-vp-nu1p5-N80-s202-refinement-ee74ad0c8d\arrays.npz,80,student_t,1.5,dynamic,2.9677379253417717,0.003,True
1.5,,0.5,1.0,4290,4830.063666082151,0.0,2.0,vp,refinement,0.4097447389434085,,-1,full,65536,202,SOURCE_RUN\raw\task-0094-dynamic-vp-nu1p5-N160-s202-refinement-824645f334\arrays.npz,160,student_t,1.5,dynamic,2.7477813854449926,0.006,True
1.5,,0.5,1.0,4178,4576.225000786035,0.0,2.0,vp,refinement,0.39861786308278524,,-1,full,65536,202,SOURCE_RUN\raw\task-0086-dynamic-vp-nu1p5-N40-s202-refinement-c0cb1d0686\arrays.npz,40,student_t,1.5,dynamic,2.7477813854449926,0.006,True
1.5,,0.5,1.0,4251,4742.940831782195,0.0,2.0,vp,refinement,0.40604524100316264,,-1,full,65536,202,SOURCE_RUN\raw\task-0090-dynamic-vp-nu1p5-N80-s202-refinement-ee74ad0c8d\arrays.npz,80,student_t,1.5,dynamic,2.7477813854449926,0.006,True
1.5,,0.5,1.0,5400,5965.871223231032,0.0,2.0,vp,refinement,0.43978005363057604,,-1,full,65536,202,SOURCE_RUN\raw\task-0094-dynamic-vp-nu1p5-N160-s202-refinement-824645f334\arrays.npz,160,student_t,1.5,dynamic,2.5121443279304616,0.012,True
1.5,,0.5,1.0,5270,5681.1872356434915,0.0,2.0,vp,refinement,0.4291250830615901,,-1,full,65536,202,SOURCE_RUN\raw\task-0086-dynamic-vp-nu1p5-N40-s202-refinement-c0cb1d0686\arrays.npz,40,student_t,1.5,dynamic,2.5121443279304616,0.012,True
1.5,,0.5,1.0,5351,5868.227976468578,0.0,2.0,vp,refinement,0.43654341311089956,,-1,full,65536,202,SOURCE_RUN\raw\task-0090-dynamic-vp-nu1p5-N80-s202-refinement-ee74ad0c8d\arrays.npz,80,student_t,1.5,dynamic,2.5121443279304616,0.012,True
1.5,,0.5,1.0,878,982.2297963797134,0.0,2.0,vp,refinement,0.37695806714875946,,-1,nested,16384,202,SOURCE_RUN\raw\task-0094-dynamic-vp-nu1p5-N160-s202-refinement-824645f334\arrays.npz,160,student_t,1.5,dynamic,2.9677379253417717,0.003,True
1.5,,0.5,1.0,823,859.7271780657302,0.0,2.0,vp,refinement,0.35199401094630967,,-1,nested,16384,202,SOURCE_RUN\raw\task-0086-dynamic-vp-nu1p5-N40-s202-refinement-c0cb1d0686\arrays.npz,40,student_t,1.5,dynamic,2.9677379253417717,0.003,True
1.5,,0.5,1.0,877,963.712392854868,0.0,2.0,vp,refinement,0.3702732208005275,,-1,nested,16384,202,SOURCE_RUN\raw\task-0090-dynamic-vp-nu1p5-N80-s202-refinement-ee74ad0c8d\arrays.npz,80,student_t,1.5,dynamic,2.9677379253417717,0.003,True
1.5,,0.5,1.0,1075,1196.1213742868626,0.0,2.0,vp,refinement,0.40493434148075486,,-1,nested,16384,202,SOURCE_RUN\raw\task-0094-dynamic-vp-nu1p5-N160-s202-refinement-824645f334\arrays.npz,160,student_t,1.5,dynamic,2.7477813854449926,0.006,True
1.5,,0.5,1.0,1014,1061.113892652988,0.0,2.0,vp,refinement,0.3808393966588256,,-1,nested,16384,202,SOURCE_RUN\raw\task-0086-dynamic-vp-nu1p5-N40-s202-refinement-c0cb1d0686\arrays.npz,40,student_t,1.5,dynamic,2.7477813854449926,0.006,True
1.5,,0.5,1.0,1055,1177.4271298914846,0.0,2.0,vp,refinement,0.4061621054697496,,-1,nested,16384,202,SOURCE_RUN\raw\task-0090-dynamic-vp-nu1p5-N80-s202-refinement-ee74ad0c8d\arrays.npz,80,student_t,1.5,dynamic,2.7477813854449926,0.006,True
1.5,,0.5,1.0,1349,1480.9826987340261,0.0,2.0,vp,refinement,0.43701208644453093,,-1,nested,16384,202,SOURCE_RUN\raw\task-0094-dynamic-vp-nu1p5-N160-s202-refinement-824645f334\arrays.npz,160,student_t,1.5,dynamic,2.5121443279304616,0.012,True
1.5,,0.5,1.0,1280,1328.7413533983517,0.0,2.0,vp,refinement,0.4132243401785939,,-1,nested,16384,202,SOURCE_RUN\raw\task-0086-dynamic-vp-nu1p5-N40-s202-refinement-c0cb1d0686\arrays.npz,40,student_t,1.5,dynamic,2.5121443279304616,0.012,True
1.5,,0.5,1.0,1324,1457.076778585221,0.0,2.0,vp,refinement,0.4380764074093011,,-1,nested,16384,202,SOURCE_RUN\raw\task-0090-dynamic-vp-nu1p5-N80-s202-refinement-ee74ad0c8d\arrays.npz,80,student_t,1.5,dynamic,2.5121443279304616,0.012,True
1.5,,0.5,1.0,1770,1997.8618318652252,0.0,2.0,vp,refinement,0.38033530137232485,,-1,nested,32768,202,SOURCE_RUN\raw\task-0094-dynamic-vp-nu1p5-N160-s202-refinement-824645f334\arrays.npz,160,student_t,1.5,dynamic,2.9677379253417717,0.003,True
1.5,,0.5,1.0,1697,1781.3871867673129,0.0,2.0,vp,refinement,0.3537129295278941,,-1,nested,32768,202,SOURCE_RUN\raw\task-0086-dynamic-vp-nu1p5-N40-s202-refinement-c0cb1d0686\arrays.npz,40,student_t,1.5,dynamic,2.9677379253417717,0.003,True
1.5,,0.5,1.0,1806,2014.3578243376032,0.0,2.0,vp,refinement,0.37583162967106765,,-1,nested,32768,202,SOURCE_RUN\raw\task-0090-dynamic-vp-nu1p5-N80-s202-refinement-ee74ad0c8d\arrays.npz,80,student_t,1.5,dynamic,2.9677379253417717,0.003,True
1.5,,0.5,1.0,2137,2426.4925297115237,0.0,2.0,vp,refinement,0.4132303959011997,,-1,nested,32768,202,SOURCE_RUN\raw\task-0094-dynamic-vp-nu1p5-N160-s202-refinement-824645f334\arrays.npz,160,student_t,1.5,dynamic,2.7477813854449926,0.006,True
1.5,,0.5,1.0,2075,2196.837622417569,0.0,2.0,vp,refinement,0.38529882037716884,,-1,nested,32768,202,SOURCE_RUN\raw\task-0086-dynamic-vp-nu1p5-N40-s202-refinement-c0cb1d0686\arrays.npz,40,student_t,1.5,dynamic,2.7477813854449926,0.006,True
1.5,,0.5,1.0,2175,2451.307521983193,0.0,2.0,vp,refinement,0.4101628852686832,,-1,nested,32768,202,SOURCE_RUN\raw\task-0090-dynamic-vp-nu1p5-N80-s202-refinement-ee74ad0c8d\arrays.npz,80,student_t,1.5,dynamic,2.7477813854449926,0.006,True
1.5,,0.5,1.0,2678,2991.263687038492,0.0,2.0,vp,refinement,0.4446307957356139,,-1,nested,32768,202,SOURCE_RUN\raw\task-0094-dynamic-vp-nu1p5-N160-s202-refinement-824645f334\arrays.npz,160,student_t,1.5,dynamic,2.5121443279304616,0.012,True
1.5,,0.5,1.0,2598,2744.130103128274,0.0,2.0,vp,refinement,0.4204563969974522,,-1,nested,32768,202,SOURCE_RUN\raw\task-0086-dynamic-vp-nu1p5-N40-s202-refinement-c0cb1d0686\arrays.npz,40,student_t,1.5,dynamic,2.5121443279304616,0.012,True
1.5,,0.5,1.0,2703,3024.143210481679,0.0,2.0,vp,refinement,0.44536052580579455,,-1,nested,32768,202,SOURCE_RUN\raw\task-0090-dynamic-vp-nu1p5-N80-s202-refinement-ee74ad0c8d\arrays.npz,80,student_t,1.5,dynamic,2.5121443279304616,0.012,True
1.5,,0.5,1.0,903,1033.719560732429,0.0,2.0,vp,refinement,0.38573534695672446,,0,block,16384,203,SOURCE_RUN\raw\task-0095-dynamic-vp-nu1p5-N160-s203-refinement-898dea3cbc\arrays.npz,160,student_t,1.5,dynamic,2.9677379253417717,0.003,True
1.5,,0.5,1.0,838,957.8817925451083,0.0,2.0,vp,refinement,0.3851610419896167,,0,block,16384,203,SOURCE_RUN\raw\task-0087-dynamic-vp-nu1p5-N40-s203-refinement-cb0641bab6\arrays.npz,40,student_t,1.5,dynamic,2.9677379253417717,0.003,True
1.5,,0.5,1.0,913,1109.3277048131533,0.0,2.0,vp,refinement,0.40941479734033837,,0,block,16384,203,SOURCE_RUN\raw\task-0091-dynamic-vp-nu1p5-N80-s203-refinement-c51d7e1221\arrays.npz,80,student_t,1.5,dynamic,2.9677379253417717,0.003,True
1.5,,0.5,1.0,1084,1250.5345622362852,0.0,2.0,vp,refinement,0.41984041236702924,,0,block,16384,203,SOURCE_RUN\raw\task-0095-dynamic-vp-nu1p5-N160-s203-refinement-898dea3cbc\arrays.npz,160,student_t,1.5,dynamic,2.7477813854449926,0.006,True
1.5,,0.5,1.0,1040,1162.6755326213383,0.0,2.0,vp,refinement,0.4068581470225238,,0,block,16384,203,SOURCE_RUN\raw\task-0087-dynamic-vp-nu1p5-N40-s203-refinement-cb0641bab6\arrays.npz,40,student_t,1.5,dynamic,2.7477813854449926,0.006,True
1.5,,0.5,1.0,1087,1328.2545839415384,0.0,2.0,vp,refinement,0.44470253197189824,,0,block,16384,203,SOURCE_RUN\raw\task-0091-dynamic-vp-nu1p5-N80-s203-refinement-c51d7e1221\arrays.npz,80,student_t,1.5,dynamic,2.7477813854449926,0.006,True
1.5,,0.5,1.0,1343,1536.8019223822348,0.0,2.0,vp,refinement,0.4555093495842294,,0,block,16384,203,SOURCE_RUN\raw\task-0095-dynamic-vp-nu1p5-N160-s203-refinement-898dea3cbc\arrays.npz,160,student_t,1.5,dynamic,2.5121443279304616,0.012,True
1.5,,0.5,1.0,1289,1435.952839501139,0.0,2.0,vp,refinement,0.44344797138698583,,0,block,16384,203,SOURCE_RUN\raw\task-0087-dynamic-vp-nu1p5-N40-s203-refinement-cb0641bab6\arrays.npz,40,student_t,1.5,dynamic,2.5121443279304616,0.012,True
1.5,,0.5,1.0,1330,1613.0779351699425,0.0,2.0,vp,refinement,0.48279095244440423,,0,block,16384,203,SOURCE_RUN\raw\task-0091-dynamic-vp-nu1p5-N80-s203-refinement-c51d7e1221\arrays.npz,80,student_t,1.5,dynamic,2.5121443279304616,0.012,True
1.5,,0.5,1.0,938,1152.919603165143,0.0,2.0,vp,refinement,0.4141623712838903,,1,block,16384,203,SOURCE_RUN\raw\task-0095-dynamic-vp-nu1p5-N160-s203-refinement-898dea3cbc\arrays.npz,160,student_t,1.5,dynamic,2.9677379253417717,0.003,True
1.5,,0.5,1.0,875,1032.3134452493846,0.0,2.0,vp,refinement,0.39753739186213966,,1,block,16384,203,SOURCE_RUN\raw\task-0087-dynamic-vp-nu1p5-N40-s203-refinement-cb0641bab6\arrays.npz,40,student_t,1.5,dynamic,2.9677379253417717,0.003,True
1.5,,0.5,1.0,890,981.6467730292143,0.0,2.0,vp,refinement,0.3716547518773899,,1,block,16384,203,SOURCE_RUN\raw\task-0091-dynamic-vp-nu1p5-N80-s203-refinement-c51d7e1221\arrays.npz,80,student_t,1.5,dynamic,2.9677379253417717,0.003,True
1.5,,0.5,1.0,1129,1379.5916976151889,0.0,2.0,vp,refinement,0.44470749915450475,,1,block,16384,203,SOURCE_RUN\raw\task-0095-dynamic-vp-nu1p5-N160-s203-refinement-898dea3cbc\arrays.npz,160,student_t,1.5,dynamic,2.7477813854449926,0.006,True
1.5,,0.5,1.0,1075,1244.367717553875,0.0,2.0,vp,refinement,0.4212676347899978,,1,block,16384,203,SOURCE_RUN\raw\task-0087-dynamic-vp-nu1p5-N40-s203-refinement-cb0641bab6\arrays.npz,40,student_t,1.5,dynamic,2.7477813854449926,0.006,True
1.5,,0.5,1.0,1100,1198.6708650395494,0.0,2.0,vp,refinement,0.3965747756250695,,1,block,16384,203,SOURCE_RUN\raw\task-0091-dynamic-vp-nu1p5-N80-s203-refinement-c51d7e1221\arrays.npz,80,student_t,1.5,dynamic,2.7477813854449926,0.006,True
1.5,,0.5,1.0,1380,1675.16300978955,0.0,2.0,vp,refinement,0.48320720488935864,,1,block,16384,203,SOURCE_RUN\raw\task-0095-dynamic-vp-nu1p5-N160-s203-refinement-898dea3cbc\arrays.npz,160,student_t,1.5,dynamic,2.5121443279304616,0.012,True
1.5,,0.5,1.0,1306,1523.8667237588897,0.0,2.0,vp,refinement,0.4644716614272138,,1,block,16384,203,SOURCE_RUN\raw\task-0087-dynamic-vp-nu1p5-N40-s203-refinement-cb0641bab6\arrays.npz,40,student_t,1.5,dynamic,2.5121443279304616,0.012,True
1.5,,0.5,1.0,1346,1486.0138908442236,0.0,2.0,vp,refinement,0.4394740361413103,,1,block,16384,203,SOURCE_RUN\raw\task-0091-dynamic-vp-nu1p5-N80-s203-refinement-c51d7e1221\arrays.npz,80,student_t,1.5,dynamic,2.5121443279304616,0.012,True
1.5,,0.5,1.0,849,967.9333267854468,0.0,2.0,vp,refinement,0.3841600562775483,,2,block,16384,203,SOURCE_RUN\raw\task-0095-dynamic-vp-nu1p5-N160-s203-refinement-898dea3cbc\arrays.npz,160,student_t,1.5,dynamic,2.9677379253417717,0.003,True
1.5,,0.5,1.0,917,1029.5500837287132,0.0,2.0,vp,refinement,0.37831415914380623,,2,block,16384,203,SOURCE_RUN\raw\task-0087-dynamic-vp-nu1p5-N40-s203-refinement-cb0641bab6\arrays.npz,40,student_t,1.5,dynamic,2.9677379253417717,0.003,True
1.5,,0.5,1.0,914,1079.8296906237572,0.0,2.0,vp,refinement,0.3980920659534901,,2,block,16384,203,SOURCE_RUN\raw\task-0091-dynamic-vp-nu1p5-N80-s203-refinement-c51d7e1221\arrays.npz,80,student_t,1.5,dynamic,2.9677379253417717,0.003,True
1.5,,0.5,1.0,1035,1174.501299143909,0.0,2.0,vp,refinement,0.4129818587163129,,2,block,16384,203,SOURCE_RUN\raw\task-0095-dynamic-vp-nu1p5-N160-s203-refinement-898dea3cbc\arrays.npz,160,student_t,1.5,dynamic,2.7477813854449926,0.006,True
1.5,,0.5,1.0,1104,1251.7948148176001,0.0,2.0,vp,refinement,0.41265004591600307,,2,block,16384,203,SOURCE_RUN\raw\task-0087-dynamic-vp-nu1p5-N40-s203-refinement-cb0641bab6\arrays.npz,40,student_t,1.5,dynamic,2.7477813854449926,0.006,True
1.5,,0.5,1.0,1098,1299.5056844309624,0.0,2.0,vp,refinement,0.4307186394239013,,2,block,16384,203,SOURCE_RUN\raw\task-0091-dynamic-vp-nu1p5-N80-s203-refinement-c51d7e1221\arrays.npz,80,student_t,1.5,dynamic,2.7477813854449926,0.006,True
1.5,,0.5,1.0,1285,1447.4847933726892,0.0,2.0,vp,refinement,0.4484007138816102,,2,block,16384,203,SOURCE_RUN\raw\task-0095-dynamic-vp-nu1p5-N160-s203-refinement-898dea3cbc\arrays.npz,160,student_t,1.5,dynamic,2.5121443279304616,0.012,True
1.5,,0.5,1.0,1353,1541.769450668921,0.0,2.0,vp,refinement,0.45360418484953713,,2,block,16384,203,SOURCE_RUN\raw\task-0087-dynamic-vp-nu1p5-N40-s203-refinement-cb0641bab6\arrays.npz,40,student_t,1.5,dynamic,2.5121443279304616,0.012,True
1.5,,0.5,1.0,1348,1586.7621017163815,0.0,2.0,vp,refinement,0.46857308625558935,,2,block,16384,203,SOURCE_RUN\raw\task-0091-dynamic-vp-nu1p5-N80-s203-refinement-c51d7e1221\arrays.npz,80,student_t,1.5,dynamic,2.5121443279304616,0.012,True
1.5,,0.5,1.0,906,1099.7005675921532,0.0,2.0,vp,refinement,0.4089975484725105,,3,block,16384,203,SOURCE_RUN\raw\task-0095-dynamic-vp-nu1p5-N160-s203-refinement-898dea3cbc\arrays.npz,160,student_t,1.5,dynamic,2.9677379253417717,0.003,True
1.5,,0.5,1.0,851,1000.135050967928,0.0,2.0,vp,refinement,0.3960076185851556,,3,block,16384,203,SOURCE_RUN\raw\task-0087-dynamic-vp-nu1p5-N40-s203-refinement-cb0641bab6\arrays.npz,40,student_t,1.5,dynamic,2.9677379253417717,0.003,True
1.5,,0.5,1.0,843,1001.9875237217008,0.0,2.0,vp,refinement,0.400506153066603,,3,block,16384,203,SOURCE_RUN\raw\task-0091-dynamic-vp-nu1p5-N80-s203-refinement-c51d7e1221\arrays.npz,80,student_t,1.5,dynamic,2.9677379253417717,0.003,True
1.5,,0.5,1.0,1112,1320.5626465943055,0.0,2.0,vp,refinement,0.43218734327114694,,3,block,16384,203,SOURCE_RUN\raw\task-0095-dynamic-vp-nu1p5-N160-s203-refinement-898dea3cbc\arrays.npz,160,student_t,1.5,dynamic,2.7477813854449926,0.006,True
1.5,,0.5,1.0,1025,1205.4740073989465,0.0,2.0,vp,refinement,0.4280079225261857,,3,block,16384,203,SOURCE_RUN\raw\task-0087-dynamic-vp-nu1p5-N40-s203-refinement-cb0641bab6\arrays.npz,40,student_t,1.5,dynamic,2.7477813854449926,0.006,True
1.5,,0.5,1.0,1031,1208.1392232072126,0.0,2.0,vp,refinement,0.42645787827471343,,3,block,16384,203,SOURCE_RUN\raw\task-0091-dynamic-vp-nu1p5-N80-s203-refinement-c51d7e1221\arrays.npz,80,student_t,1.5,dynamic,2.7477813854449926,0.006,True
1.5,,0.5,1.0,1360,1609.6611920204402,0.0,2.0,vp,refinement,0.47114108562083573,,3,block,16384,203,SOURCE_RUN\raw\task-0095-dynamic-vp-nu1p5-N160-s203-refinement-898dea3cbc\arrays.npz,160,student_t,1.5,dynamic,2.5121443279304616,0.012,True
1.5,,0.5,1.0,1291,1477.9281874544163,0.0,2.0,vp,refinement,0.4557036457067972,,3,block,16384,203,SOURCE_RUN\raw\task-0087-dynamic-vp-nu1p5-N40-s203-refinement-cb0641bab6\arrays.npz,40,student_t,1.5,dynamic,2.5121443279304616,0.012,True
1.5,,0.5,1.0,1299,1483.133836740209,0.0,2.0,vp,refinement,0.4544923788780331,,3,block,16384,203,SOURCE_RUN\raw\task-0091-dynamic-vp-nu1p5-N80-s203-refinement-c51d7e1221\arrays.npz,80,student_t,1.5,dynamic,2.5121443279304616,0.012,True
1.5,,0.5,1.0,3596,4254.273058275172,0.0,2.0,vp,refinement,0.398639318482187,,-1,full,65536,203,SOURCE_RUN\raw\task-0095-dynamic-vp-nu1p5-N160-s203-refinement-898dea3cbc\arrays.npz,160,student_t,1.5,dynamic,2.9677379253417717,0.003,True
1.5,,0.5,1.0,3481,4019.880372491134,0.0,2.0,vp,refinement,0.38912000529086715,,-1,full,65536,203,SOURCE_RUN\raw\task-0087-dynamic-vp-nu1p5-N40-s203-refinement-cb0641bab6\arrays.npz,40,student_t,1.5,dynamic,2.9677379253417717,0.003,True
1.5,,0.5,1.0,3560,4172.791692187826,0.0,2.0,vp,refinement,0.39495822316270857,,-1,full,65536,203,SOURCE_RUN\raw\task-0091-dynamic-vp-nu1p5-N80-s203-refinement-c51d7e1221\arrays.npz,80,student_t,1.5,dynamic,2.9677379253417717,0.003,True
1.5,,0.5,1.0,4360,5125.190205589688,0.0,2.0,vp,refinement,0.4278005328073841,,-1,full,65536,203,SOURCE_RUN\raw\task-0095-dynamic-vp-nu1p5-N160-s203-refinement-898dea3cbc\arrays.npz,160,student_t,1.5,dynamic,2.7477813854449926,0.006,True
1.5,,0.5,1.0,4244,4864.31207239176,0.0,2.0,vp,refinement,0.41712275013743644,,-1,full,65536,203,SOURCE_RUN\raw\task-0087-dynamic-vp-nu1p5-N40-s203-refinement-cb0641bab6\arrays.npz,40,student_t,1.5,dynamic,2.7477813854449926,0.006,True
1.5,,0.5,1.0,4316,5034.570356619263,0.0,2.0,vp,refinement,0.4245206311468265,,-1,full,65536,203,SOURCE_RUN\raw\task-0091-dynamic-vp-nu1p5-N80-s203-refinement-c51d7e1221\arrays.npz,80,student_t,1.5,dynamic,2.7477813854449926,0.006,True
1.5,,0.5,1.0,5368,6269.110917564914,0.0,2.0,vp,refinement,0.4648885605479025,,-1,full,65536,203,SOURCE_RUN\raw\task-0095-dynamic-vp-nu1p5-N160-s203-refinement-898dea3cbc\arrays.npz,160,student_t,1.5,dynamic,2.5121443279304616,0.012,True
1.5,,0.5,1.0,5239,5979.517201383365,0.0,2.0,vp,refinement,0.45433179874988827,,-1,full,65536,203,SOURCE_RUN\raw\task-0087-dynamic-vp-nu1p5-N40-s203-refinement-cb0641bab6\arrays.npz,40,student_t,1.5,dynamic,2.5121443279304616,0.012,True
1.5,,0.5,1.0,5323,6168.987764470757,0.0,2.0,vp,refinement,0.46133123047761804,,-1,full,65536,203,SOURCE_RUN\raw\task-0091-dynamic-vp-nu1p5-N80-s203-refinement-c51d7e1221\arrays.npz,80,student_t,1.5,dynamic,2.5121443279304616,0.012,True
1.5,,0.5,1.0,903,1033.719560732429,0.0,2.0,vp,refinement,0.38573534695672446,,-1,nested,16384,203,SOURCE_RUN\raw\task-0095-dynamic-vp-nu1p5-N160-s203-refinement-898dea3cbc\arrays.npz,160,student_t,1.5,dynamic,2.9677379253417717,0.003,True
1.5,,0.5,1.0,838,957.8817925451083,0.0,2.0,vp,refinement,0.3851610419896167,,-1,nested,16384,203,SOURCE_RUN\raw\task-0087-dynamic-vp-nu1p5-N40-s203-refinement-cb0641bab6\arrays.npz,40,student_t,1.5,dynamic,2.9677379253417717,0.003,True
1.5,,0.5,1.0,913,1109.3277048131533,0.0,2.0,vp,refinement,0.40941479734033837,,-1,nested,16384,203,SOURCE_RUN\raw\task-0091-dynamic-vp-nu1p5-N80-s203-refinement-c51d7e1221\arrays.npz,80,student_t,1.5,dynamic,2.9677379253417717,0.003,True
1.5,,0.5,1.0,1084,1250.5345622362852,0.0,2.0,vp,refinement,0.41984041236702924,,-1,nested,16384,203,SOURCE_RUN\raw\task-0095-dynamic-vp-nu1p5-N160-s203-refinement-898dea3cbc\arrays.npz,160,student_t,1.5,dynamic,2.7477813854449926,0.006,True
1.5,,0.5,1.0,1040,1162.6755326213383,0.0,2.0,vp,refinement,0.4068581470225238,,-1,nested,16384,203,SOURCE_RUN\raw\task-0087-dynamic-vp-nu1p5-N40-s203-refinement-cb0641bab6\arrays.npz,40,student_t,1.5,dynamic,2.7477813854449926,0.006,True
1.5,,0.5,1.0,1087,1328.2545839415384,0.0,2.0,vp,refinement,0.44470253197189824,,-1,nested,16384,203,SOURCE_RUN\raw\task-0091-dynamic-vp-nu1p5-N80-s203-refinement-c51d7e1221\arrays.npz,80,student_t,1.5,dynamic,2.7477813854449926,0.006,True
1.5,,0.5,1.0,1343,1536.8019223822348,0.0,2.0,vp,refinement,0.4555093495842294,,-1,nested,16384,203,SOURCE_RUN\raw\task-0095-dynamic-vp-nu1p5-N160-s203-refinement-898dea3cbc\arrays.npz,160,student_t,1.5,dynamic,2.5121443279304616,0.012,True
1.5,,0.5,1.0,1289,1435.952839501139,0.0,2.0,vp,refinement,0.44344797138698583,,-1,nested,16384,203,SOURCE_RUN\raw\task-0087-dynamic-vp-nu1p5-N40-s203-refinement-cb0641bab6\arrays.npz,40,student_t,1.5,dynamic,2.5121443279304616,0.012,True
1.5,,0.5,1.0,1330,1613.0779351699425,0.0,2.0,vp,refinement,0.48279095244440423,,-1,nested,16384,203,SOURCE_RUN\raw\task-0091-dynamic-vp-nu1p5-N80-s203-refinement-c51d7e1221\arrays.npz,80,student_t,1.5,dynamic,2.5121443279304616,0.012,True
1.5,,0.5,1.0,1841,2186.639163897572,0.0,2.0,vp,refinement,0.4002190779827329,,-1,nested,32768,203,SOURCE_RUN\raw\task-0095-dynamic-vp-nu1p5-N160-s203-refinement-898dea3cbc\arrays.npz,160,student_t,1.5,dynamic,2.9677379253417717,0.003,True
1.5,,0.5,1.0,1713,1990.1952377944926,0.0,2.0,vp,refinement,0.3914828786145189,,-1,nested,32768,203,SOURCE_RUN\raw\task-0087-dynamic-vp-nu1p5-N40-s203-refinement-cb0641bab6\arrays.npz,40,student_t,1.5,dynamic,2.9677379253417717,0.003,True
1.5,,0.5,1.0,1803,2090.9744778423674,0.0,2.0,vp,refinement,0.3907756179382173,,-1,nested,32768,203,SOURCE_RUN\raw\task-0091-dynamic-vp-nu1p5-N80-s203-refinement-c51d7e1221\arrays.npz,80,student_t,1.5,dynamic,2.9677379253417717,0.003,True
1.5,,0.5,1.0,2213,2630.1262598514736,0.0,2.0,vp,refinement,0.4325267842527318,,-1,nested,32768,203,SOURCE_RUN\raw\task-0095-dynamic-vp-nu1p5-N160-s203-refinement-898dea3cbc\arrays.npz,160,student_t,1.5,dynamic,2.7477813854449926,0.006,True
1.5,,0.5,1.0,2115,2407.043250175213,0.0,2.0,vp,refinement,0.41418211834641716,,-1,nested,32768,203,SOURCE_RUN\raw\task-0087-dynamic-vp-nu1p5-N40-s203-refinement-cb0641bab6\arrays.npz,40,student_t,1.5,dynamic,2.7477813854449926,0.006,True
1.5,,0.5,1.0,2187,2526.925448981088,0.0,2.0,vp,refinement,0.4204956129131367,,-1,nested,32768,203,SOURCE_RUN\raw\task-0091-dynamic-vp-nu1p5-N80-s203-refinement-c51d7e1221\arrays.npz,80,student_t,1.5,dynamic,2.7477813854449926,0.006,True
1.5,,0.5,1.0,2723,3211.9649321717848,0.0,2.0,vp,refinement,0.4695464558350845,,-1,nested,32768,203,SOURCE_RUN\raw\task-0095-dynamic-vp-nu1p5-N160-s203-refinement-898dea3cbc\arrays.npz,160,student_t,1.5,dynamic,2.5121443279304616,0.012,True
1.5,,0.5,1.0,2595,2959.8195632600286,0.0,2.0,vp,refinement,0.4540286801317017,,-1,nested,32768,203,SOURCE_RUN\raw\task-0087-dynamic-vp-nu1p5-N40-s203-refinement-cb0641bab6\arrays.npz,40,student_t,1.5,dynamic,2.5121443279304616,0.012,True
1.5,,0.5,1.0,2676,3099.091826014166,0.0,2.0,vp,refinement,0.46100299678522466,,-1,nested,32768,203,SOURCE_RUN\raw\task-0091-dynamic-vp-nu1p5-N80-s203-refinement-c51d7e1221\arrays.npz,80,student_t,1.5,dynamic,2.5121443279304616,0.012,True
