alpha_theory,beta,boot90_high,boot90_low,boot95_high,boot95_low,control_distribution,controlled_fraction,epsilon,eta,expected,fraction,horizon,k,median,metric,model,n_seeds,purpose,q16,q84,sample_kind,sample_size,steps,target,target_nu,task_kind,threshold
1.5,nan,11.473659266184214,10.915323845463076,11.512559997588262,10.829605506316092,gaussian,0.0,0.5,1.0,nan,0.003,2.0,196,11.17362445083981,hill_alpha,gaussian,12,control,10.738375903196514,11.581683752598815,block,65536,0,direct_control,0.0,control,2.9647830610624717
1.5,nan,10.915924937535749,10.559206998305314,10.957401042276746,10.558879402312936,gaussian,0.0,0.5,1.0,nan,0.004,2.0,262,10.738803760559676,hill_alpha,gaussian,12,control,10.526438951686037,11.03545725111582,block,65536,0,direct_control,0.0,control,2.875224038873256
1.5,nan,10.10992642629365,9.919956784764786,10.131783470308704,9.912213064084174,gaussian,0.0,0.5,1.0,nan,0.006,2.0,393,9.945622462861564,hill_alpha,gaussian,12,control,9.880338648458823,10.17034018075067,block,65536,0,direct_control,0.0,control,2.7466767857047847
1.5,nan,9.530609310354588,9.36629404664584,9.56184513041203,9.355444986652438,gaussian,0.0,0.5,1.0,nan,0.008,2.0,524,9.422215450387391,hill_alpha,gaussian,12,control,9.316297285011856,9.60026508365959,block,65536,0,direct_control,0.0,control,2.647519958129625
1.5,nan,8.731004963669593,8.50735650568749,8.733898939429842,8.487364615929689,gaussian,0.0,0.5,1.0,nan,0.012,2.0,786,8.641653166240996,hill_alpha,gaussian,12,control,8.457619936987776,8.73985933338015,block,65536,0,direct_control,0.0,control,2.5091043208078885
1.5,nan,7.998938199338832,7.893019435426735,8.007318541057085,7.87632989219567,gaussian,0.0,0.5,1.0,nan,0.018,2.0,1179,7.969709259434312,hill_alpha,gaussian,12,control,7.856602273707752,8.019722546975183,block,65536,0,direct_control,0.0,control,2.3664414997128427
1.5,nan,7.00021865175353,6.90539790649561,7.004544130561088,6.897913400834945,gaussian,0.0,0.5,1.0,nan,0.03,2.0,1966,6.953548680036275,hill_alpha,gaussian,12,control,6.889773364185771,7.014798732252261,block,65536,0,direct_control,0.0,control,2.1724311161046583
1.5,nan,0.09164793879595967,0.08715903331628766,0.09238373853758128,0.0868669290104232,gaussian,0.0,0.5,1.0,nan,0.003,2.0,196,0.08951549517931293,hill_xi,gaussian,12,control,0.08634943269677113,0.09321492607573229,block,65536,0,direct_control,0.0,control,2.9647830610624717
1.5,nan,0.09470594181814992,0.09188861584819905,0.094708276580038,0.09132167660186875,gaussian,0.0,0.5,1.0,nan,0.004,2.0,262,0.09327623195864049,hill_xi,gaussian,12,control,0.09069124607616397,0.09500224260472954,block,65536,0,direct_control,0.0,control,2.875224038873256
1.5,nan,0.10094028205258337,0.09891543378639013,0.10095797984400956,0.09870519415167517,gaussian,0.0,0.5,1.0,nan,0.006,2.0,393,0.10065642899406478,hill_xi,gaussian,12,control,0.09840129460561066,0.10133610122668517,block,65536,0,direct_control,0.0,control,2.7466767857047847
1.5,nan,0.10676863081101282,0.10508203841505144,0.10691807868916539,0.10467192364604935,gaussian,0.0,0.5,1.0,nan,0.008,2.0,524,0.10619968092152983,hill_xi,gaussian,12,control,0.1041893827962193,0.10738595894634953,block,65536,0,direct_control,0.0,control,2.647519958129625
1.5,nan,0.11754681035331546,0.11453707879996883,0.11783433990583894,0.11449990721657367,gaussian,0.0,0.5,1.0,nan,0.012,2.0,786,0.11574908573236695,hill_xi,gaussian,12,control,0.11442322101636014,0.11825425079143685,block,65536,0,direct_control,0.0,control,2.5091043208078885
1.5,nan,0.12674153973636393,0.1250208038654567,0.1269903280103451,0.12488706344965095,gaussian,0.0,0.5,1.0,nan,0.018,2.0,1179,0.1255042981454492,hill_xi,gaussian,12,control,0.12469862663851168,0.12728708663556287,block,65536,0,direct_control,0.0,control,2.3664414997128427
1.5,nan,0.1448148522700124,0.14285390363859485,0.14497190909950092,0.1427653524587261,gaussian,0.0,0.5,1.0,nan,0.03,2.0,1966,0.14381297014032912,hill_xi,gaussian,12,control,0.14255659535278956,0.14514659848743935,block,65536,0,direct_control,0.0,control,2.1724311161046583
1.5,nan,-0.10163652948852142,-0.15203219338504392,-0.08773421568390988,-0.16093336194094512,gaussian,0.0,0.5,1.0,nan,0.003,2.0,196,-0.14059474460295332,pickands_xi,gaussian,12,control,-0.17951172305201485,-0.06761559370697096,block,65536,0,direct_control,0.0,control,2.9668553089699183
1.5,nan,-0.04604096580403312,-0.14098922513209158,-0.042756376535799556,-0.14346850718625087,gaussian,0.0,0.5,1.0,nan,0.004,2.0,262,-0.07255877032144656,pickands_xi,gaussian,12,control,-0.1472638448992373,-0.038580416505323234,block,65536,0,direct_control,0.0,control,2.877167863494871
1.5,nan,-0.05977760221251814,-0.09420897292367665,-0.05958807475494982,-0.10844595930321099,gaussian,0.0,0.5,1.0,nan,0.006,2.0,393,-0.08901210124505388,pickands_xi,gaussian,12,control,-0.13178073441304256,-0.056670604575837974,block,65536,0,direct_control,0.0,control,2.7471455681746755
1.5,nan,-0.12810798840054066,-0.16042642317475797,-0.1223017689056873,-0.16498672066521322,gaussian,0.0,0.5,1.0,nan,0.008,2.0,524,-0.14335657285547365,pickands_xi,gaussian,12,control,-0.17108521004775654,-0.10614105020002217,block,65536,0,direct_control,0.0,control,2.648019574650315
1.5,nan,-0.13441458033077014,-0.16450231212585728,-0.12771299648337053,-0.16530258118788205,gaussian,0.0,0.5,1.0,nan,0.012,2.0,786,-0.1547546418528293,pickands_xi,gaussian,12,control,-0.17273886788549433,-0.11523008929160089,block,65536,0,direct_control,0.0,control,2.5097527602617484
1.5,nan,-0.13837134222714703,-0.1521361972449577,-0.13777016261418545,-0.15233227849650954,gaussian,0.0,0.5,1.0,nan,0.018,2.0,1179,-0.1466397572709056,pickands_xi,gaussian,12,control,-0.15304453713160884,-0.13449758826075128,block,65536,0,direct_control,0.0,control,2.366557798017049
1.5,nan,-0.17339524018242808,-0.1910402475771822,-0.17321218706543906,-0.192036026105589,gaussian,0.0,0.5,1.0,nan,0.03,2.0,1966,-0.1756920777672044,pickands_xi,gaussian,12,control,-0.19650645019562052,-0.17136354112614527,block,65536,0,direct_control,0.0,control,2.1725550476402087
1.5,nan,-0.042636640860099786,-0.08783410461916114,-0.04130465619161669,-0.08829510211996791,gaussian,0.0,0.5,1.0,nan,0.006,2.0,1572,-0.04912157632535029,gpd_xi,gaussian,12,control,-0.0895312238783555,-0.03561147266737184,full,262144,0,direct_control,0.0,control,2.7457104103296537
1.5,nan,-0.059726014804854365,-0.09320840564636321,-0.05858725630844974,-0.09367623041562675,gaussian,0.0,0.5,1.0,nan,0.012,2.0,3145,-0.07266440518194703,gpd_xi,gaussian,12,control,-0.09438124673102906,-0.05678415235352247,full,262144,0,direct_control,0.0,control,2.510824486576362
1.5,nan,11.24809585322105,10.923653739986001,11.28556494978206,10.91694979576241,gaussian,0.0,0.5,1.0,nan,0.003,2.0,786,11.075309103168205,hill_alpha,gaussian,12,control,10.871278024736625,11.404854401018614,full,262144,0,direct_control,0.0,control,2.9645075379363623
1.5,nan,10.80466717211726,10.584856667098,10.816856570036691,10.576862670592995,gaussian,0.0,0.5,1.0,nan,0.004,2.0,1048,10.689771970969353,hill_alpha,gaussian,12,control,10.566381836647816,10.881241608026613,full,262144,0,direct_control,0.0,control,2.8769855450124715
1.5,nan,10.033779377268111,9.865153799327727,10.06332736126159,9.846065244600037,gaussian,0.0,0.5,1.0,nan,0.006,2.0,1572,9.963002989517758,hill_alpha,gaussian,12,control,9.81748853693362,10.09378005461485,full,262144,0,direct_control,0.0,control,2.7457104103296537
1.5,nan,9.500025186208823,9.319737659171835,9.530506786593058,9.272464772847846,gaussian,0.0,0.5,1.0,nan,0.008,2.0,2097,9.423459206134376,hill_alpha,gaussian,12,control,9.211996160919494,9.563124049645731,full,262144,0,direct_control,0.0,control,2.648660828811626
1.5,nan,8.741342314968932,8.507136651284036,8.746636798545863,8.499284459432454,gaussian,0.0,0.5,1.0,nan,0.012,2.0,3145,8.612263109189968,hill_alpha,gaussian,12,control,8.490148963161166,8.764077331745487,full,262144,0,direct_control,0.0,control,2.510824486576362
1.5,nan,7.9851811261620895,7.886289203835561,7.997727390903265,7.86000180179126,gaussian,0.0,0.5,1.0,nan,0.018,2.0,4718,7.936740852569857,hill_alpha,gaussian,12,control,7.8300643856115,8.014599903907058,full,262144,0,direct_control,0.0,control,2.3663851977975536
1.5,nan,7.00652633914629,6.906920247331411,7.020630622295965,6.906619036309427,gaussian,0.0,0.5,1.0,nan,0.03,2.0,7864,6.959557888242961,hill_alpha,gaussian,12,control,6.9009575235133855,7.03502202618063,full,262144,0,direct_control,0.0,control,2.170734431204247
1.5,nan,0.09154446156962144,0.08892042814451137,0.09160071226944,0.08861808375204072,gaussian,0.0,0.5,1.0,nan,0.003,2.0,786,0.09029121660151068,hill_xi,gaussian,12,control,0.08768198838272397,0.09198927712695872,full,262144,0,direct_control,0.0,control,2.9645075379363623
1.5,nan,0.09447459058263896,0.09255259639839902,0.09454604851917109,0.09244841728333063,gaussian,0.0,0.5,1.0,nan,0.004,2.0,1048,0.09354750147486869,hill_xi,gaussian,12,control,0.09190790498695947,0.09463979164818935,full,262144,0,direct_control,0.0,control,2.8769855450124715
1.5,nan,0.10136689405370915,0.0996633434322401,0.10156379566096688,0.09937156821697829,gaussian,0.0,0.5,1.0,nan,0.006,2.0,1572,0.10037139537900194,hill_xi,gaussian,12,control,0.0990709149618942,0.10185934622960542,full,262144,0,direct_control,0.0,control,2.7457104103296537
1.5,nan,0.10731045923556333,0.1052628788239108,0.10784912506214932,0.10492728789149477,gaussian,0.0,0.5,1.0,nan,0.008,2.0,2097,0.10611822188227751,hill_xi,gaussian,12,control,0.10456835576570231,0.1085546997903217,full,262144,0,direct_control,0.0,control,2.648660828811626
1.5,nan,0.11754836450747076,0.11439890625122535,0.11765706375641563,0.11432970059697128,gaussian,0.0,0.5,1.0,nan,0.012,2.0,3145,0.11611429166606557,hill_xi,gaussian,12,control,0.11410283435048847,0.11778357208000464,full,262144,0,direct_control,0.0,control,2.510824486576362
1.5,nan,0.12689973950471006,0.12523197460401617,0.12722785702914252,0.12503582730930607,gaussian,0.0,0.5,1.0,nan,0.018,2.0,4718,0.12599648004015698,hill_xi,gaussian,12,control,0.12477240705897416,0.12771295861224047,full,262144,0,direct_control,0.0,control,2.3663851977975536
1.5,nan,0.1447823290541634,0.14272407632479478,0.1447886435671069,0.14243792186242799,gaussian,0.0,0.5,1.0,nan,0.03,2.0,7864,0.14368775609281062,hill_xi,gaussian,12,control,0.1421459665019948,0.14490770452992177,full,262144,0,direct_control,0.0,control,2.170734431204247
1.5,nan,-0.10734465106601501,-0.16458950753440693,-0.0969193533497688,-0.16601148924836717,gaussian,0.0,0.5,1.0,nan,0.003,2.0,786,-0.1430019869387959,pickands_xi,gaussian,12,control,-0.16816417162439015,-0.07454883440228191,full,262144,0,direct_control,0.0,control,2.9647565348547475
1.5,nan,-0.052964487489924196,-0.1323493050460599,-0.04818409462992333,-0.1412632847372272,gaussian,0.0,0.5,1.0,nan,0.004,2.0,1048,-0.0979124160261213,pickands_xi,gaussian,12,control,-0.15096386785892266,-0.03739295370416011,full,262144,0,direct_control,0.0,control,2.877416660396376
1.5,nan,-0.0584884061240445,-0.13740953165248743,-0.05840351070134325,-0.1406974632005511,gaussian,0.0,0.5,1.0,nan,0.006,2.0,1572,-0.08878470068941258,pickands_xi,gaussian,12,control,-0.14998375472256725,-0.05111833672532371,full,262144,0,direct_control,0.0,control,2.7458544784197088
1.5,nan,-0.10913341558528235,-0.1513142647567089,-0.10587379696575855,-0.15502007650021554,gaussian,0.0,0.5,1.0,nan,0.008,2.0,2097,-0.1388235432230852,pickands_xi,gaussian,12,control,-0.15894259409162956,-0.09950449708304052,full,262144,0,direct_control,0.0,control,2.648872872168223
1.5,nan,-0.1285129321562765,-0.1697555526022752,-0.1246142962394643,-0.17162761948568422,gaussian,0.0,0.5,1.0,nan,0.012,2.0,3145,-0.1406243708396939,pickands_xi,gaussian,12,control,-0.17434898457927295,-0.11505045895710989,full,262144,0,direct_control,0.0,control,2.511038851615897
1.5,nan,-0.13353023076330175,-0.15152207670009582,-0.13244829773395284,-0.1527621270118369,gaussian,0.0,0.5,1.0,nan,0.018,2.0,4718,-0.14596824498494254,pickands_xi,gaussian,12,control,-0.15402845618960298,-0.12845060395162047,full,262144,0,direct_control,0.0,control,2.3664269998365413
1.5,nan,-0.170552856222106,-0.18590093711794872,-0.17041345170964206,-0.18708335779976226,gaussian,0.0,0.5,1.0,nan,0.03,2.0,7864,-0.17430172725031706,pickands_xi,gaussian,12,control,-0.19200523879651665,-0.1697797519777217,full,262144,0,direct_control,0.0,control,2.1708709258281247
1.5,nan,-0.0572008311186728,-0.09255562411425962,-0.056215763248589366,-0.09568705676600496,gaussian,0.0,0.5,1.0,nan,0.012,2.0,1572,-0.07188681679326764,gpd_xi,gaussian,12,control,-0.09885879115532716,-0.053089818805145066,nested,131072,0,direct_control,0.0,control,2.5086699318677086
1.5,nan,11.45434533465482,10.741076640114057,11.585949200957556,10.735309346982325,gaussian,0.0,0.5,1.0,nan,0.003,2.0,393,11.094936015296987,hill_alpha,gaussian,12,control,10.714792011187267,11.768878527907392,nested,131072,0,direct_control,0.0,control,2.9597294146872413
1.5,nan,11.1188152851572,10.3875034212391,11.134417673008592,10.32467680042952,gaussian,0.0,0.5,1.0,nan,0.004,2.0,524,10.744462333909691,hill_alpha,gaussian,12,control,10.25936999744464,11.1607825510865,nested,131072,0,direct_control,0.0,control,2.871797355025302
1.5,nan,10.182585634447543,9.89619319078879,10.183572961398905,9.882850297149412,gaussian,0.0,0.5,1.0,nan,0.006,2.0,786,10.037624820644844,hill_alpha,gaussian,12,control,9.84214489741154,10.23061877741386,nested,131072,0,direct_control,0.0,control,2.7439977480887023
1.5,nan,9.603889363367461,9.345366338812147,9.646867275847802,9.341732371653702,gaussian,0.0,0.5,1.0,nan,0.008,2.0,1048,9.450627103347708,hill_alpha,gaussian,12,control,9.332199362634892,9.705768377552698,nested,131072,0,direct_control,0.0,control,2.6457348739679207
1.5,nan,8.748815008106456,8.594142273253507,8.774326497432419,8.566991679358505,gaussian,0.0,0.5,1.0,nan,0.012,2.0,1572,8.66712495508266,hill_alpha,gaussian,12,control,8.50586297325049,8.876879339737295,nested,131072,0,direct_control,0.0,control,2.5086699318677086
1.5,nan,8.06442552700081,7.870313416226387,8.098060557795904,7.863074267880725,gaussian,0.0,0.5,1.0,nan,0.018,2.0,2359,7.999610131003224,hill_alpha,gaussian,12,control,7.834372543992656,8.14675710220754,nested,131072,0,direct_control,0.0,control,2.3659647133988226
1.5,nan,7.007346508458051,6.917919828969469,7.0082903829266785,6.917448987077373,gaussian,0.0,0.5,1.0,nan,0.03,2.0,3932,6.986344500275024,hill_alpha,gaussian,12,control,6.895578184374733,7.024295391448619,nested,131072,0,direct_control,0.0,control,2.1703585929173856
1.5,nan,0.093100536706475,0.08730311255541828,0.09315057967039769,0.08632258128864226,gaussian,0.0,0.5,1.0,nan,0.003,2.0,393,0.09013358718093203,hill_xi,gaussian,12,control,0.08497493328203569,0.09332948487603376,nested,131072,0,direct_control,0.0,control,2.9597294146872413
1.5,nan,0.09626952304586701,0.08993763942952865,0.09685891859482307,0.08981178836153426,gaussian,0.0,0.5,1.0,nan,0.004,2.0,524,0.0930754267037403,hill_xi,gaussian,12,control,0.08959971525069978,0.09747189012704793,nested,131072,0,direct_control,0.0,control,2.871797355025302
1.5,nan,0.1010489569798196,0.0982068833889316,0.10118556820368597,0.0981973628696324,gaussian,0.0,0.5,1.0,nan,0.006,2.0,786,0.09963095245735981,hill_xi,gaussian,12,control,0.09775201172819845,0.10160637086992168,nested,131072,0,direct_control,0.0,control,2.7439977480887023
1.5,nan,0.10700490101141462,0.10412448146418098,0.10704654249763851,0.10366265232610364,gaussian,0.0,0.5,1.0,nan,0.008,2.0,1048,0.10581512485155493,hill_xi,gaussian,12,control,0.10303238797603588,0.10715601201704408,nested,131072,0,direct_control,0.0,control,2.6457348739679207
1.5,nan,0.11636516669264596,0.11440381979031332,0.11672947682803975,0.11397242935530157,gaussian,0.0,0.5,1.0,nan,0.012,2.0,1572,0.11537859132878642,hill_xi,gaussian,12,control,0.11266497418731013,0.117568558804411,nested,131072,0,direct_control,0.0,control,2.5086699318677086
1.5,nan,0.12705974300061285,0.12388128806192525,0.12717682849366957,0.12349001032764673,gaussian,0.0,0.5,1.0,nan,0.018,2.0,2359,0.12500641524276235,hill_xi,gaussian,12,control,0.12274835482740441,0.12764569248497407,nested,131072,0,direct_control,0.0,control,2.3659647133988226
1.5,nan,0.1445521232860204,0.14270737129853273,0.1445619630157125,0.14268815410029007,gaussian,0.0,0.5,1.0,nan,0.03,2.0,3932,0.14313639646695886,hill_xi,gaussian,12,control,0.14236509649884446,0.14502492463501807,nested,131072,0,direct_control,0.0,control,2.1703585929173856
1.5,nan,-0.05671970371597425,-0.20905643401873214,-0.05121428161628759,-0.22940276724629033,gaussian,0.0,0.5,1.0,nan,0.003,2.0,393,-0.15455379460599217,pickands_xi,gaussian,12,control,-0.25666801933668976,-0.035697073061267376,nested,131072,0,direct_control,0.0,control,2.960457079715579
1.5,nan,-0.05002316057821316,-0.13369697770230574,-0.04891671716674645,-0.14543884537034096,gaussian,0.0,0.5,1.0,nan,0.004,2.0,524,-0.11391859388349328,pickands_xi,gaussian,12,control,-0.1747707924769561,-0.04480190139799973,nested,131072,0,direct_control,0.0,control,2.8728912610716635
1.5,nan,-0.03423156648329554,-0.1365584918496258,-0.025724518650051834,-0.15198642326729758,gaussian,0.0,0.5,1.0,nan,0.006,2.0,786,-0.09039528081601399,pickands_xi,gaussian,12,control,-0.16756081403438075,-0.012095699121602223,nested,131072,0,direct_control,0.0,control,2.7445419274869414
1.5,nan,-0.08253933305743946,-0.1686557866200418,-0.07744890484269337,-0.1733501646532073,gaussian,0.0,0.5,1.0,nan,0.008,2.0,1048,-0.15066001654568456,pickands_xi,gaussian,12,control,-0.1822013545277799,-0.05982020654153228,nested,131072,0,direct_control,0.0,control,2.646206923786262
1.5,nan,-0.12269911800696053,-0.19961977457177943,-0.1164393286236769,-0.20216676947576,gaussian,0.0,0.5,1.0,nan,0.012,2.0,1572,-0.1511941817230731,pickands_xi,gaussian,12,control,-0.20529966664605184,-0.10953271570608002,nested,131072,0,direct_control,0.0,control,2.508761881163646
1.5,nan,-0.10913251489137799,-0.15488798314381302,-0.10879871207363068,-0.160891572577268,gaussian,0.0,0.5,1.0,nan,0.018,2.0,2359,-0.11666080037255308,pickands_xi,gaussian,12,control,-0.1674838387554404,-0.10803817264902875,nested,131072,0,direct_control,0.0,control,2.3660267451065886
1.5,nan,-0.1685497048431612,-0.19381397241857523,-0.16763501957994248,-0.19615796062742832,gaussian,0.0,0.5,1.0,nan,0.03,2.0,3932,-0.1751768702824794,pickands_xi,gaussian,12,control,-0.20223581397767385,-0.16573581364279605,nested,131072,0,direct_control,0.0,control,2.170430279082334
1.5,nan,11.663746081847357,10.929487633677429,11.720518266894539,10.814357272462804,gaussian,0.0,0.5,1.0,nan,0.003,2.0,196,11.251383087309076,hill_alpha,gaussian,12,control,10.654306663662114,11.834397254435746,nested,65536,0,direct_control,0.0,control,2.971112048934187
1.5,nan,11.375223307869762,10.411130225669844,11.440906567088184,10.284172805771526,gaussian,0.0,0.5,1.0,nan,0.004,2.0,262,10.694898691416903,hill_alpha,gaussian,12,control,10.09017526780253,11.531206462754113,nested,65536,0,direct_control,0.0,control,2.877351759107384
1.5,nan,10.184345164355971,9.885264337994002,10.238536103606982,9.87358281274862,gaussian,0.0,0.5,1.0,nan,0.006,2.0,393,10.027982992842174,hill_alpha,gaussian,12,control,9.764259444235886,10.435835643042108,nested,65536,0,direct_control,0.0,control,2.7520608253354943
1.5,nan,9.67396898681459,9.162276298207152,9.68802638832919,9.14869740739903,gaussian,0.0,0.5,1.0,nan,0.008,2.0,524,9.378168984030669,hill_alpha,gaussian,12,control,9.094608331609722,9.710504570634278,nested,65536,0,direct_control,0.0,control,2.6493961995532285
1.5,nan,8.904657012418017,8.529537957918755,8.939631700225688,8.45919886860182,gaussian,0.0,0.5,1.0,nan,0.012,2.0,786,8.728097684827855,hill_alpha,gaussian,12,control,8.366372756264969,9.056896964806956,nested,65536,0,direct_control,0.0,control,2.51432984585398
1.5,nan,8.07431642833802,7.802050348907523,8.079684500749078,7.799255074579946,gaussian,0.0,0.5,1.0,nan,0.018,2.0,1179,7.930000288811922,hill_alpha,gaussian,12,control,7.78303406334697,8.102694179599292,nested,65536,0,direct_control,0.0,control,2.3706047004554733
1.5,nan,6.985059829378898,6.851184509899621,7.0096447094751495,6.842669253190035,gaussian,0.0,0.5,1.0,nan,0.03,2.0,1966,6.916839726944726,hill_alpha,gaussian,12,control,6.806969082163104,7.041871349108877,nested,65536,0,direct_control,0.0,control,2.1722644350773797
1.5,nan,0.09149559737079198,0.08573574844503264,0.09248014712024843,0.08532246104282906,gaussian,0.0,0.5,1.0,nan,0.003,2.0,196,0.08887884154985419,hill_xi,gaussian,12,control,0.0845056117275671,0.09386409124514394,nested,65536,0,direct_control,0.0,control,2.971112048934187
1.5,nan,0.0960510509737343,0.08791036210323594,0.09725161561147026,0.08740854191244307,gaussian,0.0,0.5,1.0,nan,0.004,2.0,262,0.093503026984043,hill_xi,gaussian,12,control,0.08672244040146368,0.09912036459093425,nested,65536,0,direct_control,0.0,control,2.877351759107384
1.5,nan,0.10116067368643862,0.09832958590196902,0.10128049956271315,0.09767460493518461,gaussian,0.0,0.5,1.0,nan,0.006,2.0,393,0.09972206477330017,hill_xi,gaussian,12,control,0.09586859422834135,0.10244748054926382,nested,65536,0,direct_control,0.0,control,2.7520608253354943
1.5,nan,0.1091431831405998,0.10337018873669931,0.10930541895216866,0.10322041511288946,gaussian,0.0,0.5,1.0,nan,0.008,2.0,524,0.10663368861725489,hill_xi,gaussian,12,control,0.1029815051954381,0.10996223358061086,nested,65536,0,direct_control,0.0,control,2.6493961995532285
1.5,nan,0.11727726303030402,0.11232501001637968,0.11822572849004126,0.11187427595568296,gaussian,0.0,0.5,1.0,nan,0.012,2.0,786,0.11457565765025494,hill_xi,gaussian,12,control,0.11041504842042302,0.11952669785259423,nested,65536,0,direct_control,0.0,control,2.51432984585398
1.5,nan,0.1281714363891569,0.12384949349896054,0.12821738985199083,0.1237672636008666,gaussian,0.0,0.5,1.0,nan,0.018,2.0,1179,0.12610340037252027,hill_xi,gaussian,12,control,0.12341758419169098,0.12848581287414315,nested,65536,0,direct_control,0.0,control,2.3706047004554733
1.5,nan,0.14596016186033958,0.14317140991164753,0.1461420261039978,0.14266317996082614,gaussian,0.0,0.5,1.0,nan,0.03,2.0,1966,0.14457526534224244,hill_xi,gaussian,12,control,0.14200775526545323,0.1469157474167081,nested,65536,0,direct_control,0.0,control,2.1722644350773797
1.5,nan,-0.06503361680189744,-0.17024566045341868,-0.06318035636549907,-0.1926819463321105,gaussian,0.0,0.5,1.0,nan,0.003,2.0,196,-0.13155171564458032,pickands_xi,gaussian,12,control,-0.24798348825821526,-0.058772193649852714,nested,65536,0,direct_control,0.0,control,2.972068464607055
1.5,nan,-0.0030803285021688337,-0.15755614477978283,2.971626036492748e-05,-0.16197950691464852,gaussian,0.0,0.5,1.0,nan,0.004,2.0,262,-0.07572904256611668,pickands_xi,gaussian,12,control,-0.16871331906946843,0.003228548020921427,nested,65536,0,direct_control,0.0,control,2.877653173983866
1.5,nan,-0.0478188903849749,-0.13465814630637762,-0.04109926124819032,-0.16221968822135313,gaussian,0.0,0.5,1.0,nan,0.006,2.0,393,-0.07140318588934588,pickands_xi,gaussian,12,control,-0.21571381932483583,-0.030116668621632467,nested,65536,0,direct_control,0.0,control,2.752993391150577
1.5,nan,-0.09429930069180184,-0.19571279823715435,-0.08855746350700647,-0.1991882184279559,gaussian,0.0,0.5,1.0,nan,0.008,2.0,524,-0.1526203860510632,pickands_xi,gaussian,12,control,-0.22155219188689088,-0.07403471335690388,nested,65536,0,direct_control,0.0,control,2.650522358624346
1.5,nan,-0.10223185526683037,-0.1706064347247069,-0.09857716780379194,-0.17184936646901616,gaussian,0.0,0.5,1.0,nan,0.012,2.0,786,-0.13342014298449167,pickands_xi,gaussian,12,control,-0.18505269868318197,-0.07380450207039306,nested,65536,0,direct_control,0.0,control,2.5149165693297237
1.5,nan,-0.11207732603399008,-0.1586916310190977,-0.10594519476175293,-0.16632275814989855,gaussian,0.0,0.5,1.0,nan,0.018,2.0,1179,-0.13194322636379047,pickands_xi,gaussian,12,control,-0.1775135066072163,-0.09045900936987614,nested,65536,0,direct_control,0.0,control,2.370868988263929
1.5,nan,-0.14449049694782085,-0.19028802736561207,-0.14424806204173582,-0.200090983426217,gaussian,0.0,0.5,1.0,nan,0.03,2.0,1966,-0.17156848664734617,pickands_xi,gaussian,12,control,-0.21811034524073192,-0.14152113911841946,nested,65536,0,direct_control,0.0,control,2.172639544583859
1.5,nan,1.5232124786438874,1.4770140899575528,1.5320869917522928,1.4761391139122124,pareto,0.0,0.5,1.0,1.5,0.003,2.0,196,1.4998676529476285,hill_alpha,pareto,12,control,1.4623278506655788,1.543032705099414,block,65536,0,direct_control,0.0,control,47.42913283582391
1.5,nan,1.5083221884894917,1.475197125858372,1.5155751910156636,1.4744441403786102,pareto,0.0,0.5,1.0,1.5,0.004,2.0,262,1.4815180338141882,hill_alpha,pareto,12,control,1.4715893697176634,1.525300533922879,block,65536,0,direct_control,0.0,control,39.45974085480964
1.5,nan,1.5381375541828017,1.4855116050491488,1.544086979804551,1.4751057044081002,pareto,0.0,0.5,1.0,1.5,0.006,2.0,393,1.5157002036390679,hill_alpha,pareto,12,control,1.4580844047236157,1.550336651006033,block,65536,0,direct_control,0.0,control,29.986941704456726
1.5,nan,1.534763190912054,1.4860317848908258,1.5362736697569652,1.4847071805352403,pareto,0.0,0.5,1.0,1.5,0.008,2.0,524,1.5196387552759054,hill_alpha,pareto,12,control,1.4777239757189833,1.5379788058658102,block,65536,0,direct_control,0.0,control,24.878671822417918
1.5,nan,1.5200781871987408,1.488513138024628,1.522199399313784,1.4785780459841786,pareto,0.0,0.5,1.0,1.5,0.012,2.0,786,1.4970900636238278,hill_alpha,pareto,12,control,1.4674251378369614,1.5278325334259495,block,65536,0,direct_control,0.0,control,18.98209196714536
1.5,nan,1.509761567935096,1.4865575282130714,1.5204794686619298,1.486330846471518,pareto,0.0,0.5,1.0,1.5,0.018,2.0,1179,1.4999398286900574,hill_alpha,pareto,12,control,1.485179930366087,1.532375480786956,block,65536,0,direct_control,0.0,control,14.536415557112063
1.5,nan,1.5125052014392408,1.500515457396213,1.513078626158008,1.498106548479325,pareto,0.0,0.5,1.0,1.5,0.03,2.0,1966,1.5090184556593977,hill_alpha,pareto,12,control,1.4947692875287426,1.5140701270222203,block,65536,0,direct_control,0.0,control,10.353552730051796
1.5,nan,0.6772593225756627,0.6566837584858107,0.6776505221412394,0.6528183971174796,pareto,0.0,0.5,1.0,0.6666666666666666,0.003,2.0,196,0.6667634518819274,hill_xi,pareto,12,control,0.648636134679442,0.6842486855270827,block,65536,0,direct_control,0.0,control,47.42913283582391
1.5,nan,0.6778767213700121,0.6639248680027934,0.6784155842594564,0.6603256188578954,pareto,0.0,0.5,1.0,0.6666666666666666,0.004,2.0,262,0.6749876212298991,hill_xi,pareto,12,control,0.6558863559235255,0.6798358619678024,block,65536,0,direct_control,0.0,control,39.45974085480964
1.5,nan,0.6720282520912219,0.6502080669114105,0.6781560793661379,0.6477241676774923,pareto,0.0,0.5,1.0,0.6666666666666666,0.006,2.0,393,0.6600675015284856,hill_xi,pareto,12,control,0.6451629079990074,0.6858659168934519,block,65536,0,direct_control,0.0,control,29.986941704456726
1.5,nan,0.6729503580053483,0.6521422081493764,0.6735546448203926,0.6512916854759958,pareto,0.0,0.5,1.0,0.6666666666666666,0.008,2.0,524,0.6580646791655992,hill_xi,pareto,12,control,0.6503256615293391,0.6767907391035715,block,65536,0,direct_control,0.0,control,24.878671822417918
1.5,nan,0.6744883984853742,0.6579313283376927,0.6764322867147207,0.6570233099161571,pareto,0.0,0.5,1.0,0.6666666666666666,0.012,2.0,786,0.6679800619337725,hill_xi,pareto,12,control,0.6546195015115176,0.6815002714152272,block,65536,0,direct_control,0.0,control,18.98209196714536
1.5,nan,0.6727067870296592,0.6600006447866054,0.6728051570951052,0.657771387372446,pareto,0.0,0.5,1.0,0.6666666666666666,0.018,2.0,1179,0.6666971061232803,hill_xi,pareto,12,control,0.6526419914001867,0.6733284126413299,block,65536,0,direct_control,0.0,control,14.536415557112063
1.5,nan,0.6664376800044873,0.6612722386719819,0.6675155934685942,0.6609648968950711,pareto,0.0,0.5,1.0,0.6666666666666666,0.03,2.0,1966,0.6628147824889299,hill_xi,pareto,12,control,0.6604773058108097,0.6690203970405765,block,65536,0,direct_control,0.0,control,10.353552730051796
1.5,nan,0.6988312090838065,0.6188066518195472,0.700306282597831,0.6163619584782809,pareto,0.0,0.5,1.0,0.6666666666666666,0.003,2.0,196,0.6719586663079058,pickands_xi,pareto,12,control,0.6111646209025514,0.7056022761404481,block,65536,0,direct_control,0.0,control,47.82890936701727
1.5,nan,0.7164693960557705,0.6284971648314077,0.72610499567514,0.6263835786616341,pareto,0.0,0.5,1.0,0.6666666666666666,0.004,2.0,262,0.651322883742844,pickands_xi,pareto,12,control,0.6175158031768727,0.7376363691300276,block,65536,0,direct_control,0.0,control,39.55260039923749
1.5,nan,0.682337740651768,0.6323431157831836,0.6978744130212222,0.6314126944515477,pareto,0.0,0.5,1.0,0.6666666666666666,0.006,2.0,393,0.6605344400291964,pickands_xi,pareto,12,control,0.6222934541519407,0.7155765459089145,block,65536,0,direct_control,0.0,control,30.088837906498398
1.5,nan,0.6888007655594883,0.6341334679317968,0.6937465874301145,0.6331177660669427,pareto,0.0,0.5,1.0,0.6666666666666666,0.008,2.0,524,0.6747916378175426,pickands_xi,pareto,12,control,0.6275712003632696,0.7005715743725153,block,65536,0,direct_control,0.0,control,24.89708564015482
1.5,nan,0.6766454712421779,0.6335552847112342,0.6849170127481385,0.6284623980345014,pareto,0.0,0.5,1.0,0.6666666666666666,0.012,2.0,786,0.6449822876371665,pickands_xi,pareto,12,control,0.6225984153815651,0.6935755167666042,block,65536,0,direct_control,0.0,control,18.988023942110797
1.5,nan,0.6963039189082769,0.6526832737835209,0.6979469660758497,0.6446513898587147,pareto,0.0,0.5,1.0,0.6666666666666666,0.018,2.0,1179,0.6759907221353552,pickands_xi,pareto,12,control,0.6339230713365032,0.702140079635734,block,65536,0,direct_control,0.0,control,14.549388900812382
1.5,nan,0.6528845749323575,0.6395266301448597,0.653302123183247,0.6391210153715048,pareto,0.0,0.5,1.0,0.6666666666666666,0.03,2.0,1966,0.6472750468403574,pickands_xi,pareto,12,control,0.6369283888916738,0.6632133591831028,block,65536,0,direct_control,0.0,control,10.358895432295242
1.5,nan,0.9923259410117369,0.9623372983880552,0.9980815050492126,0.9553119331605222,pareto,0.0,0.5,1.0,1.0,0.003,2.0,196,0.9768924264987786,tail_constant,pareto,12,control,0.9477040098534516,1.0119423629258655,block,65536,0,direct_control,0.0,control,47.42913283582391
1.5,nan,1.0051104961125612,0.9765740216793767,1.0052474636374178,0.9688707747104356,pareto,0.0,0.5,1.0,1.0,0.004,2.0,262,0.9909834664487738,tail_constant,pareto,12,control,0.9564934620771903,1.0062165058653483,block,65536,0,direct_control,0.0,control,39.45974085480964
1.5,nan,0.9922301476461016,0.9750361020078246,0.9943564304485817,0.9735693330596202,pareto,0.0,0.5,1.0,1.0,0.006,2.0,393,0.9847292982460261,tail_constant,pareto,12,control,0.9696087353127656,0.9972104719978078,block,65536,0,direct_control,0.0,control,29.986941704456726
1.5,nan,0.997480096147181,0.9796770513197399,0.9979005559171797,0.9790157293501598,pareto,0.0,0.5,1.0,1.0,0.008,2.0,524,0.9922065683709047,tail_constant,pareto,12,control,0.9783477867405309,1.0029512990908551,block,65536,0,direct_control,0.0,control,24.878671822417918
1.5,nan,1.0009004523234726,0.9867295280978795,1.0013958202937276,0.9853277238094458,pareto,0.0,0.5,1.0,1.0,0.012,2.0,786,0.9919476561765046,tail_constant,pareto,12,control,0.9828264800700292,1.0039597818269912,block,65536,0,direct_control,0.0,control,18.98209196714536
1.5,nan,1.005690438639971,0.9891700505601635,1.0075874599834351,0.9878957275145315,pareto,0.0,0.5,1.0,1.0,0.018,2.0,1179,0.9970820450506495,tail_constant,pareto,12,control,0.9859337642766525,1.0114980125991706,block,65536,0,direct_control,0.0,control,14.536415557112063
1.5,nan,1.004334915856476,0.9932529619255988,1.0048471312811176,0.9926848780270341,pareto,0.0,0.5,1.0,1.0,0.03,2.0,1966,0.9994073565837416,tail_constant,pareto,12,control,0.9914725471021951,1.0073920723681866,block,65536,0,direct_control,0.0,control,10.353552730051796
1.5,nan,0.7035984013349014,0.6360810125582326,0.7043638508096677,0.6354069785515104,pareto,0.0,0.5,1.0,0.6666666666666666,0.006,2.0,1572,0.6636331836515781,gpd_xi,pareto,12,control,0.631486266912856,0.7056166876965361,full,262144,0,direct_control,0.0,control,30.115662500208956
1.5,nan,0.6792734707728071,0.6437409596551031,0.6852445520120831,0.6415539333041885,pareto,0.0,0.5,1.0,0.6666666666666666,0.012,2.0,3145,0.662512922470249,gpd_xi,pareto,12,control,0.6377708094421204,0.694788929544859,full,262144,0,direct_control,0.0,control,19.03703483008409
1.5,nan,1.5305837385231187,1.4631374378706214,1.5406157236306823,1.4622780806754487,pareto,0.0,0.5,1.0,1.5,0.003,2.0,786,1.5022281168601932,hill_alpha,pareto,12,control,1.451573868729911,1.5538049956737476,full,262144,0,direct_control,0.0,control,47.60867834357968
1.5,nan,1.521573536882022,1.4796839958933523,1.5257250496985626,1.4768814473891658,pareto,0.0,0.5,1.0,1.5,0.004,2.0,1048,1.4996053668168052,hill_alpha,pareto,12,control,1.4720992044844847,1.5367000688789771,full,262144,0,direct_control,0.0,control,39.45700323232791
1.5,nan,1.5216556761055122,1.4769225702129956,1.5250567675868605,1.4721356868914237,pareto,0.0,0.5,1.0,1.5,0.006,2.0,1572,1.5105758514637153,hill_alpha,pareto,12,control,1.4658305991586298,1.5326885592118011,full,262144,0,direct_control,0.0,control,30.115662500208956
1.5,nan,1.5275804800153119,1.4899883843285202,1.5298869563134985,1.4863229508046716,pareto,0.0,0.5,1.0,1.5,0.008,2.0,2097,1.514687045758992,hill_alpha,pareto,12,control,1.476611571264583,1.5326299633727005,full,262144,0,direct_control,0.0,control,24.876229610466204
1.5,nan,1.5152440114223713,1.490460880884446,1.5194950291579894,1.4889093054114482,pareto,0.0,0.5,1.0,1.5,0.012,2.0,3145,1.4975980581173278,hill_alpha,pareto,12,control,1.4828993233666397,1.5252777224998664,full,262144,0,direct_control,0.0,control,19.03703483008409
1.5,nan,1.5128387121672286,1.4930385926701266,1.51628315224742,1.4930263861657602,pareto,0.0,0.5,1.0,1.5,0.018,2.0,4718,1.4991479208907095,hill_alpha,pareto,12,control,1.4912661155112916,1.5272112273397493,full,262144,0,direct_control,0.0,control,14.531935836202234
1.5,nan,1.5122209231205066,1.5021264541611545,1.5132558179262556,1.5010718677809103,pareto,0.0,0.5,1.0,1.5,0.03,2.0,7864,1.507592616365145,hill_alpha,pareto,12,control,1.496908001049408,1.5149134289807,full,262144,0,direct_control,0.0,control,10.345825529890444
1.5,nan,0.6834627931162441,0.6529132817470454,0.6838646893417821,0.649134256639748,pareto,0.0,0.5,1.0,0.6666666666666666,0.003,2.0,786,0.6656876690426571,hill_xi,pareto,12,control,0.6435817402122324,0.6890092723326711,full,262144,0,direct_control,0.0,control,47.60867834357968
1.5,nan,0.6758199742481196,0.6572461367517191,0.677104856800445,0.6554377145590589,pareto,0.0,0.5,1.0,0.6666666666666666,0.004,2.0,1048,0.6668805811178872,hill_xi,pareto,12,control,0.6507630169744457,0.6793059466964351,full,262144,0,direct_control,0.0,control,39.45700323232791
1.5,nan,0.6770835656305152,0.6571788977644241,0.6792923928839548,0.6557165574469284,pareto,0.0,0.5,1.0,0.6666666666666666,0.006,2.0,1572,0.662000546510787,hill_xi,pareto,12,control,0.6524639196875147,0.6822093939257331,full,262144,0,direct_control,0.0,control,30.115662500208956
1.5,nan,0.671146171686876,0.6546299936943266,0.672805382697127,0.653644551169642,pareto,0.0,0.5,1.0,0.6666666666666666,0.008,2.0,2097,0.6602041605352815,hill_xi,pareto,12,control,0.6524733827708051,0.6772624471818687,full,262144,0,direct_control,0.0,control,24.876229610466204
1.5,nan,0.6709334091389206,0.6599597110839542,0.6716333105820507,0.6581185247246322,pareto,0.0,0.5,1.0,0.6666666666666666,0.012,2.0,3145,0.6677360048898642,hill_xi,pareto,12,control,0.6556203972653925,0.6743740436656337,full,262144,0,direct_control,0.0,control,19.03703483008409
1.5,nan,0.6697750513009953,0.6622326473458037,0.6697805272115389,0.6595306697822787,pareto,0.0,0.5,1.0,0.6666666666666666,0.018,2.0,4718,0.6670460437689805,hill_xi,pareto,12,control,0.6547915628124074,0.6705740523934773,full,262144,0,direct_control,0.0,control,14.531935836202234
1.5,nan,0.6657229138264785,0.6613071224657245,0.6661909499795569,0.660827148786485,pareto,0.0,0.5,1.0,0.6666666666666666,0.03,2.0,7864,0.6633109810279227,hill_xi,pareto,12,control,0.660104010516996,0.6680528955735339,full,262144,0,direct_control,0.0,control,10.345825529890444
1.5,nan,0.6910718451412676,0.6338041241144995,0.6913161027047033,0.632497329082889,pareto,0.0,0.5,1.0,0.6666666666666666,0.003,2.0,786,0.6528151598642709,pickands_xi,pareto,12,control,0.6196927971634236,0.6922620074465233,full,262144,0,direct_control,0.0,control,47.66473180634438
1.5,nan,0.677830677451737,0.625311931658912,0.6800766372563545,0.6192498773194777,pareto,0.0,0.5,1.0,0.6666666666666666,0.004,2.0,1048,0.6481672535060432,pickands_xi,pareto,12,control,0.608042829155893,0.6966137958420983,full,262144,0,direct_control,0.0,control,39.4674249598253
1.5,nan,0.7001937289679485,0.6347255932950626,0.7093559059826255,0.6262910428572146,pareto,0.0,0.5,1.0,0.6666666666666666,0.006,2.0,1572,0.6734563088785432,pickands_xi,pareto,12,control,0.6168099485551143,0.7266148921768678,full,262144,0,direct_control,0.0,control,30.119074757321744
1.5,nan,0.7036577518746655,0.6552064851884758,0.7074571237643462,0.6528086935130655,pareto,0.0,0.5,1.0,0.6666666666666666,0.008,2.0,2097,0.6608064791653279,pickands_xi,pareto,12,control,0.6375683744806973,0.7127109392084848,full,262144,0,direct_control,0.0,control,24.884024627610017
1.5,nan,0.675952127103142,0.6373027194938718,0.6798680181312917,0.6329136438551067,pareto,0.0,0.5,1.0,0.6666666666666666,0.012,2.0,3145,0.6536651104107284,pickands_xi,pareto,12,control,0.6263879843956149,0.6864475794175585,full,262144,0,direct_control,0.0,control,19.039055010517814
1.5,nan,0.6834959944015002,0.6571786354642962,0.6841678092050878,0.6510669569796348,pareto,0.0,0.5,1.0,0.6666666666666666,0.018,2.0,4718,0.6748875263957124,pickands_xi,pareto,12,control,0.6346528312782964,0.686640472368878,full,262144,0,direct_control,0.0,control,14.53313293688596
1.5,nan,0.6618322569415885,0.6416113054665326,0.6627898726795378,0.6366221477301869,pareto,0.0,0.5,1.0,0.6666666666666666,0.03,2.0,7864,0.6472682078882641,pickands_xi,pareto,12,control,0.6305946361895939,0.6690514725650283,full,262144,0,direct_control,0.0,control,10.34626203790991
1.5,nan,1.0049302664149822,0.9663773776151077,1.0135744398909263,0.9651957633182716,pareto,0.0,0.5,1.0,1.0,0.003,2.0,786,0.9849457709674566,tail_constant,pareto,12,control,0.9636507248375951,1.0242508224806948,full,262144,0,direct_control,0.0,control,47.60867834357968
1.5,nan,1.0101504064491449,0.9741632052874686,1.0124605467372234,0.973709066386605,pareto,0.0,0.5,1.0,1.0,0.004,2.0,1048,0.9908511425468525,tail_constant,pareto,12,control,0.9700666994928253,1.0156669406613021,full,262144,0,direct_control,0.0,control,39.45700323232791
1.5,nan,1.0085931276527214,0.9810671422601305,1.0088219462618806,0.97911180842397,pareto,0.0,0.5,1.0,1.0,0.006,2.0,1572,0.991063842052854,tail_constant,pareto,12,control,0.9760985711775526,1.009578792648183,full,262144,0,direct_control,0.0,control,30.115662500208956
1.5,nan,1.0078292608204762,0.9830452862328928,1.010185663990622,0.9822446328874976,pareto,0.0,0.5,1.0,1.0,0.008,2.0,2097,0.9925114354134915,tail_constant,pareto,12,control,0.9811648687389282,1.012630663303196,full,262144,0,direct_control,0.0,control,24.876229610466204
1.5,nan,1.00074686769938,0.984391120625842,1.0020641200161151,0.9837883623755974,pareto,0.0,0.5,1.0,1.0,0.012,2.0,3145,0.996506353516337,tail_constant,pareto,12,control,0.9824295764828377,1.0054477604348844,full,262144,0,direct_control,0.0,control,19.03703483008409
1.5,nan,1.0079606178198788,0.986985424689987,1.0089899880159876,0.9860289948824248,pareto,0.0,0.5,1.0,1.0,0.018,2.0,4718,0.997018546180531,tail_constant,pareto,12,control,0.9850097441880991,1.010403742022073,full,262144,0,direct_control,0.0,control,14.531935836202234
1.5,nan,1.0063406297059065,0.991546702585822,1.0076318565464848,0.9911287083230084,pareto,0.0,0.5,1.0,1.0,0.03,2.0,7864,0.9982776366720058,tail_constant,pareto,12,control,0.9901181756125045,1.0101243317124218,full,262144,0,direct_control,0.0,control,10.345825529890444
1.5,nan,0.6893630168478938,0.6388281189682969,0.6897241756063801,0.6359126700005537,pareto,0.0,0.5,1.0,0.6666666666666666,0.012,2.0,1572,0.6798124495680957,gpd_xi,pareto,12,control,0.6229241886216963,0.6981065008966496,nested,131072,0,direct_control,0.0,control,18.88870673285735
1.5,nan,1.540759211636549,1.4636017887560808,1.5577887671614665,1.4628941872963215,pareto,0.0,0.5,1.0,1.5,0.003,2.0,393,1.475635082387861,hill_alpha,pareto,12,control,1.4517465976233546,1.5809303087793676,nested,131072,0,direct_control,0.0,control,47.45620132346712
1.5,nan,1.5193444392924436,1.4582206269763667,1.5334205631286244,1.453313070507598,pareto,0.0,0.5,1.0,1.5,0.004,2.0,524,1.4857887272237678,hill_alpha,pareto,12,control,1.4468101017278785,1.5692870282761338,nested,131072,0,direct_control,0.0,control,39.54087834637539
1.5,nan,1.5253963205627232,1.4543468526970817,1.5415266254909232,1.4543439309482835,pareto,0.0,0.5,1.0,1.5,0.006,2.0,786,1.4826066462636225,hill_alpha,pareto,12,control,1.4529639547978312,1.5639899143432998,nested,131072,0,direct_control,0.0,control,30.334509495265706
1.5,nan,1.540814509884393,1.467202853818899,1.543715444653027,1.4614311866360148,pareto,0.0,0.5,1.0,1.5,0.008,2.0,1048,1.5163241823362692,hill_alpha,pareto,12,control,1.4540055349100747,1.5467514664558306,nested,131072,0,direct_control,0.0,control,24.93039530622606
1.5,nan,1.5223518912503313,1.4738128255187992,1.5248505461949695,1.4679325753391645,pareto,0.0,0.5,1.0,1.5,0.012,2.0,1572,1.5061579233614781,hill_alpha,pareto,12,control,1.4618173804560097,1.5386416892199504,nested,131072,0,direct_control,0.0,control,18.88870673285735
1.5,nan,1.5231683827728706,1.478645641549444,1.5249091685383644,1.4734372542528429,pareto,0.0,0.5,1.0,1.5,0.018,2.0,2359,1.5036566624487246,hill_alpha,pareto,12,control,1.4667694708062453,1.5276590828209853,nested,131072,0,direct_control,0.0,control,14.53132359215099
1.5,nan,1.5216926172690122,1.4966857327033143,1.524461378867274,1.4952296445458,pareto,0.0,0.5,1.0,1.5,0.03,2.0,3932,1.5008427936354565,hill_alpha,pareto,12,control,1.4907268554431063,1.5291571582079868,nested,131072,0,direct_control,0.0,control,10.346538830736549
1.5,nan,0.6832459537029555,0.6490306807498035,0.6835765994898189,0.6420122813217668,pareto,0.0,0.5,1.0,0.6666666666666666,0.003,2.0,393,0.6776795958483319,hill_xi,pareto,12,control,0.6325686426759546,0.688940057600227,nested,131072,0,direct_control,0.0,control,47.45620132346712
1.5,nan,0.6857672847993577,0.6581786026516137,0.6880908341382459,0.6521917701140787,pareto,0.0,0.5,1.0,0.6666666666666666,0.004,2.0,524,0.6730446207469936,hill_xi,pareto,12,control,0.6376099830360326,0.6911783782914657,nested,131072,0,direct_control,0.0,control,39.54087834637539
1.5,nan,0.6875938832235949,0.6555673345475863,0.6875952645891683,0.6487786118187795,pareto,0.0,0.5,1.0,0.6666666666666666,0.006,2.0,786,0.67448782996514,hill_xi,pareto,12,control,0.6394232238241903,0.688250281079897,nested,131072,0,direct_control,0.0,control,30.334509495265706
1.5,nan,0.6815690123537838,0.6490073877062786,0.6842714228068485,0.6477900670305456,pareto,0.0,0.5,1.0,0.6666666666666666,0.008,2.0,1048,0.6594978703954895,hill_xi,pareto,12,control,0.646516292912118,0.6877581162967015,nested,131072,0,direct_control,0.0,control,24.93039530622606
1.5,nan,0.6785122117850945,0.6570959947767345,0.6812411302284193,0.6558523465552653,pareto,0.0,0.5,1.0,0.6666666666666666,0.012,2.0,1572,0.6639410337114897,hill_xi,pareto,12,control,0.6499240541943038,0.6840800329761075,nested,131072,0,direct_control,0.0,control,18.88870673285735
1.5,nan,0.6762945576007782,0.6565262326280288,0.6786936413280111,0.6557776186335698,pareto,0.0,0.5,1.0,0.6666666666666666,0.018,2.0,2359,0.6650455721753672,hill_xi,pareto,12,control,0.6545972141713886,0.6817725358999558,nested,131072,0,direct_control,0.0,control,14.53132359215099
1.5,nan,0.6681469235289457,0.6571629438504499,0.6687950368268538,0.6559715533229036,pareto,0.0,0.5,1.0,0.6666666666666666,0.03,2.0,3932,0.6662923762474093,hill_xi,pareto,12,control,0.653958299723437,0.6708187868790366,nested,131072,0,direct_control,0.0,control,10.346538830736549
1.5,nan,0.7275949517735183,0.5894284504001204,0.7472070177186855,0.587224537491441,pareto,0.0,0.5,1.0,0.6666666666666666,0.003,2.0,393,0.695626884608075,pickands_xi,pareto,12,control,0.582838271102728,0.7691036364631314,nested,131072,0,direct_control,0.0,control,47.540909891113735
1.5,nan,0.7112088531097381,0.6366869351960046,0.7124296202820183,0.6163189857627069,pareto,0.0,0.5,1.0,0.6666666666666666,0.004,2.0,524,0.6592000899164743,pickands_xi,pareto,12,control,0.5918186955657,0.7271104776507992,nested,131072,0,direct_control,0.0,control,39.57924229133556
1.5,nan,0.7324385334539304,0.6161025903672475,0.7367611948588757,0.613877140676037,pareto,0.0,0.5,1.0,0.6666666666666666,0.006,2.0,786,0.6685069722283765,pickands_xi,pareto,12,control,0.6033953562097186,0.7442140556415581,nested,131072,0,direct_control,0.0,control,30.337550154348687
1.5,nan,0.7178143912032781,0.6563727489829541,0.7270164706278377,0.6472712938595369,pareto,0.0,0.5,1.0,0.6666666666666666,0.008,2.0,1048,0.6761577374432676,pickands_xi,pareto,12,control,0.6318555895900717,0.7435438566639556,nested,131072,0,direct_control,0.0,control,24.954199675038026
1.5,nan,0.6912629295458346,0.6244123090546503,0.6983855313094205,0.6215791824714049,pareto,0.0,0.5,1.0,0.6666666666666666,0.012,2.0,1572,0.6448149673389534,pickands_xi,pareto,12,control,0.6185758468549322,0.7374470276150817,nested,131072,0,direct_control,0.0,control,18.892292501857447
1.5,nan,0.6761904351735794,0.6217426111715972,0.6770409832729068,0.6201541445338263,pareto,0.0,0.5,1.0,0.6666666666666666,0.018,2.0,2359,0.6591978917344405,pickands_xi,pareto,12,control,0.6158378468693536,0.6849827104067568,nested,131072,0,direct_control,0.0,control,14.534151690728155
1.5,nan,0.668288158307184,0.6378854069893132,0.6685204106480103,0.6337304589156385,pareto,0.0,0.5,1.0,0.6666666666666666,0.03,2.0,3932,0.6548485211217914,pickands_xi,pareto,12,control,0.6295630472338413,0.6751813066255565,nested,131072,0,direct_control,0.0,control,10.347272624820693
1.5,nan,1.0243470382332962,0.9546190884990764,1.0297831438408431,0.9512664249339647,pareto,0.0,0.5,1.0,1.0,0.003,2.0,393,0.9802177134428715,tail_constant,pareto,12,control,0.9452018252658705,1.042037173932368,nested,131072,0,direct_control,0.0,control,47.45620132346712
1.5,nan,1.018505077175304,0.9645479312559437,1.0190758064944085,0.9600448767813958,pareto,0.0,0.5,1.0,1.0,0.004,2.0,524,0.9940101752607059,tail_constant,pareto,12,control,0.9555268679529476,1.0239347157931258,nested,131072,0,direct_control,0.0,control,39.54087834637539
1.5,nan,1.0092600639990872,0.9783548167254716,1.0106459563708063,0.9726800051119836,pareto,0.0,0.5,1.0,1.0,0.006,2.0,786,1.0018857853493865,tail_constant,pareto,12,control,0.9544660678275684,1.0128222961828337,nested,131072,0,direct_control,0.0,control,30.334509495265706
1.5,nan,1.0109384558138872,0.9753035188364905,1.0165371431412629,0.9706499651337932,pareto,0.0,0.5,1.0,1.0,0.008,2.0,1048,0.9952798389871855,tail_constant,pareto,12,control,0.9655812726267056,1.0258837046405944,nested,131072,0,direct_control,0.0,control,24.93039530622606
1.5,nan,1.016679698173219,0.9814575299921704,1.0170130825525714,0.9813711006024772,pareto,0.0,0.5,1.0,1.0,0.012,2.0,1572,0.9845686532823399,tail_constant,pareto,12,control,0.976270892575055,1.0175453569446442,nested,131072,0,direct_control,0.0,control,18.88870673285735
1.5,nan,1.0013181366950141,0.9874495866091494,1.0017218880737875,0.9853671080190594,pareto,0.0,0.5,1.0,1.0,0.018,2.0,2359,0.9969556689915071,tail_constant,pareto,12,control,0.9819466174951167,1.0030172090536356,nested,131072,0,direct_control,0.0,control,14.53132359215099
1.5,nan,1.0034524745811606,0.9936459636847998,1.0038560982519285,0.9926153841499262,pareto,0.0,0.5,1.0,1.0,0.03,2.0,3932,0.9983808188459619,tail_constant,pareto,12,control,0.9910348404598207,1.0056880696439998,nested,131072,0,direct_control,0.0,control,10.346538830736549
1.5,nan,1.5080531763029543,1.453237859145248,1.5136415879265848,1.4526304520389268,pareto,0.0,0.5,1.0,1.5,0.003,2.0,196,1.4837375504720143,hill_alpha,pareto,12,control,1.4515656937409744,1.555289741692299,nested,65536,0,direct_control,0.0,control,48.65185173952358
1.5,nan,1.4897748367573274,1.4516723449718971,1.491331612147801,1.446610372712147,pareto,0.0,0.5,1.0,1.5,0.004,2.0,262,1.4747131465126972,hill_alpha,pareto,12,control,1.4395949878947198,1.5452465309681855,nested,65536,0,direct_control,0.0,control,39.53803595683925
1.5,nan,1.5182746180057916,1.4501855599788531,1.520253807289965,1.4484367250781527,pareto,0.0,0.5,1.0,1.5,0.006,2.0,393,1.4797627619223435,hill_alpha,pareto,12,control,1.4384570400519605,1.542483150684025,nested,65536,0,direct_control,0.0,control,30.25372217736856
1.5,nan,1.5267385956861537,1.4559981122537622,1.528804560659166,1.4520712003299079,pareto,0.0,0.5,1.0,1.5,0.008,2.0,524,1.4768318714478887,hill_alpha,pareto,12,control,1.4438537036903865,1.5347204329506878,nested,65536,0,direct_control,0.0,control,24.971248940183713
1.5,nan,1.5262062541281594,1.4664618444199429,1.5326392578576828,1.460353901208168,pareto,0.0,0.5,1.0,1.5,0.012,2.0,786,1.5050682872926187,hill_alpha,pareto,12,control,1.4520343557374324,1.5397037765585437,nested,65536,0,direct_control,0.0,control,19.076348615578773
1.5,nan,1.506677012750287,1.4785522767665944,1.5133961182452178,1.477205584640397,pareto,0.0,0.5,1.0,1.5,0.018,2.0,1179,1.4881258810719498,hill_alpha,pareto,12,control,1.475214682767691,1.5362800544377857,nested,65536,0,direct_control,0.0,control,14.567030153149926
1.5,nan,1.5233925150476835,1.474806874636267,1.5317096727359925,1.4668411050502228,pareto,0.0,0.5,1.0,1.5,0.03,2.0,1966,1.5027370775161009,hill_alpha,pareto,12,control,1.4550000369931737,1.5425635536249056,nested,65536,0,direct_control,0.0,control,10.331101437538248
1.5,nan,0.688118599241676,0.6631065904794785,0.6884064515100197,0.660667386027856,pareto,0.0,0.5,1.0,0.6666666666666666,0.003,2.0,196,0.6739813653602202,hill_xi,pareto,12,control,0.6440108481670863,0.6889115104384942,nested,65536,0,direct_control,0.0,control,48.65185173952358
1.5,nan,0.6888606808992831,0.6712423752414958,0.6912796032583592,0.6705424075683986,pareto,0.0,0.5,1.0,0.6666666666666666,0.004,2.0,262,0.678099860309588,hill_xi,pareto,12,control,0.6493452238543664,0.6946438798322039,nested,65536,0,direct_control,0.0,control,39.53803595683925
1.5,nan,0.6895669268797451,0.6586423747987503,0.6904005128358341,0.6577860157963913,pareto,0.0,0.5,1.0,0.6666666666666666,0.006,2.0,393,0.6759462463137673,hill_xi,pareto,12,control,0.6486495277887449,0.6952623299942142,nested,65536,0,direct_control,0.0,control,30.25372217736856
1.5,nan,0.6868140772875622,0.6549909741101263,0.6886765010882596,0.6541070401735238,pareto,0.0,0.5,1.0,0.6666666666666666,0.008,2.0,524,0.6771253325659679,hill_xi,pareto,12,control,0.6515973843261039,0.692610437454861,nested,65536,0,direct_control,0.0,control,24.971248940183713
1.5,nan,0.6819134120707714,0.6552194353123306,0.6847775000700356,0.6524807535907371,pareto,0.0,0.5,1.0,0.6666666666666666,0.012,2.0,786,0.6644218310451688,hill_xi,pareto,12,control,0.6494759235298508,0.688694015140858,nested,65536,0,direct_control,0.0,control,19.076348615578773
1.5,nan,0.676337262952158,0.663279277970291,0.6769544073629762,0.6608146265791006,pareto,0.0,0.5,1.0,0.6666666666666666,0.018,2.0,1179,0.6719866079791916,hill_xi,pareto,12,control,0.6510064046057752,0.6778678494240215,nested,65536,0,direct_control,0.0,control,14.567030153149926
1.5,nan,0.678054881081722,0.6565226556894963,0.681757204932218,0.6528920498968576,pareto,0.0,0.5,1.0,0.6666666666666666,0.03,2.0,1966,0.665454278686904,hill_xi,pareto,12,control,0.648272435863824,0.6873007350169265,nested,65536,0,direct_control,0.0,control,10.331101437538248
1.5,nan,0.8105295507656789,0.6211460695422985,0.8132422537431923,0.5965363376722275,pareto,0.0,0.5,1.0,0.6666666666666666,0.003,2.0,196,0.7348052955673783,pickands_xi,pareto,12,control,0.5566199153564949,0.8319019400583577,nested,65536,0,direct_control,0.0,control,48.82934866751497
1.5,nan,0.7658841957056792,0.629417784764326,0.7662911279031528,0.6272593762028319,pareto,0.0,0.5,1.0,0.6666666666666666,0.004,2.0,262,0.73392941877179,pickands_xi,pareto,12,control,0.6197272923522272,0.7682418330381676,nested,65536,0,direct_control,0.0,control,39.721544773928365
1.5,nan,0.7403968041752994,0.5569904531680184,0.7450840076271001,0.5554444379545964,pareto,0.0,0.5,1.0,0.6666666666666666,0.006,2.0,393,0.6944357466875088,pickands_xi,pareto,12,control,0.5499764984445823,0.7586188738486549,nested,65536,0,direct_control,0.0,control,30.299041015654964
1.5,nan,0.7078948172667847,0.6337611936391552,0.7121370993629046,0.6151510856959954,pareto,0.0,0.5,1.0,0.6666666666666666,0.008,2.0,524,0.6844381263817125,pickands_xi,pareto,12,control,0.5904175466773103,0.7240355913190122,nested,65536,0,direct_control,0.0,control,24.97484195416708
1.5,nan,0.6858773310299207,0.6292444938995527,0.6925518610519233,0.6289836637728856,pareto,0.0,0.5,1.0,0.6666666666666666,0.012,2.0,786,0.6388534077414839,pickands_xi,pareto,12,control,0.6199484786689256,0.7086567444860739,nested,65536,0,direct_control,0.0,control,19.08622526019539
1.5,nan,0.7008064922839425,0.6308469641084066,0.7116204119893297,0.6227042000364584,pareto,0.0,0.5,1.0,0.6666666666666666,0.018,2.0,1179,0.6764187331354011,pickands_xi,pareto,12,control,0.6071849963587661,0.7245397027135406,nested,65536,0,direct_control,0.0,control,14.5726271457998
1.5,nan,0.6808793966356025,0.6398042025684263,0.685604375613114,0.6389396903133698,pareto,0.0,0.5,1.0,0.6666666666666666,0.03,2.0,1966,0.6602499877808425,pickands_xi,pareto,12,control,0.6358693440194907,0.696221643746349,nested,65536,0,direct_control,0.0,control,10.338926258376926
1.5,nan,1.0384891944097132,0.9462167181380495,1.0448505603050973,0.9450317987051348,pareto,0.0,0.5,1.0,1.0,0.003,2.0,196,1.0149051838939052,tail_constant,pareto,12,control,0.9435755933381157,1.0780156627564308,nested,65536,0,direct_control,0.0,control,48.65185173952358
1.5,nan,1.0414436180991955,0.95865182786245,1.0624668494821217,0.9575552122571751,pareto,0.0,0.5,1.0,1.0,0.004,2.0,262,0.9939030239309139,tail_constant,pareto,12,control,0.9519472327602253,1.083982668079953,nested,65536,0,direct_control,0.0,control,39.53803595683925
1.5,nan,1.026465511817283,0.9557567716899574,1.0397275182512176,0.9553832016466861,pareto,0.0,0.5,1.0,1.0,0.006,2.0,393,0.9979194747706932,tail_constant,pareto,12,control,0.9509911270134348,1.054921163730735,nested,65536,0,direct_control,0.0,control,30.25372217736856
1.5,nan,1.020089356378364,0.9568202890938818,1.0237402311475243,0.9556342160475964,pareto,0.0,0.5,1.0,1.0,0.008,2.0,524,0.9977306509356734,tail_constant,pareto,12,control,0.9541161474963823,1.0452973779404344,nested,65536,0,direct_control,0.0,control,24.971248940183713
1.5,nan,1.023388165564,0.9554212897987217,1.0250071680463524,0.9552143619637552,pareto,0.0,0.5,1.0,1.0,0.012,2.0,786,0.9992804983415244,tail_constant,pareto,12,control,0.9537007926670238,1.0296669617550207,nested,65536,0,direct_control,0.0,control,19.076348615578773
1.5,nan,1.016359325996141,0.9800597994143327,1.017712468890732,0.9711913303535666,pareto,0.0,0.5,1.0,1.0,0.018,2.0,1179,1.0002081975479014,tail_constant,pareto,12,control,0.9600560773707092,1.0192940095073064,nested,65536,0,direct_control,0.0,control,14.567030153149926
1.5,nan,1.0163194880137418,0.9790864085959532,1.0170072190085966,0.9775607730988047,pareto,0.0,0.5,1.0,1.0,0.03,2.0,1966,0.9961479397283266,tail_constant,pareto,12,control,0.9758977460021169,1.0183767083667525,nested,65536,0,direct_control,0.0,control,10.331101437538248
1.5,nan,1.548748438424247,1.4631305900558815,1.5511285985213241,1.4603801090818518,sas,0.0,0.5,1.0,1.5,0.003,2.0,196,1.53827351216917,hill_alpha,sas,12,control,1.4512122516220491,1.559797017630144,block,65536,0,direct_control,0.0,control,25.93955261869152
1.5,nan,1.543293351597225,1.497407649398308,1.5481886213112646,1.4874440723624174,sas,0.0,0.5,1.0,1.5,0.004,2.0,262,1.5119207686857663,hill_alpha,sas,12,control,1.4752753322148942,1.5581714439218908,block,65536,0,direct_control,0.0,control,21.470444221981484
1.5,nan,1.547681295477328,1.489764370634345,1.5484373090612866,1.4895265445955856,sas,0.0,0.5,1.0,1.5,0.006,2.0,393,1.5107160120562084,hill_alpha,sas,12,control,1.4884513622262592,1.5566902790873498,block,65536,0,direct_control,0.0,control,16.535386154412635
1.5,nan,1.560193933842763,1.5209977282086324,1.5635404703246167,1.517474686995898,sas,0.0,0.5,1.0,1.5,0.008,2.0,524,1.5318752188485507,hill_alpha,sas,12,control,1.5129849134528885,1.568703168322447,block,65536,0,direct_control,0.0,control,13.75839048155138
1.5,nan,1.5462948312640425,1.5290807690672295,1.547521793449353,1.5290649021308018,sas,0.0,0.5,1.0,1.5,0.012,2.0,786,1.5390483587662978,hill_alpha,sas,12,control,1.5274223847785506,1.5496835648147886,block,65536,0,direct_control,0.0,control,10.697904110983572
1.5,nan,1.569237986093516,1.5519826702861828,1.570157171306726,1.5519479385758232,sas,0.0,0.5,1.0,1.5,0.018,2.0,1179,1.5608858614587815,hill_alpha,sas,12,control,1.5518249288208867,1.5718540670069119,block,65536,0,direct_control,0.0,control,8.25998407573605
1.5,nan,1.592547027813247,1.576897801212422,1.5946952224861137,1.5765522958848543,sas,0.0,0.5,1.0,1.5,0.03,2.0,1966,1.5851542079021956,hill_alpha,sas,12,control,1.574202203442356,1.5981427555522505,block,65536,0,direct_control,0.0,control,6.03761968720517
1.5,nan,0.6853935094703959,0.645856221544987,0.6863328700547296,0.644935597552327,sas,0.0,0.5,1.0,0.6666666666666666,0.003,2.0,196,0.6502337285250199,hill_xi,sas,12,control,0.6411856645343932,0.6904127826135055,block,65536,0,direct_control,0.0,control,25.93955261869152
1.5,nan,0.6684331231550089,0.6480148401690131,0.673009912509615,0.6459475891040416,sas,0.0,0.5,1.0,0.6666666666666666,0.004,2.0,262,0.6624832675489021,hill_xi,sas,12,control,0.6418270113601121,0.6784375707025971,block,65536,0,direct_control,0.0,control,21.470444221981484
1.5,nan,0.6713668103287227,0.6461656745183721,0.6715334121754988,0.6458314580916072,sas,0.0,0.5,1.0,0.6666666666666666,0.006,2.0,393,0.6621714675419563,hill_xi,sas,12,control,0.6424973686420092,0.6723136788496004,block,65536,0,direct_control,0.0,control,16.535386154412635
1.5,nan,0.6576208509460741,0.6410045048164487,0.65926219848319,0.6396479279796299,sas,0.0,0.5,1.0,0.6666666666666666,0.008,2.0,524,0.6529067899587804,hill_xi,sas,12,control,0.6376835740259987,0.6613746896491214,block,65536,0,direct_control,0.0,control,13.75839048155138
1.5,nan,0.6539884265656022,0.6470625031790378,0.6542297675466746,0.646746947051313,sas,0.0,0.5,1.0,0.6666666666666666,0.012,2.0,786,0.6497751587687892,hill_xi,sas,12,control,0.6459150948724378,0.6552560529562929,block,65536,0,direct_control,0.0,control,10.697904110983572
1.5,nan,0.644494280658732,0.6375315088915479,0.6445610777058007,0.6370907637461041,sas,0.0,0.5,1.0,0.6666666666666666,0.018,2.0,1179,0.640750846982689,hill_xi,sas,12,control,0.6363017508648716,0.6446872303344372,block,65536,0,direct_control,0.0,control,8.25998407573605
1.5,nan,0.6341576433407587,0.6279250345499934,0.6344205059485545,0.627080729672277,sas,0.0,0.5,1.0,0.6666666666666666,0.03,2.0,1966,0.6309282124495167,hill_xi,sas,12,control,0.6257291006791091,0.6355276217799902,block,65536,0,direct_control,0.0,control,6.03761968720517
1.5,nan,0.7050953499473814,0.6300431678919793,0.7169283641491182,0.6208973071914291,sas,0.0,0.5,1.0,0.6666666666666666,0.003,2.0,196,0.6594483485987246,pickands_xi,sas,12,control,0.6104942557782643,0.7307849683157362,block,65536,0,direct_control,0.0,control,25.9957092784899
1.5,nan,0.6973894751644352,0.5868903203702214,0.7074607055180183,0.5854366699260737,sas,0.0,0.5,1.0,0.6666666666666666,0.004,2.0,262,0.6708352015540704,pickands_xi,sas,12,control,0.5757027056327595,0.730688907044334,block,65536,0,direct_control,0.0,control,21.546062154140955
1.5,nan,0.7160884308629104,0.6092328100949431,0.7161706373666237,0.5998209507759584,sas,0.0,0.5,1.0,0.6666666666666666,0.006,2.0,393,0.6623079920184927,pickands_xi,sas,12,control,0.5845721214450511,0.7190796110413618,block,65536,0,direct_control,0.0,control,16.55919726210091
1.5,nan,0.6975612007371295,0.6571489400958654,0.6990832659850658,0.6542657776320944,sas,0.0,0.5,1.0,0.6666666666666666,0.008,2.0,524,0.6805586017038461,pickands_xi,sas,12,control,0.6461737959158773,0.7031071563872102,block,65536,0,direct_control,0.0,control,13.794883552081593
1.5,nan,0.7104497648063044,0.6446073252111104,0.7145937750305861,0.6390115379177751,sas,0.0,0.5,1.0,0.6666666666666666,0.012,2.0,786,0.6890998249542014,pickands_xi,sas,12,control,0.6295033755449637,0.7232453688234947,block,65536,0,direct_control,0.0,control,10.707280379297224
1.5,nan,0.7005595904838724,0.6804507572128464,0.703470192610308,0.6760944431708084,sas,0.0,0.5,1.0,0.6666666666666666,0.018,2.0,1179,0.6888467565909739,pickands_xi,sas,12,control,0.6690831809673274,0.7071773637821077,block,65536,0,direct_control,0.0,control,8.265146433133134
1.5,nan,0.6619628430290796,0.6245218511934117,0.669358942548792,0.6235880158709879,sas,0.0,0.5,1.0,0.6666666666666666,0.03,2.0,1966,0.6417685138161338,pickands_xi,sas,12,control,0.6180217545543281,0.6817586936444098,block,65536,0,direct_control,0.0,control,6.039349165537725
1.5,nan,0.40636944962042676,0.3893158823837687,0.4102159939743095,0.38817295250959816,sas,0.0,0.5,1.0,0.3989422804014327,0.003,2.0,196,0.39511965118784287,tail_constant,sas,12,control,0.38596047742988104,0.41632044499726933,block,65536,0,direct_control,0.0,control,25.93955261869152
1.5,nan,0.40615977514266755,0.391017448288677,0.41025259194336616,0.38915099904649214,sas,0.0,0.5,1.0,0.3989422804014327,0.004,2.0,262,0.397730282757107,tail_constant,sas,12,control,0.3836909141747754,0.41657177300941217,block,65536,0,direct_control,0.0,control,21.470444221981484
1.5,nan,0.4103192308913349,0.3979142757432373,0.41200756783648196,0.3963649239304502,sas,0.0,0.5,1.0,0.3989422804014327,0.006,2.0,393,0.40322775780602277,tail_constant,sas,12,control,0.39479057168130793,0.417158331220347,block,65536,0,direct_control,0.0,control,16.535386154412635
1.5,nan,0.4210247679356212,0.40154778123779256,0.421066784966745,0.4015134330908511,sas,0.0,0.5,1.0,0.3989422804014327,0.008,2.0,524,0.4080473214503967,tail_constant,sas,12,control,0.4013768215615344,0.4218471957189598,block,65536,0,direct_control,0.0,control,13.75839048155138
1.5,nan,0.4219574725173887,0.41590670528309703,0.4225534284960193,0.41514109570600827,sas,0.0,0.5,1.0,0.3989422804014327,0.012,2.0,786,0.4196592671045898,tail_constant,sas,12,control,0.41111258052840177,0.4236541861367271,block,65536,0,direct_control,0.0,control,10.697904110983572
1.5,nan,0.43007510805117766,0.42521569788319247,0.4310188980560039,0.4251266340619104,sas,0.0,0.5,1.0,0.3989422804014327,0.018,2.0,1179,0.42707993790765963,tail_constant,sas,12,control,0.42376700300940057,0.43258645142162483,block,65536,0,direct_control,0.0,control,8.25998407573605
1.5,nan,0.4479502392213394,0.44201651207740567,0.44855408205826747,0.4417034043348665,sas,0.0,0.5,1.0,0.3989422804014327,0.03,2.0,1966,0.4450552400034903,tail_constant,sas,12,control,0.44050020553069125,0.45019849996209804,block,65536,0,direct_control,0.0,control,6.03761968720517
1.5,nan,0.7142074473273623,0.6317153227135404,0.7165544264256717,0.6193276180038428,sas,0.0,0.5,1.0,0.6666666666666666,0.006,2.0,1572,0.6821948632140911,gpd_xi,sas,12,control,0.6065414212743421,0.7199622569846384,full,262144,0,direct_control,0.0,control,16.62794727186057
1.5,nan,0.6989844748784044,0.6426934803167024,0.7009248634969525,0.6420751013828426,sas,0.0,0.5,1.0,0.6666666666666666,0.012,2.0,3145,0.664611668017791,gpd_xi,sas,12,control,0.6340621572856853,0.702984761370562,full,262144,0,direct_control,0.0,control,10.72056929185846
1.5,nan,1.5467225339154518,1.4782896006303319,1.5536587702190374,1.4702315079545762,sas,0.0,0.5,1.0,1.5,0.003,2.0,786,1.5186531270621022,hill_alpha,sas,12,control,1.456926288347538,1.5684985267087428,full,262144,0,direct_control,0.0,control,25.97637123881713
1.5,nan,1.547045603926931,1.4968111890996232,1.5481625883530776,1.4859949877466971,sas,0.0,0.5,1.0,1.5,0.004,2.0,1048,1.5190433255801343,hill_alpha,sas,12,control,1.4727377941893862,1.5547592166015511,full,262144,0,direct_control,0.0,control,21.64050779830086
1.5,nan,1.5511553072576503,1.5016687720553197,1.558146894599565,1.5007140476356076,sas,0.0,0.5,1.0,1.5,0.006,2.0,1572,1.515641208467109,hill_alpha,sas,12,control,1.4991387888170689,1.5674771637600378,full,262144,0,direct_control,0.0,control,16.62794727186057
1.5,nan,1.554097209809443,1.5176448487309793,1.5593891803471571,1.5132250670265637,sas,0.0,0.5,1.0,1.5,0.008,2.0,2097,1.5307291556339513,hill_alpha,sas,12,control,1.5080491214952696,1.5658045490252444,full,262144,0,direct_control,0.0,control,13.79555531665158
1.5,nan,1.5524991324440096,1.537870166181017,1.5529742189040578,1.535330623641404,sas,0.0,0.5,1.0,1.5,0.012,2.0,3145,1.5489748000217647,hill_alpha,sas,12,control,1.523212873463292,1.5568341280613027,full,262144,0,direct_control,0.0,control,10.72056929185846
1.5,nan,1.5653265728349373,1.5530861147166042,1.5668385269490512,1.5523347125477573,sas,0.0,0.5,1.0,1.5,0.018,2.0,4718,1.559457373644159,hill_alpha,sas,12,control,1.5489823151826008,1.5690290934975717,full,262144,0,direct_control,0.0,control,8.25128693106155
1.5,nan,1.5956050443072018,1.5791527647289645,1.59731286973294,1.5783125148842558,sas,0.0,0.5,1.0,1.5,0.03,2.0,7864,1.5850814952828411,hill_alpha,sas,12,control,1.5763605268602672,1.6048773892610932,full,262144,0,direct_control,0.0,control,6.03855093800996
1.5,nan,0.676457440797532,0.6465283708439609,0.6801854231915435,0.6436548043270857,sas,0.0,0.5,1.0,0.6666666666666666,0.003,2.0,786,0.658499295367521,hill_xi,sas,12,control,0.6376031118396585,0.6864049383016985,full,262144,0,direct_control,0.0,control,25.97637123881713
1.5,nan,0.6692941572270916,0.6463933561245111,0.6729854349477358,0.6459273257677947,sas,0.0,0.5,1.0,0.6666666666666666,0.004,2.0,1048,0.6583177232436591,hill_xi,sas,12,control,0.6432115197588135,0.6790134229419675,full,262144,0,direct_control,0.0,control,21.64050779830086
1.5,nan,0.6659258144066681,0.6446807713715915,0.6663497328493736,0.6418009355150823,sas,0.0,0.5,1.0,0.6666666666666666,0.006,2.0,1572,0.659796849058021,hill_xi,sas,12,control,0.63797230970452,0.6670500093187973,full,262144,0,direct_control,0.0,control,16.62794727186057
1.5,nan,0.6589156882363998,0.64346039210933,0.6608458667239425,0.6412841190486475,sas,0.0,0.5,1.0,0.6666666666666666,0.008,2.0,2097,0.6532861044091587,hill_xi,sas,12,control,0.6386503527031487,0.6631089019435727,full,262144,0,direct_control,0.0,control,13.79555531665158
1.5,nan,0.6502800408187654,0.6441249611572817,0.6513428484651383,0.643927238250374,sas,0.0,0.5,1.0,0.6666666666666666,0.012,2.0,3145,0.6455884063152402,hill_xi,sas,12,control,0.6423309580876316,0.656522928366232,full,262144,0,direct_control,0.0,control,10.72056929185846
1.5,nan,0.6438792997531065,0.6388629135765954,0.6441911182027339,0.6382284906271782,sas,0.0,0.5,1.0,0.6666666666666666,0.018,2.0,4718,0.6412541031469117,hill_xi,sas,12,control,0.6373371400269859,0.6455909480616223,full,262144,0,direct_control,0.0,control,8.25128693106155
1.5,nan,0.6332509573078786,0.6267381948483878,0.6335882621406366,0.6260618742677966,sas,0.0,0.5,1.0,0.6666666666666666,0.03,2.0,7864,0.6308837059392807,hill_xi,sas,12,control,0.6231013861782984,0.6343736476716779,full,262144,0,direct_control,0.0,control,6.03855093800996
1.5,nan,0.6759526560079003,0.6464772490009268,0.679980188929931,0.6410934524377465,sas,0.0,0.5,1.0,0.6666666666666666,0.003,2.0,786,0.6623758126543277,pickands_xi,sas,12,control,0.6345026595453095,0.6866099939269082,full,262144,0,direct_control,0.0,control,26.027432592634998
1.5,nan,0.6913727308951073,0.6110057893212318,0.7006719766641316,0.6061054135992765,sas,0.0,0.5,1.0,0.6666666666666666,0.004,2.0,1048,0.6563574870227779,pickands_xi,sas,12,control,0.6001328759519466,0.7234005795395811,full,262144,0,direct_control,0.0,control,21.65841735341911
1.5,nan,0.7177368605179655,0.6327582204479199,0.7229099759794846,0.6282847648402856,sas,0.0,0.5,1.0,0.6666666666666666,0.006,2.0,1572,0.6519407417721915,pickands_xi,sas,12,control,0.6209420745295154,0.7301806082239903,full,262144,0,direct_control,0.0,control,16.63530557186894
1.5,nan,0.6958142934623173,0.6650378324838517,0.7014491177633061,0.6630224138355367,sas,0.0,0.5,1.0,0.6666666666666666,0.008,2.0,2097,0.6823653179632093,pickands_xi,sas,12,control,0.6573849007468798,0.7115959877965542,full,262144,0,direct_control,0.0,control,13.808421326953113
1.5,nan,0.7144688948782522,0.6694649141814799,0.7172213391631785,0.6626931075938424,sas,0.0,0.5,1.0,0.6666666666666666,0.012,2.0,3145,0.6986836766114934,pickands_xi,sas,12,control,0.6492657376879092,0.7219982096702638,full,262144,0,direct_control,0.0,control,10.725338464457636
1.5,nan,0.7034989687008899,0.6775738640250372,0.705394761970156,0.6753740759908663,sas,0.0,0.5,1.0,0.6666666666666666,0.018,2.0,4718,0.6874398307204499,pickands_xi,sas,12,control,0.6669271107355028,0.708032179689533,full,262144,0,direct_control,0.0,control,8.252195770711353
1.5,nan,0.6630032725519641,0.6270154695171648,0.6649359657375539,0.6247990876290436,sas,0.0,0.5,1.0,0.6666666666666666,0.03,2.0,7864,0.6371500829851361,pickands_xi,sas,12,control,0.6187911655989136,0.6702757164482045,full,262144,0,direct_control,0.0,control,6.0391870649543264
1.5,nan,0.4043888419224214,0.389052019297027,0.40729270437003084,0.38819293561747503,sas,0.0,0.5,1.0,0.3989422804014327,0.003,2.0,786,0.39696360649948303,tail_constant,sas,12,control,0.3870473625201387,0.4133008891290973,full,262144,0,direct_control,0.0,control,25.97637123881713
1.5,nan,0.4093898196269154,0.3910934920199538,0.41069564230276634,0.3908694376721237,sas,0.0,0.5,1.0,0.3989422804014327,0.004,2.0,1048,0.40245984249574096,tail_constant,sas,12,control,0.39054873459110806,0.41753739567451464,full,262144,0,direct_control,0.0,control,21.64050779830086
1.5,nan,0.4103771119933849,0.40145946989093145,0.4118130872644192,0.40001853903030915,sas,0.0,0.5,1.0,0.3989422804014327,0.006,2.0,1572,0.40660301971896073,tail_constant,sas,12,control,0.39803120930659047,0.41566630968924356,full,262144,0,direct_control,0.0,control,16.62794727186057
1.5,nan,0.4148273913166108,0.40551396146731544,0.4169641680941919,0.40497676536316013,sas,0.0,0.5,1.0,0.3989422804014327,0.008,2.0,2097,0.4098900133069645,tail_constant,sas,12,control,0.4041466775077322,0.4192318595291435,full,262144,0,direct_control,0.0,control,13.79555531665158
1.5,nan,0.4218025635471396,0.41662735387504946,0.42202627339872256,0.4158829937478825,sas,0.0,0.5,1.0,0.3989422804014327,0.012,2.0,3145,0.42112158588225945,tail_constant,sas,12,control,0.41404928294908216,0.42227477476512604,full,262144,0,direct_control,0.0,control,10.72056929185846
1.5,nan,0.428879156914494,0.42428300537434316,0.4291674581214565,0.42418556544469876,sas,0.0,0.5,1.0,0.3989422804014327,0.018,2.0,4718,0.42658008944673886,tail_constant,sas,12,control,0.42405107440825446,0.4297930594993699,full,262144,0,direct_control,0.0,control,8.25128693106155
1.5,nan,0.4466124144416689,0.4442074432597884,0.44716232144273016,0.4440621835392493,sas,0.0,0.5,1.0,0.3989422804014327,0.03,2.0,7864,0.44514622197567966,tail_constant,sas,12,control,0.44354347076322304,0.44817894675798925,full,262144,0,direct_control,0.0,control,6.03855093800996
1.5,nan,0.6571998628093001,0.6247430588882217,0.6575306600025846,0.6114928270174458,sas,0.0,0.5,1.0,0.6666666666666666,0.012,2.0,1572,0.6454884302285667,gpd_xi,sas,12,control,0.5980578639845391,0.6632199465399332,nested,131072,0,direct_control,0.0,control,10.78930759092139
1.5,nan,1.6115216693082204,1.4992095962036005,1.6125803646852122,1.498698368963648,sas,0.0,0.5,1.0,1.5,0.003,2.0,393,1.577241187991409,hill_alpha,sas,12,control,1.4974192121986445,1.6162057408129908,nested,131072,0,direct_control,0.0,control,25.88484868033889
1.5,nan,1.5742417738158152,1.5275044707317074,1.585826096229975,1.5258712464540674,sas,0.0,0.5,1.0,1.5,0.004,2.0,524,1.5556598024983987,hill_alpha,sas,12,control,1.5198819121632112,1.6030948901230853,nested,131072,0,direct_control,0.0,control,21.739810977722648
1.5,nan,1.5914724007118126,1.53192856535923,1.596463514580575,1.5255481009321035,sas,0.0,0.5,1.0,1.5,0.006,2.0,786,1.5602316615821066,hill_alpha,sas,12,control,1.5185435233938434,1.6027237936114043,nested,131072,0,direct_control,0.0,control,16.78642197590416
1.5,nan,1.582666679774002,1.5442871084746044,1.5826896011896308,1.5349647199200855,sas,0.0,0.5,1.0,1.5,0.008,2.0,1048,1.5685085661247529,hill_alpha,sas,12,control,1.5231794793151103,1.5852835151083284,nested,131072,0,direct_control,0.0,control,13.940459694547048
1.5,nan,1.5855939616996078,1.5405196060030926,1.5875803916811693,1.534115237791271,sas,0.0,0.5,1.0,1.5,0.012,2.0,1572,1.563287315858899,hill_alpha,sas,12,control,1.5240731768366178,1.5909289183313544,nested,131072,0,direct_control,0.0,control,10.78930759092139
1.5,nan,1.577920591165345,1.5575856037885352,1.580532164792901,1.5531979118481538,sas,0.0,0.5,1.0,1.5,0.018,2.0,2359,1.5694477765850894,hill_alpha,sas,12,control,1.5432941054357288,1.5883563025888305,nested,131072,0,direct_control,0.0,control,8.335113685518252
1.5,nan,1.6013416965827072,1.5794042169889881,1.6030623285067271,1.5724368601583005,sas,0.0,0.5,1.0,1.5,0.03,2.0,3932,1.5920973416341682,hill_alpha,sas,12,control,1.5639944293039514,1.6067769167895354,nested,131072,0,direct_control,0.0,control,6.070268426501158
1.5,nan,0.6670181424480388,0.6205315256041646,0.6672457494234729,0.6201243999502966,sas,0.0,0.5,1.0,0.6666666666666666,0.003,2.0,393,0.634023921003989,hill_xi,sas,12,control,0.6187380318336043,0.6678162171383599,nested,131072,0,direct_control,0.0,control,25.88484868033889
1.5,nan,0.6546625683661526,0.6318038853745007,0.6553640406984009,0.6306239036970456,sas,0.0,0.5,1.0,0.6666666666666666,0.004,2.0,524,0.6428214402978354,hill_xi,sas,12,control,0.6238124911771484,0.6579630743805688,nested,131072,0,direct_control,0.0,control,21.739810977722648
1.5,nan,0.652771952043015,0.6283489424967302,0.6555135772060012,0.6263906221886774,sas,0.0,0.5,1.0,0.6666666666666666,0.006,2.0,786,0.6409680323819584,hill_xi,sas,12,control,0.6239390631896428,0.6585260942303538,nested,131072,0,direct_control,0.0,control,16.78642197590416
1.5,nan,0.6475479815328944,0.6318449821302838,0.6515048027140036,0.631835831522551,sas,0.0,0.5,1.0,0.6666666666666666,0.008,2.0,1048,0.637548347807265,hill_xi,sas,12,control,0.6308072280578145,0.6565269042388876,nested,131072,0,direct_control,0.0,control,13.940459694547048
1.5,nan,0.6491316281228767,0.6306784865200256,0.6518528746932979,0.6298903481182447,sas,0.0,0.5,1.0,0.6666666666666666,0.012,2.0,1572,0.6396984046555874,hill_xi,sas,12,control,0.6285650511514849,0.6561483723777064,nested,131072,0,direct_control,0.0,control,10.78930759092139
1.5,nan,0.6420809330653545,0.6337627160018289,0.6438469320284632,0.632706301465763,sas,0.0,0.5,1.0,0.6666666666666666,0.018,2.0,2359,0.6371668033969935,hill_xi,sas,12,control,0.6295854762828564,0.6479707840595943,nested,131072,0,direct_control,0.0,control,8.335113685518252
1.5,nan,0.6332702655932838,0.6244763388938279,0.6359680689632287,0.6238067817319003,sas,0.0,0.5,1.0,0.6666666666666666,0.03,2.0,3932,0.6281024914420155,hill_xi,sas,12,control,0.6223669590703099,0.6393902713860999,nested,131072,0,direct_control,0.0,control,6.070268426501158
1.5,nan,0.6854479441858851,0.6148575058258392,0.6914995550183651,0.6042665050825244,sas,0.0,0.5,1.0,0.6666666666666666,0.003,2.0,393,0.640594004991413,pickands_xi,sas,12,control,0.5752724238910863,0.7009386685061404,nested,131072,0,direct_control,0.0,control,25.893980479840046
1.5,nan,0.7024978283456912,0.5839399404900283,0.7056244305511744,0.573752638331634,sas,0.0,0.5,1.0,0.6666666666666666,0.004,2.0,524,0.6320467593563213,pickands_xi,sas,12,control,0.5579707334984265,0.7104384821370809,nested,131072,0,direct_control,0.0,control,21.76180295991993
1.5,nan,0.7080267591185252,0.6024331654327996,0.7130560106632091,0.5982514072760194,sas,0.0,0.5,1.0,0.6666666666666666,0.006,2.0,786,0.6781484063744146,pickands_xi,sas,12,control,0.5905283655409923,0.7250003643753328,nested,131072,0,direct_control,0.0,control,16.79639966430687
1.5,nan,0.7269066093337769,0.6433323905856471,0.7323630364456297,0.6318094281992519,sas,0.0,0.5,1.0,0.6666666666666666,0.008,2.0,1048,0.6740400703839664,pickands_xi,sas,12,control,0.6186240044620696,0.7745482538628155,nested,131072,0,direct_control,0.0,control,13.947678351952437
1.5,nan,0.7239759070703297,0.6607325241824527,0.7277034655210797,0.6600640289909112,sas,0.0,0.5,1.0,0.6666666666666666,0.012,2.0,1572,0.6939948053161691,pickands_xi,sas,12,control,0.6533067818953123,0.7438575617274438,nested,131072,0,direct_control,0.0,control,10.795126738695897
1.5,nan,0.7252455135895179,0.6786044303498243,0.7314318836130751,0.6751127765067353,sas,0.0,0.5,1.0,0.6666666666666666,0.018,2.0,2359,0.7019975203005884,pickands_xi,sas,12,control,0.663006105946208,0.7398209377643508,nested,131072,0,direct_control,0.0,control,8.335947132070167
1.5,nan,0.6764097455671731,0.6325448089763481,0.6789427988436516,0.6308219436870098,sas,0.0,0.5,1.0,0.6666666666666666,0.03,2.0,3932,0.6425514546946001,pickands_xi,sas,12,control,0.6213116258285166,0.6847111552075404,nested,131072,0,direct_control,0.0,control,6.070580520788502
1.5,nan,0.407726071595263,0.38957880939503714,0.4129491455530704,0.38779305476414305,sas,0.0,0.5,1.0,0.3989422804014327,0.003,2.0,393,0.39487015764408995,tail_constant,sas,12,control,0.3859722692138541,0.4185619204511932,nested,131072,0,direct_control,0.0,control,25.88484868033889
1.5,nan,0.417699171850193,0.3945157747504918,0.4177562160898592,0.39380834947027493,sas,0.0,0.5,1.0,0.3989422804014327,0.004,2.0,524,0.4052357812217893,tail_constant,sas,12,control,0.39299363920200026,0.4185055137787686,nested,131072,0,direct_control,0.0,control,21.739810977722648
1.5,nan,0.4218745479740617,0.4005560858298117,0.4229136561037885,0.4001457336510912,sas,0.0,0.5,1.0,0.3989422804014327,0.006,2.0,786,0.4124359928420333,tail_constant,sas,12,control,0.3996195000782007,0.4248022457723323,nested,131072,0,direct_control,0.0,control,16.78642197590416
1.5,nan,0.42739480562969523,0.4079148012366035,0.4280165831161016,0.4073989296271022,sas,0.0,0.5,1.0,0.3989422804014327,0.008,2.0,1048,0.4161766572635073,tail_constant,sas,12,control,0.40387656402318495,0.42973229312828487,nested,131072,0,direct_control,0.0,control,13.940459694547048
1.5,nan,0.4299875261136978,0.41967848888959797,0.43016010389973575,0.4176271474201403,sas,0.0,0.5,1.0,0.3989422804014327,0.012,2.0,1572,0.42504343044650905,tail_constant,sas,12,control,0.4145392008979855,0.43049394515552114,nested,131072,0,direct_control,0.0,control,10.78930759092139
1.5,nan,0.4373007635167017,0.4276854530096606,0.4379650219744191,0.4258430984597702,sas,0.0,0.5,1.0,0.3989422804014327,0.018,2.0,2359,0.43309714625100804,tail_constant,sas,12,control,0.42231451548866855,0.43876159932395836,nested,131072,0,direct_control,0.0,control,8.335113685518252
1.5,nan,0.45367825882961726,0.4438790747121751,0.4542925023689699,0.44331667774282857,sas,0.0,0.5,1.0,0.3989422804014327,0.03,2.0,3932,0.44865927717310505,tail_constant,sas,12,control,0.4424837114952746,0.45518437997348793,nested,131072,0,direct_control,0.0,control,6.070268426501158
1.5,nan,1.5965585066856236,1.5192163931019615,1.6043148862239205,1.513396679412752,sas,0.0,0.5,1.0,1.5,0.003,2.0,196,1.5484135154032486,hill_alpha,sas,12,control,1.493058793089661,1.6335472313211676,nested,65536,0,direct_control,0.0,control,25.540440553431885
1.5,nan,1.5812894605016803,1.5278155747896478,1.5924070715676288,1.5273696919477782,sas,0.0,0.5,1.0,1.5,0.004,2.0,262,1.5574396301374567,hill_alpha,sas,12,control,1.526135465596518,1.6119797874820345,nested,65536,0,direct_control,0.0,control,21.31678306731417
1.5,nan,1.6181773557093146,1.5534066660204686,1.6294545457802703,1.5500445901094024,sas,0.0,0.5,1.0,1.5,0.006,2.0,393,1.5869294397968168,hill_alpha,sas,12,control,1.538327914538034,1.6428301872556192,nested,65536,0,direct_control,0.0,control,16.49088263712151
1.5,nan,1.6321700824794112,1.5717423609459065,1.6342112620663958,1.5604274793626314,sas,0.0,0.5,1.0,1.5,0.008,2.0,524,1.5973852863160412,hill_alpha,sas,12,control,1.537088073198,1.6372316433077854,nested,65536,0,direct_control,0.0,control,13.637448449404268
1.5,nan,1.6378756440644784,1.5274580312599775,1.6413800328002983,1.5216252903525456,sas,0.0,0.5,1.0,1.5,0.012,2.0,786,1.587646715510266,hill_alpha,sas,12,control,1.5140062938013696,1.6467842461665154,nested,65536,0,direct_control,0.0,control,10.73609532821003
1.5,nan,1.604979185846156,1.5474714567689472,1.6108513678605911,1.5421276707858058,sas,0.0,0.5,1.0,1.5,0.018,2.0,1179,1.5862939139029217,hill_alpha,sas,12,control,1.5336153336102145,1.6251246588853192,nested,65536,0,direct_control,0.0,control,8.259470552880067
1.5,nan,1.6209578785034304,1.5901610376156077,1.627867393546698,1.5851631138073543,sas,0.0,0.5,1.0,1.5,0.03,2.0,1966,1.606139159244277,hill_alpha,sas,12,control,1.5735058497803984,1.636376792652096,nested,65536,0,direct_control,0.0,control,6.061614039305635
1.5,nan,0.6582340768178411,0.6266593509396443,0.660775064080619,0.6235072589911547,sas,0.0,0.5,1.0,0.6666666666666666,0.003,2.0,196,0.6458644984468569,hill_xi,sas,12,control,0.6121660665906855,0.6699709055785918,nested,65536,0,direct_control,0.0,control,25.540440553431885
1.5,nan,0.6545292615816419,0.6325319687581374,0.6547203931662701,0.6280165543256468,sas,0.0,0.5,1.0,0.6666666666666666,0.004,2.0,262,0.6420795589862622,hill_xi,sas,12,control,0.620396669170986,0.6552503814188417,nested,65536,0,direct_control,0.0,control,21.31678306731417
1.5,nan,0.6437464328396434,0.6179792322959916,0.6451457661577722,0.6137316949867376,sas,0.0,0.5,1.0,0.6666666666666666,0.006,2.0,393,0.6301617765194625,hill_xi,sas,12,control,0.6087087760154916,0.6501179063032,nested,65536,0,direct_control,0.0,control,16.49088263712151
1.5,nan,0.6363997363507213,0.6126812461118705,0.6409005259912626,0.6119169432322804,sas,0.0,0.5,1.0,0.6666666666666666,0.008,2.0,524,0.6260231003158523,hill_xi,sas,12,control,0.6107878108469049,0.6506603925659521,nested,65536,0,direct_control,0.0,control,13.637448449404268
1.5,nan,0.654682472143025,0.6105469628441663,0.657201677847028,0.6092462064680545,sas,0.0,0.5,1.0,0.6666666666666666,0.012,2.0,786,0.6298778698235571,hill_xi,sas,12,control,0.6072466423171353,0.6605021546711592,nested,65536,0,direct_control,0.0,control,10.73609532821003
1.5,nan,0.6462154733942275,0.6231127877796427,0.6484625279234703,0.6208080733559311,sas,0.0,0.5,1.0,0.6666666666666666,0.018,2.0,1179,0.630404327149598,hill_xi,sas,12,control,0.6153597222498337,0.6520628454741565,nested,65536,0,direct_control,0.0,control,8.259470552880067
1.5,nan,0.6289281792106702,0.6169191767791415,0.6308784868752213,0.6143117186544043,sas,0.0,0.5,1.0,0.6666666666666666,0.03,2.0,1966,0.6226110805267152,hill_xi,sas,12,control,0.6111080437605205,0.635524329091514,nested,65536,0,direct_control,0.0,control,6.061614039305635
1.5,nan,0.6874680060879567,0.5546932467874358,0.700998026872104,0.5168760955569045,sas,0.0,0.5,1.0,0.6666666666666666,0.003,2.0,196,0.6218965898672246,pickands_xi,sas,12,control,0.47652801678785595,0.716282466611501,nested,65536,0,direct_control,0.0,control,25.582647337722968
1.5,nan,0.7016106961576195,0.4908195414747346,0.7109124497819185,0.4875261226100601,sas,0.0,0.5,1.0,0.6666666666666666,0.004,2.0,262,0.6190375261380316,pickands_xi,sas,12,control,0.4766705138977552,0.7253168190838879,nested,65536,0,direct_control,0.0,control,21.386051540359098
1.5,nan,0.7247196302941719,0.5689731768533538,0.7297195250729615,0.5602389513678621,sas,0.0,0.5,1.0,0.6666666666666666,0.006,2.0,393,0.6467764971234451,pickands_xi,sas,12,control,0.5494989749127566,0.7402581870841249,nested,65536,0,direct_control,0.0,control,16.522108920397216
1.5,nan,0.7938079094101611,0.610336007562835,0.8072170326046905,0.5930867126897084,sas,0.0,0.5,1.0,0.6666666666666666,0.008,2.0,524,0.64878099709831,pickands_xi,sas,12,control,0.568254597536697,0.8372869500211805,nested,65536,0,direct_control,0.0,control,13.662190927272633
1.5,nan,0.6923926999266842,0.6269933820275964,0.7041297263327181,0.6216432654056198,sas,0.0,0.5,1.0,0.6666666666666666,0.012,2.0,786,0.6612554363030846,pickands_xi,sas,12,control,0.6123498834379321,0.7223516998357551,nested,65536,0,direct_control,0.0,control,10.741555667614811
1.5,nan,0.7178529735464081,0.639374762701488,0.7258627325634054,0.6388756873805369,sas,0.0,0.5,1.0,0.6666666666666666,0.018,2.0,1179,0.6895937167997276,pickands_xi,sas,12,control,0.6346793708422024,0.7366569821213911,nested,65536,0,direct_control,0.0,control,8.270037962547972
1.5,nan,0.6968979819153159,0.6262455933239399,0.7046662846396845,0.6164335618370613,sas,0.0,0.5,1.0,0.6666666666666666,0.03,2.0,1966,0.654931157466389,pickands_xi,sas,12,control,0.6021325947126067,0.714739107818039,nested,65536,0,direct_control,0.0,control,6.064321191919008
1.5,nan,0.39403324611904117,0.37068161996700283,0.3955548953288275,0.3691951369491531,sas,0.0,0.5,1.0,0.3989422804014327,0.003,2.0,196,0.3860295558758986,tail_constant,sas,12,control,0.36702221895052056,0.3980418140480431,nested,65536,0,direct_control,0.0,control,25.540440553431885
1.5,nan,0.4024506138865933,0.37466009278960993,0.4032733395006012,0.37389663152788166,sas,0.0,0.5,1.0,0.3989422804014327,0.004,2.0,262,0.393462972243914,tail_constant,sas,12,control,0.37151321269330595,0.4146895111202524,nested,65536,0,direct_control,0.0,control,21.31678306731417
1.5,nan,0.424652329305758,0.38834670074437605,0.4261197534355027,0.38817108538247214,sas,0.0,0.5,1.0,0.3989422804014327,0.006,2.0,393,0.4015863387492512,tail_constant,sas,12,control,0.3863526114077728,0.42824525440668515,nested,65536,0,direct_control,0.0,control,16.49088263712151
1.5,nan,0.4347627668254701,0.39921937033065463,0.436795428826418,0.39809263529254846,sas,0.0,0.5,1.0,0.3989422804014327,0.008,2.0,524,0.402671668597517,tail_constant,sas,12,control,0.39578540020041264,0.43908856309395355,nested,65536,0,direct_control,0.0,control,13.637448449404268
1.5,nan,0.4251735718176295,0.41258968415158714,0.4254413766322599,0.4089187737763047,sas,0.0,0.5,1.0,0.3989422804014327,0.012,2.0,786,0.42190395531566705,tail_constant,sas,12,control,0.4050457202897818,0.42789208302050735,nested,65536,0,direct_control,0.0,control,10.73609532821003
1.5,nan,0.43368412680930596,0.42149293152653683,0.43624160403885165,0.4196874624211214,sas,0.0,0.5,1.0,0.3989422804014327,0.018,2.0,1179,0.4270339929475023,tail_constant,sas,12,control,0.4162730049280989,0.4390249466344525,nested,65536,0,direct_control,0.0,control,8.259470552880067
1.5,nan,0.4506490166081112,0.44026526491936163,0.45068997976352004,0.44019785710446824,sas,0.0,0.5,1.0,0.3989422804014327,0.03,2.0,1966,0.4476989336599556,tail_constant,sas,12,control,0.43990156467607633,0.45122830513250556,nested,65536,0,direct_control,0.0,control,6.061614039305635
1.5,nan,1.4116153871592958,1.2406190812708153,1.4116153871592958,1.228291948288514,,0.0,0.5,0.5,1.5,0.003,2.0,49,1.2926628488715952,hill_alpha,stable,4,refinement,1.2401259959515232,1.3735821533980692,block,16384,160,student_t,1.2,dynamic,48.028782313003674
1.5,nan,1.5326766269561525,1.2574601901796314,1.5326766269561525,1.2271174697583698,,0.0,0.5,0.5,1.5,0.004,2.0,65,1.2959537473162093,hill_alpha,stable,4,refinement,1.256246481362781,1.4229620463523316,block,16384,160,student_t,1.2,dynamic,38.95548360831286
1.5,nan,1.3455600544469486,1.313167257903603,1.3684616213084873,1.3122523085357112,,0.0,0.5,0.5,1.5,0.006,2.0,98,1.3183703474284525,hill_alpha,stable,4,refinement,1.3131306599288872,1.3464761171214104,block,16384,160,student_t,1.2,dynamic,29.1309194251375
1.5,nan,1.3691980766113063,1.3271152931461736,1.380238211750616,1.3196354796850716,,0.0,0.5,0.5,1.5,0.008,2.0,131,1.346376524039636,hill_alpha,stable,4,refinement,1.3268161006077295,1.3696396820168788,block,16384,160,student_t,1.2,dynamic,23.624506287290497
1.5,nan,1.3757009104984341,1.3154869241662777,1.3757009104984341,1.3154869241662777,,0.0,0.5,0.5,1.5,0.012,2.0,196,1.3493665829323218,hill_alpha,stable,4,refinement,1.3304733231669992,1.36433627047368,block,16384,160,student_t,1.2,dynamic,17.50201773289568
1.5,nan,1.376771563436603,1.323400754987606,1.376771563436603,1.3079204298289189,,0.0,0.5,0.5,1.5,0.018,2.0,294,1.3465462636337473,hill_alpha,stable,4,refinement,1.3227815419812585,1.3659427076052102,block,16384,160,student_t,1.2,dynamic,13.07750298769021
1.5,nan,1.375592266580222,1.325350400386565,1.375592266580222,1.3057625040259095,,0.0,0.5,0.5,1.5,0.03,2.0,491,1.3600897523769213,hill_alpha,stable,4,refinement,1.324566884532139,1.375423758464894,block,16384,160,student_t,1.2,dynamic,8.927500621011546
1.5,nan,0.8245069140048153,0.7084104371768236,0.8245069140048153,0.7084104371768236,,0.0,0.5,0.5,0.6666666666666666,0.003,2.0,49,0.78070118634915,hill_xi,stable,4,refinement,0.7321212664952168,0.8144688950144194,block,16384,160,student_t,1.2,dynamic,48.028782313003674
1.5,nan,0.8163816023031827,0.7101105072584006,0.8163816023031827,0.6526511511083172,,0.0,0.5,0.5,0.6666666666666666,0.004,2.0,65,0.7766196134255833,hill_xi,stable,4,refinement,0.7078121330123973,0.8016397276501426,block,16384,160,student_t,1.2,dynamic,38.95548360831286
1.5,nan,0.7637086009750302,0.7438347008109105,0.7637086009750302,0.7312330233476735,,0.0,0.5,0.5,0.6666666666666666,0.006,2.0,98,0.7590062467699691,hill_xi,stable,4,refinement,0.7433306337123811,0.7626850078345951,block,16384,160,student_t,1.2,dynamic,29.1309194251375
1.5,nan,0.7541029252396086,0.7251555001767394,0.7585158251895555,0.7251555001767394,,0.0,0.5,0.5,0.6666666666666666,0.008,2.0,131,0.7429974830118309,hill_xi,stable,4,refinement,0.7305072316442245,0.7542794412376065,block,16384,160,student_t,1.2,dynamic,23.624506287290497
1.5,nan,0.7607265859616168,0.7275668122046857,0.7607265859616168,0.7275668122046857,,0.0,0.5,0.5,0.6666666666666666,0.012,2.0,196,0.741434437882117,hill_xi,stable,4,refinement,0.7336797142223516,0.7520099131909581,block,16384,160,student_t,1.2,dynamic,17.50201773289568
1.5,nan,0.7657724882939951,0.7326021065502458,0.7657724882939951,0.7265348787138484,,0.0,0.5,0.5,0.6666666666666666,0.018,2.0,294,0.7428026528510063,hill_xi,stable,4,refinement,0.7323594174367899,0.7567309601442548,block,16384,160,student_t,1.2,dynamic,13.07750298769021
1.5,nan,0.7660129967065199,0.7270676992054177,0.7660129967065199,0.7269894126209762,,0.0,0.5,0.5,0.6666666666666666,0.03,2.0,491,0.7353790402188202,hill_xi,stable,4,refinement,0.72706456774204,0.7552605637183253,block,16384,160,student_t,1.2,dynamic,8.927500621011546
1.5,0.999,0.5322221184630107,0.4534153025283775,0.5696635783174722,0.4534153025283775,,0.0,0.5,0.5,nan,0.001,2.0,0,0.48067230377510395,mass_ratio,stable,4,refinement,0.45972665280675246,0.5337197768571892,block,16384,160,student_t,1.2,dynamic,nan
1.5,0.9987164311578874,0.5430997050957647,0.44811481495024064,0.5495135493623433,0.44811481495024064,,0.0,0.5,0.5,nan,0.0012835688421125163,2.0,0,0.507600593832782,mass_ratio,stable,4,refinement,0.4627070606555866,0.5433562588664278,block,16384,160,student_t,1.2,dynamic,nan
1.5,0.998352451027558,0.5631021153093592,0.47029739801172804,0.5631021153093592,0.47029739801172804,,0.0,0.5,0.5,nan,0.0016475489724420657,2.0,0,0.5125044541326094,mass_ratio,stable,4,refinement,0.47923801129768456,0.5501340115965857,block,16384,160,student_t,1.2,dynamic,nan
1.5,0.9978852574731188,0.5736107598295265,0.48486780922229866,0.5736107598295265,0.47514364982595514,,0.0,0.5,0.5,nan,0.0021147425268811283,2.0,0,0.5161473383638189,mass_ratio,stable,4,refinement,0.48447884284644493,0.5563748950036717,block,16384,160,student_t,1.2,dynamic,nan
1.5,0.9972855823834051,0.54058264632564,0.5073661411840469,0.5534363607032433,0.5059574681053147,,0.0,0.5,0.5,nan,0.002714417616594907,2.0,0,0.5182518731054079,mass_ratio,stable,4,refinement,0.5073097942608976,0.5410967949007441,block,16384,160,student_t,1.2,dynamic,nan
1.5,0.9965158581228575,0.5471119385580989,0.5248668303674124,0.5471119385580989,0.5248668303674124,,0.0,0.5,0.5,nan,0.0034841418771425405,2.0,0,0.5322334684114889,mass_ratio,stable,4,refinement,0.5275162259510426,0.5408568635652526,block,16384,160,student_t,1.2,dynamic,nan
1.5,0.9955278640450004,0.5525524998789733,0.5354957398874585,0.5536439079488497,0.5354957398874585,,0.0,0.5,0.5,nan,0.00447213595499958,2.0,0,0.5467850484974871,mass_ratio,stable,4,refinement,0.5386701072306996,0.5525961562017683,block,16384,160,student_t,1.2,dynamic,nan
1.5,0.9942597056304714,0.5850437189088985,0.5550752588470143,0.5850437189088985,0.5550752588470143,,0.0,0.5,0.5,nan,0.005740294369528563,2.0,0,0.5643642610039975,mass_ratio,stable,4,refinement,0.558881800155506,0.5757697588414061,block,16384,160,student_t,1.2,dynamic,nan
1.5,0.9926319370027192,0.5972025492472162,0.5708865039010693,0.5972025492472162,0.562288117231637,,0.0,0.5,0.5,nan,0.0073680629972807735,2.0,0,0.5853542152422218,mass_ratio,stable,4,refinement,0.570542568434292,0.5943326247672446,block,16384,160,student_t,1.2,dynamic,nan
1.5,0.9905425839099682,0.6180746690728607,0.5767220058420621,0.6189293427425453,0.5767220058420621,,0.0,0.5,0.5,nan,0.00945741609003176,2.0,0,0.6048808396421688,mass_ratio,stable,4,refinement,0.5843154513008298,0.618108856019648,block,16384,160,student_t,1.2,dynamic,nan
1.5,0.9878607553799417,0.634806938827453,0.6042246522851001,0.634806938827453,0.5985878686331234,,0.0,0.5,0.5,nan,0.012139244620058345,2.0,0,0.6131491736696482,mass_ratio,stable,4,refinement,0.603999180939021,0.6259893256633409,block,16384,160,student_t,1.2,dynamic,nan
1.5,0.9844184438389111,0.642371399561048,0.6186144859576335,0.642371399561048,0.6186144859576335,,0.0,0.5,0.5,nan,0.015581556161088883,2.0,0,0.6340141006628118,mass_ratio,stable,4,refinement,0.6234672937748984,0.6408989033311153,block,16384,160,student_t,1.2,dynamic,nan
1.5,0.98,0.6557908764353717,0.6410146614338779,0.6618297323156952,0.6348087262422659,,0.0,0.5,0.5,nan,0.02,2.0,0,0.6484863085902691,mass_ratio,stable,4,refinement,0.6407664240262134,0.6560324306705847,block,16384,160,student_t,1.2,dynamic,nan
1.5,nan,0.7772805541055069,0.6393559133211523,0.7772805541055069,0.6393559133211523,,0.0,0.5,0.5,0.6666666666666666,0.003,2.0,49,0.6979811825927115,pickands_xi,stable,4,refinement,0.6418696910306843,0.7648432073201815,block,16384,160,student_t,1.2,dynamic,48.58357514258788
1.5,nan,0.8062481459214303,0.5856555086552403,0.8910272672340116,0.5699148062057369,,0.0,0.5,0.5,0.6666666666666666,0.004,2.0,65,0.6614326178567964,pickands_xi,stable,4,refinement,0.5850258805572601,0.8096393107739336,block,16384,160,student_t,1.2,dynamic,39.45584067324779
1.5,nan,0.726540582763313,0.7144304966297332,0.7282073864523277,0.7117592123891452,,0.0,0.5,0.5,0.6666666666666666,0.006,2.0,98,0.7211283738797094,pickands_xi,stable,4,refinement,0.7144586154112134,0.7266072549108736,block,16384,160,student_t,1.2,dynamic,29.294905675683687
1.5,nan,0.7706461559778559,0.692013026658688,0.7706461559778559,0.6562244225010587,,0.0,0.5,0.5,0.6666666666666666,0.008,2.0,131,0.7468024339517851,pickands_xi,stable,4,refinement,0.6905814824923828,0.7683215549103665,block,16384,160,student_t,1.2,dynamic,23.712421798729842
1.5,nan,0.820947861705789,0.7039399643988995,0.8842053560617029,0.7039399643988995,,0.0,0.5,0.5,0.6666666666666666,0.012,2.0,196,0.7317966889138308,pickands_xi,stable,4,refinement,0.7048822265167651,0.8234781614800256,block,16384,160,student_t,1.2,dynamic,17.605030113457254
1.5,nan,0.7695543250309782,0.6947149147046716,0.7930441920189086,0.6947149147046716,,0.0,0.5,0.5,0.6666666666666666,0.018,2.0,294,0.737382400492351,pickands_xi,stable,4,refinement,0.7110279202584233,0.7704939197104954,block,16384,160,student_t,1.2,dynamic,13.111573793729917
1.5,nan,0.7611025462476929,0.7001843433609891,0.7611025462476929,0.7001843433609891,,0.0,0.5,0.5,0.6666666666666666,0.03,2.0,491,0.7324694707382141,pickands_xi,stable,4,refinement,0.7034241116885067,0.7596157628166934,block,16384,160,student_t,1.2,dynamic,8.946378111356822
1.5,nan,1.0216871114771475,0.9743613439052976,1.0281387475876889,0.9726826155675075,,0.0,0.5,0.5,2.4621304596238422,0.003,2.0,49,0.9956377738048472,tail_constant,stable,4,refinement,0.974294194771786,1.0219451769215693,block,16384,160,student_t,1.2,dynamic,48.028782313003674
1.5,nan,1.0087015472244636,0.9181091762357833,1.0087015472244636,0.9181091762357833,,0.0,0.5,0.5,2.4621304596238422,0.004,2.0,65,0.9650321354076674,tail_constant,stable,4,refinement,0.9347368600218737,0.9936355661688153,block,16384,160,student_t,1.2,dynamic,38.95548360831286
1.5,nan,0.972223166868222,0.909686388519386,0.9969969348249125,0.8858718601717739,,0.0,0.5,0.5,2.4621304596238422,0.006,2.0,98,0.9404751578892647,tail_constant,stable,4,refinement,0.9087338073854815,0.9732141175864897,block,16384,160,student_t,1.2,dynamic,29.1309194251375
1.5,nan,0.9381275566850226,0.867180396663779,0.9495301847431454,0.867180396663779,,0.0,0.5,0.5,2.4621304596238422,0.008,2.0,131,0.9181821142817338,tail_constant,stable,4,refinement,0.8875606702347176,0.9385836618073475,block,16384,160,student_t,1.2,dynamic,23.624506287290497
1.5,nan,0.9216200201291636,0.8556962800051289,0.9216200201291636,0.8435633060877896,,0.0,0.5,0.5,2.4621304596238422,0.012,2.0,196,0.8759629275482339,tail_constant,stable,4,refinement,0.8552109610484353,0.9036087790306849,block,16384,160,student_t,1.2,dynamic,17.50201773289568
1.5,nan,0.8588891217174114,0.8392429732255442,0.8657437468960558,0.8332684410087663,,0.0,0.5,0.5,2.4621304596238422,0.018,2.0,294,0.8486260009905445,tail_constant,stable,4,refinement,0.839003991936873,0.8591633067245572,block,16384,160,student_t,1.2,dynamic,13.07750298769021
1.5,nan,0.8128793527099244,0.792307490309406,0.8128793527099244,0.792307490309406,,0.0,0.5,0.5,2.4621304596238422,0.03,2.0,491,0.7994071520159811,tail_constant,stable,4,refinement,0.7947912017261162,0.8073368225792774,block,16384,160,student_t,1.2,dynamic,8.927500621011546
1.5,nan,0.008992321989416869,0.007976558380870961,0.008992321989416869,0.007976558380870961,,0.0,0.5,0.5,0.0,nan,2.0,0,0.008200982592350269,control_ecf_rmse,stable,4,refinement,0.008005467255431494,0.008691293825774436,full,16384,160,student_t,1.2,dynamic,0.5
1.5,nan,0.01134651864980062,0.007047341711937967,0.01134651864980062,0.006354863820854448,,0.0,0.5,0.5,0.0,nan,2.0,0,0.007878803184881067,control_ecf_rmse,stable,4,refinement,0.007019642596294627,0.009748727345931832,full,16384,160,student_t,1.2,dynamic,0.875
1.5,nan,0.012378425789682283,0.00809266696005219,0.012378425789682283,0.007698342697678567,,0.0,0.5,0.5,0.0,nan,2.0,0,0.00919595709597969,control_ecf_rmse,stable,4,refinement,0.008076893989557247,0.0111911444360109,full,16384,160,student_t,1.2,dynamic,1.25
1.5,nan,0.009704541336747911,0.007857190246902379,0.010174282055362683,0.007857190246902379,,0.0,0.5,0.5,0.0,nan,2.0,0,0.008599635390837267,control_ecf_rmse,stable,4,refinement,0.007908684606889108,0.0097233309654925,full,16384,160,student_t,1.2,dynamic,1.625
1.5,nan,0.010067376132764205,0.007937239319713674,0.01025276929015227,0.007419724112076094,,0.0,0.5,0.5,0.0,nan,2.0,0,0.009168368751363697,control_ecf_rmse,stable,4,refinement,0.007916538711408171,0.01007479185905973,full,16384,160,student_t,1.2,dynamic,2.0
1.5,nan,0.628074614917977,0.42678549555183726,0.628074614917977,0.42678549555183726,,0.0,0.5,0.5,0.0,nan,2.0,0,0.5031282276153474,control_w1,stable,4,refinement,0.42924762477707856,0.6022827311779584,full,16384,160,student_t,1.2,dynamic,0.5
1.5,nan,0.5866339434051272,0.40709465971972414,0.732127614529145,0.40709465971972414,,0.0,0.5,0.5,0.0,nan,2.0,0,0.43695162575558133,control_w1,stable,4,refinement,0.4194154530846821,0.592453690250088,full,16384,160,student_t,1.2,dynamic,0.875
1.5,nan,0.44249436543256576,0.2378240749522858,0.44249436543256576,0.2378240749522858,,0.0,0.5,0.5,0.0,nan,2.0,0,0.3936435159350048,control_w1,stable,4,refinement,0.31001765281380084,0.4216457114839266,full,16384,160,student_t,1.2,dynamic,1.25
1.5,nan,0.32768108340668123,0.19992222037110194,0.32768108340668123,0.19992222037110194,,0.0,0.5,0.5,0.0,nan,2.0,0,0.3014772989858351,control_w1,stable,4,refinement,0.23631629972232604,0.3274556252685229,full,16384,160,student_t,1.2,dynamic,1.625
1.5,nan,0.36150333783366867,0.211517442658039,0.36150333783366867,0.211517442658039,,0.0,0.5,0.5,0.0,nan,2.0,0,0.2558965600908367,control_w1,stable,4,refinement,0.2303605727390192,0.3132709308038721,full,16384,160,student_t,1.2,dynamic,2.0
1.5,nan,0.016836987251941913,0.01031051914584084,0.019983897912632106,0.008475432414718426,,1.0,0.5,0.5,0.0,nan,2.0,0,0.012917841234107486,pt_ecf_sup_exact_a,stable,4,refinement,0.010237115676595944,0.01696286367836952,full,16384,160,student_t,1.2,dynamic,0.5
1.5,nan,0.01392665177462146,0.009649690078813078,0.01392665177462146,0.009649690078813078,,1.0,0.5,0.5,0.0,nan,2.0,0,0.012427966166155501,pt_ecf_sup_exact_a,stable,4,refinement,0.01062898071754666,0.01356156456574858,full,16384,160,student_t,1.2,dynamic,0.875
1.5,nan,0.016115198655983872,0.011646794741551315,0.01706341184584461,0.011613793292350962,,1.0,0.5,0.5,0.0,nan,2.0,0,0.013423390828437402,pt_ecf_sup_exact_a,stable,4,refinement,0.0116454746835833,0.0161531271835783,full,16384,160,student_t,1.2,dynamic,1.25
1.5,nan,0.01522131025689042,0.010684504280026983,0.01522131025689042,0.009300268166573497,,1.0,0.5,0.5,0.0,nan,2.0,0,0.013597996101116817,pt_ecf_sup_exact_a,stable,4,refinement,0.010629134835488843,0.015176162201784537,full,16384,160,student_t,1.2,dynamic,1.625
1.5,nan,0.013745921037138184,0.009471476187012075,0.013745921037138184,0.009471476187012075,,1.0,0.5,0.5,0.0,nan,2.0,0,0.010878197567509143,pt_ecf_sup_exact_a,stable,4,refinement,0.009792324443857392,0.012723791777509522,full,16384,160,student_t,1.2,dynamic,2.0
1.5,nan,0.017158026859301824,0.010232855355706798,0.017158026859301824,0.010232855355706798,,1.0,0.5,0.5,0.0,nan,2.0,0,0.014086848438730494,pt_ecf_sup_exact_b,stable,4,refinement,0.011552203872626406,0.01621442938035935,full,16384,160,student_t,1.2,dynamic,0.5
1.5,nan,0.020005810954972843,0.011991449918298876,0.020005810954972843,0.011361282022455309,,1.0,0.5,0.5,0.0,nan,2.0,0,0.013789829757877209,pt_ecf_sup_exact_b,stable,4,refinement,0.011966243202465133,0.017582881713359626,full,16384,160,student_t,1.2,dynamic,0.875
1.5,nan,0.016801646327264427,0.015142167539238225,0.01782265223891478,0.015142167539238225,,1.0,0.5,0.5,0.0,nan,2.0,0,0.015638812736866386,pt_ecf_sup_exact_b,stable,4,refinement,0.015312479948300851,0.016842486563730445,full,16384,160,student_t,1.2,dynamic,1.25
1.5,nan,0.013171364113885387,0.010368930125066619,0.01402350794759368,0.00951597115762191,,1.0,0.5,0.5,0.0,nan,2.0,0,0.011770554686344211,pt_ecf_sup_exact_b,stable,4,refinement,0.01033481176636883,0.013205449867233718,full,16384,160,student_t,1.2,dynamic,1.625
1.5,nan,0.01251555449504649,0.010023467675299767,0.01251555449504649,0.010023467675299767,,1.0,0.5,0.5,0.0,nan,2.0,0,0.011613165152759793,pt_ecf_sup_exact_b,stable,4,refinement,0.01066928550624115,0.012199644568988303,full,16384,160,student_t,1.2,dynamic,2.0
1.5,nan,0.014378862584518263,0.010685289248555368,0.01626195895478101,0.010685289248555368,,1.0,0.5,0.5,0.0,nan,2.0,0,0.011810435393172928,pt_ecf_sup_exact_c,stable,4,refinement,0.010896400603852155,0.014454186439328772,full,16384,160,student_t,1.2,dynamic,0.5
1.5,nan,0.011373318000643166,0.009418661759269632,0.011592175723813637,0.008447439027865168,,1.0,0.5,0.5,0.0,nan,2.0,0,0.010772172384073395,pt_ecf_sup_exact_c,stable,4,refinement,0.009379812850013452,0.011382072309569986,full,16384,160,student_t,1.2,dynamic,0.875
1.5,nan,0.016349689773405472,0.011167728134053739,0.016752227807400898,0.011167728134053739,,1.0,0.5,0.5,0.0,nan,2.0,0,0.015892893137424327,pt_ecf_sup_exact_c,stable,4,refinement,0.013409763206718479,0.016365791294765286,full,16384,160,student_t,1.2,dynamic,1.25
1.5,nan,0.012232333410629681,0.009108482701840755,0.013665093364801654,0.009108482701840755,,1.0,0.5,0.5,0.0,nan,2.0,0,0.010682721662133157,pt_ecf_sup_exact_c,stable,4,refinement,0.009808028541505323,0.01228964380879656,full,16384,160,student_t,1.2,dynamic,1.625
1.5,nan,0.015087294760683002,0.012355249688194164,0.015524231294568841,0.012355249688194164,,1.0,0.5,0.5,0.0,nan,2.0,0,0.013886371070373793,pt_ecf_sup_exact_c,stable,4,refinement,0.012723474116557169,0.015104772222038435,full,16384,160,student_t,1.2,dynamic,2.0
1.5,nan,0.014703330058672115,0.009721513726989069,0.014703330058672115,0.009721513726989069,,1.0,0.5,0.5,0.0,nan,2.0,0,0.01315972664024614,pt_ecf_sup_numerical,stable,4,refinement,0.011141340945775983,0.014192915397404126,full,16384,160,student_t,1.2,dynamic,0.5
1.5,nan,0.014922577516184619,0.008220788816256895,0.01719792788912712,0.008220788816256895,,1.0,0.5,0.5,0.0,nan,2.0,0,0.011696879454458062,pt_ecf_sup_numerical,stable,4,refinement,0.009433145431977109,0.015013591531102318,full,16384,160,student_t,1.2,dynamic,0.875
1.5,nan,0.018434521568523123,0.012987689728245377,0.018434521568523123,0.012634674724393771,,1.0,0.5,0.5,0.0,nan,2.0,0,0.013395760877727054,pt_ecf_sup_numerical,stable,4,refinement,0.012973569128091313,0.016042343386843443,full,16384,160,student_t,1.2,dynamic,1.25
1.5,nan,0.023678004152970746,0.015848993447470892,0.023678004152970746,0.015848993447470892,,1.0,0.5,0.5,0.0,nan,2.0,0,0.018217411981337688,pt_ecf_sup_numerical,stable,4,refinement,0.01619727344972406,0.02184548080458977,full,16384,160,student_t,1.2,dynamic,1.625
1.5,nan,0.017044208888292438,0.011553406169243665,0.017044208888292438,0.011553406169243665,,1.0,0.5,0.5,0.0,nan,2.0,0,0.01406338464642826,pt_ecf_sup_numerical,stable,4,refinement,0.011967310188757371,0.01640429890173253,full,16384,160,student_t,1.2,dynamic,2.0
1.5,nan,2.88547314032905e-05,2.877993634343247e-05,2.887814383587809e-05,2.877993634343247e-05,,1.0,0.5,0.5,0.0,nan,2.0,0,2.882725005385113e-05,score_table_ecf_rmse,stable,4,refinement,2.880069384434457e-05,2.8855667900594004e-05,full,16384,160,student_t,1.2,dynamic,nan
1.5,nan,5.519907797513213e-07,1.5040807577193505e-07,5.519907797513213e-07,1.5040807577193505e-07,,1.0,0.5,0.5,0.0,nan,2.0,0,4.0019198366270103e-07,score_table_hill_alpha_absdiff,stable,4,refinement,2.689519119591921e-07,4.804797972290942e-07,full,16384,160,student_t,1.2,dynamic,nan
1.5,nan,6.118068351654341e-07,2.3886889627894133e-07,6.118068351654341e-07,1.4761801005381203e-07,,1.0,0.5,0.5,0.0,nan,2.0,0,4.646126334048604e-07,score_table_tail_constant_reldiff,stable,4,refinement,2.3521886082993615e-07,6.057101867527378e-07,full,16384,160,student_t,1.2,dynamic,nan
1.5,nan,7.523590645753598e-05,7.503313063701446e-05,7.528339871392954e-05,7.503313063701446e-05,,0.0,0.5,0.5,0.0,nan,2.0,0,7.514583516715559e-05,score_table_trajectory_mean_abs,stable,4,refinement,7.506679087516853e-05,7.523780614779172e-05,full,16384,160,student_t,1.2,dynamic,0.5
1.5,nan,5.841300027159054e-05,5.8254804076113894e-05,5.84135966568959e-05,5.8254804076113894e-05,,0.0,0.5,0.5,0.0,nan,2.0,0,5.834729912629016e-05,score_table_trajectory_mean_abs,stable,4,refinement,5.8267951415400886e-05,5.841302412700276e-05,full,16384,160,student_t,1.2,dynamic,0.875
1.5,nan,4.093617044627499e-05,4.079421056463879e-05,4.093617044627499e-05,4.0777974526747974e-05,,0.0,0.5,0.5,0.0,nan,2.0,0,4.083708353986908e-05,score_table_trajectory_mean_abs,stable,4,refinement,4.079356112312315e-05,4.090139446112311e-05,full,16384,160,student_t,1.2,dynamic,1.25
1.5,nan,2.17344842472352e-05,2.165870562121922e-05,2.17344842472352e-05,2.1657908585652515e-05,,0.0,0.5,0.5,0.0,nan,2.0,0,2.1677195300894485e-05,score_table_trajectory_mean_abs,stable,4,refinement,2.165867373979655e-05,2.1715478022163764e-05,full,16384,160,student_t,1.2,dynamic,1.625
1.5,nan,0.0,0.0,0.0,0.0,,0.0,0.5,0.5,0.0,nan,2.0,0,0.0,score_table_trajectory_mean_abs,stable,4,refinement,0.0,0.0,full,16384,160,student_t,1.2,dynamic,2.0
1.5,nan,7.144952629879544e-05,7.115161939096449e-05,7.144952629879544e-05,7.115161939096449e-05,,1.0,0.5,0.5,0.0,nan,2.0,0,7.131601561130682e-05,score_table_w1,stable,4,refinement,7.119839271870961e-05,7.141757802682012e-05,full,16384,160,student_t,1.2,dynamic,nan
1.5,nan,1.3346685077792961,1.227833867829252,1.3714431903838993,1.227833867829252,,0.0,0.5,0.5,1.5,0.003,2.0,196,1.272999875501339,hill_alpha,stable,4,refinement,1.2375644556686438,1.3361394950834802,full,65536,160,student_t,1.2,dynamic,47.573578580159975
1.5,nan,1.38882322988227,1.2729290958924946,1.4581944916365934,1.250513040484864,,0.0,0.5,0.5,1.5,0.004,2.0,262,1.307398559714036,hill_alpha,stable,4,refinement,1.2720324536761893,1.391598080352443,full,65536,160,student_t,1.2,dynamic,39.15106618969044
1.5,nan,1.3783030169768902,1.3242713713827776,1.381996246016089,1.3242713713827776,,0.0,0.5,0.5,1.5,0.006,2.0,393,1.3584576586000998,hill_alpha,stable,4,refinement,1.3329277671650483,1.378450746138458,full,65536,160,student_t,1.2,dynamic,29.103745778758633
1.5,nan,1.3726043554174845,1.3392920414654568,1.3726043554174845,1.327923639877988,,0.0,0.5,0.5,1.5,0.008,2.0,524,1.3533123508021558,hill_alpha,stable,4,refinement,1.338837305401958,1.3646171089217574,full,65536,160,student_t,1.2,dynamic,23.565347139760966
1.5,nan,1.3810030839851002,1.3468668964192458,1.3810030839851002,1.3468668964192458,,0.0,0.5,0.5,1.5,0.012,2.0,786,1.3555838021405489,hill_alpha,stable,4,refinement,1.3483516314507025,1.3715012084144844,full,65536,160,student_t,1.2,dynamic,17.533309312616034
1.5,nan,1.3921430957689302,1.3305394515086413,1.3921430957689302,1.3305394515086413,,0.0,0.5,0.5,1.5,0.018,2.0,1179,1.3607709892168653,hill_alpha,stable,4,refinement,1.3370496433292767,1.3850854309032512,full,65536,160,student_t,1.2,dynamic,13.07706203914606
1.5,nan,1.400588249434555,1.3248235080504085,1.400588249434555,1.3248235080504085,,0.0,0.5,0.5,1.5,0.03,2.0,1966,1.3549130557276758,hill_alpha,stable,4,refinement,1.3360009495238594,1.3819296978668905,full,65536,160,student_t,1.2,dynamic,8.93681908569776
1.5,nan,0.8144424308542241,0.7291588940844691,0.8144424308542241,0.7291588940844691,,0.0,0.5,0.5,0.6666666666666666,0.003,2.0,196,0.7858465479855176,hill_xi,stable,4,refinement,0.7489925683982243,0.8080928066359931,full,65536,160,student_t,1.2,dynamic,47.573578580159975
1.5,nan,0.7996717887981944,0.721834995546194,0.7996717887981944,0.6857795758627901,,0.0,0.5,0.5,0.6666666666666666,0.004,2.0,262,0.7649427153046644,hill_xi,stable,4,refinement,0.7203927787588579,0.7863869375573319,full,65536,160,student_t,1.2,dynamic,39.15106618969044
1.5,nan,0.7551322346837567,0.7235909669673286,0.7551322346837567,0.7235909669673286,,0.0,0.5,0.5,0.6666666666666666,0.006,2.0,393,0.7362330264355319,hill_xi,stable,4,refinement,0.7254573087519935,0.7502624614846815,full,65536,160,student_t,1.2,dynamic,29.103745778758633
1.5,nan,0.7467169419315498,0.728542056604392,0.7530553489445235,0.728542056604392,,0.0,0.5,0.5,0.6666666666666666,0.008,2.0,524,0.7389305501640134,hill_xi,stable,4,refinement,0.7328335008308201,0.7469704782120689,full,65536,160,student_t,1.2,dynamic,23.565347139760966
1.5,nan,0.7424638638447352,0.7241113445701683,0.7424638638447352,0.7241113445701683,,0.0,0.5,0.5,0.6666666666666666,0.012,2.0,786,0.7377022425228361,hill_xi,stable,4,refinement,0.7291659860156783,0.7416472751819942,full,65536,160,student_t,1.2,dynamic,17.533309312616034
1.5,nan,0.7515748585027998,0.7183169625588413,0.7515748585027998,0.7183169625588413,,0.0,0.5,0.5,0.6666666666666666,0.018,2.0,1179,0.734987796199597,hill_xi,stable,4,refinement,0.7219974435676638,0.7479345877360026,full,65536,160,student_t,1.2,dynamic,13.07706203914606
1.5,nan,0.7548175239368947,0.7139857130771443,0.7548175239368947,0.7139857130771443,,0.0,0.5,0.5,0.6666666666666666,0.03,2.0,1966,0.7380733459452138,hill_xi,stable,4,refinement,0.7237689106263345,0.748559184728371,full,65536,160,student_t,1.2,dynamic,8.93681908569776
1.5,0.999,0.5132439456495903,0.44716096015504014,0.5203709954241795,0.44716096015504014,,0.0,0.5,0.5,nan,0.001,2.0,0,0.4927781765239802,mass_ratio,stable,4,refinement,0.46265463872364143,0.5135290276405738,full,65536,160,student_t,1.2,dynamic,nan
1.5,0.9987164311578874,0.5427555119886874,0.43962972313336585,0.5427555119886874,0.43962972313336585,,0.0,0.5,0.5,nan,0.0012835688421125163,2.0,0,0.5123491081855314,mass_ratio,stable,4,refinement,0.4630814510818781,0.5396140150396997,full,65536,160,student_t,1.2,dynamic,nan
1.5,0.998352451027558,0.5402347843451503,0.4513629654244608,0.5582741155961208,0.4513629654244608,,0.0,0.5,0.5,nan,0.0016475489724420657,2.0,0,0.511018320467545,mass_ratio,stable,4,refinement,0.4746325121843566,0.5409563575951891,full,65536,160,student_t,1.2,dynamic,nan
1.5,0.9978852574731188,0.5673694656476256,0.47431858334649074,0.5673694656476256,0.47431858334649074,,0.0,0.5,0.5,nan,0.0021147425268811283,2.0,0,0.5082892698265574,mass_ratio,stable,4,refinement,0.48404214866012346,0.5455933358503121,full,65536,160,student_t,1.2,dynamic,nan
1.5,0.9972855823834051,0.5322700066486775,0.5057268120603222,0.5322700066486775,0.49842117467786395,,0.0,0.5,0.5,nan,0.002714417616594907,2.0,0,0.5208587727736455,mass_ratio,stable,4,refinement,0.5054345865650238,0.5305492495874774,full,65536,160,student_t,1.2,dynamic,nan
1.5,0.9965158581228575,0.5472796259193806,0.5050920197411405,0.5472796259193806,0.5050920197411405,,0.0,0.5,0.5,nan,0.0034841418771425405,2.0,0,0.5359377906317043,mass_ratio,stable,4,refinement,0.5176351053594263,0.5440984293904808,full,65536,160,student_t,1.2,dynamic,nan
1.5,0.9955278640450004,0.5624309268800529,0.5341008948140635,0.5624309268800529,0.5341008948140635,,0.0,0.5,0.5,nan,0.00447213595499958,2.0,0,0.5501967229247376,mass_ratio,stable,4,refinement,0.5399473159318776,0.558438085356811,full,65536,160,student_t,1.2,dynamic,nan
1.5,0.9942597056304714,0.589270872278956,0.5565282713808556,0.589270872278956,0.5490244188284616,,0.0,0.5,0.5,nan,0.005740294369528563,2.0,0,0.564074731769465,mass_ratio,stable,4,refinement,0.5562281172787599,0.5771971765957837,full,65536,160,student_t,1.2,dynamic,nan
1.5,0.9926319370027192,0.5953946997953621,0.570302016294019,0.6001831805018015,0.570302016294019,,0.0,0.5,0.5,nan,0.0073680629972807735,2.0,0,0.5835779296092807,mass_ratio,stable,4,refinement,0.5733008757351165,0.5955862390236197,full,65536,160,student_t,1.2,dynamic,nan
1.5,0.9905425839099682,0.62122638940204,0.5872765907646336,0.62122638940204,0.5802826021719396,,0.0,0.5,0.5,nan,0.00945741609003176,2.0,0,0.6039771544145435,mass_ratio,stable,4,refinement,0.5869968312209258,0.6176059126355052,full,65536,160,student_t,1.2,dynamic,nan
1.5,0.9878607553799417,0.631206509070294,0.597791712093284,0.631206509070294,0.597791712093284,,0.0,0.5,0.5,nan,0.012139244620058345,2.0,0,0.6157303215511676,mass_ratio,stable,4,refinement,0.6042181809284113,0.6259620027657701,full,65536,160,student_t,1.2,dynamic,nan
1.5,0.9844184438389111,0.6406318050846338,0.6208534137998716,0.6413029799641689,0.612154929300212,,0.0,0.5,0.5,nan,0.015581556161088883,2.0,0,0.6347562642523149,mass_ratio,stable,4,refinement,0.6205054744198852,0.6406586520798151,full,65536,160,student_t,1.2,dynamic,nan
1.5,0.98,0.6571159217198907,0.6429230418601107,0.6571159217198907,0.6393013641477923,,0.0,0.5,0.5,nan,0.02,2.0,0,0.6493366094758806,mass_ratio,stable,4,refinement,0.642778174751618,0.6547219589964225,full,65536,160,student_t,1.2,dynamic,nan
1.5,nan,0.7004010302530611,0.620467210211186,0.7004010302530611,0.59708092192263,,0.0,0.5,0.5,0.6666666666666666,0.003,2.0,196,0.6496912340935238,pickands_xi,stable,4,refinement,0.6195317586796437,0.6788624411814984,full,65536,160,student_t,1.2,dynamic,47.66167436914277
1.5,nan,0.9057674997837711,0.6034936242997088,0.9057674997837711,0.6034936242997088,,0.0,0.5,0.5,0.6666666666666666,0.004,2.0,262,0.657124843478746,pickands_xi,stable,4,refinement,0.6274763523103487,0.788179281952657,full,65536,160,student_t,1.2,dynamic,39.15553214445414
1.5,nan,0.7524268420312387,0.6864774223585438,0.7652945623900658,0.6864774223585438,,0.0,0.5,0.5,0.6666666666666666,0.006,2.0,393,0.7205980688466782,pickands_xi,stable,4,refinement,0.6937540273164964,0.7529415508455918,full,65536,160,student_t,1.2,dynamic,29.126859852402248
1.5,nan,0.7557484265313525,0.7121780118626365,0.7639719650489075,0.7121780118626365,,0.0,0.5,0.5,0.6666666666666666,0.008,2.0,524,0.7312666487771664,pickands_xi,stable,4,refinement,0.7135366027480279,0.7560773680720548,full,65536,160,student_t,1.2,dynamic,23.5926365891498
1.5,nan,0.8944262326666367,0.7027404712488522,0.8944262326666367,0.7027404712488522,,0.0,0.5,0.5,0.6666666666666666,0.012,2.0,786,0.7307588053758822,pickands_xi,stable,4,refinement,0.7079876173868153,0.8240675218100858,full,65536,160,student_t,1.2,dynamic,17.552407750725276
1.5,nan,0.7911573210376215,0.7036859318772539,0.7911573210376215,0.7036859318772539,,0.0,0.5,0.5,0.6666666666666666,0.018,2.0,1179,0.7569335954787814,pickands_xi,stable,4,refinement,0.7256033319582855,0.7783714112170798,full,65536,160,student_t,1.2,dynamic,13.082607402012211
1.5,nan,0.7727084034518145,0.6937422818722452,0.7727084034518145,0.6937422818722452,,0.0,0.5,0.5,0.6666666666666666,0.03,2.0,1966,0.7282933486720349,pickands_xi,stable,4,refinement,0.699067065479348,0.7626489056143165,full,65536,160,student_t,1.2,dynamic,8.938083967317876
1.5,nan,1.0175869154932768,0.9109017746258576,1.0175869154932768,0.9109017746258576,,0.0,0.5,0.5,2.4621304596238422,0.003,2.0,196,0.9813583718386759,tail_constant,stable,4,refinement,0.9418125890463482,1.0031055667807305,full,65536,160,student_t,1.2,dynamic,47.573578580159975
1.5,nan,1.0010896432109364,0.8898573712775131,1.0203465443047723,0.8898573712775131,,0.0,0.5,0.5,2.4621304596238422,0.004,2.0,262,0.9793483970661712,tail_constant,stable,4,refinement,0.9316205780316229,1.0018599192546898,full,65536,160,student_t,1.2,dynamic,39.15106618969044
1.5,nan,0.9988294854649092,0.8948620398480727,0.9988294854649092,0.8948620398480727,,0.0,0.5,0.5,2.4621304596238422,0.006,2.0,393,0.9415347129130522,tail_constant,stable,4,refinement,0.9162234465760044,0.9723694709832763,full,65536,160,student_t,1.2,dynamic,29.103745778758633
1.5,nan,0.9519092734141984,0.8822834951671592,0.9519092734141984,0.8720288037594627,,0.0,0.5,0.5,2.4621304596238422,0.008,2.0,524,0.9147550654827036,tail_constant,stable,4,refinement,0.8818733075108514,0.9447393554828478,full,65536,160,student_t,1.2,dynamic,23.565347139760966
1.5,nan,0.9236520094298788,0.846747268026389,0.9236520094298788,0.846747268026389,,0.0,0.5,0.5,2.4621304596238422,0.012,2.0,786,0.8805629312056387,tail_constant,stable,4,refinement,0.8556200537039583,0.9103279845307141,full,65536,160,student_t,1.2,dynamic,17.533309312616034
1.5,nan,0.8595692016716996,0.8346657152872438,0.8627672010188782,0.8242012534208714,,0.0,0.5,0.5,2.4621304596238422,0.018,2.0,1179,0.8507506897390685,tail_constant,stable,4,refinement,0.8342471368125889,0.8596971216455866,full,65536,160,student_t,1.2,dynamic,13.07706203914606
1.5,nan,0.8084050661667337,0.796906404882683,0.8136011099014605,0.7941146486439356,,0.0,0.5,0.5,2.4621304596238422,0.03,2.0,1966,0.8014535917767187,tail_constant,stable,4,refinement,0.7967947346331331,0.8086129079161228,full,65536,160,student_t,1.2,dynamic,8.93681908569776
1.5,nan,1.5448810860469644,1.174250501106583,1.5977451042601003,1.174250501106583,,0.0,0.5,0.5,1.5,0.003,2.0,49,1.4530536139886063,hill_alpha,stable,4,refinement,1.2893735374442477,1.5469956467754897,nested,16384,160,student_t,1.2,dynamic,47.375436176914576
1.5,nan,1.5593589810463064,1.2052944005081718,1.5593589810463064,1.2052944005081718,,0.0,0.5,0.5,1.5,0.004,2.0,65,1.4308278235505631,hill_alpha,stable,4,refinement,1.3116180292905462,1.4995964397263233,nested,16384,160,student_t,1.2,dynamic,39.06062512594455
1.5,nan,1.5266347553687374,1.3473667049839029,1.5266347553687374,1.2910119829152429,,0.0,0.5,0.5,1.5,0.006,2.0,98,1.430705652055336,hill_alpha,stable,4,refinement,1.3451125161011563,1.4935412137796358,nested,16384,160,student_t,1.2,dynamic,28.67007125403661
1.5,nan,1.5626066566238828,1.303802215210066,1.5626066566238828,1.303802215210066,,0.0,0.5,0.5,1.5,0.008,2.0,131,1.425685399196657,hill_alpha,stable,4,refinement,1.35680627768544,1.502384318897004,nested,16384,160,student_t,1.2,dynamic,23.681768914525406
1.5,nan,1.4853305701709365,1.312140600715542,1.4853305701709365,1.312140600715542,,0.0,0.5,0.5,1.5,0.012,2.0,196,1.405300522383485,hill_alpha,stable,4,refinement,1.3508157356352666,1.4529577747138478,nested,16384,160,student_t,1.2,dynamic,17.55486489403797
1.5,nan,1.4531711796718512,1.2678890955915125,1.4531711796718512,1.2678890955915125,,0.0,0.5,0.5,1.5,0.018,2.0,294,1.388860204519958,hill_alpha,stable,4,refinement,1.3208490079689812,1.4274081315071276,nested,16384,160,student_t,1.2,dynamic,13.001203233376955
1.5,nan,1.4041007934022307,1.3591953651012005,1.4041007934022307,1.3591953651012005,,0.0,0.5,0.5,1.5,0.03,2.0,491,1.3717410107903751,hill_alpha,stable,4,refinement,1.3628373662437232,1.3909480065368212,nested,16384,160,student_t,1.2,dynamic,8.952658902882941
1.5,nan,0.7793877666251567,0.6258820617466951,0.8516070455644908,0.6258820617466951,,0.0,0.5,0.5,0.6666666666666666,0.003,2.0,49,0.6887010536833782,hill_xi,stable,4,refinement,0.6471708095551296,0.7822765377827302,nested,16384,160,student_t,1.2,dynamic,47.375436176914576
1.5,nan,0.8296728165155199,0.6412891528857678,0.8296728165155199,0.6412891528857678,,0.0,0.5,0.5,0.6666666666666666,0.004,2.0,65,0.6989016430111287,hill_xi,stable,4,refinement,0.6679992417641777,0.7678465596151756,nested,16384,160,student_t,1.2,dynamic,39.06062512594455
1.5,nan,0.7745861488767077,0.6550355260046886,0.7745861488767077,0.6550355260046886,,0.0,0.5,0.5,0.6666666666666666,0.006,2.0,98,0.6992045178442337,hill_xi,stable,4,refinement,0.6699066215397171,0.7447329865290733,nested,16384,160,student_t,1.2,dynamic,28.67007125403661
1.5,nan,0.7669874988200431,0.6399563164287086,0.7669874988200431,0.6399563164287086,,0.0,0.5,0.5,0.6666666666666666,0.008,2.0,131,0.7014623254741419,hill_xi,stable,4,refinement,0.6667731699148831,0.7382414464696441,nested,16384,160,student_t,1.2,dynamic,23.681768914525406
1.5,nan,0.7400680311994052,0.6732508036139839,0.7621134499265366,0.6732508036139839,,0.0,0.5,0.5,0.6666666666666666,0.012,2.0,196,0.7116486554358368,hill_xi,stable,4,refinement,0.6886222731109836,0.7409498479484904,nested,16384,160,student_t,1.2,dynamic,17.55486489403797
1.5,nan,0.7887125171097608,0.7013460097285419,0.7887125171097608,0.6881501739016154,,0.0,0.5,0.5,0.6666666666666666,0.018,2.0,294,0.7200571144199355,hill_xi,stable,4,refinement,0.7008181762954648,0.7584052528735888,nested,16384,160,student_t,1.2,dynamic,13.001203233376955
1.5,nan,0.7357294070271817,0.7121995833197506,0.7357294070271817,0.7121995833197506,,0.0,0.5,0.5,0.6666666666666666,0.03,2.0,491,0.7290101096619803,hill_xi,stable,4,refinement,0.719003836302071,0.7337689439538349,nested,16384,160,student_t,1.2,dynamic,8.952658902882941
1.5,0.999,0.5864921011864234,0.43345380362264213,0.5864921011864234,0.43345380362264213,,0.0,0.5,0.5,nan,0.001,2.0,0,0.46750119350945973,mass_ratio,stable,4,refinement,0.44634927510734124,0.5328237411624541,nested,16384,160,student_t,1.2,dynamic,nan
1.5,0.9987164311578874,0.524713167228076,0.40035525713433173,0.5365289653290967,0.40035525713433173,,0.0,0.5,0.5,nan,0.0012835688421125163,2.0,0,0.47328311708293236,mass_ratio,stable,4,refinement,0.416345788928481,0.5251857991521168,nested,16384,160,student_t,1.2,dynamic,nan
1.5,0.998352451027558,0.5502546652616793,0.4144958432954311,0.5502546652616793,0.4144958432954311,,0.0,0.5,0.5,nan,0.0016475489724420657,2.0,0,0.4638707955962358,mass_ratio,stable,4,refinement,0.4349310048524764,0.5120552233696074,nested,16384,160,student_t,1.2,dynamic,nan
1.5,0.9978852574731188,0.5434102846175423,0.4665619137869337,0.5434102846175423,0.46091039518899474,,0.0,0.5,0.5,nan,0.0021147425268811283,2.0,0,0.5030197548000352,mass_ratio,stable,4,refinement,0.46633585304301617,0.5388098650644169,nested,16384,160,student_t,1.2,dynamic,nan
1.5,0.9972855823834051,0.5414893797971849,0.470880613184396,0.5414893797971849,0.470880613184396,,0.0,0.5,0.5,nan,0.002714417616594907,2.0,0,0.5075806685831155,mass_ratio,stable,4,refinement,0.4755756048233829,0.5381342333668301,nested,16384,160,student_t,1.2,dynamic,nan
1.5,0.9965158581228575,0.5507959556312003,0.5078324537915959,0.5507959556312003,0.49785985154152906,,0.0,0.5,0.5,nan,0.0034841418771425405,2.0,0,0.5315197126924067,mass_ratio,stable,4,refinement,0.5079374285521242,0.5476225153624056,nested,16384,160,student_t,1.2,dynamic,nan
1.5,0.9955278640450004,0.5770618062249959,0.5064468770488632,0.5770618062249959,0.5064468770488632,,0.0,0.5,0.5,nan,0.00447213595499958,2.0,0,0.5435063519839162,mass_ratio,stable,4,refinement,0.5222456577418245,0.5629449554651417,nested,16384,160,student_t,1.2,dynamic,nan
1.5,0.9942597056304714,0.6096703793356474,0.5503379698051062,0.6096703793356474,0.5496648731620523,,0.0,0.5,0.5,nan,0.005740294369528563,2.0,0,0.5581659289064964,mass_ratio,stable,4,refinement,0.5503110459393841,0.5883825771096564,nested,16384,160,student_t,1.2,dynamic,nan
1.5,0.9926319370027192,0.6247245390890135,0.5701490302425525,0.6247245390890135,0.5630357022786305,,0.0,0.5,0.5,nan,0.0073680629972807735,2.0,0,0.5781954166062366,mass_ratio,stable,4,refinement,0.5698644971239957,0.6028384283291665,nested,16384,160,student_t,1.2,dynamic,nan
1.5,0.9905425839099682,0.6212056782853972,0.5890325994287138,0.6327039757647259,0.5709209211008666,,0.0,0.5,0.5,nan,0.00945741609003176,2.0,0,0.6084258292813147,mass_ratio,stable,4,refinement,0.5883081322955999,0.6216656101845703,nested,16384,160,student_t,1.2,dynamic,nan
1.5,0.9878607553799417,0.6480153938848393,0.6114409437379419,0.6480153938848393,0.6114409437379419,,0.0,0.5,0.5,nan,0.012139244620058345,2.0,0,0.6187594033915259,mass_ratio,stable,4,refinement,0.6126535952627097,0.6362727275570014,nested,16384,160,student_t,1.2,dynamic,nan
1.5,0.9844184438389111,0.6420365072107349,0.6236466852185514,0.6472172761199748,0.6230190043552162,,0.0,0.5,0.5,nan,0.015581556161088883,2.0,0,0.6305650521916908,mass_ratio,stable,4,refinement,0.623621577984018,0.6422437379671045,nested,16384,160,student_t,1.2,dynamic,nan
1.5,0.98,0.6632931667448476,0.6444284806669183,0.6700250164310442,0.6427431429080955,,0.0,0.5,0.5,nan,0.02,2.0,0,0.651337567742196,mass_ratio,stable,4,refinement,0.6443610671565654,0.6635624407322955,nested,16384,160,student_t,1.2,dynamic,nan
1.5,nan,0.7531629048457592,0.5636283629404605,0.7995812156070761,0.5636283629404605,,0.0,0.5,0.5,0.6666666666666666,0.003,2.0,49,0.6381076847401361,pickands_xi,stable,4,refinement,0.5664327209190378,0.7550196372762119,nested,16384,160,student_t,1.2,dynamic,47.555215630032045
1.5,nan,0.8414092840853555,0.23797503925312458,0.8414092840853555,0.23797503925312458,,0.0,0.5,0.5,0.6666666666666666,0.004,2.0,65,0.5659360703999566,pickands_xi,stable,4,refinement,0.3750933948201154,0.7294850808998526,nested,16384,160,student_t,1.2,dynamic,39.32982157529935
1.5,nan,0.8833289960590903,0.6471453058217573,0.8833289960590903,0.6301778720723079,,0.0,0.5,0.5,0.6666666666666666,0.006,2.0,98,0.7171380275187008,pickands_xi,stable,4,refinement,0.6464666084717794,0.8290094693745005,nested,16384,160,student_t,1.2,dynamic,28.871335168383766
1.5,nan,0.9315012196250774,0.6794467821668314,0.9315012196250774,0.6794467821668314,,0.0,0.5,0.5,0.6666666666666666,0.008,2.0,131,0.7649216682584414,pickands_xi,stable,4,refinement,0.695942249696016,0.8760755127638803,nested,16384,160,student_t,1.2,dynamic,23.85218973938653
1.5,nan,0.6864517368193563,0.6619198339449646,0.6906647968197526,0.6619198339449646,,0.0,0.5,0.5,0.6666666666666666,0.012,2.0,196,0.6806974582117321,pickands_xi,stable,4,refinement,0.6701933086615436,0.6866202592193721,nested,16384,160,student_t,1.2,dynamic,17.633956593934727
1.5,nan,0.7134958379901424,0.5894062179965265,0.7378016335032744,0.5894062179965265,,0.0,0.5,0.5,0.6666666666666666,0.018,2.0,294,0.6891256012656176,pickands_xi,stable,4,refinement,0.6372405901842216,0.7144680698106677,nested,16384,160,student_t,1.2,dynamic,13.027446545415122
1.5,nan,0.8789906479050958,0.6675078959620125,0.8789906479050958,0.662169469649647,,0.0,0.5,0.5,0.6666666666666666,0.03,2.0,491,0.7339644668913319,pickands_xi,stable,4,refinement,0.6672943589095179,0.8387147904346269,nested,16384,160,student_t,1.2,dynamic,8.957531210257379
1.5,nan,1.0536584615391418,0.8993116279039335,1.0536584615391418,0.8847201873979861,,0.0,0.5,0.5,2.4621304596238422,0.003,2.0,49,0.9758842904224018,tail_constant,stable,4,refinement,0.8987279702836956,1.0460778459691167,nested,16384,160,student_t,1.2,dynamic,47.375436176914576
1.5,nan,1.0129143103318872,0.8501765851727313,1.0129143103318872,0.8501765851727313,,0.0,0.5,0.5,2.4621304596238422,0.004,2.0,65,0.9687164292633285,tail_constant,stable,4,refinement,0.8902812933215319,1.008493744433665,nested,16384,160,student_t,1.2,dynamic,39.06062512594455
1.5,nan,1.027708557357271,0.8981407211737499,1.027708557357271,0.8973676460214913,,0.0,0.5,0.5,2.4621304596238422,0.006,2.0,98,0.9182935571728084,tail_constant,stable,4,refinement,0.8981097981676596,0.9844916424751929,nested,16384,160,student_t,1.2,dynamic,28.67007125403661
1.5,nan,0.9968215520807038,0.9009425433527352,0.9968215520807038,0.8883321713503961,,0.0,0.5,0.5,2.4621304596238422,0.008,2.0,131,0.9214629943362951,tail_constant,stable,4,refinement,0.9004381284726416,0.9644462822743736,nested,16384,160,student_t,1.2,dynamic,23.681768914525406
1.5,nan,0.947554759612584,0.8658171970088382,0.947554759612584,0.8617473454747825,,0.0,0.5,0.5,2.4621304596238422,0.012,2.0,196,0.8799171340872437,tail_constant,stable,4,refinement,0.865654402947476,0.9199031404217085,nested,16384,160,student_t,1.2,dynamic,17.55486489403797
1.5,nan,0.8585379957778552,0.8294218402215672,0.8644406172259306,0.8294218402215672,,0.0,0.5,0.5,2.4621304596238422,0.018,2.0,294,0.8412324406345714,tail_constant,stable,4,refinement,0.8296175202461091,0.8587741006357782,nested,16384,160,student_t,1.2,dynamic,13.001203233376955
1.5,nan,0.880218854919935,0.7872446287414697,0.880218854919935,0.7862589841903594,,0.0,0.5,0.5,2.4621304596238422,0.03,2.0,491,0.8028113239607371,tail_constant,stable,4,refinement,0.7872052029594253,0.8500621443802354,nested,16384,160,student_t,1.2,dynamic,8.952658902882941
1.5,nan,1.4582737633526428,1.211839815960977,1.4582737633526428,1.211839815960977,,0.0,0.5,0.5,1.5,0.003,2.0,98,1.4072016818230226,hill_alpha,stable,4,refinement,1.2849209566608848,1.4544517191322992,nested,32768,160,student_t,1.2,dynamic,45.997805408487295
1.5,nan,1.613592428386859,1.29601847342099,1.613592428386859,1.2359537504599283,,0.0,0.5,0.5,1.5,0.004,2.0,131,1.425105220179178,hill_alpha,stable,4,refinement,1.2936158845025476,1.5562491398697926,nested,32768,160,student_t,1.2,dynamic,39.17093164190105
1.5,nan,1.445319085190048,1.3099354265122243,1.445319085190048,1.3099354265122243,,0.0,0.5,0.5,1.5,0.006,2.0,196,1.4336330608609549,hill_alpha,stable,4,refinement,1.3646896737550158,1.4443304107566823,nested,32768,160,student_t,1.2,dynamic,28.807574419318268
1.5,nan,1.4393680796884267,1.3355859180986545,1.448909640517548,1.3355859180986545,,0.0,0.5,0.5,1.5,0.008,2.0,262,1.4016895744463937,hill_alpha,stable,4,refinement,1.3538099398273717,1.4397497421215917,nested,32768,160,student_t,1.2,dynamic,23.468381134300735
1.5,nan,1.435515059880986,1.360292898334065,1.435515059880986,1.3149641923947355,,0.0,0.5,0.5,1.5,0.012,2.0,393,1.4098501857252053,hill_alpha,stable,4,refinement,1.3584797500964918,1.4252256393830804,nested,32768,160,student_t,1.2,dynamic,17.565457222056963
1.5,nan,1.4151533543406196,1.344091979441044,1.4239025686507896,1.296992945971709,,0.0,0.5,0.5,1.5,0.018,2.0,589,1.3987975764704141,hill_alpha,stable,4,refinement,1.3422080181022706,1.4155033229130263,nested,32768,160,student_t,1.2,dynamic,12.99568536828911
1.5,nan,1.377473168385301,1.3563048796372634,1.377473168385301,1.3563048796372634,,0.0,0.5,0.5,1.5,0.03,2.0,983,1.3664264442962177,hill_alpha,stable,4,refinement,1.360639283119273,1.3726946883768296,nested,32768,160,student_t,1.2,dynamic,8.873745536506643
1.5,nan,0.8251915697348251,0.68574229690655,0.8251915697348251,0.68574229690655,,0.0,0.5,0.5,0.6666666666666666,0.003,2.0,98,0.7112977421214075,hill_xi,stable,4,refinement,0.687549452111953,0.7809819909781133,nested,32768,160,student_t,1.2,dynamic,45.997805408487295
1.5,nan,0.8090917638527135,0.6445111116740458,0.8090917638527135,0.6197351836855854,,0.0,0.5,0.5,0.6666666666666666,0.004,2.0,131,0.7033524613873242,hill_xi,stable,4,refinement,0.6435200745545074,0.7746883010972392,nested,32768,160,student_t,1.2,dynamic,39.17093164190105
1.5,nan,0.76339640852569,0.6918887394810178,0.76339640852569,0.6918887394810178,,0.0,0.5,0.5,0.6666666666666666,0.006,2.0,196,0.6975600070290817,hill_xi,stable,4,refinement,0.6923627032970022,0.7340431804144044,nested,32768,160,student_t,1.2,dynamic,28.807574419318268
1.5,nan,0.7383870715668777,0.6901741640995651,0.7487350581111278,0.6901741640995651,,0.0,0.5,0.5,0.6666666666666666,0.008,2.0,262,0.7137123153092981,hill_xi,stable,4,refinement,0.6945956272178389,0.7388009910286477,nested,32768,160,student_t,1.2,dynamic,23.468381134300735
1.5,nan,0.7604769816422596,0.7018941316414702,0.7604769816422596,0.696614078073766,,0.0,0.5,0.5,0.6666666666666666,0.012,2.0,393,0.7093016024555254,hill_xi,stable,4,refinement,0.701682929498762,0.7369339599108757,nested,32768,160,student_t,1.2,dynamic,17.565457222056963
1.5,nan,0.7449113851150315,0.7022952426776954,0.7710142164657638,0.7022952426776954,,0.0,0.5,0.5,0.6666666666666666,0.018,2.0,589,0.71492086401988,hill_xi,stable,4,refinement,0.7064894498446228,0.7459554983690608,nested,32768,160,student_t,1.2,dynamic,12.99568536828911
1.5,nan,0.734859198182007,0.7286093768012063,0.737297354756583,0.7259669538044201,,0.0,0.5,0.5,0.6666666666666666,0.03,2.0,983,0.7318364207027118,hill_xi,stable,4,refinement,0.7285036798813349,0.73495672444499,nested,32768,160,student_t,1.2,dynamic,8.873745536506643
1.5,0.999,0.5707734100343717,0.44630173612620244,0.5707734100343717,0.4272229644144772,,0.0,0.5,0.5,nan,0.001,2.0,0,0.47658176004622743,mass_ratio,stable,4,refinement,0.44553858525773343,0.5309380191000463,nested,32768,160,student_t,1.2,dynamic,nan
1.5,0.9987164311578874,0.49200773814242726,0.4434154484847991,0.5015573676323576,0.4434154484847991,,0.0,0.5,0.5,nan,0.0012835688421125163,2.0,0,0.4765537798297844,mass_ratio,stable,4,refinement,0.45648776969549004,0.49238972332202446,nested,32768,160,student_t,1.2,dynamic,nan
1.5,0.998352451027558,0.5197510741785899,0.46032708366191377,0.5197510741785899,0.45671054234278297,,0.0,0.5,0.5,nan,0.0016475489724420657,2.0,0,0.4672812994837735,mass_ratio,stable,4,refinement,0.46018242200914855,0.4961676660863879,nested,32768,160,student_t,1.2,dynamic,nan
1.5,0.9978852574731188,0.4908185053997799,0.4432988126249517,0.49989080750456794,0.4432988126249517,,0.0,0.5,0.5,nan,0.0021147425268811283,2.0,0,0.4805907711245495,mass_ratio,stable,4,refinement,0.46064434526294634,0.49118139748397144,nested,32768,160,student_t,1.2,dynamic,nan
1.5,0.9972855823834051,0.5234455399405648,0.4841725531631981,0.5234455399405648,0.4841725531631981,,0.0,0.5,0.5,nan,0.002714417616594907,2.0,0,0.5018564508110015,mass_ratio,stable,4,refinement,0.48957535704763505,0.516168244144883,nested,32768,160,student_t,1.2,dynamic,nan
1.5,0.9965158581228575,0.539702346266546,0.5075358136761369,0.539702346266546,0.5075358136761369,,0.0,0.5,0.5,nan,0.0034841418771425405,2.0,0,0.5207801176971015,mass_ratio,stable,4,refinement,0.5129171756269291,0.5315955805324835,nested,32768,160,student_t,1.2,dynamic,nan
1.5,0.9955278640450004,0.5612292560709616,0.5253699312850052,0.5612292560709616,0.5253699312850052,,0.0,0.5,0.5,nan,0.00447213595499958,2.0,0,0.5495116002258373,mass_ratio,stable,4,refinement,0.5360361264744646,0.556526587167442,nested,32768,160,student_t,1.2,dynamic,nan
1.5,0.9942597056304714,0.5711625522755044,0.5567334349223023,0.5824759044322073,0.5567334349223023,,0.0,0.5,0.5,nan,0.005740294369528563,2.0,0,0.5591490490272281,mass_ratio,stable,4,refinement,0.5575568571687114,0.5716150863617725,nested,32768,160,student_t,1.2,dynamic,nan
1.5,0.9926319370027192,0.5980960975851843,0.5543798591376461,0.5980960975851843,0.5543798591376461,,0.0,0.5,0.5,nan,0.0073680629972807735,2.0,0,0.5790625020279344,mass_ratio,stable,4,refinement,0.5650479553617564,0.5901395440809324,nested,32768,160,student_t,1.2,dynamic,nan
1.5,0.9905425839099682,0.6123058460752749,0.5756542980419525,0.6139641745018982,0.5756542980419525,,0.0,0.5,0.5,nan,0.00945741609003176,2.0,0,0.606070049843365,mass_ratio,stable,4,refinement,0.5880566743600929,0.6123721792123399,nested,32768,160,student_t,1.2,dynamic,nan
1.5,0.9878607553799417,0.6262562808804867,0.6060095003296103,0.6262562808804867,0.6060095003296103,,0.0,0.5,0.5,nan,0.012139244620058345,2.0,0,0.6171211760823723,mass_ratio,stable,4,refinement,0.6108291599244667,0.622385375343861,nested,32768,160,student_t,1.2,dynamic,nan
1.5,0.9844184438389111,0.638726385778621,0.61930389880708,0.638726385778621,0.61930389880708,,0.0,0.5,0.5,nan,0.015581556161088883,2.0,0,0.6264626340523682,mass_ratio,stable,4,refinement,0.6214221908580952,0.6341576858167428,nested,32768,160,student_t,1.2,dynamic,nan
1.5,0.98,0.6597236199968542,0.6466021422982338,0.6597236199968542,0.6463098103531257,,0.0,0.5,0.5,nan,0.02,2.0,0,0.6486724603962222,mass_ratio,stable,4,refinement,0.6465904490204294,0.6552724967419334,nested,32768,160,student_t,1.2,dynamic,nan
1.5,nan,0.6588213954926567,0.5845012073959923,0.6616226093455811,0.5750583301726179,,0.0,0.5,0.5,0.6666666666666666,0.003,2.0,98,0.6254791266676232,pickands_xi,stable,4,refinement,0.5846006061036081,0.6589334440467738,nested,32768,160,student_t,1.2,dynamic,46.36979861631671
1.5,nan,0.8942465173435634,0.47443131279397127,1.041860900547267,0.47443131279397127,,0.0,0.5,0.5,0.6666666666666666,0.004,2.0,131,0.6694933232163385,pickands_xi,stable,4,refinement,0.5310344485534173,0.9001510926717116,nested,32768,160,student_t,1.2,dynamic,39.43975248988744
1.5,nan,0.7998589815405313,0.6790712701137147,0.7998589815405313,0.6440601171066295,,0.0,0.5,0.5,0.6666666666666666,0.006,2.0,196,0.7232356258444845,pickands_xi,stable,4,refinement,0.6776708239934314,0.7674733081137973,nested,32768,160,student_t,1.2,dynamic,28.898213703439843
1.5,nan,0.83571088452859,0.6319397789796335,0.83571088452859,0.6319397789796335,,0.0,0.5,0.5,0.6666666666666666,0.008,2.0,262,0.7096760304447878,pickands_xi,stable,4,refinement,0.6498738322389523,0.7945935020123202,nested,32768,160,student_t,1.2,dynamic,23.57512892266278
1.5,nan,0.7314298428260737,0.6938168820387121,0.7612033269402175,0.6938168820387121,,0.0,0.5,0.5,0.6666666666666666,0.012,2.0,393,0.7007741174687121,pickands_xi,stable,4,refinement,0.6967328792483676,0.7326207821906394,nested,32768,160,student_t,1.2,dynamic,17.62183571174827
1.5,nan,0.8052066108094158,0.711729557791355,0.8052066108094158,0.711729557791355,,0.0,0.5,0.5,0.6666666666666666,0.018,2.0,589,0.7626265263365044,pickands_xi,stable,4,refinement,0.7335695085135714,0.7873587644418736,nested,32768,160,student_t,1.2,dynamic,13.010989775182349
1.5,nan,0.7509467623206183,0.7138876130986557,0.774679003414376,0.7069415753048303,,0.0,0.5,0.5,0.6666666666666666,0.03,2.0,983,0.7240240860596708,pickands_xi,stable,4,refinement,0.7136097715869026,0.7518960519643686,nested,32768,160,student_t,1.2,dynamic,8.881140980103147
1.5,nan,0.9900005706017648,0.9089292405519472,1.0277723040084885,0.9089292405519472,,0.0,0.5,0.5,2.4621304596238422,0.003,2.0,98,0.933065952802461,tail_constant,stable,4,refinement,0.9113166779237554,0.9915114399380338,nested,32768,160,student_t,1.2,dynamic,45.997805408487295
1.5,nan,1.0132794603069353,0.9288939579790438,1.0132794603069353,0.8820350679241821,,0.0,0.5,0.5,2.4621304596238422,0.004,2.0,131,0.9800960378169192,tail_constant,stable,4,refinement,0.9270196023768493,0.999436148607574,nested,32768,160,student_t,1.2,dynamic,39.17093164190105
1.5,nan,0.9860372711332346,0.9014964953435924,0.9860372711332346,0.9014964953435924,,0.0,0.5,0.5,2.4621304596238422,0.006,2.0,196,0.9248437106163078,tail_constant,stable,4,refinement,0.910271188089993,0.9590963326696125,nested,32768,160,student_t,1.2,dynamic,28.807574419318268
1.5,nan,0.9681394830640201,0.8498970400712011,0.9681394830640201,0.8498970400712011,,0.0,0.5,0.5,2.4621304596238422,0.008,2.0,262,0.9090259383123642,tail_constant,stable,4,refinement,0.877517790544169,0.9405261022660156,nested,32768,160,student_t,1.2,dynamic,23.468381134300735
1.5,nan,0.9032452838483933,0.8528429730262423,0.9032452838483933,0.8528429730262423,,0.0,0.5,0.5,2.4621304596238422,0.012,2.0,393,0.8829436248525908,tail_constant,stable,4,refinement,0.8655862359963932,0.8952055374369046,nested,32768,160,student_t,1.2,dynamic,17.565457222056963
1.5,nan,0.8447312157322946,0.8395432683510347,0.8449432413015611,0.8394015723178617,,0.0,0.5,0.5,2.4621304596238422,0.018,2.0,589,0.8421020772736179,tail_constant,stable,4,refinement,0.8395376005097077,0.8447396967550652,nested,32768,160,student_t,1.2,dynamic,12.99568536828911
1.5,nan,0.8320820168219437,0.7848087340125263,0.8320820168219437,0.7808796469426282,,0.0,0.5,0.5,2.4621304596238422,0.03,2.0,983,0.7929870907724356,tail_constant,stable,4,refinement,0.7846515705297303,0.8153561017693852,nested,32768,160,student_t,1.2,dynamic,8.873745536506643
1.5,nan,1.3515205792899248,1.2351851122765114,1.374878372277164,1.2351851122765114,,0.0,0.5,0.5,1.5,0.003,2.0,49,1.2856403123617395,hill_alpha,stable,4,refinement,1.2389928208257668,1.3524548910094143,block,16384,40,student_t,1.2,dynamic,46.834707942412244
1.5,nan,1.4256986356447259,1.2429883060113522,1.4953428076640782,1.2429883060113522,,0.0,0.5,0.5,1.5,0.004,2.0,65,1.3412104352967695,hill_alpha,stable,4,refinement,1.2865286578989148,1.4249655390972078,block,16384,40,student_t,1.2,dynamic,38.53254636329844
1.5,nan,1.4000955954677479,1.3333952390937691,1.4000955954677479,1.3175955601381335,,0.0,0.5,0.5,1.5,0.006,2.0,98,1.3732902279937083,hill_alpha,stable,4,refinement,1.332763251935544,1.3987947678534745,block,16384,40,student_t,1.2,dynamic,28.88728264354607
1.5,nan,1.409850065896614,1.3390665685844862,1.4583232284457206,1.3390665685844862,,0.0,0.5,0.5,1.5,0.008,2.0,131,1.3569613566979641,hill_alpha,stable,4,refinement,1.345536604487175,1.4117889923985782,block,16384,40,student_t,1.2,dynamic,23.32783290846983
1.5,nan,1.3875196738409237,1.3390250921591238,1.3875196738409237,1.3390250921591238,,0.0,0.5,0.5,1.5,0.012,2.0,196,1.3524055323555952,hill_alpha,stable,4,refinement,1.3439185949932695,1.3721939943881265,block,16384,40,student_t,1.2,dynamic,17.377461302848538
1.5,nan,1.3857195815167982,1.3426354222445511,1.3857195815167982,1.3263887667725385,,0.0,0.5,0.5,1.5,0.018,2.0,294,1.3658843620877688,hill_alpha,stable,4,refinement,1.3419855560256706,1.3795597726890425,block,16384,40,student_t,1.2,dynamic,12.955080061067434
1.5,nan,1.4058149042060797,1.3285431392050637,1.4058149042060797,1.3285431392050637,,0.0,0.5,0.5,1.5,0.03,2.0,491,1.3582670623177204,hill_alpha,stable,4,refinement,1.3411176886751093,1.3846848737236968,block,16384,40,student_t,1.2,dynamic,8.844440462001236
1.5,nan,0.8096592179948082,0.7274447409390651,0.8096592179948082,0.7274447409390651,,0.0,0.5,0.5,0.6666666666666666,0.003,2.0,49,0.7809139984891842,hill_xi,stable,4,refinement,0.7398942296217363,0.8090772675734946,block,16384,40,student_t,1.2,dynamic,46.834707942412244
1.5,nan,0.7772434833861854,0.6691946824383764,0.8045750224844692,0.6691946824383764,,0.0,0.5,0.5,0.6666666666666666,0.004,2.0,65,0.7468475268284652,hill_xi,stable,4,refinement,0.7049971273650896,0.7783367449501167,block,16384,40,student_t,1.2,dynamic,38.53254636329844
1.5,nan,0.760400065825533,0.7155418620046152,0.760400065825533,0.7155418620046152,,0.0,0.5,0.5,0.6666666666666666,0.006,2.0,98,0.7288709668153025,hill_xi,stable,4,refinement,0.7160251220081185,0.751180808606249,block,16384,40,student_t,1.2,dynamic,28.88728264354607
1.5,nan,0.7431824023205235,0.7120185055094008,0.7468855891005359,0.6894748792923111,,0.0,0.5,0.5,0.6666666666666666,0.008,2.0,131,0.7370206736335008,hill_xi,stable,4,refinement,0.7111167604607173,0.743330529791724,block,16384,40,student_t,1.2,dynamic,23.32783290846983
1.5,nan,0.7448054704508684,0.7207366298916275,0.7477916844524896,0.7207366298916275,,0.0,0.5,0.5,0.6666666666666666,0.012,2.0,196,0.7398192286186243,hill_xi,stable,4,refinement,0.7289362639218867,0.7449249190109333,block,16384,40,student_t,1.2,dynamic,17.377461302848538
1.5,nan,0.7449380283415864,0.7216845716132777,0.7539495509737246,0.7216845716132777,,0.0,0.5,0.5,0.6666666666666666,0.018,2.0,294,0.7324410811017933,hill_xi,stable,4,refinement,0.7251746923560909,0.7452984892468719,block,16384,40,student_t,1.2,dynamic,12.955080061067434
1.5,nan,0.7527042192897819,0.7114235890149374,0.7527042192897819,0.7114235890149374,,0.0,0.5,0.5,0.6666666666666666,0.03,2.0,491,0.7363336980366657,hill_xi,stable,4,refinement,0.7224743115057124,0.7457524989279407,block,16384,40,student_t,1.2,dynamic,8.844440462001236
1.5,0.999,0.4788788952966044,0.4250138432897066,0.48909736194671516,0.4250138432897066,,0.0,0.5,0.5,nan,0.001,2.0,0,0.4596986171738624,mass_ratio,stable,4,refinement,0.4373608652472384,0.4792876339626088,block,16384,40,student_t,1.2,dynamic,nan
1.5,0.9987164311578874,0.494778911590969,0.4657239703014624,0.494778911590969,0.4657239703014624,,0.0,0.5,0.5,nan,0.0012835688421125163,2.0,0,0.4811620546701338,mass_ratio,stable,4,refinement,0.4711762101842864,0.4902008608831063,block,16384,40,student_t,1.2,dynamic,nan
1.5,0.998352451027558,0.5265861141111268,0.4468398805622593,0.5265861141111268,0.4468398805622593,,0.0,0.5,0.5,nan,0.0016475489724420657,2.0,0,0.48738279702783727,mass_ratio,stable,4,refinement,0.4655209845836551,0.5085480177932294,block,16384,40,student_t,1.2,dynamic,nan
1.5,0.9978852574731188,0.5160752547497405,0.4765973491334633,0.5273073713292091,0.4765973491334633,,0.0,0.5,0.5,nan,0.0021147425268811283,2.0,0,0.492328352740031,mass_ratio,stable,4,refinement,0.4781411338581002,0.5165245394129192,block,16384,40,student_t,1.2,dynamic,nan
1.5,0.9972855823834051,0.5190324370479888,0.4967301110184932,0.5190324370479888,0.48809522070959344,,0.0,0.5,0.5,nan,0.002714417616594907,2.0,0,0.5063869359080464,mass_ratio,stable,4,refinement,0.4963847154061372,0.5134531250995302,block,16384,40,student_t,1.2,dynamic,nan
1.5,0.9965158581228575,0.5309539675702699,0.5111208076251585,0.5309539675702699,0.5044745757136335,,0.0,0.5,0.5,nan,0.0034841418771425405,2.0,0,0.520841383919247,mass_ratio,stable,4,refinement,0.5108549583486977,0.5275756127214093,block,16384,40,student_t,1.2,dynamic,nan
1.5,0.9955278640450004,0.5504980964268067,0.5366138913929948,0.5589142285356267,0.532544361242513,,0.0,0.5,0.5,nan,0.00447213595499958,2.0,0,0.5413826929307316,mass_ratio,stable,4,refinement,0.5364511101869756,0.5508347417111594,block,16384,40,student_t,1.2,dynamic,nan
1.5,0.9942597056304714,0.5923959138669028,0.5350749567252486,0.5923959138669028,0.5350749567252486,,0.0,0.5,0.5,nan,0.005740294369528563,2.0,0,0.5618533285610192,mass_ratio,stable,4,refinement,0.5445168485884896,0.5811471995380076,block,16384,40,student_t,1.2,dynamic,nan
1.5,0.9926319370027192,0.5943687653477822,0.5568648038685461,0.6057569008742238,0.5568648038685461,,0.0,0.5,0.5,nan,0.0073680629972807735,2.0,0,0.5780537090089692,mass_ratio,stable,4,refinement,0.564670556346011,0.5948242907688398,block,16384,40,student_t,1.2,dynamic,nan
1.5,0.9905425839099682,0.6161157549211199,0.5834601591744368,0.6161157549211199,0.5683201723335942,,0.0,0.5,0.5,nan,0.00945741609003176,2.0,0,0.6033316211262281,mass_ratio,stable,4,refinement,0.5828545597008031,0.6122504787528271,block,16384,40,student_t,1.2,dynamic,nan
1.5,0.9878607553799417,0.6196771664823968,0.5940352006803186,0.6196771664823968,0.5940352006803186,,0.0,0.5,0.5,nan,0.012139244620058345,2.0,0,0.6102715695394108,mass_ratio,stable,4,refinement,0.6016915619638504,0.615299575718596,block,16384,40,student_t,1.2,dynamic,nan
1.5,0.9844184438389111,0.6344503349831507,0.6186060668327276,0.6365421217913085,0.6081176631967793,,0.0,0.5,0.5,nan,0.015581556161088883,2.0,0,0.6307265093218344,mass_ratio,stable,4,refinement,0.6181865306872897,0.6345340064554771,block,16384,40,student_t,1.2,dynamic,nan
1.5,0.98,0.6491866848404274,0.6390246428218993,0.6491866848404274,0.6354110791986477,,0.0,0.5,0.5,nan,0.02,2.0,0,0.6432199094196214,mass_ratio,stable,4,refinement,0.6388801002769693,0.6466018500661863,block,16384,40,student_t,1.2,dynamic,nan
1.5,nan,0.7202942397451577,0.5301443009959365,0.7202942397451577,0.5301443009959365,,0.0,0.5,0.5,0.6666666666666666,0.003,2.0,49,0.6765117198400672,pickands_xi,stable,4,refinement,0.5861456048685947,0.7135336873632386,block,16384,40,student_t,1.2,dynamic,47.631716689006794
1.5,nan,0.7991348360371818,0.44106506939547196,0.9280556748796169,0.44106506939547196,,0.0,0.5,0.5,0.6666666666666666,0.004,2.0,65,0.6402234610243834,pickands_xi,stable,4,refinement,0.5222656400155751,0.8042916695908793,block,16384,40,student_t,1.2,dynamic,38.92474702858871
1.5,nan,0.8202617224109692,0.6058732666461302,0.8202617224109692,0.6058732666461302,,0.0,0.5,0.5,0.6666666666666666,0.006,2.0,98,0.7326214457692898,pickands_xi,stable,4,refinement,0.6502163763647378,0.794690405883472,block,16384,40,student_t,1.2,dynamic,28.926513227611935
1.5,nan,0.7293733152520347,0.7164227666553914,0.7293733152520347,0.7142427657289634,,0.0,0.5,0.5,0.6666666666666666,0.008,2.0,131,0.7207377237659973,pickands_xi,stable,4,refinement,0.7163355666183343,0.7262530103071422,block,16384,40,student_t,1.2,dynamic,23.471882604322396
1.5,nan,0.8069575034513473,0.6900017402581882,0.900709486698843,0.6900017402581882,,0.0,0.5,0.5,0.6666666666666666,0.012,2.0,196,0.7057712555890553,pickands_xi,stable,4,refinement,0.6940026606019022,0.8107075827812471,block,16384,40,student_t,1.2,dynamic,17.42783067246265
1.5,nan,0.7541052218110446,0.7171342466415298,0.7704520924570766,0.7171342466415298,,0.0,0.5,0.5,0.6666666666666666,0.018,2.0,294,0.7329375047975654,pickands_xi,stable,4,refinement,0.7224058043000522,0.7547590966368858,block,16384,40,student_t,1.2,dynamic,12.984861483430024
1.5,nan,0.7983343558405614,0.6853855312939902,0.7983343558405614,0.6828256292483463,,0.0,0.5,0.5,0.6666666666666666,0.03,2.0,491,0.7291287404802954,pickands_xi,stable,4,refinement,0.6852831352121644,0.7848836478951512,block,16384,40,student_t,1.2,dynamic,8.865136157939117
1.5,nan,0.9909879067527694,0.9243744077972638,1.0144522123018986,0.8989401248458586,,0.0,0.5,0.5,2.403354879376054,0.003,2.0,49,0.9586661459761545,tail_constant,stable,4,refinement,0.9233570364792075,0.9919264789747345,block,16384,40,student_t,1.2,dynamic,46.834707942412244
1.5,nan,0.9692012592108756,0.9161400668720577,0.9861742529655549,0.8865018229222654,,0.0,0.5,0.5,2.403354879376054,0.004,2.0,65,0.9490032881390231,tail_constant,stable,4,refinement,0.914954537114066,0.9698801789610627,block,16384,40,student_t,1.2,dynamic,38.53254636329844
1.5,nan,0.9736702703731107,0.8921971089657265,0.9736702703731107,0.872373643421547,,0.0,0.5,0.5,2.403354879376054,0.006,2.0,98,0.9287348482371353,tail_constant,stable,4,refinement,0.8914041703439592,0.9601241191369125,block,16384,40,student_t,1.2,dynamic,28.88728264354607
1.5,nan,0.9523568378882761,0.8558293096679853,0.9523568378882761,0.8428676221537358,,0.0,0.5,0.5,2.403354879376054,0.008,2.0,131,0.901189210149776,tail_constant,stable,4,refinement,0.8553108421674154,0.9433475187982158,block,16384,40,student_t,1.2,dynamic,23.32783290846983
1.5,nan,0.885605377845023,0.8485872206831226,0.8982549831017552,0.8355908349613563,,0.0,0.5,0.5,2.403354879376054,0.012,2.0,196,0.8666039207988774,tail_constant,stable,4,refinement,0.848067365254252,0.8854722241054883,block,16384,40,student_t,1.2,dynamic,17.377461302848538
1.5,nan,0.8479810688546832,0.8217766746425671,0.8572052346377724,0.808811740834968,,0.0,0.5,0.5,2.403354879376054,0.018,2.0,294,0.83674925576088,tail_constant,stable,4,refinement,0.8212580772902631,0.8483500354860066,block,16384,40,student_t,1.2,dynamic,12.955080061067434
1.5,nan,0.8031269473592739,0.7779891943867301,0.8031269473592739,0.767897171068392,,0.0,0.5,0.5,2.403354879376054,0.03,2.0,491,0.7882628485070942,tail_constant,stable,4,refinement,0.7775855134539965,0.7960793626952002,block,16384,40,student_t,1.2,dynamic,8.844440462001236
1.5,nan,0.009037687625367732,0.007855363794312854,0.009037687625367732,0.007517898664592618,,0.0,0.5,0.5,0.0,nan,2.0,0,0.008214788454484903,control_ecf_rmse,stable,4,refinement,0.007841865189124044,0.008653236597960846,full,16384,40,student_t,1.2,dynamic,0.5
1.5,nan,0.011134810372003038,0.00634458133804716,0.011134810372003038,0.00634458133804716,,0.0,0.5,0.5,0.0,nan,2.0,0,0.007914380222169117,control_ecf_rmse,stable,4,refinement,0.007034563439149272,0.009652525263359184,full,16384,40,student_t,1.2,dynamic,0.875
1.5,nan,0.012362877800391834,0.008062061324540844,0.012362877800391834,0.007592321995945983,,0.0,0.5,0.5,0.0,nan,2.0,0,0.009220522532988412,control_ecf_rmse,stable,4,refinement,0.00804327175139705,0.011185133774367492,full,16384,40,student_t,1.2,dynamic,1.25
1.5,nan,0.010177616008098214,0.007910497002939134,0.010177616008098214,0.007879529815098518,,0.0,0.5,0.5,0.0,nan,2.0,0,0.008574659308936278,control_ecf_rmse,stable,4,refinement,0.00790925831542551,0.009712130449215619,full,16384,40,student_t,1.2,dynamic,1.625
1.5,nan,0.01025276929015227,0.007937239319713674,0.01025276929015227,0.007419724112076094,,0.0,0.5,0.5,0.0,nan,2.0,0,0.009168368751363697,control_ecf_rmse,stable,4,refinement,0.007916538711408171,0.01007479185905973,full,16384,40,student_t,1.2,dynamic,2.0
1.5,nan,0.6212434812064549,0.42491563572391244,0.6212434812064549,0.42491563572391244,,0.0,0.5,0.5,0.0,nan,2.0,0,0.5016288779753098,control_w1,stable,4,refinement,0.4296602889321375,0.5959061747279508,full,16384,40,student_t,1.2,dynamic,0.5
1.5,nan,0.7357850022395636,0.4077703269638798,0.7357850022395636,0.4077703269638798,,0.0,0.5,0.5,0.0,nan,2.0,0,0.44207116230877475,control_w1,stable,4,refinement,0.42131914425192224,0.5977179427502921,full,16384,40,student_t,1.2,dynamic,0.875
1.5,nan,0.44034044381307286,0.23769442094466556,0.44034044381307286,0.23769442094466556,,0.0,0.5,0.5,0.0,nan,2.0,0,0.39388939492025643,control_w1,stable,4,refinement,0.3085859821993866,0.4221259665980835,full,16384,40,student_t,1.2,dynamic,1.25
1.5,nan,0.32766517913996895,0.23602568210327546,0.3279649699129841,0.2008250238124798,,0.0,0.5,0.5,0.0,nan,2.0,0,0.3011485306063487,control_w1,stable,4,refinement,0.2363962153484464,0.3276771707708896,full,16384,40,student_t,1.2,dynamic,1.625
1.5,nan,0.3112612471776306,0.23114570315906002,0.36150333783366867,0.211517442658039,,0.0,0.5,0.5,0.0,nan,2.0,0,0.2558965600908367,control_w1,stable,4,refinement,0.2303605727390192,0.3132709308038721,full,16384,40,student_t,1.2,dynamic,2.0
1.5,nan,0.016836987251941913,0.01031051914584084,0.019983897912632106,0.008475432414718426,,1.0,0.5,0.5,0.0,nan,2.0,0,0.012917841234107486,pt_ecf_sup_exact_a,stable,4,refinement,0.010237115676595944,0.01696286367836952,full,16384,40,student_t,1.2,dynamic,0.5
1.5,nan,0.01392665177462146,0.009649690078813078,0.01392665177462146,0.009649690078813078,,1.0,0.5,0.5,0.0,nan,2.0,0,0.012427966166155501,pt_ecf_sup_exact_a,stable,4,refinement,0.01062898071754666,0.01356156456574858,full,16384,40,student_t,1.2,dynamic,0.875
1.5,nan,0.01706341184584461,0.011646794741551315,0.01706341184584461,0.011613793292350962,,1.0,0.5,0.5,0.0,nan,2.0,0,0.013423390828437402,pt_ecf_sup_exact_a,stable,4,refinement,0.0116454746835833,0.0161531271835783,full,16384,40,student_t,1.2,dynamic,1.25
1.5,nan,0.01522131025689042,0.010684504280026983,0.01522131025689042,0.009300268166573497,,1.0,0.5,0.5,0.0,nan,2.0,0,0.013597996101116817,pt_ecf_sup_exact_a,stable,4,refinement,0.010629134835488843,0.015176162201784537,full,16384,40,student_t,1.2,dynamic,1.625
1.5,nan,0.013745921037138184,0.009471476187012075,0.013745921037138184,0.009471476187012075,,1.0,0.5,0.5,0.0,nan,2.0,0,0.010878197567509143,pt_ecf_sup_exact_a,stable,4,refinement,0.009792324443857392,0.012723791777509522,full,16384,40,student_t,1.2,dynamic,2.0
1.5,nan,0.017158026859301824,0.010232855355706798,0.017158026859301824,0.010232855355706798,,1.0,0.5,0.5,0.0,nan,2.0,0,0.014086848438730494,pt_ecf_sup_exact_b,stable,4,refinement,0.011552203872626406,0.01621442938035935,full,16384,40,student_t,1.2,dynamic,0.5
1.5,nan,0.01748192632829241,0.011991449918298876,0.020005810954972843,0.011361282022455309,,1.0,0.5,0.5,0.0,nan,2.0,0,0.013789829757877209,pt_ecf_sup_exact_b,stable,4,refinement,0.011966243202465133,0.017582881713359626,full,16384,40,student_t,1.2,dynamic,0.875
1.5,nan,0.016801646327264427,0.015142167539238225,0.01782265223891478,0.015142167539238225,,1.0,0.5,0.5,0.0,nan,2.0,0,0.015638812736866386,pt_ecf_sup_exact_b,stable,4,refinement,0.015312479948300851,0.016842486563730445,full,16384,40,student_t,1.2,dynamic,1.25
1.5,nan,0.013171364113885387,0.00951597115762191,0.01402350794759368,0.00951597115762191,,1.0,0.5,0.5,0.0,nan,2.0,0,0.011770554686344211,pt_ecf_sup_exact_b,stable,4,refinement,0.01033481176636883,0.013205449867233718,full,16384,40,student_t,1.2,dynamic,1.625
1.5,nan,0.01251555449504649,0.010023467675299767,0.01251555449504649,0.010023467675299767,,1.0,0.5,0.5,0.0,nan,2.0,0,0.011613165152759793,pt_ecf_sup_exact_b,stable,4,refinement,0.01066928550624115,0.012199644568988303,full,16384,40,student_t,1.2,dynamic,2.0
1.5,nan,0.01626195895478101,0.010685289248555368,0.01626195895478101,0.010685289248555368,,1.0,0.5,0.5,0.0,nan,2.0,0,0.011810435393172928,pt_ecf_sup_exact_c,stable,4,refinement,0.010896400603852155,0.014454186439328772,full,16384,40,student_t,1.2,dynamic,0.5
1.5,nan,0.01138426088680153,0.008447439027865168,0.011592175723813637,0.008447439027865168,,1.0,0.5,0.5,0.0,nan,2.0,0,0.010772172384073395,pt_ecf_sup_exact_c,stable,4,refinement,0.009379812850013452,0.011382072309569986,full,16384,40,student_t,1.2,dynamic,0.875
1.5,nan,0.016349689773405472,0.011167728134053739,0.016752227807400898,0.011167728134053739,,1.0,0.5,0.5,0.0,nan,2.0,0,0.015892893137424327,pt_ecf_sup_exact_c,stable,4,refinement,0.013409763206718479,0.016365791294765286,full,16384,40,student_t,1.2,dynamic,1.25
1.5,nan,0.013665093364801654,0.00983717628482468,0.013665093364801654,0.009108482701840755,,1.0,0.5,0.5,0.0,nan,2.0,0,0.010682721662133157,pt_ecf_sup_exact_c,stable,4,refinement,0.009808028541505323,0.01228964380879656,full,16384,40,student_t,1.2,dynamic,1.625
1.5,nan,0.015524231294568841,0.012355249688194164,0.015524231294568841,0.012355249688194164,,1.0,0.5,0.5,0.0,nan,2.0,0,0.013886371070373793,pt_ecf_sup_exact_c,stable,4,refinement,0.012723474116557169,0.015104772222038435,full,16384,40,student_t,1.2,dynamic,2.0
1.5,nan,0.014094279762617594,0.01188869991468233,0.01423341555836004,0.01056342927756914,,1.0,0.5,0.5,0.0,nan,2.0,0,0.013584557259335335,pt_ecf_sup_numerical,stable,4,refinement,0.011835689089197804,0.014099845194447291,full,16384,40,student_t,1.2,dynamic,0.5
1.5,nan,0.017148260557421163,0.009827772338388878,0.017148260557421163,0.00866674308041804,,1.0,0.5,0.5,0.0,nan,2.0,0,0.011676780461243047,pt_ecf_sup_numerical,stable,4,refinement,0.009781331168070045,0.014852179966399665,full,16384,40,student_t,1.2,dynamic,0.875
1.5,nan,0.018530188384711554,0.013045471418053347,0.018530188384711554,0.012820347931612535,,1.0,0.5,0.5,0.0,nan,2.0,0,0.01356108775616343,pt_ecf_sup_numerical,stable,4,refinement,0.013036466478595713,0.016284456651809706,full,16384,40,student_t,1.2,dynamic,1.25
1.5,nan,0.023799294929235378,0.016251608111926788,0.023799294929235378,0.015960568450745845,,1.0,0.5,0.5,0.0,nan,2.0,0,0.01828556238416446,pt_ecf_sup_numerical,stable,4,refinement,0.01623996652547955,0.02198930232090857,full,16384,40,student_t,1.2,dynamic,1.625
1.5,nan,0.017044208888292438,0.011553406169243665,0.017044208888292438,0.011553406169243665,,1.0,0.5,0.5,0.0,nan,2.0,0,0.01406338464642826,pt_ecf_sup_numerical,stable,4,refinement,0.011967310188757371,0.01640429890173253,full,16384,40,student_t,1.2,dynamic,2.0
1.5,nan,2.8608537408173146e-05,2.852144960938e-05,2.8608537408173146e-05,2.8505712930395867e-05,,1.0,0.5,0.5,0.0,nan,2.0,0,2.8546154286681573e-05,score_table_ecf_rmse,stable,4,refinement,2.852161525863247e-05,2.8582103032637728e-05,full,16384,40,student_t,1.2,dynamic,nan
1.5,nan,9.57810766810674e-07,2.2167346869217397e-07,1.5407347535578708e-06,2.2167346869217397e-07,,1.0,0.5,0.5,0.0,nan,2.0,0,3.1311164294667293e-07,score_table_hill_alpha_absdiff,stable,4,refinement,2.3591172651826753e-07,9.811277262805617e-07,full,16384,40,student_t,1.2,dynamic,nan
1.5,nan,7.885388007209035e-07,5.02082950225652e-07,9.330489971376911e-07,5.02082950225652e-07,,1.0,0.5,0.5,0.0,nan,2.0,0,6.176948652309892e-07,score_table_tail_constant_reldiff,stable,4,refinement,5.449364746731131e-07,7.94319208577575e-07,full,16384,40,student_t,1.2,dynamic,nan
1.5,nan,7.51127927913414e-05,7.481555305529241e-05,7.51127927913414e-05,7.481555305529241e-05,,0.0,0.5,0.5,0.0,nan,2.0,0,7.499996330306133e-05,score_table_trajectory_mean_abs,stable,4,refinement,7.487787116338605e-05,7.50848334478024e-05,full,16384,40,student_t,1.2,dynamic,0.5
1.5,nan,5.832597299500353e-05,5.80883603811232e-05,5.832597299500353e-05,5.80883603811232e-05,,0.0,0.5,0.5,0.0,nan,2.0,0,5.8258306038684856e-05,score_table_trajectory_mean_abs,stable,4,refinement,5.814298410247162e-05,5.832044305025174e-05,full,16384,40,student_t,1.2,dynamic,0.875
1.5,nan,4.091729102585241e-05,4.071646706686355e-05,4.091729102585241e-05,4.0682257078384847e-05,,0.0,0.5,0.5,0.0,nan,2.0,0,4.079599638970331e-05,score_table_trajectory_mean_abs,stable,4,refinement,4.071682717200544e-05,4.087909437631311e-05,full,16384,40,student_t,1.2,dynamic,1.25
1.5,nan,2.1702873051829968e-05,2.1619817284656737e-05,2.173334519989617e-05,2.1619817284656737e-05,,0.0,0.5,0.5,0.0,nan,2.0,0,2.1666171472074867e-05,score_table_trajectory_mean_abs,stable,4,refinement,2.163907716740677e-05,2.1704091937752615e-05,full,16384,40,student_t,1.2,dynamic,1.625
1.5,nan,0.0,0.0,0.0,0.0,,0.0,0.5,0.5,0.0,nan,2.0,0,0.0,score_table_trajectory_mean_abs,stable,4,refinement,0.0,0.0,full,16384,40,student_t,1.2,dynamic,2.0
1.5,nan,7.112227381489354e-05,7.091305342222312e-05,7.112227381489354e-05,7.085290959013434e-05,,1.0,0.5,0.5,0.0,nan,2.0,0,7.102547052941258e-05,score_table_w1,stable,4,refinement,7.091064766893957e-05,7.1100899409911e-05,full,16384,40,student_t,1.2,dynamic,nan
1.5,nan,1.373486247702179,1.231497655354144,1.373486247702179,1.231497655354144,,0.0,0.5,0.5,1.5,0.003,2.0,196,1.278074257211343,hill_alpha,stable,4,refinement,1.2418015283625339,1.3397413881496434,full,65536,40,student_t,1.2,dynamic,47.202283207033304
1.5,nan,1.3958061169788287,1.248573895258902,1.4601629364843982,1.248573895258902,,0.0,0.5,0.5,1.5,0.004,2.0,262,1.313806369459793,hill_alpha,stable,4,refinement,1.2714168774288659,1.3983803897590517,full,65536,40,student_t,1.2,dynamic,38.756042823673226
1.5,nan,1.37835992223664,1.3279739559183819,1.3820024502453296,1.3279739559183819,,0.0,0.5,0.5,1.5,0.006,2.0,393,1.3598921920046185,hill_alpha,stable,4,refinement,1.3361786121725763,1.3785056233569875,full,65536,40,student_t,1.2,dynamic,28.868791813579975
1.5,nan,1.3695961275950768,1.3299089269842277,1.3778528898979634,1.3299089269842277,,0.0,0.5,0.5,1.5,0.008,2.0,524,1.3571030743775998,hill_alpha,stable,4,refinement,1.3409286980940431,1.369926398087192,full,65536,40,student_t,1.2,dynamic,23.40846373633238
1.5,nan,1.3723280142644523,1.3481432465497634,1.3793944760787407,1.3470267010618564,,0.0,0.5,0.5,1.5,0.012,2.0,786,1.357260672243917,hill_alpha,stable,4,refinement,1.3480985847302471,1.3726106727370238,full,65536,40,student_t,1.2,dynamic,17.418898342865436
1.5,nan,1.3848070237131476,1.3409797363084488,1.391642294988156,1.3339173964149593,,0.0,0.5,0.5,1.5,0.018,2.0,1179,1.3630069143200387,hill_alpha,stable,4,refinement,1.3406972427127093,1.3850804345641479,full,65536,40,student_t,1.2,dynamic,12.990866289301879
1.5,nan,1.4067227434931222,1.3388795900078219,1.4067227434931222,1.3250439499568782,,0.0,0.5,0.5,1.5,0.03,2.0,1966,1.3591877492387745,hill_alpha,stable,4,refinement,1.3383261644057842,1.3870127554574396,full,65536,40,student_t,1.2,dynamic,8.887135561622276
1.5,nan,0.8120194103921605,0.7477126758479076,0.8120194103921605,0.728074272074427,,0.0,0.5,0.5,0.6666666666666666,0.003,2.0,196,0.7827292852274694,hill_xi,stable,4,refinement,0.7469271396969683,0.8053416890040278,full,65536,40,student_t,1.2,dynamic,47.202283207033304
1.5,nan,0.8009137495163167,0.6848550767955237,0.8009137495163167,0.6848550767955237,,0.0,0.5,0.5,0.6666666666666666,0.004,2.0,262,0.7612844557493522,hill_xi,stable,4,refinement,0.7166340494252045,0.7867988177763307,full,65536,40,student_t,1.2,dynamic,38.756042823673226
1.5,nan,0.7482421054716402,0.7235877185474472,0.7530268161836305,0.7235877185474472,,0.0,0.5,0.5,0.6666666666666666,0.006,2.0,393,0.7354398150970798,hill_xi,stable,4,refinement,0.7254282866532373,0.7484334939001198,full,65536,40,student_t,1.2,dynamic,28.868791813579975
1.5,nan,0.7519311884518688,0.7301687886835171,0.7519311884518688,0.7257668850802024,,0.0,0.5,0.5,0.6666666666666666,0.008,2.0,524,0.7368708856154706,hill_xi,stable,4,refinement,0.7299927125393845,0.7458063358881444,full,65536,40,student_t,1.2,dynamic,23.40846373633238
1.5,nan,0.7423757815726322,0.7249557812082441,0.7423757815726322,0.7249557812082441,,0.0,0.5,0.5,0.6666666666666666,0.012,2.0,786,0.7368037483101046,hill_xi,stable,4,refinement,0.7285579902079273,0.7417860208158288,full,65536,40,student_t,1.2,dynamic,17.418898342865436
1.5,nan,0.7457441080319789,0.722139869739594,0.749671608367657,0.7185754583641127,,0.0,0.5,0.5,0.6666666666666666,0.018,2.0,1179,0.733760444405688,hill_xi,stable,4,refinement,0.7219972932845747,0.745901208045406,full,65536,40,student_t,1.2,dynamic,12.990866289301879
1.5,nan,0.7546919481671107,0.7215593351624661,0.7546919481671107,0.7108721349857732,,0.0,0.5,0.5,0.6666666666666666,0.03,2.0,1966,0.7357502141912644,hill_xi,stable,4,refinement,0.7211318471553984,0.747281681707715,full,65536,40,student_t,1.2,dynamic,8.887135561622276
1.5,0.999,0.5060168867684676,0.4435985772367086,0.5144321786966136,0.4435985772367086,,0.0,0.5,0.5,nan,0.001,2.0,0,0.48601006216412734,mass_ratio,stable,4,refinement,0.4583921543172964,0.5063534984455934,full,65536,40,student_t,1.2,dynamic,nan
1.5,0.9987164311578874,0.5384298466688826,0.4361913829953824,0.5384298466688826,0.4361913829953824,,0.0,0.5,0.5,nan,0.0012835688421125163,2.0,0,0.507788566785847,mass_ratio,stable,4,refinement,0.4590632533717629,0.5352168101680681,full,65536,40,student_t,1.2,dynamic,nan
1.5,0.998352451027558,0.553924988126011,0.4464616744176685,0.553924988126011,0.4464616744176685,,0.0,0.5,0.5,nan,0.0016475489724420657,2.0,0,0.507746592549821,mass_ratio,stable,4,refinement,0.4695042904544874,0.5381335029160541,full,65536,40,student_t,1.2,dynamic,nan
1.5,0.9978852574731188,0.5397540763058443,0.4673689233508181,0.5621692039836002,0.4673689233508181,,0.0,0.5,0.5,nan,0.0021147425268811283,2.0,0,0.5041211235420272,mass_ratio,stable,4,refinement,0.4786654234012891,0.5406506814129545,full,65536,40,student_t,1.2,dynamic,nan
1.5,0.9972855823834051,0.5243710600744997,0.5016103937081204,0.5267234227627191,0.4945908210177317,,0.0,0.5,0.5,nan,0.002714417616594907,2.0,0,0.5153243318923948,mass_ratio,stable,4,refinement,0.5013296108005049,0.5244651545820285,full,65536,40,student_t,1.2,dynamic,nan
1.5,0.9965158581228575,0.5406559108086003,0.5124667989225815,0.5406559108086003,0.5007709681445621,,0.0,0.5,0.5,nan,0.0034841418771425405,2.0,0,0.5289299575533919,mass_ratio,stable,4,refinement,0.5119989656914606,0.53731577061544,full,65536,40,student_t,1.2,dynamic,nan
1.5,0.9955278640450004,0.5574609071444268,0.5302926966241134,0.5574609071444268,0.5302926966241134,,0.0,0.5,0.5,nan,0.00447213595499958,2.0,0,0.5465124991978887,mass_ratio,stable,4,refinement,0.5362863480367325,0.5539975251528816,full,65536,40,student_t,1.2,dynamic,nan
1.5,0.9942597056304714,0.5853076687586756,0.5427800750531592,0.5853076687586756,0.5427800750531592,,0.0,0.5,0.5,nan,0.005740294369528563,2.0,0,0.5585529353196395,mass_ratio,stable,4,refinement,0.5502575945959027,0.5725588500931053,full,65536,40,student_t,1.2,dynamic,nan
1.5,0.9926319370027192,0.5952911900734991,0.5690378903522681,0.5952911900734991,0.5663755861265696,,0.0,0.5,0.5,nan,0.0073680629972807735,2.0,0,0.5788445205625774,mass_ratio,stable,4,refinement,0.5689313981832401,0.5908260651808699,full,65536,40,student_t,1.2,dynamic,nan
1.5,0.9905425839099682,0.6164561911304555,0.5756002855711104,0.6164561911304555,0.5756002855711104,,0.0,0.5,0.5,nan,0.00945741609003176,2.0,0,0.5999936815474809,mass_ratio,stable,4,refinement,0.5829671378282018,0.6128961643421942,full,65536,40,student_t,1.2,dynamic,nan
1.5,0.9878607553799417,0.6275022617728022,0.5997976314643763,0.6275022617728022,0.5934381196362468,,0.0,0.5,0.5,nan,0.012139244620058345,2.0,0,0.6108966640089716,mass_ratio,stable,4,refinement,0.5995432509912512,0.621806544790067,full,65536,40,student_t,1.2,dynamic,nan
1.5,0.9844184438389111,0.6369319707193167,0.6166883588990588,0.6369319707193167,0.6084272960901264,,0.0,0.5,0.5,nan,0.015581556161088883,2.0,0,0.6311448128115256,mass_ratio,stable,4,refinement,0.6167753174549433,0.6367105215850316,full,65536,40,student_t,1.2,dynamic,nan
1.5,0.98,0.649959134013964,0.6388412936765302,0.6531347245997853,0.6352069556450612,,0.0,0.5,0.5,nan,0.02,2.0,0,0.6446295875680709,mass_ratio,stable,4,refinement,0.6386959201552714,0.6500861576373969,full,65536,40,student_t,1.2,dynamic,nan
1.5,nan,0.7128783278622588,0.5993567544792481,0.7128783278622588,0.5993567544792481,,0.0,0.5,0.5,0.6666666666666666,0.003,2.0,196,0.6625188399532409,pickands_xi,stable,4,refinement,0.6225875243003285,0.6957928048723663,full,65536,40,student_t,1.2,dynamic,47.32916797203402
1.5,nan,0.9011369248774719,0.6136711174877918,0.9011369248774719,0.6136711174877918,,0.0,0.5,0.5,0.6666666666666666,0.004,2.0,262,0.6599565846430563,pickands_xi,stable,4,refinement,0.6328027883059476,0.7884557149813236,full,65536,40,student_t,1.2,dynamic,38.900654805433355
1.5,nan,0.7556349391163664,0.6997677278219462,0.7645400652410513,0.6997677278219462,,0.0,0.5,0.5,0.6666666666666666,0.006,2.0,393,0.7255274926266364,pickands_xi,stable,4,refinement,0.7019553011529758,0.7559911441613538,full,65536,40,student_t,1.2,dynamic,28.92804711833005
1.5,nan,0.7600419830281977,0.7101849112438658,0.7600419830281977,0.7064417028807748,,0.0,0.5,0.5,0.6666666666666666,0.008,2.0,524,0.7295886080515751,pickands_xi,stable,4,refinement,0.7100351829093422,0.7529413974928356,full,65536,40,student_t,1.2,dynamic,23.439118756031696
1.5,nan,0.8898436553968876,0.6986736067257917,0.8898436553968876,0.6847820408800254,,0.0,0.5,0.5,0.6666666666666666,0.012,2.0,786,0.7311977846299067,pickands_xi,stable,4,refinement,0.698117944091961,0.8226372912167441,full,65536,40,student_t,1.2,dynamic,17.438161698177954
1.5,nan,0.7830015664834331,0.7068429352669727,0.7830015664834331,0.7068429352669727,,0.0,0.5,0.5,0.6666666666666666,0.018,2.0,1179,0.7514956250093018,pickands_xi,stable,4,refinement,0.7281393713825968,0.7680155695365439,full,65536,40,student_t,1.2,dynamic,12.993836938828155
1.5,nan,0.7770503852400785,0.7003561130865068,0.7770503852400785,0.7003561130865068,,0.0,0.5,0.5,0.6666666666666666,0.03,2.0,1966,0.7317892279245358,pickands_xi,stable,4,refinement,0.7039080942631928,0.766860943674186,full,65536,40,student_t,1.2,dynamic,8.892710831481246
1.5,nan,0.9916061089820944,0.9016900413085727,1.0059849678072295,0.9016900413085727,,0.0,0.5,0.5,2.403354879376054,0.003,2.0,196,0.9698951480972726,tail_constant,stable,4,refinement,0.930909083578499,0.9921812633350998,full,65536,40,student_t,1.2,dynamic,47.202283207033304
1.5,nan,1.007274756659898,0.8860097636233907,1.007274756659898,0.8860097636233907,,0.0,0.5,0.5,2.403354879376054,0.004,2.0,262,0.9645630712673311,tail_constant,stable,4,refinement,0.9230963471643179,0.9873921517996301,full,65536,40,student_t,1.2,dynamic,38.756042823673226
1.5,nan,0.9871896745227773,0.8822855451043132,0.9871896745227773,0.8822855451043132,,0.0,0.5,0.5,2.403354879376054,0.006,2.0,393,0.930157439743069,tail_constant,stable,4,refinement,0.903662494880321,0.9614157614791122,full,65536,40,student_t,1.2,dynamic,28.868791813579975
1.5,nan,0.9406085799750217,0.8733063398049216,0.9406085799750217,0.8639611546650017,,0.0,0.5,0.5,2.403354879376054,0.008,2.0,524,0.9056437360101304,tail_constant,stable,4,refinement,0.8729325323993248,0.9348617161832126,full,65536,40,student_t,1.2,dynamic,23.40846373633238
1.5,nan,0.9095638436586027,0.8349697814122937,0.9095638436586027,0.8349697814122937,,0.0,0.5,0.5,2.403354879376054,0.012,2.0,786,0.8719541046260008,tail_constant,stable,4,refinement,0.8457681478096862,0.8984652776681407,full,65536,40,student_t,1.2,dynamic,17.418898342865436
1.5,nan,0.8519975055069446,0.8249268950247128,0.8549520958665544,0.8141849706359733,,0.0,0.5,0.5,2.403354879376054,0.018,2.0,1179,0.8423558672803937,tail_constant,stable,4,refinement,0.8244972180491633,0.8521156891213291,full,65536,40,student_t,1.2,dynamic,12.990866289301879
1.5,nan,0.8078496505202384,0.7914191122371209,0.8078496505202384,0.7882041934976238,,0.0,0.5,0.5,2.403354879376054,0.03,2.0,1966,0.7947788335106035,tail_constant,stable,4,refinement,0.791290515487541,0.8016451635719267,full,65536,40,student_t,1.2,dynamic,8.887135561622276
1.5,nan,1.3916055875185882,1.1626764237543807,1.3916055875185882,1.1011467065878358,,0.0,0.5,0.5,1.5,0.003,2.0,49,1.2958362914207004,hill_alpha,stable,4,refinement,1.160215235067719,1.380018797631494,nested,16384,40,student_t,1.2,dynamic,48.12806093264163
1.5,nan,1.364772746175929,1.0241268976327136,1.4564926797607702,1.0241268976327136,,0.0,0.5,0.5,1.5,0.004,2.0,65,1.2634861145491416,hill_alpha,stable,4,refinement,1.1344273066924648,1.3684415435193227,nested,16384,40,student_t,1.2,dynamic,39.70686493867855
1.5,nan,1.4678314093642966,1.0594623267165137,1.4678314093642966,1.0594623267165137,,0.0,0.5,0.5,1.5,0.006,2.0,98,1.3072506812307942,hill_alpha,stable,4,refinement,1.1558265582820508,1.413326838461533,nested,16384,40,student_t,1.2,dynamic,28.49808036047827
1.5,nan,1.3668087720634006,1.2059212537170814,1.3668087720634006,1.077416893354954,,0.0,0.5,0.5,1.5,0.008,2.0,131,1.3443654315292703,hill_alpha,stable,4,refinement,1.2007810793025964,1.3608070809830475,nested,16384,40,student_t,1.2,dynamic,22.95003694754834
1.5,nan,1.381501111400625,1.1881391581419867,1.3891651484818244,1.1881391581419867,,0.0,0.5,0.5,1.5,0.012,2.0,196,1.348347346569035,hill_alpha,stable,4,refinement,1.2528040192667824,1.381807672883873,nested,16384,40,student_t,1.2,dynamic,17.415276316212093
1.5,nan,1.3957543168210018,1.2590373438702616,1.3957543168210018,1.2590373438702616,,0.0,0.5,0.5,1.5,0.018,2.0,294,1.3557897669659358,hill_alpha,stable,4,refinement,1.3029771862067152,1.3790726536400404,nested,16384,40,student_t,1.2,dynamic,13.039794658055982
1.5,nan,1.389794301881038,1.2713651898396134,1.389794301881038,1.2713651898396134,,0.0,0.5,0.5,1.5,0.03,2.0,491,1.3348202626287442,hill_alpha,stable,4,refinement,1.2987070147053066,1.3665233731130266,nested,16384,40,student_t,1.2,dynamic,8.837330180584818
1.5,nan,0.9081442045980751,0.7249368920743656,0.9081442045980751,0.7185944127912914,,0.0,0.5,0.5,0.6666666666666666,0.003,2.0,49,0.7740676319916409,hill_xi,stable,4,refinement,0.7246831929030426,0.8643258148514031,nested,16384,40,student_t,1.2,dynamic,48.12806093264163
1.5,nan,0.976441495982106,0.6865808622973997,0.976441495982106,0.6865808622973997,,0.0,0.5,0.5,0.6666666666666666,0.004,2.0,65,0.7915063900864521,hill_xi,stable,4,refinement,0.7340684641070012,0.8905492966813356,nested,16384,40,student_t,1.2,dynamic,39.70686493867855
1.5,nan,0.8686932605470425,0.7098383853251162,0.943874996574159,0.681277150509465,,0.0,0.5,0.5,0.6666666666666666,0.006,2.0,98,0.7659555723303468,hill_xi,stable,4,refinement,0.7086959359324901,0.8717005299881272,nested,16384,40,student_t,1.2,dynamic,28.49808036047827
1.5,nan,0.928145833026725,0.7316312423795406,0.928145833026725,0.7316312423795406,,0.0,0.5,0.5,0.6666666666666666,0.008,2.0,131,0.7438860343657048,hill_xi,stable,4,refinement,0.7348735134294433,0.8423411587728915,nested,16384,40,student_t,1.2,dynamic,22.95003694754834
1.5,nan,0.8416522535658206,0.7198568155074068,0.8416522535658206,0.7198568155074068,,0.0,0.5,0.5,0.6666666666666666,0.012,2.0,196,0.7419138009912649,hill_xi,stable,4,refinement,0.7237119516462669,0.8005100132234256,nested,16384,40,student_t,1.2,dynamic,17.415276316212093
1.5,nan,0.7673404861998298,0.7164584683338971,0.794257616637498,0.7164584683338971,,0.0,0.5,0.5,0.6666666666666666,0.018,2.0,294,0.7375883766659749,hill_xi,stable,4,refinement,0.7252400343671249,0.7684171714173365,nested,16384,40,student_t,1.2,dynamic,13.039794658055982
1.5,nan,0.7865560642934962,0.7195309396840489,0.7865560642934962,0.7195309396840489,,0.0,0.5,0.5,0.6666666666666666,0.03,2.0,491,0.7491822605366039,hill_xi,stable,4,refinement,0.7320143426955602,0.770365869487903,nested,16384,40,student_t,1.2,dynamic,8.837330180584818
1.5,0.999,0.586016169416436,0.4447180741145376,0.586016169416436,0.4447180741145376,,0.0,0.5,0.5,nan,0.001,2.0,0,0.47080368594138355,mass_ratio,stable,4,refinement,0.4496383070757069,0.5383150380641275,nested,16384,40,student_t,1.2,dynamic,nan
1.5,0.9987164311578874,0.6335329389921454,0.49630418667106585,0.6335329389921454,0.49630418667106585,,0.0,0.5,0.5,nan,0.0012835688421125163,2.0,0,0.5021235517132361,mass_ratio,stable,4,refinement,0.4972532597391117,0.5723006552504647,nested,16384,40,student_t,1.2,dynamic,nan
1.5,0.998352451027558,0.6226152468784204,0.4491275844749149,0.70361898580669,0.4491275844749149,,0.0,0.5,0.5,nan,0.0016475489724420657,2.0,0,0.50669901872004,mass_ratio,stable,4,refinement,0.46000387808212173,0.6258553964355512,nested,16384,40,student_t,1.2,dynamic,nan
1.5,0.9978852574731188,0.6359080777132934,0.4942146597730444,0.7121204479535004,0.4942146597730444,,0.0,0.5,0.5,nan,0.0021147425268811283,2.0,0,0.5310819964516202,mass_ratio,stable,4,refinement,0.4981764000884571,0.6389565725229016,nested,16384,40,student_t,1.2,dynamic,nan
1.5,0.9972855823834051,0.6946683734993349,0.5012071844075551,0.6946683734993349,0.5012071844075551,,0.0,0.5,0.5,nan,0.002714417616594907,2.0,0,0.5216654588090135,mass_ratio,stable,4,refinement,0.510695227767035,0.6119589028012007,nested,16384,40,student_t,1.2,dynamic,nan
1.5,0.9965158581228575,0.6485725908028521,0.49939996815660603,0.6485725908028521,0.49939996815660603,,0.0,0.5,0.5,nan,0.0034841418771425405,2.0,0,0.5407696146879921,mass_ratio,stable,4,refinement,0.5123045630932236,0.603779997666167,nested,16384,40,student_t,1.2,dynamic,nan
1.5,0.9955278640450004,0.6207641595457456,0.5207354393820051,0.6207641595457456,0.5171666847161156,,0.0,0.5,0.5,nan,0.00447213595499958,2.0,0,0.5551129089709473,mass_ratio,stable,4,refinement,0.5205926891953695,0.6040397424329078,nested,16384,40,student_t,1.2,dynamic,nan
1.5,0.9942597056304714,0.6025924493372415,0.5331884372143421,0.6222815058962667,0.5331884372143421,,0.0,0.5,0.5,nan,0.005740294369528563,2.0,0,0.5587569214148096,mass_ratio,stable,4,refinement,0.5338710033761312,0.6033800115996025,nested,16384,40,student_t,1.2,dynamic,nan
1.5,0.9926319370027192,0.5660734751913322,0.5519904256739803,0.5720550147310309,0.5502760831022907,,0.0,0.5,0.5,nan,0.0073680629972807735,2.0,0,0.5568983519486517,mass_ratio,stable,4,refinement,0.5519218519711127,0.5663127367729202,nested,16384,40,student_t,1.2,dynamic,nan
1.5,0.9905425839099682,0.6034257515488834,0.578363710637419,0.6062160292327611,0.578363710637419,,0.0,0.5,0.5,nan,0.00945741609003176,2.0,0,0.596800861295611,mass_ratio,stable,4,refinement,0.5853729289200418,0.6035373626562385,nested,16384,40,student_t,1.2,dynamic,nan
1.5,0.9878607553799417,0.6131366066432808,0.6037366307489482,0.6142531556194644,0.5979294390848787,,0.0,0.5,0.5,nan,0.012139244620058345,2.0,0,0.6107819400400574,mass_ratio,stable,4,refinement,0.6035043430823854,0.6131812686023281,nested,16384,40,student_t,1.2,dynamic,nan
1.5,0.9844184438389111,0.6387280161333904,0.6249352655565144,0.6388087303280856,0.6171766689897104,,0.0,0.5,0.5,nan,0.015581556161088883,2.0,0,0.6356705820310067,mass_ratio,stable,4,refinement,0.6246249216938422,0.6387312447011781,nested,16384,40,student_t,1.2,dynamic,nan
1.5,0.98,0.6601037495641615,0.6413963282407206,0.6601037495641615,0.6402442733239134,,0.0,0.5,0.5,nan,0.02,2.0,0,0.6497481004234924,mass_ratio,stable,4,refinement,0.6413502460440483,0.6585889022643034,nested,16384,40,student_t,1.2,dynamic,nan
1.5,nan,1.1480786677688941,0.3709923968810363,1.306410919399856,0.3709923968810363,,0.0,0.5,0.5,0.6666666666666666,0.003,2.0,49,0.9423689504723901,pickands_xi,stable,4,refinement,0.622511959085426,1.1544119578341325,nested,16384,40,student_t,1.2,dynamic,48.754180915784666
1.5,nan,1.0401757880943783,0.7287417693215765,1.2104549036526329,0.7168177955476831,,0.0,0.5,0.5,0.6666666666666666,0.004,2.0,65,0.8052812078157969,pickands_xi,stable,4,refinement,0.7282648103706209,1.0469869527167084,nested,16384,40,student_t,1.2,dynamic,39.97838051245547
1.5,nan,0.9870505961077456,0.584542157926085,0.9870505961077456,0.4475146210949139,,0.0,0.5,0.5,0.6666666666666666,0.006,2.0,98,0.7494923336597061,pickands_xi,stable,4,refinement,0.5790610564528381,0.8864254968058627,nested,16384,40,student_t,1.2,dynamic,28.54917211693483
1.5,nan,0.7362085807444052,0.48701057236913614,0.7362085807444052,0.48701057236913614,,0.0,0.5,0.5,0.6666666666666666,0.008,2.0,131,0.6220825652157685,pickands_xi,stable,4,refinement,0.5469821546067745,0.6862910676194048,nested,16384,40,student_t,1.2,dynamic,23.025100757719777
1.5,nan,0.818656192550067,0.7106330382488497,0.857802577150002,0.6966324321798324,,0.0,0.5,0.5,0.6666666666666666,0.012,2.0,196,0.7520717261339995,pickands_xi,stable,4,refinement,0.710073014006089,0.8202220479340644,nested,16384,40,student_t,1.2,dynamic,17.509978208523382
1.5,nan,0.8625677415492806,0.7473405052246526,0.8625677415492806,0.7473405052246526,,0.0,0.5,0.5,0.6666666666666666,0.018,2.0,294,0.8219888689696639,pickands_xi,stable,4,refinement,0.7825682266182536,0.843693375915069,nested,16384,40,student_t,1.2,dynamic,13.090323902475594
1.5,nan,0.7843670678454796,0.7276670151797804,0.7843670678454796,0.7214337174662012,,0.0,0.5,0.5,0.6666666666666666,0.03,2.0,491,0.7473680712229467,pickands_xi,stable,4,refinement,0.7274176832712371,0.7730720734648656,nested,16384,40,student_t,1.2,dynamic,8.864977728969613
1.5,nan,1.3060735627361049,0.9605877480584767,1.3060735627361049,0.9605877480584767,,0.0,0.5,0.5,2.403354879376054,0.003,2.0,49,0.9986254386627567,tail_constant,stable,4,refinement,0.9692621856770747,1.168082117052354,nested,16384,40,student_t,1.2,dynamic,48.12806093264163
1.5,nan,1.0684341948660534,0.8650146946537627,1.0684341948660534,0.8650146946537627,,0.0,0.5,0.5,2.403354879376054,0.004,2.0,65,0.9932320592854901,tail_constant,stable,4,refinement,0.8980614138633249,1.0608347856010498,nested,16384,40,student_t,1.2,dynamic,39.70686493867855
1.5,nan,1.0600066500419087,0.8712867311925654,1.0600066500419087,0.8649381507546249,,0.0,0.5,0.5,2.403354879376054,0.006,2.0,98,0.9101690549653814,tail_constant,stable,4,refinement,0.8710327879750477,1.0037008012059159,nested,16384,40,student_t,1.2,dynamic,28.49808036047827
1.5,nan,0.9283051683581334,0.8492608291900743,0.9283051683581334,0.8492608291900743,,0.0,0.5,0.5,2.403354879376054,0.008,2.0,131,0.8791824317813108,tail_constant,stable,4,refinement,0.8522525007378979,0.9160969524972284,nested,16384,40,student_t,1.2,dynamic,22.95003694754834
1.5,nan,0.888358431594308,0.8380774657741717,0.888358431594308,0.8380774657741717,,0.0,0.5,0.5,2.403354879376054,0.012,2.0,196,0.869441006627071,tail_constant,stable,4,refinement,0.8486273858604083,0.8837826471331893,nested,16384,40,student_t,1.2,dynamic,17.415276316212093
1.5,nan,0.8581540745400233,0.8261329509872025,0.8581540745400233,0.8261329509872025,,0.0,0.5,0.5,2.403354879376054,0.018,2.0,294,0.8449626866241453,tail_constant,stable,4,refinement,0.8321519997255502,0.8548414327077867,nested,16384,40,student_t,1.2,dynamic,13.039794658055982
1.5,nan,0.8003664286267574,0.7730079358878411,0.8080339805299961,0.7730079358878411,,0.0,0.5,0.5,2.403354879376054,0.03,2.0,491,0.7873114441130653,tail_constant,stable,4,refinement,0.7772876521829309,0.800673130702887,nested,16384,40,student_t,1.2,dynamic,8.837330180584818
1.5,nan,1.3449733486928808,1.2409604423947445,1.3553935437312021,1.2409604423947445,,0.0,0.5,0.5,1.5,0.003,2.0,98,1.3321780556570744,hill_alpha,stable,4,refinement,1.2836048497218702,1.3453901564944135,nested,32768,40,student_t,1.2,dynamic,47.29559298339231
1.5,nan,1.4417310368082168,1.2497686463772268,1.5157263937500713,1.2497686463772268,,0.0,0.5,0.5,1.5,0.004,2.0,131,1.3660700674867794,hill_alpha,stable,4,refinement,1.3047938345676122,1.4446908510858911,nested,32768,40,student_t,1.2,dynamic,40.14198411297902
1.5,nan,1.4068015798420086,1.3012922329271568,1.4068015798420086,1.2562474656426963,,0.0,0.5,0.5,1.5,0.006,2.0,196,1.347990880458235,hill_alpha,stable,4,refinement,1.2994904422357783,1.3793663066561739,nested,32768,40,student_t,1.2,dynamic,29.32482121779782
1.5,nan,1.3765008921403752,1.2630761139559528,1.3765008921403752,1.2630761139559528,,0.0,0.5,0.5,1.5,0.008,2.0,262,1.3448068522456138,hill_alpha,stable,4,refinement,1.301125150223304,1.3624694711025758,nested,32768,40,student_t,1.2,dynamic,23.487142006924536
1.5,nan,1.3607750809434491,1.2827414786345595,1.3633430808919071,1.2827414786345595,,0.0,0.5,0.5,1.5,0.012,2.0,393,1.343894149678269,hill_alpha,stable,4,refinement,1.3052245537035134,1.3608778009413875,nested,32768,40,student_t,1.2,dynamic,17.336414263743883
1.5,nan,1.3886658240008858,1.338384351726087,1.3886658240008858,1.338384351726087,,0.0,0.5,0.5,1.5,0.018,2.0,589,1.364409361376337,hill_alpha,stable,4,refinement,1.3409174935288313,1.386981584770478,nested,32768,40,student_t,1.2,dynamic,13.050108277115218
1.5,nan,1.4112866834452116,1.3285174230597425,1.4112866834452116,1.3191584396142895,,0.0,0.5,0.5,1.5,0.03,2.0,983,1.3393515832713372,hill_alpha,stable,4,refinement,1.3281430637219245,1.3774659202094999,nested,32768,40,student_t,1.2,dynamic,8.86059957880332
1.5,nan,0.7789092836625726,0.7435537875101857,0.8058274589883374,0.7377930967910211,,0.0,0.5,0.5,0.6666666666666666,0.003,2.0,98,0.7506527932830791,hill_xi,stable,4,refinement,0.7433233598814192,0.7799860106756032,nested,32768,40,student_t,1.2,dynamic,47.29559298339231
1.5,nan,0.7665342985353765,0.6597496778596641,0.8001480937281912,0.6597496778596641,,0.0,0.5,0.5,0.6666666666666666,0.004,2.0,131,0.7320279613978076,hill_xi,stable,4,refinement,0.6940148338244909,0.767878850343089,nested,32768,40,student_t,1.2,dynamic,40.14198411297902
1.5,nan,0.796021506390383,0.7108322981214632,0.796021506390383,0.7108322981214632,,0.0,0.5,0.5,0.6666666666666666,0.006,2.0,196,0.7418458980976009,hill_xi,stable,4,refinement,0.7252819361714729,0.7704541043483841,nested,32768,40,student_t,1.2,dynamic,29.32482121779782
1.5,nan,0.7917179249538662,0.7343610657034773,0.7917179249538662,0.7264797325667264,,0.0,0.5,0.5,0.6666666666666666,0.008,2.0,262,0.7436037002156424,hill_xi,stable,4,refinement,0.7340458123780073,0.7692765217397175,nested,32768,40,student_t,1.2,dynamic,23.487142006924536
1.5,nan,0.7658484155417847,0.733491088204881,0.7795803103400621,0.733491088204881,,0.0,0.5,0.5,0.6666666666666666,0.012,2.0,393,0.7441906364993405,hill_xi,stable,4,refinement,0.7348224469490215,0.7663976913337158,nested,32768,40,student_t,1.2,dynamic,17.336414263743883
1.5,nan,0.7457022296297084,0.7201156554129773,0.747169524741021,0.7201156554129773,,0.0,0.5,0.5,0.6666666666666666,0.018,2.0,589,0.733087380987377,hill_xi,stable,4,refinement,0.7209912579938003,0.745760921434161,nested,32768,40,student_t,1.2,dynamic,13.050108277115218
1.5,nan,0.758059054901996,0.7271908798347826,0.758059054901996,0.7085732556894927,,0.0,0.5,0.5,0.6666666666666666,0.03,2.0,983,0.7466308515240705,hill_xi,stable,4,refinement,0.726446174868971,0.7529682441017107,nested,32768,40,student_t,1.2,dynamic,8.86059957880332
1.5,0.999,0.5241554711035402,0.44188987147588,0.5241554711035402,0.44188987147588,,0.0,0.5,0.5,nan,0.001,2.0,0,0.4788410868994033,mass_ratio,stable,4,refinement,0.44925834611702026,0.5127726754477054,nested,32768,40,student_t,1.2,dynamic,nan
1.5,0.9987164311578874,0.5666521437563529,0.4472155483130277,0.5666521437563529,0.4472155483130277,,0.0,0.5,0.5,nan,0.0012835688421125163,2.0,0,0.49457382076450074,mass_ratio,stable,4,refinement,0.46573505304395807,0.5362670147660406,nested,32768,40,student_t,1.2,dynamic,nan
1.5,0.998352451027558,0.5838871503625899,0.4655489364811036,0.5838871503625899,0.44643128162984697,,0.0,0.5,0.5,nan,0.0016475489724420657,2.0,0,0.5006010352103574,mass_ratio,stable,4,refinement,0.46478423028705335,0.551558348150957,nested,32768,40,student_t,1.2,dynamic,nan
1.5,0.9978852574731188,0.5875006994178669,0.4957123352256246,0.5875006994178669,0.4844553501990594,,0.0,0.5,0.5,nan,0.0021147425268811283,2.0,0,0.5096418372045906,mass_ratio,stable,4,refinement,0.49583082980485305,0.5508424797123554,nested,32768,40,student_t,1.2,dynamic,nan
1.5,0.9972855823834051,0.5447696059264671,0.49788538529143855,0.5607810103746993,0.49788538529143855,,0.0,0.5,0.5,nan,0.002714417616594907,2.0,0,0.5163270848299228,mass_ratio,stable,4,refinement,0.5007704650787212,0.5454100621043962,nested,32768,40,student_t,1.2,dynamic,nan
1.5,0.9965158581228575,0.5612478699027227,0.5057329531353983,0.5612478699027227,0.5057329531353983,,0.0,0.5,0.5,nan,0.0034841418771425405,2.0,0,0.5436614167445866,mass_ratio,stable,4,refinement,0.521385640522759,0.5553593475318669,nested,32768,40,student_t,1.2,dynamic,nan
1.5,0.9955278640450004,0.5742692787634023,0.5385649522192407,0.5742692787634023,0.5385649522192407,,0.0,0.5,0.5,nan,0.00447213595499958,2.0,0,0.5628127814949315,mass_ratio,stable,4,refinement,0.5466608709773431,0.5723131993687656,nested,32768,40,student_t,1.2,dynamic,nan
1.5,0.9942597056304714,0.5793738429199267,0.5356923033547168,0.5829153804111755,0.5356923033547168,,0.0,0.5,0.5,nan,0.005740294369528563,2.0,0,0.5752140391288496,mass_ratio,stable,4,refinement,0.554365968702383,0.5795155044195767,nested,32768,40,student_t,1.2,dynamic,nan
1.5,0.9926319370027192,0.5874468513777831,0.5634913057039737,0.5880493841050766,0.5518148700695547,,0.0,0.5,0.5,nan,0.0073680629972807735,2.0,0,0.5810060299944411,mass_ratio,stable,4,refinement,0.563024248278597,0.5874709526868748,nested,32768,40,student_t,1.2,dynamic,nan
1.5,0.9905425839099682,0.6063221607079979,0.5853343196283207,0.6063221607079979,0.5683474206094536,,0.0,0.5,0.5,nan,0.00945741609003176,2.0,0,0.604104684184879,mass_ratio,stable,4,refinement,0.584654843667566,0.6061138354349925,nested,32768,40,student_t,1.2,dynamic,nan
1.5,0.9878607553799417,0.6113838314086506,0.5822345620916081,0.6113838314086506,0.5822345620916081,,0.0,0.5,0.5,nan,0.012139244620058345,2.0,0,0.6087802097740693,mass_ratio,stable,4,refinement,0.5943136928583972,0.6107968731448439,nested,32768,40,student_t,1.2,dynamic,nan
1.5,0.9844184438389111,0.6331442350347958,0.6186602371591277,0.635704908276952,0.6095029623130984,,0.0,0.5,0.5,nan,0.015581556161088883,2.0,0,0.6292005368988982,mass_ratio,stable,4,refinement,0.6182939461652865,0.633246661964482,nested,32768,40,student_t,1.2,dynamic,nan
1.5,0.98,0.6567533503558258,0.6368835819985914,0.6567533503558258,0.6291986233617889,,0.0,0.5,0.5,nan,0.02,2.0,0,0.6461656400404314,mass_ratio,stable,4,refinement,0.6365761836531194,0.6524378571188545,nested,32768,40,student_t,1.2,dynamic,nan
1.5,nan,0.81139889104913,0.5181658531477676,0.8190183226921594,0.5181658531477676,,0.0,0.5,0.5,0.6666666666666666,0.003,2.0,98,0.7385521800496146,pickands_xi,stable,4,refinement,0.5926421959695409,0.8117036683148512,nested,32768,40,student_t,1.2,dynamic,47.74691131536095
1.5,nan,0.9033823973280685,0.8175942362363713,0.9033823973280685,0.7920513538845932,,0.0,0.5,0.5,0.6666666666666666,0.004,2.0,131,0.8628562978715579,pickands_xi,stable,4,refinement,0.8165725209423002,0.8933950756449796,nested,32768,40,student_t,1.2,dynamic,40.26757744548925
1.5,nan,0.8569304688721107,0.7418888180448433,0.8569304688721107,0.7408518064274894,,0.0,0.5,0.5,0.6666666666666666,0.006,2.0,196,0.7730530930719614,pickands_xi,stable,4,refinement,0.7418473375801491,0.8311304149247257,nested,32768,40,student_t,1.2,dynamic,29.38651186529212
1.5,nan,0.7048112729101963,0.6453848199947769,0.7048112729101963,0.6170589089515919,,0.0,0.5,0.5,0.6666666666666666,0.008,2.0,262,0.6820893258026811,pickands_xi,stable,4,refinement,0.6442517835530496,0.6979264637856541,nested,32768,40,student_t,1.2,dynamic,23.488343622079327
1.5,nan,0.7791499538486492,0.6746335202415976,0.8403707633687908,0.6498664687733798,,0.0,0.5,0.5,0.6666666666666666,0.012,2.0,393,0.7086648580191615,pickands_xi,stable,4,refinement,0.6736428381828689,0.7815987862294548,nested,32768,40,student_t,1.2,dynamic,17.35002478385698
1.5,nan,0.8802415754196882,0.7293024548150835,0.8802415754196882,0.7293024548150835,,0.0,0.5,0.5,0.6666666666666666,0.018,2.0,589,0.8180730743332236,pickands_xi,stable,4,refinement,0.7616582456697747,0.8606548014122013,nested,32768,40,student_t,1.2,dynamic,13.054618741745982
1.5,nan,0.7345458406152243,0.6992640302311239,0.7560827964464636,0.6901136972782695,,0.0,0.5,0.5,0.6666666666666666,0.03,2.0,983,0.7107116239839817,pickands_xi,stable,4,refinement,0.6988980169130098,0.7354073188484739,nested,32768,40,student_t,1.2,dynamic,8.861479530528914
1.5,nan,1.070972850172348,0.9279332595630998,1.070972850172348,0.923276179555493,,0.0,0.5,0.5,2.403354879376054,0.003,2.0,98,0.9730436590671311,tail_constant,stable,4,refinement,0.9277469763627956,1.0433844318001275,nested,32768,40,student_t,1.2,dynamic,47.29559298339231
1.5,nan,1.0255173042915846,0.9189619195362039,1.0331401498530917,0.9189619195362039,,0.0,0.5,0.5,2.403354879376054,0.004,2.0,131,1.0167629263938425,tail_constant,stable,4,refinement,0.9653632673064776,1.0258222181140448,nested,32768,40,student_t,1.2,dynamic,40.14198411297902
1.5,nan,0.954918482836763,0.9100141091730958,0.957424775273371,0.8727198874302342,,0.0,0.5,0.5,2.403354879376054,0.006,2.0,196,0.9498602606580562,tail_constant,stable,4,refinement,0.9085223403033813,0.9550187345342274,nested,32768,40,student_t,1.2,dynamic,29.32482121779782
1.5,nan,0.9192025166288561,0.8437714788621367,0.9192025166288561,0.8437714788621367,,0.0,0.5,0.5,2.403354879376054,0.008,2.0,262,0.9101176983066339,tail_constant,stable,4,refinement,0.8740408213790951,0.9164186466505897,nested,32768,40,student_t,1.2,dynamic,23.487142006924536
1.5,nan,0.8713052667855643,0.8416695010105177,0.8713052667855643,0.8200464135540448,,0.0,0.5,0.5,2.403354879376054,0.012,2.0,393,0.8657292738999289,tail_constant,stable,4,refinement,0.8408045775122588,0.8697983992082697,nested,32768,40,student_t,1.2,dynamic,17.336414263743883
1.5,nan,0.8599907675834976,0.8231391994442095,0.8599907675834976,0.8089546526517898,,0.0,0.5,0.5,2.403354879376054,0.018,2.0,589,0.8474162734180051,tail_constant,stable,4,refinement,0.8225718175725127,0.8587994234311215,nested,32768,40,student_t,1.2,dynamic,13.050108277115218
1.5,nan,0.8085658602143837,0.7801793107441157,0.8085658602143837,0.7693140460047758,,0.0,0.5,0.5,2.403354879376054,0.03,2.0,983,0.7912218145570243,tail_constant,stable,4,refinement,0.7797447001545422,0.8003257930541642,nested,32768,40,student_t,1.2,dynamic,8.86059957880332
1.5,nan,1.3091273455879235,1.2155498843327592,1.3756051704698775,1.2094393506635337,,0.0,0.5,0.5,1.5,0.003,2.0,49,1.2321549693539773,hill_alpha,stable,4,refinement,1.2153054629859903,1.3117864585832018,block,16384,80,student_t,1.2,dynamic,47.029263343153964
1.5,nan,1.382968783863484,1.2506655003404483,1.4103051581394084,1.227428630273555,,0.0,0.5,0.5,1.5,0.004,2.0,65,1.3147673899974506,hill_alpha,stable,4,refinement,1.2497360255377725,1.3840622388345212,block,16384,80,student_t,1.2,dynamic,38.16126473443066
1.5,nan,1.3774137057843885,1.356636881291088,1.3774137057843885,1.3423329846168632,,0.0,0.5,0.5,1.5,0.006,2.0,98,1.373755708202444,hill_alpha,stable,4,refinement,1.3560647254241192,1.377009033458878,block,16384,80,student_t,1.2,dynamic,28.78115622494673
1.5,nan,1.4181791028827129,1.3625855657854442,1.4496555722728446,1.340193255828734,,0.0,0.5,0.5,1.5,0.008,2.0,131,1.3858402546173676,hill_alpha,stable,4,refinement,1.3616898733871758,1.419438161658318,block,16384,80,student_t,1.2,dynamic,23.757725651628796
1.5,nan,1.3807960433292692,1.3645954895281296,1.384879930394943,1.3645954895281296,,0.0,0.5,0.5,1.5,0.012,2.0,196,1.3707486018546673,hill_alpha,stable,4,refinement,1.3646864773285823,1.3809593988118962,block,16384,80,student_t,1.2,dynamic,17.78681208521902
1.5,nan,1.378192613183253,1.32461274445624,1.3800625020722546,1.32461274445624,,0.0,0.5,0.5,1.5,0.018,2.0,294,1.3742720998925153,hill_alpha,stable,4,refinement,1.347464935352819,1.378267408738813,block,16384,80,student_t,1.2,dynamic,12.99203262813939
1.5,nan,1.3848204942933595,1.3450616207746047,1.4000958913825658,1.325042107607593,,0.0,0.5,0.5,1.5,0.03,2.0,491,1.3673131155728848,hill_alpha,stable,4,refinement,1.3442608402479241,1.3854315101769277,block,16384,80,student_t,1.2,dynamic,8.930757809581817
1.5,nan,0.8229250013863851,0.7295757804615753,0.8272702029150134,0.7295757804615753,,0.0,0.5,0.5,0.6666666666666666,0.003,2.0,49,0.8142444013904334,hill_xi,stable,4,refinement,0.768135727243112,0.8230988094475302,block,16384,80,student_t,1.2,dynamic,47.029263343153964
1.5,nan,0.8009415049089001,0.7250390770508955,0.8147748437291918,0.7129364552758881,,0.0,0.5,0.5,0.6666666666666666,0.004,2.0,65,0.7627619125506788,hill_xi,stable,4,refinement,0.7251664730695815,0.8014948384617118,block,16384,80,student_t,1.2,dynamic,38.16126473443066
1.5,nan,0.7449745626033862,0.7267615327172878,0.7449745626033862,0.7267615327172878,,0.0,0.5,0.5,0.6666666666666666,0.006,2.0,98,0.7333590111649129,hill_xi,stable,4,refinement,0.7270517050862229,0.7422757151988439,block,16384,80,student_t,1.2,dynamic,28.78115622494673
1.5,nan,0.7468398178169395,0.6898191497138344,0.7468398178169395,0.6898191497138344,,0.0,0.5,0.5,0.6666666666666666,0.008,2.0,131,0.7228459950904148,hill_xi,stable,4,refinement,0.7052824152082378,0.7357124031945629,block,16384,80,student_t,1.2,dynamic,23.757725651628796
1.5,nan,0.7328453203531986,0.7220843609927625,0.7328453203531986,0.7220843609927625,,0.0,0.5,0.5,0.6666666666666666,0.012,2.0,196,0.7307974061700999,hill_xi,stable,4,refinement,0.725343799340908,0.7327851448822877,block,16384,80,student_t,1.2,dynamic,17.78681208521902
1.5,nan,0.7418863194948195,0.7246112818841677,0.7549470230751614,0.7246112818841677,,0.0,0.5,0.5,0.6666666666666666,0.018,2.0,294,0.7284018310653103,hill_xi,stable,4,refinement,0.7262273287635157,0.7424087476380332,block,16384,80,student_t,1.2,dynamic,12.99203262813939
1.5,nan,0.7547320654356231,0.7142997798680468,0.7547320654356231,0.7142997798680468,,0.0,0.5,0.5,0.6666666666666666,0.03,2.0,491,0.7322050041051871,hill_xi,stable,4,refinement,0.721971325449255,0.744842038049633,block,16384,80,student_t,1.2,dynamic,8.930757809581817
1.5,0.999,0.533574687491904,0.4514910238284303,0.5542638697835348,0.4514910238284303,,0.0,0.5,0.5,nan,0.001,2.0,0,0.4891896292209724,mass_ratio,stable,4,refinement,0.4582123339467862,0.5344022547835692,block,16384,80,student_t,1.2,dynamic,nan
1.5,0.9987164311578874,0.5288139526073456,0.4140878210539024,0.5319719918949029,0.4140878210539024,,0.0,0.5,0.5,nan,0.0012835688421125163,2.0,0,0.5102708146194204,mass_ratio,stable,4,refinement,0.4528708105891743,0.5289402741788479,block,16384,80,student_t,1.2,dynamic,nan
1.5,0.998352451027558,0.5322095871160473,0.4720341056484003,0.5442680360273644,0.4457431919230974,,0.0,0.5,0.5,nan,0.0016475489724420657,2.0,0,0.510621811090552,mass_ratio,stable,4,refinement,0.47231085210867013,0.5326919250725,block,16384,80,student_t,1.2,dynamic,nan
1.5,0.9978852574731188,0.516137109196511,0.47143889715143616,0.5298577933154425,0.47143889715143616,,0.0,0.5,0.5,nan,0.0021147425268811283,2.0,0,0.49638297225322825,mass_ratio,stable,4,refinement,0.4805159958446077,0.5166859365612684,block,16384,80,student_t,1.2,dynamic,nan
1.5,0.9972855823834051,0.5164983313404066,0.4931887259689254,0.5164983313404066,0.4931887259689254,,0.0,0.5,0.5,nan,0.002714417616594907,2.0,0,0.5147978061081637,mass_ratio,stable,4,refinement,0.5030663537836707,0.516176809881019,block,16384,80,student_t,1.2,dynamic,nan
1.5,0.9965158581228575,0.5480164219721172,0.5118666517112186,0.5480164219721172,0.5118666517112186,,0.0,0.5,0.5,nan,0.0034841418771425405,2.0,0,0.5288611368533693,mass_ratio,stable,4,refinement,0.5144436593954266,0.5444022302991426,block,16384,80,student_t,1.2,dynamic,nan
1.5,0.9955278640450004,0.5699631561755556,0.5397630017295207,0.5699631561755556,0.5389409211092969,,0.0,0.5,0.5,nan,0.00447213595499958,2.0,0,0.5476809890424646,mass_ratio,stable,4,refinement,0.5397301185047118,0.5626737511641776,block,16384,80,student_t,1.2,dynamic,nan
1.5,0.9942597056304714,0.5849193145438771,0.5496612951559546,0.5849193145438771,0.5496612951559546,,0.0,0.5,0.5,nan,0.005740294369528563,2.0,0,0.5593719046687617,mass_ratio,stable,4,refinement,0.553265943718677,0.5737130018072468,block,16384,80,student_t,1.2,dynamic,nan
1.5,0.9926319370027192,0.5950923780395978,0.5758308269161192,0.5950923780395978,0.5648261672300667,,0.0,0.5,0.5,nan,0.0073680629972807735,2.0,0,0.5893020300780522,mass_ratio,stable,4,refinement,0.575390640528677,0.5934969518864786,block,16384,80,student_t,1.2,dynamic,nan
1.5,0.9905425839099682,0.6114780447132651,0.5696833729775701,0.6114780447132651,0.5696833729775701,,0.0,0.5,0.5,nan,0.00945741609003176,2.0,0,0.6061810911156196,mass_ratio,stable,4,refinement,0.5859346951539761,0.610203089516253,block,16384,80,student_t,1.2,dynamic,nan
1.5,0.9878607553799417,0.6258812672905285,0.5930850574694464,0.6263759493770971,0.5930850574694464,,0.0,0.5,0.5,nan,0.012139244620058345,2.0,0,0.6225418457975218,mass_ratio,stable,4,refinement,0.6058588409518323,0.6259010545739913,block,16384,80,student_t,1.2,dynamic,nan
1.5,0.9844184438389111,0.6393041331431458,0.6274696520656948,0.6393041331431458,0.6203803993234924,,0.0,0.5,0.5,nan,0.015581556161088883,2.0,0,0.6350348200101973,mass_ratio,stable,4,refinement,0.6271860819560068,0.6374833021364346,block,16384,80,student_t,1.2,dynamic,nan
1.5,0.98,0.655011973510044,0.6426504093646479,0.655011973510044,0.6387132981878747,,0.0,0.5,0.5,nan,0.02,2.0,0,0.6468964825290842,mass_ratio,stable,4,refinement,0.6424929249175769,0.6512648395932615,block,16384,80,student_t,1.2,dynamic,nan
1.5,nan,0.7889198455618145,0.5961497072782975,0.7889198455618145,0.5122141183407024,,0.0,0.5,0.5,0.6666666666666666,0.003,2.0,49,0.7143803978152241,pickands_xi,stable,4,refinement,0.5927922837207937,0.7696025594111302,block,16384,80,student_t,1.2,dynamic,47.42680700464123
1.5,nan,0.739579663782119,0.6821474507066366,0.7698085819444348,0.6821474507066366,,0.0,0.5,0.5,0.6666666666666666,0.004,2.0,65,0.7009579311044306,pickands_xi,stable,4,refinement,0.6871479303301989,0.7407888205086116,block,16384,80,student_t,1.2,dynamic,38.88054493855006
1.5,nan,0.7747436401679975,0.6298652940882692,0.8226921069552927,0.6298652940882692,,0.0,0.5,0.5,0.6666666666666666,0.006,2.0,98,0.6959837130325679,pickands_xi,stable,4,refinement,0.646812634214428,0.7766615788394893,block,16384,80,student_t,1.2,dynamic,29.08348868096055
1.5,nan,0.7825301337795976,0.7140301916997988,0.7828829185753527,0.7140301916997988,,0.0,0.5,0.5,0.6666666666666666,0.008,2.0,131,0.770916468585894,pickands_xi,stable,4,refinement,0.7359303820141092,0.7825442451714277,block,16384,80,student_t,1.2,dynamic,23.909312403246943
1.5,nan,0.9274691933913759,0.7244593918718703,0.9274691933913759,0.7190450189081798,,0.0,0.5,0.5,0.6666666666666666,0.012,2.0,196,0.7330205124491066,pickands_xi,stable,4,refinement,0.7242428169533226,0.8356442653935887,block,16384,80,student_t,1.2,dynamic,17.84905757069296
1.5,nan,0.7678453706291235,0.7096089265563494,0.7888241306595665,0.7096089265563494,,0.0,0.5,0.5,0.6666666666666666,0.018,2.0,294,0.7359117997044933,pickands_xi,stable,4,refinement,0.7169759964382486,0.7686845210303411,block,16384,80,student_t,1.2,dynamic,13.032901645033883
1.5,nan,0.7711626573182333,0.7160785625557127,0.7711626573182333,0.7160785625557127,,0.0,0.5,0.5,0.6666666666666666,0.03,2.0,491,0.7253354545055631,pickands_xi,stable,4,refinement,0.7195848038551313,0.7501026668046612,block,16384,80,student_t,1.2,dynamic,8.945255358661221
1.5,nan,1.0035452671837861,0.9095637126575379,1.0035452671837861,0.9095637126575379,,0.0,0.5,0.5,2.442189993630104,0.003,2.0,49,0.9650955746363213,tail_constant,stable,4,refinement,0.9346266000435667,0.9866818211247903,block,16384,80,student_t,1.2,dynamic,47.029263343153964
1.5,nan,0.9712586822679844,0.9108182442653368,0.982211522017953,0.9105831329180857,,0.0,0.5,0.5,2.442189993630104,0.004,2.0,65,0.9356795990653018,tail_constant,stable,4,refinement,0.9108088398114468,0.9716967958579832,block,16384,80,student_t,1.2,dynamic,38.16126473443066
1.5,nan,1.012401753865754,0.8876437454819148,1.012401753865754,0.8876437454819148,,0.0,0.5,0.5,2.442189993630104,0.006,2.0,98,0.9252080194625432,tail_constant,stable,4,refinement,0.9033361921183027,0.9728871662265265,block,16384,80,student_t,1.2,dynamic,28.78115622494673
1.5,nan,0.9437494523436565,0.8474836937675208,0.9496672060302038,0.8474836937675208,,0.0,0.5,0.5,2.442189993630104,0.008,2.0,131,0.9268188109875132,tail_constant,stable,4,refinement,0.8805773662432372,0.9436871601995921,block,16384,80,student_t,1.2,dynamic,23.757725651628796
1.5,nan,0.901487887539955,0.8341386780855562,0.9049709907223762,0.8341386780855562,,0.0,0.5,0.5,2.442189993630104,0.012,2.0,196,0.8976394423938913,tail_constant,stable,4,refinement,0.8644436808110086,0.9016272116672518,block,16384,80,student_t,1.2,dynamic,17.78681208521902
1.5,nan,0.8515449292023223,0.832235475298728,0.8515449292023223,0.832235475298728,,0.0,0.5,0.5,2.442189993630104,0.018,2.0,294,0.8403353189900771,tail_constant,stable,4,refinement,0.8325623729138508,0.8497253436571692,block,16384,80,student_t,1.2,dynamic,12.99203262813939
1.5,nan,0.8079507882561598,0.7915935704028834,0.8079507882561598,0.7915935704028834,,0.0,0.5,0.5,2.442189993630104,0.03,2.0,491,0.7998384720103271,tail_constant,stable,4,refinement,0.7934605066757088,0.8061474929569078,block,16384,80,student_t,1.2,dynamic,8.930757809581817
1.5,nan,1.4280767365529874,1.363620147267338,1.4286651956425462,1.3624248771508896,,0.0,0.5,0.5,1.5,0.003,2.0,196,1.3869796038265292,hill_alpha,stable,12,primary,1.3555744032790367,1.4349713801160258,block,65536,80,student_t,1.2,dynamic,49.44097914724706
1.5,nan,1.4025201845640511,1.3503509316572733,1.4057390208412142,1.3456389603723213,,0.0,0.5,0.5,1.5,0.004,2.0,262,1.3737072687790646,hill_alpha,stable,12,primary,1.3395341968494472,1.410972876149779,block,65536,80,student_t,1.2,dynamic,40.3025084656598
1.5,nan,1.387984415866279,1.3335350315371621,1.3917721094060536,1.3334599381953762,,0.0,0.5,0.5,1.5,0.006,2.0,393,1.371914271768094,hill_alpha,stable,12,primary,1.330625671174117,1.4036485364402305,block,65536,80,student_t,1.2,dynamic,29.80587530448706
1.5,nan,1.3874194087290768,1.3367736367603675,1.394135159724691,1.327572385888669,,0.0,0.5,0.5,1.5,0.008,2.0,524,1.3623900691835462,hill_alpha,stable,12,primary,1.3161824381497755,1.4011392025460294,block,65536,80,student_t,1.2,dynamic,23.953761441242854
1.5,nan,1.3773385734526977,1.3302448863192715,1.3836944555232025,1.3293197748560943,,0.0,0.5,0.5,1.5,0.012,2.0,786,1.3498152978772204,hill_alpha,stable,12,primary,1.3242554434317704,1.3900677880311716,block,65536,80,student_t,1.2,dynamic,17.805964179716852
1.5,nan,1.360442722966976,1.3464955170518016,1.3612320033783134,1.342484848581266,,0.0,0.5,0.5,1.5,0.018,2.0,1179,1.3568475658889618,hill_alpha,stable,12,primary,1.3347515266225871,1.362217294739645,block,65536,80,student_t,1.2,dynamic,13.067137342738254
1.5,nan,1.3722694297402551,1.3476818061240219,1.372759558149028,1.3418023772652805,,0.0,0.5,0.5,1.5,0.03,2.0,1966,1.3606470097702574,hill_alpha,stable,12,primary,1.3355112311640989,1.3744489740986794,block,65536,80,student_t,1.2,dynamic,8.955606467419958
1.5,nan,0.7340540567094002,0.7012656461532789,0.7343814085047653,0.7004658600471538,,0.0,0.5,0.5,0.6666666666666666,0.003,2.0,196,0.7211428515854876,hill_xi,stable,12,primary,0.6970059825749694,0.7378063258033318,block,65536,80,student_t,1.2,dynamic,49.44097914724706
1.5,nan,0.740554376979883,0.713010661068235,0.7440559265124487,0.7116038079360998,,0.0,0.5,0.5,0.6666666666666666,0.004,2.0,262,0.7283182090337006,hill_xi,stable,12,primary,0.7091727956473869,0.7479045157116853,block,65536,80,student_t,1.2,dynamic,40.3025084656598
1.5,nan,0.7498865857587109,0.7204750721126157,0.7499478902997556,0.7186850896398935,,0.0,0.5,0.5,0.6666666666666666,0.006,2.0,393,0.7292565023071333,hill_xi,stable,12,primary,0.7130513320081082,0.751694475360889,block,65536,80,student_t,1.2,dynamic,29.80587530448706
1.5,nan,0.7483393749313004,0.720945077407753,0.7534256428720286,0.7173985615200529,,0.0,0.5,0.5,0.6666666666666666,0.008,2.0,524,0.7340426844709317,hill_xi,stable,12,primary,0.7137055512806499,0.7597871616020166,block,65536,80,student_t,1.2,dynamic,23.953761441242854
1.5,nan,0.751754715587389,0.7265706606734664,0.7524466282562643,0.7230784810879216,,0.0,0.5,0.5,0.6666666666666666,0.012,2.0,786,0.7409016631852732,hill_xi,stable,12,primary,0.7195466745269578,0.7556270594000726,block,65536,80,student_t,1.2,dynamic,17.805964179716852
1.5,nan,0.7441647470200765,0.7353240492268637,0.7449123122304696,0.7348838825150363,,0.0,0.5,0.5,0.6666666666666666,0.018,2.0,1179,0.7370552275331445,hill_xi,stable,12,primary,0.734311366057763,0.7493348260944361,block,65536,80,student_t,1.2,dynamic,13.067137342738254
1.5,nan,0.7422422891112473,0.7287374676154537,0.7453380227394839,0.7284909251985934,,0.0,0.5,0.5,0.6666666666666666,0.03,2.0,1966,0.7350944670057166,hill_xi,stable,12,primary,0.7276007868249484,0.7488831431816738,block,65536,80,student_t,1.2,dynamic,8.955606467419958
1.5,0.999,0.5028555483313375,0.4715539716268289,0.5044206079307414,0.4693958361961584,,0.0,0.5,0.5,nan,0.001,2.0,0,0.47695345274967316,mass_ratio,stable,12,primary,0.4625274885634641,0.507704197252576,block,65536,80,student_t,1.2,dynamic,nan
1.5,0.9987164311578874,0.49848180214458726,0.48490803903435886,0.4987261858266372,0.4842116214569905,,0.0,0.5,0.5,nan,0.0012835688421125163,2.0,0,0.49051552686211386,mass_ratio,stable,12,primary,0.4785892440181147,0.5048244168551442,block,65536,80,student_t,1.2,dynamic,nan
1.5,0.998352451027558,0.5232377507529435,0.498695428093469,0.5237514136826749,0.49720553991425454,,0.0,0.5,0.5,nan,0.0016475489724420657,2.0,0,0.5047882439064616,mass_ratio,stable,12,primary,0.4920233861622689,0.525716932857725,block,65536,80,student_t,1.2,dynamic,nan
1.5,0.9978852574731188,0.5243329521818137,0.5122370322012229,0.5271124933780456,0.5114536641615854,,0.0,0.5,0.5,nan,0.0021147425268811283,2.0,0,0.5174136844933074,mass_ratio,stable,12,primary,0.5100492304237859,0.5338287194571404,block,65536,80,student_t,1.2,dynamic,nan
1.5,0.9972855823834051,0.5448227877683429,0.5298283119169898,0.5487995802088287,0.5289834960207771,,0.0,0.5,0.5,nan,0.002714417616594907,2.0,0,0.5348233398501929,mass_ratio,stable,12,primary,0.5264795634843267,0.5574050052782505,block,65536,80,student_t,1.2,dynamic,nan
1.5,0.9965158581228575,0.5667815810380634,0.5500185669043502,0.5673214512644764,0.5499887999801434,,0.0,0.5,0.5,nan,0.0034841418771425405,2.0,0,0.5585942923286853,mass_ratio,stable,12,primary,0.5481468783915452,0.5681443132294388,block,65536,80,student_t,1.2,dynamic,nan
1.5,0.9955278640450004,0.5785970274035577,0.5602786733033829,0.5786520903780238,0.5565840611913375,,0.0,0.5,0.5,nan,0.00447213595499958,2.0,0,0.5696340609329501,mass_ratio,stable,12,primary,0.5526930992901107,0.5788773384719694,block,65536,80,student_t,1.2,dynamic,nan
1.5,0.9942597056304714,0.5904969335505246,0.5705874891007863,0.5906432836416493,0.5696689470225142,,0.0,0.5,0.5,nan,0.005740294369528563,2.0,0,0.5823701976080902,mass_ratio,stable,12,primary,0.5679274864272363,0.5910179541310784,block,65536,80,student_t,1.2,dynamic,nan
1.5,0.9926319370027192,0.6004988546125357,0.5893025505570575,0.6016858172495609,0.5880561931076703,,0.0,0.5,0.5,nan,0.0073680629972807735,2.0,0,0.5947209280685234,mass_ratio,stable,12,primary,0.5860499947777457,0.6034062133430976,block,65536,80,student_t,1.2,dynamic,nan
1.5,0.9905425839099682,0.6105793369486904,0.59390239313127,0.6116924448340206,0.5931532441034939,,0.0,0.5,0.5,nan,0.00945741609003176,2.0,0,0.6067023001893916,mass_ratio,stable,12,primary,0.5905940288325413,0.6139494752890391,block,65536,80,student_t,1.2,dynamic,nan
1.5,0.9878607553799417,0.6274342548789316,0.6083157883775754,0.6276972657700987,0.6081493451726244,,0.0,0.5,0.5,nan,0.012139244620058345,2.0,0,0.6228100587094575,mass_ratio,stable,12,primary,0.6062110869697074,0.6280558476755831,block,65536,80,student_t,1.2,dynamic,nan
1.5,0.9844184438389111,0.6375252408929245,0.6260450058743661,0.6391470698283155,0.6254054927434041,,0.0,0.5,0.5,nan,0.015581556161088883,2.0,0,0.6349150508182274,mass_ratio,stable,12,primary,0.6221475631323266,0.641227229082428,block,65536,80,student_t,1.2,dynamic,nan
1.5,0.98,0.6517413669772312,0.6451399298719658,0.6517605503318852,0.6432818504933338,,0.0,0.5,0.5,nan,0.02,2.0,0,0.6488142359324391,mass_ratio,stable,12,primary,0.6393946485701562,0.6518921131825451,block,65536,80,student_t,1.2,dynamic,nan
1.5,nan,0.7578666769590903,0.6663627028742757,0.7756686149128011,0.6613356534790991,,0.0,0.5,0.5,0.6666666666666666,0.003,2.0,196,0.7148634833736534,pickands_xi,stable,12,primary,0.6492585690719304,0.7937430661887123,block,65536,80,student_t,1.2,dynamic,49.551048785999185
1.5,nan,0.7808836757836006,0.7072250422597486,0.7837274169144028,0.7060185510175916,,0.0,0.5,0.5,0.6666666666666666,0.004,2.0,262,0.7475581680053824,pickands_xi,stable,12,primary,0.6999742611880212,0.7938473433572898,block,65536,80,student_t,1.2,dynamic,40.35699091663313
1.5,nan,0.7789827407773096,0.7177909714693258,0.7807775859083943,0.7102113899590021,,0.0,0.5,0.5,0.6666666666666666,0.006,2.0,393,0.7501433245282786,pickands_xi,stable,12,primary,0.6956464110246948,0.7908323002724741,block,65536,80,student_t,1.2,dynamic,29.850896281477823
1.5,nan,0.7734998567651143,0.7343278459458735,0.7802352456369859,0.7326664808856651,,0.0,0.5,0.5,0.6666666666666666,0.008,2.0,524,0.7433850158715558,pickands_xi,stable,12,primary,0.7257440320930225,0.8001747183887323,block,65536,80,student_t,1.2,dynamic,23.977223100834706
1.5,nan,0.7876595178672388,0.7575812777819113,0.7888469927275218,0.7574419087952822,,0.0,0.5,0.5,0.6666666666666666,0.012,2.0,786,0.7735461919710935,pickands_xi,stable,12,primary,0.7486503852716844,0.7923974093212801,block,65536,80,student_t,1.2,dynamic,17.82044780801641
1.5,nan,0.7804931645086979,0.7221136801229378,0.7825590399956621,0.7203772698232074,,0.0,0.5,0.5,0.6666666666666666,0.018,2.0,1179,0.7552744272163308,pickands_xi,stable,12,primary,0.7153835325956133,0.7852059255387711,block,65536,80,student_t,1.2,dynamic,13.073849900079281
1.5,nan,0.7613881775507114,0.7304345283639663,0.7635281844474069,0.729531772213354,,0.0,0.5,0.5,0.6666666666666666,0.03,2.0,1966,0.7463288652352291,pickands_xi,stable,12,primary,0.7190831808495505,0.7667664234539504,block,65536,80,student_t,1.2,dynamic,8.960603264228212
1.5,nan,1.0622074383700741,1.0207960696083374,1.0704040169941238,1.0200605164356351,,0.0,0.5,0.5,2.442189993630104,0.003,2.0,196,1.039796611904035,tail_constant,stable,12,primary,1.011643902042286,1.0805594241041738,block,65536,80,student_t,1.2,dynamic,49.44097914724706
1.5,nan,1.0337322875977164,1.0019891886764343,1.033912793255305,0.9942898026709226,,0.0,0.5,0.5,2.442189993630104,0.004,2.0,262,1.022987352104279,tail_constant,stable,12,primary,0.9810522099128289,1.0371043454471214,block,65536,80,student_t,1.2,dynamic,40.3025084656598
1.5,nan,0.989879708452202,0.9426579252459077,0.9904508951428703,0.9420346341229743,,0.0,0.5,0.5,2.442189993630104,0.006,2.0,393,0.976041330089917,tail_constant,stable,12,primary,0.9412313643959405,0.9940190170179579,block,65536,80,student_t,1.2,dynamic,29.80587530448706
1.5,nan,0.9526840831914962,0.9157774972463388,0.9532930534560649,0.9149912496152488,,0.0,0.5,0.5,2.442189993630104,0.008,2.0,524,0.9373870625223581,tail_constant,stable,12,primary,0.9118089930296888,0.9561754530896666,block,65536,80,student_t,1.2,dynamic,23.953761441242854
1.5,nan,0.908322196394829,0.8656697375177456,0.908440859982591,0.8654333700019426,,0.0,0.5,0.5,2.442189993630104,0.012,2.0,786,0.9011461417083322,tail_constant,stable,12,primary,0.8616205309576551,0.908926802979229,block,65536,80,student_t,1.2,dynamic,17.805964179716852
1.5,nan,0.8581900616230789,0.8433452216965182,0.8583086928570296,0.8404588502051344,,0.0,0.5,0.5,2.442189993630104,0.018,2.0,1179,0.849795452816031,tail_constant,stable,12,primary,0.8340757906816744,0.860041091633258,block,65536,80,student_t,1.2,dynamic,13.067137342738254
1.5,nan,0.8149868695861856,0.7977212688193365,0.8156366736668563,0.7957539165706784,,0.0,0.5,0.5,2.442189993630104,0.03,2.0,1966,0.8039827533610491,tail_constant,stable,12,primary,0.7907411924233431,0.816372750213623,block,65536,80,student_t,1.2,dynamic,8.955606467419958
1.5,nan,0.008992278247545693,0.007951328405838645,0.008992278247545693,0.007850413249638347,,0.0,0.5,0.5,0.0,nan,2.0,0,0.008180591501406455,control_ecf_rmse,stable,4,refinement,0.007947291799590632,0.008664275620295266,full,16384,80,student_t,1.2,dynamic,0.5
1.5,nan,0.009664554929057167,0.006294492428677612,0.011282929505518314,0.006294492428677612,,0.0,0.5,0.5,0.0,nan,2.0,0,0.007919898024490548,control_ecf_rmse,stable,4,refinement,0.007014071597177195,0.009729289912115613,full,16384,80,student_t,1.2,dynamic,0.875
1.5,nan,0.012367278928088983,0.007618000490703901,0.012367278928088983,0.007618000490703901,,0.0,0.5,0.5,0.0,nan,2.0,0,0.009180328408305478,control_ecf_rmse,stable,4,refinement,0.00803813061985811,0.011167329949887447,full,16384,80,student_t,1.2,dynamic,1.25
1.5,nan,0.009702807338807304,0.007851671593192553,0.01017678867846008,0.007851671593192553,,0.0,0.5,0.5,0.0,nan,2.0,0,0.00859246502714582,control_ecf_rmse,stable,4,refinement,0.007901799174925941,0.009721766592393415,full,16384,80,student_t,1.2,dynamic,1.625
1.5,nan,0.01025276929015227,0.007419724112076094,0.01025276929015227,0.007419724112076094,,0.0,0.5,0.5,0.0,nan,2.0,0,0.009168368751363697,control_ecf_rmse,stable,4,refinement,0.007916538711408171,0.01007479185905973,full,16384,80,student_t,1.2,dynamic,2.0
1.5,nan,0.5993907002786636,0.42937953505078585,0.6265319190646993,0.42937953505078585,,0.0,0.5,0.5,0.0,nan,2.0,0,0.5008165185575996,control_w1,stable,4,refinement,0.4293814649252429,0.600476349030105,full,16384,80,student_t,1.2,dynamic,0.5
1.5,nan,0.7333272490747385,0.4072721702644517,0.7333272490747385,0.4072721702644517,,0.0,0.5,0.5,0.0,nan,2.0,0,0.438401157962205,control_w1,stable,4,refinement,0.4200325105449143,0.5939442991551813,full,16384,80,student_t,1.2,dynamic,0.875
1.5,nan,0.44170957633675817,0.3127016284202386,0.44170957633675817,0.2376948167447637,,0.0,0.5,0.5,0.0,nan,2.0,0,0.3939493479814957,control_w1,stable,4,refinement,0.30970135595321957,0.4217803025114077,full,16384,80,student_t,1.2,dynamic,1.25
1.5,nan,0.32749951851337844,0.20023215087385715,0.32756522656344444,0.20023215087385715,,0.0,0.5,0.5,0.0,nan,2.0,0,0.30145736803978707,control_w1,stable,4,refinement,0.23635156275021132,0.3275021468353811,full,16384,80,student_t,1.2,dynamic,1.625
1.5,nan,0.3112612471776306,0.211517442658039,0.36150333783366867,0.211517442658039,,0.0,0.5,0.5,0.0,nan,2.0,0,0.2558965600908367,control_w1,stable,4,refinement,0.2303605727390192,0.3132709308038721,full,16384,80,student_t,1.2,dynamic,2.0
1.5,nan,0.016836987251941913,0.008475432414718426,0.019983897912632106,0.008475432414718426,,1.0,0.5,0.5,0.0,nan,2.0,0,0.012917841234107486,pt_ecf_sup_exact_a,stable,4,refinement,0.010237115676595944,0.01696286367836952,full,16384,80,student_t,1.2,dynamic,0.5
1.5,nan,0.01392665177462146,0.010669784494160561,0.01392665177462146,0.009649690078813078,,1.0,0.5,0.5,0.0,nan,2.0,0,0.012427966166155501,pt_ecf_sup_exact_a,stable,4,refinement,0.01062898071754666,0.01356156456574858,full,16384,80,student_t,1.2,dynamic,0.875
1.5,nan,0.016115198655983872,0.011646794741551315,0.01706341184584461,0.011613793292350962,,1.0,0.5,0.5,0.0,nan,2.0,0,0.013423390828437402,pt_ecf_sup_exact_a,stable,4,refinement,0.0116454746835833,0.0161531271835783,full,16384,80,student_t,1.2,dynamic,1.25
1.5,nan,0.01522131025689042,0.010684504280026983,0.01522131025689042,0.009300268166573497,,1.0,0.5,0.5,0.0,nan,2.0,0,0.013597996101116817,pt_ecf_sup_exact_a,stable,4,refinement,0.010629134835488843,0.015176162201784537,full,16384,80,student_t,1.2,dynamic,1.625
1.5,nan,0.013745921037138184,0.009471476187012075,0.013745921037138184,0.009471476187012075,,1.0,0.5,0.5,0.0,nan,2.0,0,0.010878197567509143,pt_ecf_sup_exact_a,stable,4,refinement,0.009792324443857392,0.012723791777509522,full,16384,80,student_t,1.2,dynamic,2.0
1.5,nan,0.016175112818736747,0.011607176727498057,0.017158026859301824,0.010232855355706798,,1.0,0.5,0.5,0.0,nan,2.0,0,0.014086848438730494,pt_ecf_sup_exact_b,stable,4,refinement,0.011552203872626406,0.01621442938035935,full,16384,80,student_t,1.2,dynamic,0.5
1.5,nan,0.01748192632829241,0.011361282022455309,0.020005810954972843,0.011361282022455309,,1.0,0.5,0.5,0.0,nan,2.0,0,0.013789829757877209,pt_ecf_sup_exact_b,stable,4,refinement,0.011966243202465133,0.017582881713359626,full,16384,80,student_t,1.2,dynamic,0.875
1.5,nan,0.01782265223891478,0.015142167539238225,0.01782265223891478,0.015142167539238225,,1.0,0.5,0.5,0.0,nan,2.0,0,0.015638812736866386,pt_ecf_sup_exact_b,stable,4,refinement,0.015312479948300851,0.016842486563730445,full,16384,80,student_t,1.2,dynamic,1.25
1.5,nan,0.01402350794759368,0.010368930125066619,0.01402350794759368,0.00951597115762191,,1.0,0.5,0.5,0.0,nan,2.0,0,0.011770554686344211,pt_ecf_sup_exact_b,stable,4,refinement,0.01033481176636883,0.013205449867233718,full,16384,80,student_t,1.2,dynamic,1.625
1.5,nan,0.01251555449504649,0.010696194582530376,0.01251555449504649,0.010023467675299767,,1.0,0.5,0.5,0.0,nan,2.0,0,0.011613165152759793,pt_ecf_sup_exact_b,stable,4,refinement,0.01066928550624115,0.012199644568988303,full,16384,80,student_t,1.2,dynamic,2.0
1.5,nan,0.014378862584518263,0.010685289248555368,0.01626195895478101,0.010685289248555368,,1.0,0.5,0.5,0.0,nan,2.0,0,0.011810435393172928,pt_ecf_sup_exact_c,stable,4,refinement,0.010896400603852155,0.014454186439328772,full,16384,80,student_t,1.2,dynamic,0.5
1.5,nan,0.011592175723813637,0.008447439027865168,0.011592175723813637,0.008447439027865168,,1.0,0.5,0.5,0.0,nan,2.0,0,0.010772172384073395,pt_ecf_sup_exact_c,stable,4,refinement,0.009379812850013452,0.011382072309569986,full,16384,80,student_t,1.2,dynamic,0.875
1.5,nan,0.016752227807400898,0.013503181334746176,0.016752227807400898,0.011167728134053739,,1.0,0.5,0.5,0.0,nan,2.0,0,0.015892893137424327,pt_ecf_sup_exact_c,stable,4,refinement,0.013409763206718479,0.016365791294765286,full,16384,80,student_t,1.2,dynamic,1.25
1.5,nan,0.013665093364801654,0.00983717628482468,0.013665093364801654,0.009108482701840755,,1.0,0.5,0.5,0.0,nan,2.0,0,0.010682721662133157,pt_ecf_sup_exact_c,stable,4,refinement,0.009808028541505323,0.01228964380879656,full,16384,80,student_t,1.2,dynamic,1.625
1.5,nan,0.015087294760683002,0.012738816801072294,0.015524231294568841,0.012355249688194164,,1.0,0.5,0.5,0.0,nan,2.0,0,0.013886371070373793,pt_ecf_sup_exact_c,stable,4,refinement,0.012723474116557169,0.015104772222038435,full,16384,80,student_t,1.2,dynamic,2.0
1.5,nan,0.014474321285071416,0.010053638704098814,0.014474321285071416,0.010053638704098814,,1.0,0.5,0.5,0.0,nan,2.0,0,0.013452162662824257,pt_ecf_sup_numerical,stable,4,refinement,0.011508547339655286,0.014160068011024521,full,16384,80,student_t,1.2,dynamic,0.5
1.5,nan,0.017148925152471572,0.009741542893114154,0.017148925152471572,0.008624333057844212,,1.0,0.5,0.5,0.0,nan,2.0,0,0.011729910021073084,pt_ecf_sup_numerical,stable,4,refinement,0.009696854499703358,0.014965953389891012,full,16384,80,student_t,1.2,dynamic,0.875
1.5,nan,0.015982660165311607,0.012785480164939854,0.018352836593028363,0.012785480164939854,,1.0,0.5,0.5,0.0,nan,2.0,0,0.013587779278090198,pt_ecf_sup_numerical,stable,4,refinement,0.013158725598689788,0.016077467222420275,full,16384,80,student_t,1.2,dynamic,1.25
1.5,nan,0.023799894112226726,0.015867766350313485,0.023799894112226726,0.015867766350313485,,1.0,0.5,0.5,0.0,nan,2.0,0,0.018215603000946684,pt_ecf_sup_numerical,stable,4,refinement,0.01621470287846823,0.021899459442961497,full,16384,80,student_t,1.2,dynamic,1.625
1.5,nan,0.017044208888292438,0.011984556189570441,0.017044208888292438,0.011553406169243665,,1.0,0.5,0.5,0.0,nan,2.0,0,0.01406338464642826,pt_ecf_sup_numerical,stable,4,refinement,0.011967310188757371,0.01640429890173253,full,16384,80,student_t,1.2,dynamic,2.0
1.5,nan,2.8782813395523557e-05,2.8684452226912495e-05,2.8782813395523557e-05,2.8684452226912495e-05,,1.0,0.5,0.5,0.0,nan,2.0,0,2.872920669099619e-05,score_table_ecf_rmse,stable,4,refinement,2.870494936557976e-05,2.875806718144333e-05,full,16384,80,student_t,1.2,dynamic,nan
1.5,nan,1.1990086798974176e-06,3.5323363101191774e-07,1.1990086798974176e-06,3.0788975635687166e-07,,1.0,0.5,0.5,0.0,nan,2.0,0,4.107284647947296e-07,score_table_hill_alpha_absdiff,stable,4,refinement,3.514198760257159e-07,8.26466637029455e-07,full,16384,80,student_t,1.2,dynamic,nan
1.5,nan,1.0033309255254855e-06,5.625463606969615e-07,1.3904334629914035e-06,5.625463606969615e-07,,1.0,0.5,0.5,0.0,nan,2.0,0,6.138332646937398e-07,score_table_tail_constant_reldiff,stable,4,refinement,5.860144153998177e-07,1.0188150270241223e-06,full,16384,80,student_t,1.2,dynamic,nan
1.5,nan,7.522247835972212e-05,7.494279139753178e-05,7.522247835972212e-05,7.494279139753178e-05,,0.0,0.5,0.5,0.0,nan,2.0,0,7.508135411573716e-05,score_table_trajectory_mean_abs,stable,4,refinement,7.498394085235021e-05,7.518009937252949e-05,full,16384,80,student_t,1.2,dynamic,0.5
1.5,nan,5.838026385041961e-05,5.8210203407620296e-05,5.838026385041961e-05,5.8186420715876296e-05,,0.0,0.5,0.5,0.0,nan,2.0,0,5.830649333297524e-05,score_table_trajectory_mean_abs,stable,4,refinement,5.820925209995054e-05,5.837965747417956e-05,full,16384,80,student_t,1.2,dynamic,0.875
1.5,nan,4.0935331485969235e-05,4.0758626808110066e-05,4.0935331485969235e-05,4.07402249217561e-05,,0.0,0.5,0.5,0.0,nan,2.0,0,4.080623019292567e-05,score_table_trajectory_mean_abs,stable,4,refinement,4.075789073265591e-05,4.088737958456991e-05,full,16384,80,student_t,1.2,dynamic,1.25
1.5,nan,2.171064648802531e-05,2.1634402983009616e-05,2.1740816079924732e-05,2.1634402983009616e-05,,0.0,0.5,0.5,0.0,nan,2.0,0,2.1668521534472357e-05,score_table_trajectory_mean_abs,stable,4,refinement,2.1645041314118034e-05,2.171185327170129e-05,full,16384,80,student_t,1.2,dynamic,1.625
1.5,nan,0.0,0.0,0.0,0.0,,0.0,0.5,0.5,0.0,nan,2.0,0,0.0,score_table_trajectory_mean_abs,stable,4,refinement,0.0,0.0,full,16384,80,student_t,1.2,dynamic,2.0
1.5,nan,7.134246544401017e-05,7.113253707671255e-05,7.134246544401017e-05,7.102954918951178e-05,,1.0,0.5,0.5,0.0,nan,2.0,0,7.124457958938087e-05,score_table_w1,stable,4,refinement,7.112841756122452e-05,7.129982645401252e-05,full,16384,80,student_t,1.2,dynamic,nan
1.5,nan,0.7534648158647618,0.7139247584327626,0.7577441262455332,0.7017051126468592,,0.0,0.5,0.5,0.6666666666666666,0.006,2.0,1572,0.734362318651672,gpd_xi,stable,12,primary,0.6785105847014877,0.7638895828544957,full,262144,80,student_t,1.2,dynamic,29.624494299155327
1.5,nan,0.7352064685435182,0.7117449779954508,0.7416058739934733,0.7101457231796374,,0.0,0.5,0.5,0.6666666666666666,0.012,2.0,3145,0.7188447507500777,gpd_xi,stable,12,primary,0.7066974237844799,0.7501759543028561,full,262144,80,student_t,1.2,dynamic,17.668463816614924
1.5,nan,1.3995430447082648,1.3494309220186391,1.4065809138652114,1.3430070430194039,,0.0,0.5,0.5,1.5,0.003,2.0,786,1.378559341941535,hill_alpha,stable,12,primary,1.3340705514664142,1.4200585096122136,full,262144,80,student_t,1.2,dynamic,49.376674891475105
1.5,nan,1.4065645136134102,1.349486388209051,1.4069289175760002,1.3455540919897653,,0.0,0.5,0.5,1.5,0.004,2.0,1048,1.3860817716868277,hill_alpha,stable,12,primary,1.3380623744581486,1.4088018175927577,full,262144,80,student_t,1.2,dynamic,40.0364643376692
1.5,nan,1.3931593997279133,1.3422302575731684,1.395402329301331,1.3404881381518554,,0.0,0.5,0.5,1.5,0.006,2.0,1572,1.3806766181694177,hill_alpha,stable,12,primary,1.3372942993281338,1.3994275210296088,full,262144,80,student_t,1.2,dynamic,29.624494299155327
1.5,nan,1.3800923939146796,1.3431222316450488,1.3805217065549815,1.3413025899486613,,0.0,0.5,0.5,1.5,0.008,2.0,2097,1.367964509934542,hill_alpha,stable,12,primary,1.3352181279031792,1.3817582686494052,full,262144,80,student_t,1.2,dynamic,23.865660172590488
1.5,nan,1.3741375692021398,1.3415332381252978,1.3750085294410161,1.3351740905930682,,0.0,0.5,0.5,1.5,0.012,2.0,3145,1.3567328408162456,hill_alpha,stable,12,primary,1.3247941176879525,1.3766224982546982,full,262144,80,student_t,1.2,dynamic,17.668463816614924
1.5,nan,1.3646393215416235,1.3480336091566227,1.3650548120013306,1.3429674590048362,,0.0,0.5,0.5,1.5,0.018,2.0,4718,1.3599253387357955,hill_alpha,stable,12,primary,1.3357747119703673,1.3662555350423817,full,262144,80,student_t,1.2,dynamic,13.087425147911706
1.5,nan,1.368135683104177,1.3506514694097933,1.3693529745676654,1.3439960330915848,,0.0,0.5,0.5,1.5,0.03,2.0,7864,1.362468226160642,hill_alpha,stable,12,primary,1.3367124591061863,1.3727122900647168,full,262144,80,student_t,1.2,dynamic,9.007837979033226
1.5,nan,0.7410531237153519,0.7145189308617873,0.7446147693554439,0.7109616134251756,,0.0,0.5,0.5,0.6666666666666666,0.003,2.0,786,0.7253979048530277,hill_xi,stable,12,primary,0.7042417515305646,0.7495939986502158,full,262144,80,student_t,1.2,dynamic,49.376674891475105
1.5,nan,0.7410226651690305,0.710952103740367,0.7431946041117605,0.7107680100906284,,0.0,0.5,0.5,0.6666666666666666,0.004,2.0,1048,0.721463043639344,hill_xi,stable,12,primary,0.7098256190658643,0.7473661600337486,full,262144,80,student_t,1.2,dynamic,40.0364643376692
1.5,nan,0.745028652392369,0.7179951419492395,0.7459981633127437,0.7166417494961008,,0.0,0.5,0.5,0.6666666666666666,0.006,2.0,1572,0.7243045363009422,hill_xi,stable,12,primary,0.7145801423631466,0.7477813530459142,full,262144,80,student_t,1.2,dynamic,29.624494299155327
1.5,nan,0.7445338752044968,0.7245891683842018,0.7455452989672725,0.7243639067458894,,0.0,0.5,0.5,0.6666666666666666,0.008,2.0,2097,0.7310167683862098,hill_xi,stable,12,primary,0.7237163707607925,0.7489656652400778,full,262144,80,student_t,1.2,dynamic,23.865660172590488
1.5,nan,0.7460441492147153,0.7277291753114836,0.7489829915694375,0.7272685076577242,,0.0,0.5,0.5,0.6666666666666666,0.012,2.0,3145,0.7370730292199668,hill_xi,stable,12,primary,0.7264162271633614,0.754856434347946,full,262144,80,student_t,1.2,dynamic,17.668463816614924
1.5,nan,0.7412703726607937,0.7327943612751148,0.7446352107191614,0.7325713838398031,,0.0,0.5,0.5,0.6666666666666666,0.018,2.0,4718,0.73533467665613,hill_xi,stable,12,primary,0.7319282660233689,0.7486307286566546,full,262144,80,student_t,1.2,dynamic,13.087425147911706
1.5,nan,0.7415172697626655,0.7317624862223393,0.7440688066791719,0.7302749312083998,,0.0,0.5,0.5,0.6666666666666666,0.03,2.0,7864,0.7339631609117285,hill_xi,stable,12,primary,0.7284851696116234,0.7481043699720724,full,262144,80,student_t,1.2,dynamic,9.007837979033226
1.5,0.999,0.4921627186965982,0.4709393408209284,0.4927115496213538,0.469706042999383,,0.0,0.5,0.5,nan,0.001,2.0,0,0.4831414099718143,mass_ratio,stable,12,primary,0.46665102307096573,0.4968442641842146,full,262144,80,student_t,1.2,dynamic,nan
1.5,0.9987164311578874,0.5041619007243666,0.4905609577862934,0.508428081219906,0.48965859969489406,,0.0,0.5,0.5,nan,0.0012835688421125163,2.0,0,0.492794757635287,mass_ratio,stable,12,primary,0.486365585943225,0.5129946943486597,full,262144,80,student_t,1.2,dynamic,nan
1.5,0.998352451027558,0.5132353790193046,0.4984632584068436,0.514700429060019,0.49767341194773157,,0.0,0.5,0.5,nan,0.0016475489724420657,2.0,0,0.505633194012133,mass_ratio,stable,12,primary,0.4960089387949302,0.5167071621248845,full,262144,80,student_t,1.2,dynamic,nan
1.5,0.9978852574731188,0.5286803792579157,0.5138442700501079,0.530352502675171,0.5136337928809526,,0.0,0.5,0.5,nan,0.0021147425268811283,2.0,0,0.5206127699886489,mass_ratio,stable,12,primary,0.5122604229952354,0.5333878667716596,full,262144,80,student_t,1.2,dynamic,nan
1.5,0.9972855823834051,0.5428423493457674,0.5275229603418963,0.5431523320001229,0.5269609031432247,,0.0,0.5,0.5,nan,0.002714417616594907,2.0,0,0.5409956624404306,mass_ratio,stable,12,primary,0.5261743682686252,0.5436951876069096,full,262144,80,student_t,1.2,dynamic,nan
1.5,0.9965158581228575,0.562072814519602,0.5453452428137445,0.5635883754676432,0.5448567498478936,,0.0,0.5,0.5,nan,0.0034841418771425405,2.0,0,0.5522354211448373,mass_ratio,stable,12,primary,0.543881114909454,0.5651299917939199,full,262144,80,student_t,1.2,dynamic,nan
1.5,0.9955278640450004,0.5719769457984133,0.555517259485656,0.5725233910127865,0.5548934761706472,,0.0,0.5,0.5,nan,0.00447213595499958,2.0,0,0.5637583323965022,mass_ratio,stable,12,primary,0.5537052895667012,0.5741669737912298,full,262144,80,student_t,1.2,dynamic,nan
1.5,0.9942597056304714,0.5863900196071886,0.5698685151615718,0.5891061844976792,0.5698224132893156,,0.0,0.5,0.5,nan,0.005740294369528563,2.0,0,0.578986976673346,mass_ratio,stable,12,primary,0.5691516520891934,0.5923704430681761,full,262144,80,student_t,1.2,dynamic,nan
1.5,0.9926319370027192,0.5974992147627144,0.584937617334125,0.5990136812683491,0.5842586079973003,,0.0,0.5,0.5,nan,0.0073680629972807735,2.0,0,0.5926774954763385,mass_ratio,stable,12,primary,0.5832398284061597,0.6021579892455644,full,262144,80,student_t,1.2,dynamic,nan
1.5,0.9905425839099682,0.610786275648926,0.5944610000421675,0.6116825886500552,0.5926648177791369,,0.0,0.5,0.5,nan,0.00945741609003176,2.0,0,0.6043111506167047,mass_ratio,stable,12,primary,0.5898837955634685,0.6139070070210604,full,262144,80,student_t,1.2,dynamic,nan
1.5,0.9878607553799417,0.625469139387652,0.6109197072704701,0.6266619309913626,0.6098149201686272,,0.0,0.5,0.5,nan,0.012139244620058345,2.0,0,0.6197175533292949,mass_ratio,stable,12,primary,0.6069891349163256,0.6291619296672792,full,262144,80,student_t,1.2,dynamic,nan
1.5,0.9844184438389111,0.6393760385019848,0.6268638908223373,0.6413757932243034,0.6268187300255705,,0.0,0.5,0.5,nan,0.015581556161088883,2.0,0,0.6342195982591599,mass_ratio,stable,12,primary,0.6238307166395053,0.6441461410100534,full,262144,80,student_t,1.2,dynamic,nan
1.5,0.98,0.652705095834399,0.6446626645630676,0.6533538513391961,0.643887129180823,,0.0,0.5,0.5,nan,0.02,2.0,0,0.6504188559745956,mass_ratio,stable,12,primary,0.6393583346868273,0.6545965928157197,full,262144,80,student_t,1.2,dynamic,nan
1.5,nan,0.7594076415096027,0.6360374335869792,0.761902277788573,0.6302223727742486,,0.0,0.5,0.5,0.6666666666666666,0.003,2.0,786,0.6788519836836617,pickands_xi,stable,12,primary,0.6240607302026381,0.770310085819025,full,262144,80,student_t,1.2,dynamic,49.40408316574008
1.5,nan,0.7654733526427644,0.7006398634662548,0.7721237575889849,0.699477817331819,,0.0,0.5,0.5,0.6666666666666666,0.004,2.0,1048,0.7164790404529089,pickands_xi,stable,12,primary,0.6973485801903019,0.7870108627740413,full,262144,80,student_t,1.2,dynamic,40.063040107112684
1.5,nan,0.7953169146275737,0.7485735640214233,0.8048507085577803,0.7447689252071636,,0.0,0.5,0.5,0.6666666666666666,0.006,2.0,1572,0.7665835329270991,pickands_xi,stable,12,primary,0.7343077301401898,0.816817214251684,full,262144,80,student_t,1.2,dynamic,29.66403421594204
1.5,nan,0.7741795675853445,0.7359960932999132,0.778139615672359,0.7315844000442507,,0.0,0.5,0.5,0.6666666666666666,0.008,2.0,2097,0.7484265387192437,pickands_xi,stable,12,primary,0.7182753886143673,0.7874519774151479,full,262144,80,student_t,1.2,dynamic,23.881579762430412
1.5,nan,0.779256565592636,0.7532791155605875,0.7836391686610544,0.7474264486396651,,0.0,0.5,0.5,0.6666666666666666,0.012,2.0,3145,0.7716706699328937,pickands_xi,stable,12,primary,0.7365996670597545,0.7929625084090014,full,262144,80,student_t,1.2,dynamic,17.67219207147771
1.5,nan,0.7706907677559458,0.7302418069983067,0.7736171456205464,0.7300602963597936,,0.0,0.5,0.5,0.6666666666666666,0.018,2.0,4718,0.7597291159393371,pickands_xi,stable,12,primary,0.7276488338057453,0.7778047145103243,full,262144,80,student_t,1.2,dynamic,13.089289243571496
1.5,nan,0.7567883613445221,0.7361237010657251,0.7568348705655432,0.7309317228883685,,0.0,0.5,0.5,0.6666666666666666,0.03,2.0,7864,0.7454769378174388,pickands_xi,stable,12,primary,0.7198580867537834,0.7573017855999842,full,262144,80,student_t,1.2,dynamic,9.008301989820076
1.5,nan,1.0553627962252348,1.0214428209872868,1.0559151989434503,1.0182174548299288,,0.0,0.5,0.5,2.442189993630104,0.003,2.0,786,1.0403176241630543,tail_constant,stable,12,primary,1.0116343543131912,1.0570402370753211,full,262144,80,student_t,1.2,dynamic,49.376674891475105
1.5,nan,1.0286574987506785,0.9876894842167779,1.0305123777766445,0.983769318651651,,0.0,0.5,0.5,2.442189993630104,0.004,2.0,1048,1.0127772090110252,tail_constant,stable,12,primary,0.9778304510832915,1.0347260133181737,full,262144,80,student_t,1.2,dynamic,40.0364643376692
1.5,nan,0.9861426885039503,0.9471752299286957,0.992234663681498,0.9462868665567683,,0.0,0.5,0.5,2.442189993630104,0.006,2.0,1572,0.9669210179102351,tail_constant,stable,12,primary,0.9437765094387585,1.0013439954386532,full,262144,80,student_t,1.2,dynamic,29.624494299155327
1.5,nan,0.9460564694901163,0.9161025818242096,0.9526622005923477,0.9134055293372587,,0.0,0.5,0.5,2.442189993630104,0.008,2.0,2097,0.9326520818792364,tail_constant,stable,12,primary,0.9094165322754395,0.9593241200502561,full,262144,80,student_t,1.2,dynamic,23.865660172590488
1.5,nan,0.9067841396572293,0.8728879418539185,0.9081236844679454,0.8714614476685263,,0.0,0.5,0.5,2.442189993630104,0.012,2.0,3145,0.8910076969308628,tail_constant,stable,12,primary,0.8647269380486695,0.9110911879673776,full,262144,80,student_t,1.2,dynamic,17.668463816614924
1.5,nan,0.8631235253167626,0.8445582235881159,0.8638365799007747,0.8421207320575543,,0.0,0.5,0.5,2.442189993630104,0.018,2.0,4718,0.8521176013215008,tail_constant,stable,12,primary,0.8343685638492273,0.8649459677399554,full,262144,80,student_t,1.2,dynamic,13.087425147911706
1.5,nan,0.8123496004165899,0.8005480709609532,0.8124285350852198,0.7998683533387569,,0.0,0.5,0.5,2.442189993630104,0.03,2.0,7864,0.8110255452118043,tail_constant,stable,12,primary,0.7968378659163863,0.8140702127364918,full,262144,80,student_t,1.2,dynamic,9.007837979033226
1.5,nan,0.004776408196412928,0.0037354578721199828,0.004968796374114284,0.003638891178986992,,0.0,0.5,0.5,0.0,nan,2.0,0,0.0043205269761251875,control_ecf_rmse,stable,12,primary,0.0035290948576455748,0.005205027969009169,full,65536,80,student_t,1.2,dynamic,0.5
1.5,nan,0.00476155248812309,0.003888302225751464,0.004825135781072723,0.0037951302843743937,,0.0,0.5,0.5,0.0,nan,2.0,0,0.004295672475973214,control_ecf_rmse,stable,12,primary,0.00365795017770553,0.004902138828030761,full,65536,80,student_t,1.2,dynamic,0.875
1.5,nan,0.004639611997707675,0.0036799484568096133,0.0047272513398832205,0.0035783743769409945,,0.0,0.5,0.5,0.0,nan,2.0,0,0.0040700661880203855,control_ecf_rmse,stable,12,primary,0.003311594851934341,0.004816325876874811,full,65536,80,student_t,1.2,dynamic,1.25
1.5,nan,0.005255265791593162,0.003437000310003785,0.005286088736492608,0.003285417838739599,,0.0,0.5,0.5,0.0,nan,2.0,0,0.00393065051010432,control_ecf_rmse,stable,12,primary,0.003072880877185709,0.005380759396094984,full,65536,80,student_t,1.2,dynamic,1.625
1.5,nan,0.004964294748176166,0.004272484187320099,0.005001771200600449,0.004120531010676679,,0.0,0.5,0.5,0.0,nan,2.0,0,0.004731023899598401,control_ecf_rmse,stable,12,primary,0.00388779208350451,0.005206186981312762,full,65536,80,student_t,1.2,dynamic,2.0
1.5,nan,0.6389826520319832,0.35481303690921284,0.6420512078065863,0.3449565752231826,,0.0,0.5,0.5,0.0,nan,2.0,0,0.4388570057826744,control_w1,stable,12,primary,0.3175926781690296,1.0674986584485415,full,65536,80,student_t,1.2,dynamic,0.5
1.5,nan,0.4089320135185661,0.2476402587255875,0.4672881369300347,0.24500625310990776,,0.0,0.5,0.5,0.0,nan,2.0,0,0.30891165641729007,control_w1,stable,12,primary,0.24144860899926832,0.8433245477103801,full,65536,80,student_t,1.2,dynamic,0.875
1.5,nan,0.9111180534609629,0.2674595826368535,1.0352249432646263,0.2655234801039417,,0.0,0.5,0.5,0.0,nan,2.0,0,0.3266272856063367,control_w1,stable,12,primary,0.25991351599334533,1.5641936185111156,full,65536,80,student_t,1.2,dynamic,1.25
1.5,nan,0.357875840233286,0.23971603324905072,0.3745855771513016,0.22544085501240912,,0.0,0.5,0.5,0.0,nan,2.0,0,0.27488131196687104,control_w1,stable,12,primary,0.20103298169470385,0.599053158103196,full,65536,80,student_t,1.2,dynamic,1.625
1.5,nan,0.30540332931782205,0.16627834784462495,0.32060351105136103,0.16447799103634436,,0.0,0.5,0.5,0.0,nan,2.0,0,0.22242746741853048,control_w1,stable,12,primary,0.1615339872485277,0.517241128446334,full,65536,80,student_t,1.2,dynamic,2.0
1.5,nan,1.3737978745989834,1.2287149836332771,1.3737978745989834,1.2287149836332771,,0.0,0.5,0.5,1.5,0.003,2.0,196,1.2746993288608741,hill_alpha,stable,4,refinement,1.2388023575092513,1.3382156844779631,full,65536,80,student_t,1.2,dynamic,47.467537727894786
1.5,nan,1.4604771033124322,1.2746156523274261,1.4604771033124322,1.252269256314892,,0.0,0.5,0.5,1.5,0.004,2.0,262,1.3093949409305692,hill_alpha,stable,4,refinement,1.273721796486925,1.39392545381263,full,65536,80,student_t,1.2,dynamic,39.06541187205238
1.5,nan,1.3801857139259817,1.3335962235063006,1.3801857139259817,1.325924063919988,,0.0,0.5,0.5,1.5,0.006,2.0,393,1.3588785833989496,hill_alpha,stable,4,refinement,1.3332893371228483,1.3784111874200478,full,65536,80,student_t,1.2,dynamic,29.012958158222297
1.5,nan,1.3654340469205062,1.3301561086594487,1.3751556652638273,1.3301561086594487,,0.0,0.5,0.5,1.5,0.008,2.0,524,1.3523397605511192,hill_alpha,stable,4,refinement,1.3391853809149388,1.3658229116542389,full,65536,80,student_t,1.2,dynamic,23.48238103403735
1.5,nan,1.3730005573543633,1.3456259321464024,1.3815772568481584,1.3456259321464024,,0.0,0.5,0.5,1.5,0.012,2.0,786,1.3563365615354828,hill_alpha,stable,4,refinement,1.34688513201712,1.3733436253341151,full,65536,80,student_t,1.2,dynamic,17.492921836564534
1.5,nan,1.3888990029291624,1.3316277113368524,1.3888990029291624,1.3316277113368524,,0.0,0.5,0.5,1.5,0.018,2.0,1179,1.3594950589310555,hill_alpha,stable,4,refinement,1.3374994918193348,1.3822896561728062,full,65536,80,student_t,1.2,dynamic,13.033585733010655
1.5,nan,1.403038952613313,1.3258677355601656,1.403038952613313,1.3258677355601656,,0.0,0.5,0.5,1.5,0.03,2.0,1966,1.3563684010727375,hill_alpha,stable,4,refinement,1.3369045239563015,1.3842406189237353,full,65536,80,student_t,1.2,dynamic,8.923365840419308
1.5,nan,0.807015503610649,0.7279091185753244,0.8138583913439608,0.7279091185753244,,0.0,0.5,0.5,0.6666666666666666,0.003,2.0,196,0.7847998501881435,hill_xi,stable,4,refinement,0.7478377422186646,0.8072892191199814,full,65536,80,student_t,1.2,dynamic,47.467537727894786
1.5,nan,0.7985503077371268,0.7206179660117644,0.7985503077371268,0.6847077559326004,,0.0,0.5,0.5,0.6666666666666666,0.004,2.0,262,0.7637803802453573,hill_xi,stable,4,refinement,0.7191815576085978,0.7853418005352032,full,65536,80,student_t,1.2,dynamic,39.06541187205238
1.5,nan,0.7541910032491456,0.7245401759415901,0.7541910032491456,0.7245401759415901,,0.0,0.5,0.5,0.6666666666666666,0.006,2.0,393,0.7360245319253289,hill_xi,stable,4,refinement,0.7254742305899408,0.7500495332375576,full,65536,80,student_t,1.2,dynamic,29.012958158222297
1.5,nan,0.7517914577769484,0.7324049787595655,0.7517914577769484,0.7271904012467907,,0.0,0.5,0.5,0.6666666666666666,0.008,2.0,524,0.7394637420249994,hill_xi,stable,4,refinement,0.7321963956590545,0.7467593633772892,full,65536,80,student_t,1.2,dynamic,23.48238103403735
1.5,nan,0.7431485794903671,0.7283602451702457,0.7431485794903671,0.7238104094745564,,0.0,0.5,0.5,0.6666666666666666,0.012,2.0,786,0.7373063458271327,hill_xi,stable,4,refinement,0.7281782517424181,0.7424545145133895,full,65536,80,student_t,1.2,dynamic,17.492921836564534
1.5,nan,0.7475427240495862,0.7199947569197029,0.7509606412411443,0.7199947569197029,,0.0,0.5,0.5,0.6666666666666666,0.018,2.0,1179,0.7356645142868148,hill_xi,stable,4,refinement,0.7234553000217342,0.7476794407372486,full,65536,80,student_t,1.2,dynamic,13.033585733010655
1.5,nan,0.7477946270052127,0.7127385865783634,0.7542230444106178,0.7127385865783634,,0.0,0.5,0.5,0.6666666666666666,0.03,2.0,1966,0.7372854124348605,hill_xi,stable,4,refinement,0.7225622803503075,0.7480517637014289,full,65536,80,student_t,1.2,dynamic,8.923365840419308
1.5,0.999,0.5123903568193706,0.4459558760086042,0.5195520340490116,0.4459558760086042,,0.0,0.5,0.5,nan,0.001,2.0,0,0.4910799169962352,mass_ratio,stable,4,refinement,0.46082400963778986,0.5126768239085562,full,65536,80,student_t,1.2,dynamic,nan
1.5,0.9987164311578874,0.537869647052029,0.462288273892228,0.5412811836211234,0.4384809762129144,,0.0,0.5,0.5,nan,0.0012835688421125163,2.0,0,0.510276841027238,mass_ratio,stable,4,refinement,0.46133598198505543,0.5380061085147927,full,65536,80,student_t,1.2,dynamic,nan
1.5,0.998352451027558,0.5393454207628713,0.45071423570355057,0.556780519832015,0.45071423570355057,,0.0,0.5,0.5,nan,0.0016475489724420657,2.0,0,0.5091239243612505,mass_ratio,stable,4,refinement,0.4726134155396576,0.540042824725637,full,65536,80,student_t,1.2,dynamic,nan
1.5,0.9978852574731188,0.5650643980845368,0.4713727265034618,0.5650643980845368,0.4713727265034618,,0.0,0.5,0.5,nan,0.0021147425268811283,2.0,0,0.5065942270042241,mass_ratio,stable,4,refinement,0.48192941669510614,0.5433483460147083,full,65536,80,student_t,1.2,dynamic,nan
1.5,0.9972855823834051,0.5286011093956169,0.49689756479217795,0.5307702004180671,0.49689756479217795,,0.0,0.5,0.5,nan,0.002714417616594907,2.0,0,0.5187404548516161,mass_ratio,stable,4,refinement,0.5036902015303639,0.5286878730365149,full,65536,80,student_t,1.2,dynamic,nan
1.5,0.9965158581228575,0.5409072632007081,0.5045687257847293,0.544626937534759,0.5045687257847293,,0.0,0.5,0.5,nan,0.0034841418771425405,2.0,0,0.5324671324305295,mass_ratio,stable,4,refinement,0.5156941418853719,0.5410560501740702,full,65536,80,student_t,1.2,dynamic,nan
1.5,0.9955278640450004,0.5610106398355225,0.5328938526967322,0.5610106398355225,0.5328938526967322,,0.0,0.5,0.5,nan,0.00447213595499958,2.0,0,0.5492569247328711,mass_ratio,stable,4,refinement,0.5387686511618817,0.557348332698447,full,65536,80,student_t,1.2,dynamic,nan
1.5,0.9942597056304714,0.5748623974406262,0.5464689127457873,0.5878378986763054,0.5464689127457873,,0.0,0.5,0.5,nan,0.005740294369528563,2.0,0,0.5618666716860574,mass_ratio,stable,4,refinement,0.55385012926805,0.5753814174900534,full,65536,80,student_t,1.2,dynamic,nan
1.5,0.9926319370027192,0.5941439124055495,0.5695491145712696,0.5989222902628997,0.5695491145712696,,0.0,0.5,0.5,nan,0.0073680629972807735,2.0,0,0.5824366525879019,mass_ratio,stable,4,refinement,0.5724092694783103,0.5943350475198436,full,65536,80,student_t,1.2,dynamic,nan
1.5,0.9905425839099682,0.6153605728902121,0.5859354437913813,0.6189062286986128,0.5788927817557854,,0.0,0.5,0.5,nan,0.00945741609003176,2.0,0,0.6023965114543941,mass_ratio,stable,4,refinement,0.5856537373099574,0.615502399122548,full,65536,80,student_t,1.2,dynamic,nan
1.5,0.9878607553799417,0.6241776132172027,0.6030689000314867,0.6301237035179926,0.596856606242201,,0.0,0.5,0.5,nan,0.012139244620058345,2.0,0,0.6137563583685925,mass_ratio,stable,4,refinement,0.6028204082799153,0.6244154568292343,full,65536,80,student_t,1.2,dynamic,nan
1.5,0.9844184438389111,0.6389819853688081,0.6193468775873634,0.6389819853688081,0.6106019440504561,,0.0,0.5,0.5,nan,0.015581556161088883,2.0,0,0.6334362089676928,mass_ratio,stable,4,refinement,0.6189970802458871,0.6388853236611154,full,65536,80,student_t,1.2,dynamic,nan
1.5,0.98,0.6562899029395952,0.6380377930261274,0.6562899029395952,0.6380377930261274,,0.0,0.5,0.5,nan,0.02,2.0,0,0.6475983781891637,mass_ratio,stable,4,refinement,0.6415383752031745,0.6532064697605985,full,65536,80,student_t,1.2,dynamic,nan
1.5,nan,0.6989267486456042,0.5927520201008578,0.6989267486456042,0.5927520201008578,,0.0,0.5,0.5,0.6666666666666666,0.003,2.0,196,0.6572768687490783,pickands_xi,stable,4,refinement,0.6226713330376655,0.6799874207096099,full,65536,80,student_t,1.2,dynamic,47.554260324157
1.5,nan,0.9045679120348168,0.6282980199287288,0.9045679120348168,0.6020822005187481,,0.0,0.5,0.5,0.6666666666666666,0.004,2.0,262,0.664564271399095,pickands_xi,stable,4,refinement,0.6272493871523296,0.7941903719186554,full,65536,80,student_t,1.2,dynamic,39.09482213136074
1.5,nan,0.7539377350867845,0.6924548473464053,0.7621890440579162,0.6924548473464053,,0.0,0.5,0.5,0.6666666666666666,0.006,2.0,393,0.7279979558784658,pickands_xi,stable,4,refinement,0.7010250737279445,0.7542677874456298,full,65536,80,student_t,1.2,dynamic,29.06136559888284
1.5,nan,0.7581148267791151,0.7058316401544883,0.7718088461517821,0.7058316401544883,,0.0,0.5,0.5,0.6666666666666666,0.008,2.0,524,0.7308966028344499,pickands_xi,stable,4,refinement,0.7113712040463108,0.7586625875540217,full,65536,80,student_t,1.2,dynamic,23.51910767878661
1.5,nan,0.8947154358743414,0.7070568956068655,0.8947154358743414,0.7013974041149329,,0.0,0.5,0.5,0.6666666666666666,0.012,2.0,786,0.7276471952003936,pickands_xi,stable,4,refinement,0.7068305159471882,0.8216894682396123,full,65536,80,student_t,1.2,dynamic,17.510327306710757
1.5,nan,0.7740360742132693,0.7260244832513449,0.7832476683402066,0.7033004720784016,,0.0,0.5,0.5,0.6666666666666666,0.018,2.0,1179,0.7567864872553101,pickands_xi,stable,4,refinement,0.7251155228044271,0.7744045379783467,full,65536,80,student_t,1.2,dynamic,13.03973561048347
1.5,nan,0.7764013640193314,0.6918582988334439,0.7764013640193314,0.6918582988334439,,0.0,0.5,0.5,0.6666666666666666,0.03,2.0,1966,0.7329222913874678,pickands_xi,stable,4,refinement,0.7010187128690469,0.7660817115463653,full,65536,80,student_t,1.2,dynamic,8.924635636260962
1.5,nan,0.007219158281407838,0.005791335955098844,0.007225388594514865,0.005637762489660236,,1.0,0.5,0.5,0.0,nan,2.0,0,0.006324756155873353,pt_ecf_sup_exact_a,stable,12,primary,0.005284077796102559,0.007498757727834782,full,65536,80,student_t,1.2,dynamic,0.5
1.5,nan,0.007199111672419642,0.005542707289633691,0.007624310493385781,0.005354833188344591,,1.0,0.5,0.5,0.0,nan,2.0,0,0.006309367354696954,pt_ecf_sup_exact_a,stable,12,primary,0.005032026794236234,0.008133163395391722,full,65536,80,student_t,1.2,dynamic,0.875
1.5,nan,0.007281711376810788,0.0059351410703148075,0.007400403801791232,0.0058413929140402904,,1.0,0.5,0.5,0.0,nan,2.0,0,0.006510968406021032,pt_ecf_sup_exact_a,stable,12,primary,0.005153418950416847,0.007538076958538716,full,65536,80,student_t,1.2,dynamic,1.25
1.5,nan,0.006238721907314432,0.005173653213959913,0.006360664513859898,0.005138487229726818,,1.0,0.5,0.5,0.0,nan,2.0,0,0.005628431159533462,pt_ecf_sup_exact_a,stable,12,primary,0.004970676201263204,0.006529572393918243,full,65536,80,student_t,1.2,dynamic,1.625
1.5,nan,0.006356775914344413,0.005089615048113525,0.006538443300526817,0.004924034871996789,,1.0,0.5,0.5,0.0,nan,2.0,0,0.005888380740095227,pt_ecf_sup_exact_a,stable,12,primary,0.004726777439289889,0.006931394365536396,full,65536,80,student_t,1.2,dynamic,2.0
1.5,nan,0.00700349397331905,0.006197629471465872,0.007116640903368577,0.0061461323061693125,,1.0,0.5,0.5,0.0,nan,2.0,0,0.006609000008802475,pt_ecf_sup_exact_b,stable,12,primary,0.005545457961126907,0.007321751454100423,full,65536,80,student_t,1.2,dynamic,0.5
1.5,nan,0.006854461488243048,0.005610323234818535,0.007271581070025623,0.0055729857018597066,,1.0,0.5,0.5,0.0,nan,2.0,0,0.0058819993052116005,pt_ecf_sup_exact_b,stable,12,primary,0.005341619517514507,0.007809314353838935,full,65536,80,student_t,1.2,dynamic,0.875
1.5,nan,0.006882889916907031,0.005510787430048429,0.007010509273480357,0.005416948198925593,,1.0,0.5,0.5,0.0,nan,2.0,0,0.006110392001590984,pt_ecf_sup_exact_b,stable,12,primary,0.005274877221769444,0.0074003126424698005,full,65536,80,student_t,1.2,dynamic,1.25
1.5,nan,0.007057136186265,0.005901119510654532,0.007130268129823529,0.005884231053746487,,1.0,0.5,0.5,0.0,nan,2.0,0,0.00654325591057622,pt_ecf_sup_exact_b,stable,12,primary,0.005364262785699974,0.0077390301407063485,full,65536,80,student_t,1.2,dynamic,1.625
1.5,nan,0.007376484413849439,0.0061798399567621785,0.00744418109214337,0.005806179535659584,,1.0,0.5,0.5,0.0,nan,2.0,0,0.007016651570011262,pt_ecf_sup_exact_b,stable,12,primary,0.005078295463124045,0.00758663787289263,full,65536,80,student_t,1.2,dynamic,2.0
1.5,nan,0.00778970549595195,0.005999517107023628,0.00803471016412072,0.005674554941179889,,1.0,0.5,0.5,0.0,nan,2.0,0,0.006617458901090488,pt_ecf_sup_exact_c,stable,12,primary,0.005033226306916761,0.008412512654765406,full,65536,80,student_t,1.2,dynamic,0.5
1.5,nan,0.007249866167021153,0.00636816834915358,0.007357646751958616,0.006352824581827052,,1.0,0.5,0.5,0.0,nan,2.0,0,0.006817773142622665,pt_ecf_sup_exact_c,stable,12,primary,0.006142482521462457,0.007546562173537138,full,65536,80,student_t,1.2,dynamic,0.875
1.5,nan,0.006803130018041375,0.005674341856252905,0.007014062264732796,0.005522902244556745,,1.0,0.5,0.5,0.0,nan,2.0,0,0.0061227626170972695,pt_ecf_sup_exact_c,stable,12,primary,0.0052253970080132425,0.0075067905118588055,full,65536,80,student_t,1.2,dynamic,1.25
1.5,nan,0.006320715483090952,0.005443079799562236,0.006424030437197418,0.005321731458885891,,1.0,0.5,0.5,0.0,nan,2.0,0,0.005822343904413789,pt_ecf_sup_exact_c,stable,12,primary,0.005001979975647854,0.0066281174777369665,full,65536,80,student_t,1.2,dynamic,1.625
1.5,nan,0.007307117649858717,0.005720670322987706,0.007372000880719916,0.005644756584883922,,1.0,0.5,0.5,0.0,nan,2.0,0,0.006688679115575068,pt_ecf_sup_exact_c,stable,12,primary,0.005501979327065463,0.00816062059528356,full,65536,80,student_t,1.2,dynamic,2.0
1.5,nan,0.007063686484079022,0.005307890668012469,0.0072373626980512884,0.0053066360700375695,,1.0,0.5,0.5,0.0,nan,2.0,0,0.00585215867375165,pt_ecf_sup_numerical,stable,12,primary,0.005190732802773469,0.008092838054570112,full,65536,80,student_t,1.2,dynamic,0.5
1.5,nan,0.009028085201169829,0.006134668092676933,0.009091267178931176,0.005978113226944693,,1.0,0.5,0.5,0.0,nan,2.0,0,0.006584546514268801,pt_ecf_sup_numerical,stable,12,primary,0.0055364852517193145,0.009228607358557564,full,65536,80,student_t,1.2,dynamic,0.875
1.5,nan,0.007930567588186537,0.005225927292121171,0.008049726220131781,0.0050828705655865895,,1.0,0.5,0.5,0.0,nan,2.0,0,0.006785451023762002,pt_ecf_sup_numerical,stable,12,primary,0.004935859918192002,0.008318602804300237,full,65536,80,student_t,1.2,dynamic,1.25
1.5,nan,0.006590408790575082,0.005573851127259676,0.006640607526947734,0.005468734696697258,,1.0,0.5,0.5,0.0,nan,2.0,0,0.006377998008483474,pt_ecf_sup_numerical,stable,12,primary,0.0052624343600909985,0.00671511300677095,full,65536,80,student_t,1.2,dynamic,1.625
1.5,nan,0.007818553768699752,0.006491406181039695,0.007835873479267601,0.006418443909202944,,1.0,0.5,0.5,0.0,nan,2.0,0,0.00710049151376245,pt_ecf_sup_numerical,stable,12,primary,0.005804582057333244,0.007970877643466679,full,65536,80,student_t,1.2,dynamic,2.0
1.5,nan,2.8890842689031e-05,2.8830031080326918e-05,2.8904000956138427e-05,2.882707713818843e-05,,1.0,0.5,0.5,0.0,nan,2.0,0,2.887719813127168e-05,score_table_ecf_rmse,stable,12,primary,2.8813814222784028e-05,2.892037840239026e-05,full,65536,80,student_t,1.2,dynamic,nan
1.5,nan,8.726904521250134e-07,4.266825921472872e-07,1.0279617701502985e-06,4.1794487648516565e-07,,1.0,0.5,0.5,0.0,nan,2.0,0,5.56613058200206e-07,score_table_hill_alpha_absdiff,stable,12,primary,3.9159515174524984e-07,1.2155133234070804e-06,full,65536,80,student_t,1.2,dynamic,nan
1.5,nan,8.987132943527381e-07,5.480849402472229e-07,1.003354286969101e-06,5.284793970901143e-07,,1.0,0.5,0.5,0.0,nan,2.0,0,6.308728163518316e-07,score_table_tail_constant_reldiff,stable,12,primary,4.859072476329962e-07,1.2035628619908385e-06,full,65536,80,student_t,1.2,dynamic,nan
1.5,nan,7.521816054503055e-05,7.51467558477705e-05,7.522828078152798e-05,7.514194602439266e-05,,0.0,0.5,0.5,0.0,nan,2.0,0,7.518930464410529e-05,score_table_trajectory_mean_abs,stable,12,primary,7.513101738997966e-05,7.524483124459011e-05,full,65536,80,student_t,1.2,dynamic,0.5
1.5,nan,5.8356131559271054e-05,5.830833700343915e-05,5.835695233998855e-05,5.830092371998086e-05,,0.0,0.5,0.5,0.0,nan,2.0,0,5.8324776285041923e-05,score_table_trajectory_mean_abs,stable,12,primary,5.828886211423676e-05,5.8358428943140995e-05,full,65536,80,student_t,1.2,dynamic,0.875
1.5,nan,4.085863438343191e-05,4.081363250916126e-05,4.0864683639799766e-05,4.081077078658122e-05,,0.0,0.5,0.5,0.0,nan,2.0,0,4.0836164009314444e-05,score_table_trajectory_mean_abs,stable,12,primary,4.0806246816145594e-05,4.0874679278799586e-05,full,65536,80,student_t,1.2,dynamic,1.25
1.5,nan,2.1701351221302876e-05,2.167602579741746e-05,2.1702976726063225e-05,2.1674715817134004e-05,,0.0,0.5,0.5,0.0,nan,2.0,0,2.168416224174144e-05,score_table_trajectory_mean_abs,stable,12,primary,2.1672561784718288e-05,2.1706401943448938e-05,full,65536,80,student_t,1.2,dynamic,1.625
1.5,nan,0.0,0.0,0.0,0.0,,0.0,0.5,0.5,0.0,nan,2.0,0,0.0,score_table_trajectory_mean_abs,stable,12,primary,0.0,0.0,full,65536,80,student_t,1.2,dynamic,2.0
1.5,nan,6.813642771089938e-05,6.805815003924496e-05,6.814887544339898e-05,6.805259768414234e-05,,1.0,0.5,0.5,0.0,nan,2.0,0,6.807646843323177e-05,score_table_w1,stable,12,primary,6.8021647355616e-05,6.819953809770449e-05,full,65536,80,student_t,1.2,dynamic,nan
1.5,nan,1.013308651694108,0.9383894226335342,1.013308651694108,0.9079452129924767,,0.0,0.5,0.5,2.442189993630104,0.003,2.0,196,0.9780790534696304,tail_constant,stable,4,refinement,0.9387098879981809,0.9992980129696883,full,65536,80,student_t,1.2,dynamic,47.467537727894786
1.5,nan,0.9977216503748605,0.9305375585632376,1.016772003459236,0.8874738290628393,,0.0,0.5,0.5,2.442189993630104,0.004,2.0,262,0.9761362926770605,tail_constant,stable,4,refinement,0.9288150093832217,0.9984836644982356,full,65536,80,student_t,1.2,dynamic,39.06541187205238
1.5,nan,0.9670097787311986,0.892095345142089,0.9932754982397456,0.892095345142089,,0.0,0.5,0.5,2.442189993630104,0.006,2.0,393,0.9371340359508744,tail_constant,stable,4,refinement,0.9119811055598529,0.9680604075115404,full,65536,80,student_t,1.2,dynamic,29.012958158222297
1.5,nan,0.9409796362355048,0.8698745240847375,0.949312960937604,0.8698745240847375,,0.0,0.5,0.5,2.442189993630104,0.008,2.0,524,0.9099335103287197,tail_constant,stable,4,refinement,0.8782006929035997,0.9413129692235888,full,65536,80,student_t,1.2,dynamic,23.48238103403735
1.5,nan,0.904728660429541,0.8536644684188743,0.918258730256666,0.8435007364977611,,0.0,0.5,0.5,2.442189993630104,0.012,2.0,786,0.8775133954712018,tail_constant,stable,4,refinement,0.8532579191420299,0.905269863222626,full,65536,80,student_t,1.2,dynamic,17.492921836564534
1.5,nan,0.8600134840396164,0.8188364394593155,0.8600134840396164,0.8188364394593155,,0.0,0.5,0.5,2.442189993630104,0.018,2.0,1179,0.8465131189175755,tail_constant,stable,4,refinement,0.8291200129434448,0.8565345414368722,full,65536,80,student_t,1.2,dynamic,13.033585733010655
1.5,nan,0.806025503497171,0.7954899818156124,0.8110848522727664,0.7926575822075215,,0.0,0.5,0.5,2.442189993630104,0.03,2.0,1966,0.7996442680726394,tail_constant,stable,4,refinement,0.7953766858312887,0.8062278774481948,full,65536,80,student_t,1.2,dynamic,8.923365840419308
1.5,nan,0.7775954402885205,0.6956949985311631,0.7808168450622845,0.6907905841269458,,0.0,0.5,0.5,0.6666666666666666,0.012,2.0,1572,0.7179872424615323,gpd_xi,stable,12,primary,0.6822744572783719,0.7868608018975972,nested,131072,80,student_t,1.2,dynamic,17.66832252343524
1.5,nan,1.4231290823462839,1.3150162471090232,1.4349599363222008,1.3129994825633178,,0.0,0.5,0.5,1.5,0.003,2.0,393,1.3674537037361656,hill_alpha,stable,12,primary,1.302497526996557,1.464734133395913,nested,131072,80,student_t,1.2,dynamic,49.186651768249746
1.5,nan,1.4017222150594746,1.3288221213315945,1.408786061180247,1.3254337877758813,,0.0,0.5,0.5,1.5,0.004,2.0,524,1.3749231181090908,hill_alpha,stable,12,primary,1.3144019958469377,1.4239568554303645,nested,131072,80,student_t,1.2,dynamic,39.88675426919046
1.5,nan,1.4077222029402825,1.349129407697959,1.415621359681604,1.3383489498522576,,0.0,0.5,0.5,1.5,0.006,2.0,786,1.370491720310514,hill_alpha,stable,12,primary,1.3207640086465757,1.4261085997458276,nested,131072,80,student_t,1.2,dynamic,29.4241901225437
1.5,nan,1.3860779251919146,1.3354330011166442,1.390574370071333,1.3262261707046712,,0.0,0.5,0.5,1.5,0.008,2.0,1048,1.357672688487177,hill_alpha,stable,12,primary,1.3160759457602365,1.397712264566775,nested,131072,80,student_t,1.2,dynamic,23.66985789478661
1.5,nan,1.3714413525148466,1.3312040215126366,1.3768713736567673,1.3310874005551023,,0.0,0.5,0.5,1.5,0.012,2.0,1572,1.3616699154349061,hill_alpha,stable,12,primary,1.3257511533807824,1.3904848965517933,nested,131072,80,student_t,1.2,dynamic,17.66832252343524
1.5,nan,1.3746680601359826,1.3416971918946876,1.3784304618236667,1.34015727010105,,0.0,0.5,0.5,1.5,0.018,2.0,2359,1.3624052385718897,hill_alpha,stable,12,primary,1.3225876097897011,1.3875285372982633,nested,131072,80,student_t,1.2,dynamic,13.146785615774283
1.5,nan,1.3791741325305709,1.3364530174660687,1.3812801350923078,1.3363776941964567,,0.0,0.5,0.5,1.5,0.03,2.0,3932,1.364289222717276,hill_alpha,stable,12,primary,1.331552078609029,1.38792483862162,nested,131072,80,student_t,1.2,dynamic,9.02692044321379
1.5,nan,0.7604468782788306,0.7057848789494231,0.7616167200181057,0.6969944322677887,,0.0,0.5,0.5,0.6666666666666666,0.003,2.0,393,0.731545521449146,hill_xi,stable,12,primary,0.6828528401593782,0.767860447659639,nested,131072,80,student_t,1.2,dynamic,49.186651768249746
1.5,nan,0.752546171490518,0.7127121168863058,0.7544749080834583,0.7098488335147166,,0.0,0.5,0.5,0.6666666666666666,0.004,2.0,524,0.7274074808749087,hill_xi,stable,12,primary,0.702339679314363,0.7608847716557434,nested,131072,80,student_t,1.2,dynamic,39.88675426919046
1.5,nan,0.7412187402439888,0.7103674275445249,0.7472377723555199,0.7064255780317381,,0.0,0.5,0.5,0.6666666666666666,0.006,2.0,786,0.7296729360618445,hill_xi,stable,12,primary,0.701216154718167,0.7572018925093854,nested,131072,80,student_t,1.2,dynamic,29.4241901225437
1.5,nan,0.7492337231435822,0.7214601587869176,0.7540555431187197,0.719134824616124,,0.0,0.5,0.5,0.6666666666666666,0.008,2.0,1048,0.736563824953506,hill_xi,stable,12,primary,0.715462895380813,0.759835808034971,nested,131072,80,student_t,1.2,dynamic,23.66985789478661
1.5,nan,0.7511996537267878,0.7267663844645759,0.75126547457294,0.7263147505162689,,0.0,0.5,0.5,0.6666666666666666,0.012,2.0,1572,0.7344006822039589,hill_xi,stable,12,primary,0.719199320962358,0.7543267137037852,nested,131072,80,student_t,1.2,dynamic,17.66832252343524
1.5,nan,0.744719830653839,0.7274483411661428,0.7462470276253349,0.7254681885125156,,0.0,0.5,0.5,0.6666666666666666,0.018,2.0,2359,0.7340024483094878,hill_xi,stable,12,primary,0.7207393688995307,0.7561276869547273,nested,131072,80,student_t,1.2,dynamic,13.146785615774283
1.5,nan,0.7482492739595232,0.7263239773305333,0.7482914504781208,0.7239741601897287,,0.0,0.5,0.5,0.6666666666666666,0.03,2.0,3932,0.7330087056570611,hill_xi,stable,12,primary,0.7205050118553329,0.75103380008059,nested,131072,80,student_t,1.2,dynamic,9.02692044321379
1.5,0.999,0.4931940173222824,0.47363048769584404,0.49390932327200426,0.47351287421457433,,0.0,0.5,0.5,nan,0.001,2.0,0,0.4842991411334284,mass_ratio,stable,12,primary,0.4725606580852481,0.4981867727248222,nested,131072,80,student_t,1.2,dynamic,nan
1.5,0.9987164311578874,0.5056214117881274,0.4831023205102862,0.5074001764843215,0.4816100160515845,,0.0,0.5,0.5,nan,0.0012835688421125163,2.0,0,0.4891578023601872,mass_ratio,stable,12,primary,0.4790562194777911,0.5112142566597256,nested,131072,80,student_t,1.2,dynamic,nan
1.5,0.998352451027558,0.517312467764361,0.48807860981527557,0.521613033340099,0.4867773408152716,,0.0,0.5,0.5,nan,0.0016475489724420657,2.0,0,0.502384395004297,mass_ratio,stable,12,primary,0.48402453833937126,0.5324197767212577,nested,131072,80,student_t,1.2,dynamic,nan
1.5,0.9978852574731188,0.5247011927148652,0.5071746515966561,0.5316066803086945,0.5053215932056063,,0.0,0.5,0.5,nan,0.0021147425268811283,2.0,0,0.5154451889372916,mass_ratio,stable,12,primary,0.5018117306852409,0.5405103296833734,nested,131072,80,student_t,1.2,dynamic,nan
1.5,0.9972855823834051,0.5506544263534885,0.5166507162028294,0.5528702327695922,0.5161390758501465,,0.0,0.5,0.5,nan,0.002714417616594907,2.0,0,0.5407567806058196,mass_ratio,stable,12,primary,0.5144080004088227,0.558492889428551,nested,131072,80,student_t,1.2,dynamic,nan
1.5,0.9965158581228575,0.5700379009972627,0.5358946040980379,0.5703834174824818,0.5345730372110599,,0.0,0.5,0.5,nan,0.0034841418771425405,2.0,0,0.546785178149314,mass_ratio,stable,12,primary,0.5273485429282996,0.5729146012959542,nested,131072,80,student_t,1.2,dynamic,nan
1.5,0.9955278640450004,0.5734889246514259,0.5543440207097435,0.5751007554430982,0.5532836754123446,,0.0,0.5,0.5,nan,0.00447213595499958,2.0,0,0.5637221791347118,mass_ratio,stable,12,primary,0.549667738144768,0.5815560878006282,nested,131072,80,student_t,1.2,dynamic,nan
1.5,0.9942597056304714,0.5889028293910655,0.5658352471542348,0.590867778713414,0.5650524377974825,,0.0,0.5,0.5,nan,0.005740294369528563,2.0,0,0.5759862590773737,mass_ratio,stable,12,primary,0.5638861003266321,0.6039710390508599,nested,131072,80,student_t,1.2,dynamic,nan
1.5,0.9926319370027192,0.6036739784810019,0.5816274901543421,0.6040187373148624,0.5815915901531832,,0.0,0.5,0.5,nan,0.0073680629972807735,2.0,0,0.5897685753888986,mass_ratio,stable,12,primary,0.5769762993739274,0.6154736175146904,nested,131072,80,student_t,1.2,dynamic,nan
1.5,0.9905425839099682,0.6128675399434456,0.5900003787670407,0.6143487629370283,0.5879168576277608,,0.0,0.5,0.5,nan,0.00945741609003176,2.0,0,0.6028433835465028,mass_ratio,stable,12,primary,0.5852951311206086,0.6173019912225604,nested,131072,80,student_t,1.2,dynamic,nan
1.5,0.9878607553799417,0.6276144841411545,0.6080204565966997,0.6296836326169193,0.6076541996330489,,0.0,0.5,0.5,nan,0.012139244620058345,2.0,0,0.6204211514112516,mass_ratio,stable,12,primary,0.6071261377793492,0.6330330785811955,nested,131072,80,student_t,1.2,dynamic,nan
1.5,0.9844184438389111,0.6419958694038052,0.6252618389914968,0.6423184757627622,0.6234065190163114,,0.0,0.5,0.5,nan,0.015581556161088883,2.0,0,0.6334259261690642,mass_ratio,stable,12,primary,0.6215062893107279,0.644069716900805,nested,131072,80,student_t,1.2,dynamic,nan
1.5,0.98,0.6569311368282733,0.6413843505869392,0.657553496853959,0.640340120836672,,0.0,0.5,0.5,nan,0.02,2.0,0,0.6506188482109274,mass_ratio,stable,12,primary,0.6392605382901996,0.6584649025759686,nested,131072,80,student_t,1.2,dynamic,nan
1.5,nan,0.7110069971975335,0.6411055459343832,0.7195768366491521,0.6383526366302799,,0.0,0.5,0.5,0.6666666666666666,0.003,2.0,393,0.6674495780650896,pickands_xi,stable,12,primary,0.6259902019931805,0.7528104395868782,nested,131072,80,student_t,1.2,dynamic,49.31616275173474
1.5,nan,0.7524860098200844,0.7009330948300709,0.7586025465227514,0.6950372477437221,,0.0,0.5,0.5,0.6666666666666666,0.004,2.0,524,0.7205203150855994,pickands_xi,stable,12,primary,0.6764853022856935,0.7910971761227672,nested,131072,80,student_t,1.2,dynamic,39.893315604134244
1.5,nan,0.79671677016674,0.741092664690592,0.8092044362640007,0.7370402942926048,,0.0,0.5,0.5,0.6666666666666666,0.006,2.0,786,0.7551560556563319,pickands_xi,stable,12,primary,0.7238730143928861,0.8241439217036965,nested,131072,80,student_t,1.2,dynamic,29.471468084441682
1.5,nan,0.7682927277420034,0.715311414393057,0.7713838844914764,0.7016068786673819,,0.0,0.5,0.5,0.6666666666666666,0.008,2.0,1048,0.7503182867783469,pickands_xi,stable,12,primary,0.6838121965060552,0.7830491875991019,nested,131072,80,student_t,1.2,dynamic,23.67469462340138
1.5,nan,0.7825532541158857,0.7413388603700541,0.7850591802830532,0.7331566694425056,,0.0,0.5,0.5,0.6666666666666666,0.012,2.0,1572,0.7623324963666387,pickands_xi,stable,12,primary,0.7201608927929153,0.7897174335794255,nested,131072,80,student_t,1.2,dynamic,17.68578310258907
1.5,nan,0.7851429184234298,0.7320407087322274,0.790826819352357,0.7292489071483335,,0.0,0.5,0.5,0.6666666666666666,0.018,2.0,2359,0.7438379906274627,pickands_xi,stable,12,primary,0.7246195761451869,0.7976923512653853,nested,131072,80,student_t,1.2,dynamic,13.149646114454816
1.5,nan,0.7767450102884921,0.7328104645538703,0.7792169487430618,0.7322152878607227,,0.0,0.5,0.5,0.6666666666666666,0.03,2.0,3932,0.7577788775155256,pickands_xi,stable,12,primary,0.72574899563787,0.7817389875449791,nested,131072,80,student_t,1.2,dynamic,9.027169649193464
1.5,nan,1.0748588093462117,0.9806182391019277,1.0868425429410047,0.9779826493638264,,0.0,0.5,0.5,2.442189993630104,0.003,2.0,393,1.0343594988659315,tail_constant,stable,12,primary,0.9719876269157399,1.1007858585677823,nested,131072,80,student_t,1.2,dynamic,49.186651768249746
1.5,nan,1.034819083990796,0.962290370249907,1.0355083052030651,0.9578829152775277,,0.0,0.5,0.5,2.442189993630104,0.004,2.0,524,1.0070838077416813,tail_constant,stable,12,primary,0.9401456673196714,1.0447933249382584,nested,131072,80,student_t,1.2,dynamic,39.88675426919046
1.5,nan,0.9830088071472987,0.9410764803143163,1.0000687017153176,0.9374399778589547,,0.0,0.5,0.5,2.442189993630104,0.006,2.0,786,0.9571330980072537,tail_constant,stable,12,primary,0.9301506037496706,1.0278564828225971,nested,131072,80,student_t,1.2,dynamic,29.4241901225437
1.5,nan,0.9503902483013816,0.900213830989971,0.9643579933192039,0.8963092912762185,,0.0,0.5,0.5,2.442189993630104,0.008,2.0,1048,0.9207760826796543,tail_constant,stable,12,primary,0.8916513592030292,0.980348591168236,nested,131072,80,student_t,1.2,dynamic,23.66985789478661
1.5,nan,0.9064514830772756,0.8662049170880097,0.9108184116609199,0.8647002467413504,,0.0,0.5,0.5,2.442189993630104,0.012,2.0,1572,0.8907112960547654,tail_constant,stable,12,primary,0.8629830884757466,0.9180972586339883,nested,131072,80,student_t,1.2,dynamic,17.66832252343524
1.5,nan,0.8632147891167021,0.8346256272408791,0.8658014548187709,0.8337895533317456,,0.0,0.5,0.5,2.442189993630104,0.018,2.0,2359,0.8579211733758565,tail_constant,stable,12,primary,0.8329232974199531,0.8710668950307331,nested,131072,80,student_t,1.2,dynamic,13.146785615774283
1.5,nan,0.8174307784136112,0.8025928459585292,0.8179099029866337,0.8003091983038599,,0.0,0.5,0.5,2.442189993630104,0.03,2.0,3932,0.8136049210886379,tail_constant,stable,12,primary,0.792619874144898,0.8202318392237608,nested,131072,80,student_t,1.2,dynamic,9.02692044321379
1.5,nan,1.2605387101292778,1.1413421440724378,1.293123404523235,1.1011631612177433,,0.0,0.5,0.5,1.5,0.003,2.0,49,1.2047375713312265,hill_alpha,stable,4,refinement,1.13973498475825,1.261842097905036,nested,16384,80,student_t,1.2,dynamic,46.016449934322125
1.5,nan,1.3063977954057109,1.1597906430091252,1.3063977954057109,1.1597906430091252,,0.0,0.5,0.5,1.5,0.004,2.0,65,1.2508635725429884,hill_alpha,stable,4,refinement,1.1828401065510106,1.300406911065973,nested,16384,80,student_t,1.2,dynamic,37.8229265571822
1.5,nan,1.4709078052528437,1.1998619329197153,1.4709078052528437,1.1882526571830239,,0.0,0.5,0.5,1.5,0.006,2.0,98,1.292662366144035,hill_alpha,stable,4,refinement,1.1993975618902477,1.4243217500746772,nested,16384,80,student_t,1.2,dynamic,29.29109261079038
1.5,nan,1.4502606939072558,1.2305195262293094,1.4502606939072558,1.2305195262293094,,0.0,0.5,0.5,1.5,0.008,2.0,131,1.3447638229034617,hill_alpha,stable,4,refinement,1.26618864922323,1.4187903352351072,nested,16384,80,student_t,1.2,dynamic,23.214742791286465
1.5,nan,1.381677824724003,1.2864178584055859,1.381677824724003,1.2768581823791945,,0.0,0.5,0.5,1.5,0.012,2.0,196,1.3319430954905473,hill_alpha,stable,4,refinement,1.2860354713645301,1.375068624000058,nested,16384,80,student_t,1.2,dynamic,17.317900949444482
1.5,nan,1.3866232593145034,1.346891238652889,1.3866232593145034,1.3158741106219856,,0.0,0.5,0.5,1.5,0.018,2.0,294,1.381039205304305,hill_alpha,stable,4,refinement,1.345650553531653,1.3854457159274542,nested,16384,80,student_t,1.2,dynamic,13.199130199436533
1.5,nan,1.4145113028508205,1.3404337352517783,1.4145113028508205,1.3019399787531645,,0.0,0.5,0.5,1.5,0.03,2.0,491,1.3900443104165712,hill_alpha,stable,4,refinement,1.3388939849918338,1.4081032194421468,nested,16384,80,student_t,1.2,dynamic,9.219364603860061
1.5,nan,0.8772486090694623,0.7938420706806685,0.9081306342414598,0.7733213987946438,,0.0,0.5,0.5,0.6666666666666666,0.003,2.0,49,0.830364663232079,hill_xi,stable,4,refinement,0.7930212438052275,0.8784838900763422,nested,16384,80,student_t,1.2,dynamic,46.016449934322125
1.5,nan,0.8622245799513077,0.7654636309987366,0.8622245799513077,0.7654636309987366,,0.0,0.5,0.5,0.6666666666666666,0.004,2.0,65,0.8003958867501927,hill_xi,stable,4,refinement,0.7690077569641115,0.8457701640100965,nested,16384,80,student_t,1.2,dynamic,37.8229265571822
1.5,nan,0.8415718609632128,0.6798522629554635,0.8415718609632128,0.6798522629554635,,0.0,0.5,0.5,0.6666666666666666,0.006,2.0,98,0.7766611400071715,hill_xi,stable,4,refinement,0.7029054010740916,0.8338298377705047,nested,16384,80,student_t,1.2,dynamic,29.29109261079038
1.5,nan,0.8126648774638366,0.689531202356333,0.8126648774638366,0.689531202356333,,0.0,0.5,0.5,0.6666666666666666,0.008,2.0,131,0.7442813320544865,hill_xi,stable,4,refinement,0.7052023472016709,0.7904496930771244,nested,16384,80,student_t,1.2,dynamic,23.214742791286465
1.5,nan,0.7776841732787102,0.7237577256476234,0.7831723317437499,0.7237577256476234,,0.0,0.5,0.5,0.6666666666666666,0.012,2.0,196,0.7513306394127578,hill_xi,stable,4,refinement,0.7272546404901528,0.7776264031896089,nested,16384,80,student_t,1.2,dynamic,17.317900949444482
1.5,nan,0.7599511168491045,0.7218155051377659,0.7599511168491045,0.7211764214126655,,0.0,0.5,0.5,0.6666666666666666,0.018,2.0,294,0.7240961267060702,hill_xi,stable,4,refinement,0.721789941788762,0.7435286597451858,nested,16384,80,student_t,1.2,dynamic,13.199130199436533
1.5,nan,0.7466429281516489,0.7103258673493504,0.7680845632819995,0.7069579422833807,,0.0,0.5,0.5,0.6666666666666666,0.03,2.0,491,0.7194475427183092,hill_xi,stable,4,refinement,0.7101911503467117,0.7475005935568628,nested,16384,80,student_t,1.2,dynamic,9.219364603860061
1.5,0.999,0.5562550990304996,0.5307789267747907,0.5712132015091386,0.5307789267747907,,0.0,0.5,0.5,nan,0.001,2.0,0,0.5398359706431924,mass_ratio,stable,4,refinement,0.5344250153954627,0.5568534231296451,nested,16384,80,student_t,1.2,dynamic,nan
1.5,0.9987164311578874,0.5665949544300449,0.49500540421541167,0.5665949544300449,0.49500540421541167,,0.0,0.5,0.5,nan,0.0012835688421125163,2.0,0,0.5152482991117633,mass_ratio,stable,4,refinement,0.4961390206415153,0.5505315330014149,nested,16384,80,student_t,1.2,dynamic,nan
1.5,0.998352451027558,0.5389679257810702,0.44683847064179566,0.5569422564901764,0.44683847064179566,,0.0,0.5,0.5,nan,0.0016475489724420657,2.0,0,0.5026199546684016,mass_ratio,stable,4,refinement,0.4647942355808565,0.5396868990094346,nested,16384,80,student_t,1.2,dynamic,nan
1.5,0.9978852574731188,0.5332831497946897,0.47422648762636477,0.5575436938156547,0.47422648762636477,,0.0,0.5,0.5,nan,0.0021147425268811283,2.0,0,0.5002443225580253,mass_ratio,stable,4,refinement,0.4825014724500261,0.5342535715555283,nested,16384,80,student_t,1.2,dynamic,nan
1.5,0.9972855823834051,0.5546320419755832,0.49934009901445703,0.5546320419755832,0.4976297653142036,,0.0,0.5,0.5,nan,0.002714417616594907,2.0,0,0.5089053346022054,mass_ratio,stable,4,refinement,0.4993581025270915,0.5363671584817148,nested,16384,80,student_t,1.2,dynamic,nan
1.5,0.9965158581228575,0.5353158181883275,0.5179565641133006,0.5353158181883275,0.5179565641133006,,0.0,0.5,0.5,nan,0.0034841418771425405,2.0,0,0.5278405163466393,mass_ratio,stable,4,refinement,0.5220835872409014,0.532344947248719,nested,16384,80,student_t,1.2,dynamic,nan
1.5,0.9955278640450004,0.5593042916177448,0.5103906255341444,0.5593042916177448,0.5103906255341444,,0.0,0.5,0.5,nan,0.00447213595499958,2.0,0,0.5437027058148565,mass_ratio,stable,4,refinement,0.5231651373332806,0.5550308171679639,nested,16384,80,student_t,1.2,dynamic,nan
1.5,0.9942597056304714,0.5995115079220765,0.4942688667011548,0.6107672499807788,0.4942688667011548,,0.0,0.5,0.5,nan,0.005740294369528563,2.0,0,0.5622921743668123,mass_ratio,stable,4,refinement,0.5144575304623208,0.5999617376044246,nested,16384,80,student_t,1.2,dynamic,nan
1.5,0.9926319370027192,0.6399118100280027,0.5146271045114146,0.6596551077939569,0.5146271045114146,,0.0,0.5,0.5,nan,0.0073680629972807735,2.0,0,0.5910887081665248,mass_ratio,stable,4,refinement,0.5383679243976491,0.6397039858410078,nested,16384,80,student_t,1.2,dynamic,nan
1.5,0.9905425839099682,0.6373049032042404,0.5526177575106194,0.6670446687824535,0.5526177575106194,,0.0,0.5,0.5,nan,0.00945741609003176,2.0,0,0.5834882693848034,mass_ratio,stable,4,refinement,0.5558787064544403,0.6384944938273689,nested,16384,80,student_t,1.2,dynamic,nan
1.5,0.9878607553799417,0.651811862220383,0.5738813160806587,0.651811862220383,0.5738813160806587,,0.0,0.5,0.5,nan,0.012139244620058345,2.0,0,0.6077771171740836,mass_ratio,stable,4,refinement,0.5792973773249244,0.6415291078787376,nested,16384,80,student_t,1.2,dynamic,nan
1.5,0.9844184438389111,0.6611271957860587,0.5851100165034016,0.6611271957860587,0.5851100165034016,,0.0,0.5,0.5,nan,0.015581556161088883,2.0,0,0.6278451264882099,mass_ratio,stable,4,refinement,0.5999095531328347,0.6508651186863662,nested,16384,80,student_t,1.2,dynamic,nan
1.5,0.98,0.6765504313664176,0.6125332312218035,0.679744346406439,0.6125332312218035,,0.0,0.5,0.5,nan,0.02,2.0,0,0.6654595365181819,mass_ratio,stable,4,refinement,0.6341473074561222,0.6766781879680184,nested,16384,80,student_t,1.2,dynamic,nan
1.5,nan,0.9755136301856495,0.22786947944986322,1.153120701029094,0.22786947944986322,,0.0,0.5,0.5,0.6666666666666666,0.003,2.0,49,0.6318962569720257,pickands_xi,stable,4,refinement,0.3421173875228151,0.9826179130193873,nested,16384,80,student_t,1.2,dynamic,47.01632603583349
1.5,nan,0.9935806054520635,0.08953604070568948,0.9935806054520635,0.08953604070568948,,0.0,0.5,0.5,0.6666666666666666,0.004,2.0,65,0.7426698769149328,pickands_xi,stable,4,refinement,0.34520717286158925,0.9309765649787778,nested,16384,80,student_t,1.2,dynamic,38.78852162823751
1.5,nan,1.0372528362924105,0.5104589789900819,1.0372528362924105,0.5104589789900819,,0.0,0.5,0.5,0.6666666666666666,0.006,2.0,98,0.8466623616174511,pickands_xi,stable,4,refinement,0.6657537615137387,0.9518522495859105,nested,16384,80,student_t,1.2,dynamic,29.468622862538123
1.5,nan,0.8312859540432027,0.7158248950992614,0.9230662175199784,0.7151331706667537,,0.0,0.5,0.5,0.6666666666666666,0.008,2.0,131,0.728011155049098,pickands_xi,stable,4,refinement,0.7157972261219611,0.8349571645822738,nested,16384,80,student_t,1.2,dynamic,23.28639532653073
1.5,nan,0.7707596736324944,0.46377891332879173,0.7707596736324944,0.25948742458108015,,0.0,0.5,0.5,0.6666666666666666,0.012,2.0,196,0.6701655227255976,pickands_xi,stable,4,refinement,0.4556072537788833,0.7234801391087492,nested,16384,80,student_t,1.2,dynamic,17.332304719475395
1.5,nan,0.8474197646531524,0.6238930807229368,0.8474197646531524,0.6238930807229368,,0.0,0.5,0.5,0.6666666666666666,0.018,2.0,294,0.7751783860344568,pickands_xi,stable,4,refinement,0.6836059705961918,0.8256479595924531,nested,16384,80,student_t,1.2,dynamic,13.220134905325173
1.5,nan,0.8872006599047877,0.7604021410819173,0.9351717363499451,0.7604021410819173,,0.0,0.5,0.5,0.6666666666666666,0.03,2.0,491,0.8150386064309201,pickands_xi,stable,4,refinement,0.7750159754756577,0.8891195029625939,nested,16384,80,student_t,1.2,dynamic,9.244627888899709
1.5,nan,1.034552027635017,0.907270704221297,1.034552027635017,0.907270704221297,,0.0,0.5,0.5,2.442189993630104,0.003,2.0,49,0.933572513910457,tail_constant,stable,4,refinement,0.9173972328698142,0.9885802010495078,nested,16384,80,student_t,1.2,dynamic,46.016449934322125
1.5,nan,0.9800565844771908,0.9145763618921545,0.9800565844771908,0.9124523988768237,,0.0,0.5,0.5,2.442189993630104,0.004,2.0,65,0.9228461862779656,tail_constant,stable,4,refinement,0.9144914033715413,0.9555456067993933,nested,16384,80,student_t,1.2,dynamic,37.8229265571822
1.5,nan,1.0434442856870039,0.7507868553258421,1.0600319010008428,0.7507868553258421,,0.0,0.5,0.5,2.442189993630104,0.006,2.0,98,0.9492791149489981,tail_constant,stable,4,refinement,0.8088259133413568,1.0441077902995575,nested,16384,80,student_t,1.2,dynamic,29.29109261079038
1.5,nan,1.0276933470940632,0.7894862382358103,1.1021529429390162,0.7894862382358103,,0.0,0.5,0.5,2.442189993630104,0.008,2.0,131,0.8949616885249755,tail_constant,stable,4,refinement,0.8121438642670249,1.0306717309278615,nested,16384,80,student_t,1.2,dynamic,23.214742791286465
1.5,nan,0.948462315789408,0.7937651364424784,0.948462315789408,0.7937651364424784,,0.0,0.5,0.5,2.442189993630104,0.012,2.0,196,0.8627301760494865,tail_constant,stable,4,refinement,0.8004046230360217,0.9337746211320662,nested,16384,80,student_t,1.2,dynamic,17.317900949444482
1.5,nan,0.8947379945464468,0.8071106216849326,0.9104774781065367,0.7721098300841865,,0.0,0.5,0.5,2.442189993630104,0.018,2.0,294,0.8605549621360178,tail_constant,stable,4,refinement,0.8057105900209027,0.8953675738888504,nested,16384,80,student_t,1.2,dynamic,13.199130199436533
1.5,nan,0.8427158820048999,0.7494064699701676,0.8454786487608464,0.7494064699701676,,0.0,0.5,0.5,2.442189993630104,0.03,2.0,491,0.8389057122644628,tail_constant,stable,4,refinement,0.7918633528388738,0.8428263926751378,nested,16384,80,student_t,1.2,dynamic,9.219364603860061
1.5,nan,1.4105222157225448,1.2298427613371663,1.4105222157225448,1.2227238050253932,,0.0,0.5,0.5,1.5,0.003,2.0,98,1.3230149037813832,hill_alpha,stable,4,refinement,1.2295580030846953,1.4098242353343604,nested,32768,80,student_t,1.2,dynamic,49.09729987553085
1.5,nan,1.5079389584566425,1.196837562159744,1.5079389584566425,1.196837562159744,,0.0,0.5,0.5,1.5,0.004,2.0,131,1.291324581878896,hill_alpha,stable,4,refinement,1.2218712385215342,1.4242841508027269,nested,32768,80,student_t,1.2,dynamic,39.86618916923737
1.5,nan,1.3862920063474662,1.284786696816071,1.3862920063474662,1.284786696816071,,0.0,0.5,0.5,1.5,0.006,2.0,196,1.3219138459945619,hill_alpha,stable,4,refinement,1.2981891546395499,1.3598090631602688,nested,32768,80,student_t,1.2,dynamic,29.478447551127566
1.5,nan,1.3256116724413627,1.3123160881461984,1.3379197161054344,1.3116363470417842,,0.0,0.5,0.5,1.5,0.008,2.0,262,1.313149729013952,hill_alpha,stable,4,refinement,1.312288898502022,1.3261039941879256,nested,32768,80,student_t,1.2,dynamic,23.204778269104985
1.5,nan,1.3601403337034852,1.2961457245400638,1.3601403337034852,1.2687325612666165,,0.0,0.5,0.5,1.5,0.012,2.0,393,1.326113580461572,hill_alpha,stable,4,refinement,1.2950491980091259,1.3450337446184362,nested,32768,80,student_t,1.2,dynamic,17.385514859783044
1.5,nan,1.3919124723175533,1.2755834600918932,1.3919124723175533,1.2755834600918932,,0.0,0.5,0.5,1.5,0.018,2.0,589,1.3409124186412154,hill_alpha,stable,4,refinement,1.3051824660408782,1.3691913407076008,nested,32768,80,student_t,1.2,dynamic,13.027983330606194
1.5,nan,1.3921444305061756,1.2713638186637597,1.4040182075606706,1.2713638186637597,,0.0,0.5,0.5,1.5,0.03,2.0,983,1.358932471365018,hill_alpha,stable,4,refinement,1.3031544445587657,1.3926193815883554,nested,32768,80,student_t,1.2,dynamic,8.98482954741402
1.5,nan,0.8131393210590862,0.7089572846520157,0.8178461856144464,0.7089572846520157,,0.0,0.5,0.5,0.6666666666666666,0.003,2.0,98,0.7590606843707847,hill_xi,stable,4,refinement,0.7093084658932131,0.8133275956413005,nested,32768,80,student_t,1.2,dynamic,49.09729987553085
1.5,nan,0.8180907601646703,0.6631568170527857,0.8355352736385193,0.6631568170527857,,0.0,0.5,0.5,0.6666666666666666,0.004,2.0,131,0.775231802383328,hill_xi,stable,4,refinement,0.7047538767438493,0.8187885407036242,nested,32768,80,student_t,1.2,dynamic,39.86618916923737
1.5,nan,0.778339316929555,0.7213487457341334,0.778339316929555,0.7213487457341334,,0.0,0.5,0.5,0.6666666666666666,0.006,2.0,196,0.7565156367633288,hill_xi,stable,4,refinement,0.7357001559880282,0.7703926478898855,nested,32768,80,student_t,1.2,dynamic,29.478447551127566
1.5,nan,0.7620117419319272,0.7544337725718163,0.7624064415837231,0.7474290033716756,,0.0,0.5,0.5,0.6666666666666666,0.008,2.0,262,0.7615277920260441,hill_xi,stable,4,refinement,0.7541535818038106,0.762027529917999,nested,32768,80,student_t,1.2,dynamic,23.204778269104985
1.5,nan,0.7718634512555251,0.735218253014474,0.788188173401704,0.735218253014474,,0.0,0.5,0.5,0.6666666666666666,0.012,2.0,393,0.7540860194483685,hill_xi,stable,4,refinement,0.7435774802654741,0.7725164401413723,nested,32768,80,student_t,1.2,dynamic,17.385514859783044
1.5,nan,0.7839549753396456,0.731082212519927,0.7839549753396456,0.7184359791927047,,0.0,0.5,0.5,0.6666666666666666,0.018,2.0,589,0.745766430389335,hill_xi,stable,4,refinement,0.730576363186838,0.7666027063437457,nested,32768,80,student_t,1.2,dynamic,13.027983330606194
1.5,nan,0.786556912600383,0.712241475655356,0.786556912600383,0.712241475655356,,0.0,0.5,0.5,0.6666666666666666,0.03,2.0,983,0.7360532181495072,hill_xi,stable,4,refinement,0.7181234500427399,0.7678628012737712,nested,32768,80,student_t,1.2,dynamic,8.98482954741402
1.5,0.999,0.5316763751078081,0.491097180634151,0.5316763751078081,0.491097180634151,,0.0,0.5,0.5,nan,0.001,2.0,0,0.504441328662264,mass_ratio,stable,4,refinement,0.49523517487128876,0.5208707496303034,nested,32768,80,student_t,1.2,dynamic,nan
1.5,0.9987164311578874,0.5551804426824045,0.49942767940577715,0.5876147290553303,0.4958821975914824,,0.0,0.5,0.5,nan,0.0012835688421125163,2.0,0,0.5128596587647754,mass_ratio,stable,4,refinement,0.4992858601332053,0.5564778141373216,nested,32768,80,student_t,1.2,dynamic,nan
1.5,0.998352451027558,0.5689985804744555,0.48196923167853234,0.6158676949703316,0.48196923167853234,,0.0,0.5,0.5,nan,0.0016475489724420657,2.0,0,0.5215742048296996,mass_ratio,stable,4,refinement,0.5007130934396303,0.5708733450542905,nested,32768,80,student_t,1.2,dynamic,nan
1.5,0.9978852574731188,0.6376018157397261,0.4899354266051702,0.6376018157397261,0.4899354266051702,,0.0,0.5,0.5,nan,0.0021147425268811283,2.0,0,0.5252909079542977,mass_ratio,stable,4,refinement,0.49989930686865225,0.5906993307868196,nested,32768,80,student_t,1.2,dynamic,nan
1.5,0.9972855823834051,0.5860945120202602,0.5211958425073733,0.5860945120202602,0.5199469100192672,,0.0,0.5,0.5,nan,0.002714417616594907,2.0,0,0.5419785579931601,mass_ratio,stable,4,refinement,0.521145885207849,0.574295069926139,nested,32768,80,student_t,1.2,dynamic,nan
1.5,0.9965158581228575,0.5567373756363989,0.539990313290288,0.5702031039709706,0.539990313290288,,0.0,0.5,0.5,nan,0.0034841418771425405,2.0,0,0.5427715350643046,mass_ratio,stable,4,refinement,0.5410852458678052,0.5572760047697818,nested,32768,80,student_t,1.2,dynamic,nan
1.5,0.9955278640450004,0.5857551469451177,0.5428731934147188,0.5985107669992646,0.5428731934147188,,0.0,0.5,0.5,nan,0.00447213595499958,2.0,0,0.5662463300452811,mass_ratio,stable,4,refinement,0.5508507645114578,0.5862653717472834,nested,32768,80,student_t,1.2,dynamic,nan
1.5,0.9942597056304714,0.6168197720028125,0.5570212535521941,0.6168197720028125,0.5530148139774321,,0.0,0.5,0.5,nan,0.005740294369528563,2.0,0,0.5727439124038121,mass_ratio,stable,4,refinement,0.5568609959692037,0.6012871446481831,nested,32768,80,student_t,1.2,dynamic,nan
1.5,0.9926319370027192,0.619702500983937,0.5634820230712435,0.6438802275485473,0.5609665062837826,,0.0,0.5,0.5,nan,0.0073680629972807735,2.0,0,0.5807611571390155,mass_ratio,stable,4,refinement,0.5633814023997451,0.6206696100465214,nested,32768,80,student_t,1.2,dynamic,nan
1.5,0.9905425839099682,0.6266983464755369,0.5694976228634796,0.6481838354633463,0.5694976228634796,,0.0,0.5,0.5,nan,0.00945741609003176,2.0,0,0.5944929709772606,mass_ratio,stable,4,refinement,0.5763498444330704,0.6275577660350493,nested,32768,80,student_t,1.2,dynamic,nan
1.5,0.9878607553799417,0.6522807392169873,0.591380967408403,0.6522807392169873,0.5859968492186464,,0.0,0.5,0.5,nan,0.012139244620058345,2.0,0,0.6088117196553389,mass_ratio,stable,4,refinement,0.591437642336717,0.6369259545189377,nested,32768,80,student_t,1.2,dynamic,nan
1.5,0.9844184438389111,0.6436834250841964,0.597814550373786,0.653480678718942,0.597814550373786,,0.0,0.5,0.5,nan,0.015581556161088883,2.0,0,0.6263512222285504,mass_ratio,stable,4,refinement,0.6078953772380408,0.6440753152295863,nested,32768,80,student_t,1.2,dynamic,nan
1.5,0.98,0.6565901694949435,0.6270037119240139,0.6621440250481617,0.6270037119240139,,0.0,0.5,0.5,nan,0.02,2.0,0,0.6490068857664155,mass_ratio,stable,4,refinement,0.636591109844218,0.6568123237170722,nested,32768,80,student_t,1.2,dynamic,nan
1.5,nan,0.8956196274723495,0.6289631387743077,0.8956196274723495,0.6192414849193397,,0.0,0.5,0.5,0.6666666666666666,0.003,2.0,98,0.6980141407313625,pickands_xi,stable,4,refinement,0.6285742726201089,0.8292470809256774,nested,32768,80,student_t,1.2,dynamic,49.17721580149697
1.5,nan,1.025015420298287,0.5271865857511615,1.025015420298287,0.3809272973584147,,0.0,0.5,0.5,0.6666666666666666,0.004,2.0,131,0.770848018481501,pickands_xi,stable,4,refinement,0.5213362142154516,0.9497680967082742,nested,32768,80,student_t,1.2,dynamic,39.95751849769639
1.5,nan,0.9068285549935334,0.7702416345328081,0.9068285549935334,0.7702416345328081,,0.0,0.5,0.5,0.6666666666666666,0.006,2.0,196,0.7821562858845719,pickands_xi,stable,4,refinement,0.7758078786671797,0.847138654335707,nested,32768,80,student_t,1.2,dynamic,29.593561833932196
1.5,nan,0.8535247304078084,0.7118672965660731,0.9165833582152648,0.7118672965660731,,0.0,0.5,0.5,0.6666666666666666,0.008,2.0,262,0.7718105872559302,pickands_xi,stable,4,refinement,0.731685428731882,0.8560470755201067,nested,32768,80,student_t,1.2,dynamic,23.242200055769505
1.5,nan,0.8751014805266643,0.6100425439513432,0.8751014805266643,0.4792950780259567,,0.0,0.5,0.5,0.6666666666666666,0.012,2.0,393,0.7930217398340706,pickands_xi,stable,4,refinement,0.6048126453143277,0.860774435373743,nested,32768,80,student_t,1.2,dynamic,17.41775711933416
1.5,nan,0.8402562085702593,0.6762836187654977,0.8402562085702593,0.6762836187654977,,0.0,0.5,0.5,0.6666666666666666,0.018,2.0,589,0.7135351482894823,pickands_xi,stable,4,refinement,0.6881564191117797,0.785438033460717,nested,32768,80,student_t,1.2,dynamic,13.033565219601961
1.5,nan,0.765967672732194,0.6780983929398219,0.7664052153261626,0.6780983929398219,,0.0,0.5,0.5,0.6666666666666666,0.03,2.0,983,0.7339129356362748,pickands_xi,stable,4,refinement,0.689713120073183,0.7659851744359527,nested,32768,80,student_t,1.2,dynamic,8.987779538252504
1.5,nan,1.1067304183614421,1.0013959750820391,1.1822217408933433,0.9762795258480607,,0.0,0.5,0.5,2.442189993630104,0.003,2.0,98,1.0288757600727794,tail_constant,stable,4,refinement,1.0003913171126801,1.1097500712627182,nested,32768,80,student_t,1.2,dynamic,49.09729987553085
1.5,nan,1.0509293402334048,0.9482247505336284,1.0672928459423454,0.9482247505336284,,0.0,0.5,0.5,2.442189993630104,0.004,2.0,131,1.0064333408249193,tail_constant,stable,4,refinement,0.9626612768976666,1.0515838804617623,nested,32768,80,student_t,1.2,dynamic,39.86618916923737
1.5,nan,1.070466149868367,0.8898253824318035,1.070466149868367,0.8898253824318035,,0.0,0.5,0.5,2.442189993630104,0.006,2.0,196,0.9574562394027883,tail_constant,stable,4,refinement,0.9095197354803266,1.028989851142439,nested,32768,80,student_t,1.2,dynamic,29.478447551127566
1.5,nan,1.07562888778939,0.851689140280689,1.07562888778939,0.8489999433293329,,0.0,0.5,0.5,2.442189993630104,0.008,2.0,262,0.8940464288554573,tail_constant,stable,4,refinement,0.8515815724026348,1.00750999148034,nested,32768,80,student_t,1.2,dynamic,23.204778269104985
1.5,nan,0.9253999513544866,0.8315805933272171,0.955879961088769,0.8190167238273326,,0.0,0.5,0.5,2.442189993630104,0.012,2.0,393,0.8695322022236528,tail_constant,stable,4,refinement,0.8310780385472217,0.9266191517438579,nested,32768,80,student_t,1.2,dynamic,17.385514859783044
1.5,nan,0.8933251048625369,0.7892923429284769,0.8933251048625369,0.7892923429284769,,0.0,0.5,0.5,2.442189993630104,0.018,2.0,589,0.8452755257308894,tail_constant,stable,4,refinement,0.809920385611582,0.876505191941399,nested,32768,80,student_t,1.2,dynamic,13.027983330606194
1.5,nan,0.8149548920369513,0.7740260829077011,0.8153559372018755,0.7740260829077011,,0.0,0.5,0.5,2.442189993630104,0.03,2.0,983,0.8079290302742776,tail_constant,stable,4,refinement,0.7871195856767382,0.8149709338435482,nested,32768,80,student_t,1.2,dynamic,8.98482954741402
1.5,nan,1.4303982078312998,1.3270108419776987,1.4363056325330876,1.3023370787314095,,0.0,0.5,0.5,1.5,0.003,2.0,196,1.3975740447176213,hill_alpha,stable,12,primary,1.2363520759694748,1.4616750845963224,nested,65536,80,student_t,1.2,dynamic,50.28154545977699
1.5,nan,1.4073469363897515,1.3211217118591057,1.4101137729738502,1.3074714390561906,,0.0,0.5,0.5,1.5,0.004,2.0,262,1.3699675743342552,hill_alpha,stable,12,primary,1.2637613629528948,1.431188555539131,nested,65536,80,student_t,1.2,dynamic,40.47522944756876
1.5,nan,1.4258075339004932,1.3332972691726983,1.457492518520008,1.3099792908222505,,0.0,0.5,0.5,1.5,0.006,2.0,393,1.370793556751311,hill_alpha,stable,12,primary,1.2814192862845384,1.4893275237183734,nested,65536,80,student_t,1.2,dynamic,29.855263523378337
1.5,nan,1.4110538366943566,1.3010051944858294,1.4342874699957782,1.2858226754546718,,0.0,0.5,0.5,1.5,0.008,2.0,524,1.3570846097824107,hill_alpha,stable,12,primary,1.2703257257481477,1.4600663936089808,nested,65536,80,student_t,1.2,dynamic,23.778807499282873
1.5,nan,1.4028613819321112,1.3153981388421951,1.4054525867448464,1.3130078170361377,,0.0,0.5,0.5,1.5,0.012,2.0,786,1.3347224005949512,hill_alpha,stable,12,primary,1.2934414592912828,1.4212088473460545,nested,65536,80,student_t,1.2,dynamic,17.70742744839059
1.5,nan,1.3875342270556665,1.3076512982627548,1.3942949363452577,1.3039892553006371,,0.0,0.5,0.5,1.5,0.018,2.0,1179,1.3449490137161013,hill_alpha,stable,12,primary,1.2948325795455613,1.4115212411660152,nested,65536,80,student_t,1.2,dynamic,13.111687357372375
1.5,nan,1.3883988161394565,1.321843638795191,1.391906307404323,1.3187369868508032,,0.0,0.5,0.5,1.5,0.03,2.0,1966,1.3465720909174719,hill_alpha,stable,12,primary,1.3151505819713127,1.3990709130448291,nested,65536,80,student_t,1.2,dynamic,9.007978743790265
1.5,nan,0.7604144469388378,0.6993138862291342,0.769175349335879,0.6963493615852292,,0.0,0.5,0.5,0.6666666666666666,0.003,2.0,196,0.7155500070272398,hill_xi,stable,12,primary,0.6841905280441439,0.8090748415889436,nested,65536,80,student_t,1.2,dynamic,50.28154545977699
1.5,nan,0.7578545128352512,0.710556845752112,0.7653058815253606,0.7091653660597663,,0.0,0.5,0.5,0.6666666666666666,0.004,2.0,262,0.7299472594682748,hill_xi,stable,12,primary,0.699072434724792,0.7914922681931376,nested,65536,80,student_t,1.2,dynamic,40.47522944756876
1.5,nan,0.7561724936597377,0.6977332891178003,0.7636127966778246,0.6864342776475549,,0.0,0.5,0.5,0.6666666666666666,0.006,2.0,393,0.7295473186136965,hill_xi,stable,12,primary,0.6714440015365206,0.7804264228145661,nested,65536,80,student_t,1.2,dynamic,29.855263523378337
1.5,nan,0.7686364391459715,0.7086901817599511,0.777820658066159,0.697393297090439,,0.0,0.5,0.5,0.6666666666666666,0.008,2.0,524,0.7369010368519351,hill_xi,stable,12,primary,0.6849069273351712,0.787199829023571,nested,65536,80,student_t,1.2,dynamic,23.778807499282873
1.5,nan,0.7603122860710064,0.7128288032440778,0.761669685736754,0.7115169935995929,,0.0,0.5,0.5,0.6666666666666666,0.012,2.0,786,0.7492313638522103,hill_xi,stable,12,primary,0.703813836335962,0.7732250373703886,nested,65536,80,student_t,1.2,dynamic,17.70742744839059
1.5,nan,0.764729864397736,0.7207029423137112,0.766883532790788,0.7172252338498706,,0.0,0.5,0.5,0.6666666666666666,0.018,2.0,1179,0.7435236587450798,hill_xi,stable,12,primary,0.7085769101185504,0.7723450672915194,nested,65536,80,student_t,1.2,dynamic,13.111687357372375
1.5,nan,0.7565191302894653,0.7202541433884051,0.7583055299829988,0.7184437233403677,,0.0,0.5,0.5,0.6666666666666666,0.03,2.0,1966,0.7426264341513145,hill_xi,stable,12,primary,0.7147754316321914,0.7603695237901539,nested,65536,80,student_t,1.2,dynamic,9.007978743790265
1.5,0.999,0.5210000079241196,0.4290315692395606,0.5304282777216285,0.42477971299083017,,0.0,0.5,0.5,nan,0.001,2.0,0,0.5067710234156327,mass_ratio,stable,12,primary,0.4180704443174673,0.5430261754111679,nested,65536,80,student_t,1.2,dynamic,nan
1.5,0.9987164311578874,0.5227612489885195,0.4417669750163385,0.5348966596497646,0.4387908414747061,,0.0,0.5,0.5,nan,0.0012835688421125163,2.0,0,0.5068523937017432,mass_ratio,stable,12,primary,0.43329708232493236,0.5493734481141492,nested,65536,80,student_t,1.2,dynamic,nan
1.5,0.998352451027558,0.5418360518808221,0.46818774722789674,0.5418800834301019,0.46672404020783315,,0.0,0.5,0.5,nan,0.0016475489724420657,2.0,0,0.5230402365882743,mass_ratio,stable,12,primary,0.46004261696346,0.5422141784957478,nested,65536,80,student_t,1.2,dynamic,nan
1.5,0.9978852574731188,0.5580550276689749,0.5032164903954163,0.5595640516005436,0.49024381503036174,,0.0,0.5,0.5,nan,0.0021147425268811283,2.0,0,0.5248378229466752,mass_ratio,stable,12,primary,0.4766521163127204,0.5615569084021593,nested,65536,80,student_t,1.2,dynamic,nan
1.5,0.9972855823834051,0.5701005647831396,0.5162639703889698,0.5732582525834515,0.5120471368794463,,0.0,0.5,0.5,nan,0.002714417616594907,2.0,0,0.5413530708804113,mass_ratio,stable,12,primary,0.49051664577121995,0.5792572546600515,nested,65536,80,student_t,1.2,dynamic,nan
1.5,0.9965158581228575,0.5807617103394511,0.5359984198638115,0.5817924779222782,0.5231866883758651,,0.0,0.5,0.5,nan,0.0034841418771425405,2.0,0,0.5605868803624687,mass_ratio,stable,12,primary,0.504238430756201,0.5845925951700103,nested,65536,80,student_t,1.2,dynamic,nan
1.5,0.9955278640450004,0.5946298055197328,0.5443383168237196,0.5967736023695689,0.5404239262521285,,0.0,0.5,0.5,nan,0.00447213595499958,2.0,0,0.5810219014580776,mass_ratio,stable,12,primary,0.5333587630990837,0.5994159946961986,nested,65536,80,student_t,1.2,dynamic,nan
1.5,0.9942597056304714,0.6042239964129953,0.5668863145436565,0.6057444025026174,0.5625584209485912,,0.0,0.5,0.5,nan,0.005740294369528563,2.0,0,0.5831842301261325,mass_ratio,stable,12,primary,0.5567551581939302,0.6080526856845376,nested,65536,80,student_t,1.2,dynamic,nan
1.5,0.9926319370027192,0.6131116499144135,0.5806643132733199,0.6157668120726385,0.5805824252227181,,0.0,0.5,0.5,nan,0.0073680629972807735,2.0,0,0.5964021123653573,mass_ratio,stable,12,primary,0.5791946120779049,0.6186144296023591,nested,65536,80,student_t,1.2,dynamic,nan
1.5,0.9905425839099682,0.6199812291630526,0.5865731026482576,0.6200088247066899,0.5858101564269962,,0.0,0.5,0.5,nan,0.00945741609003176,2.0,0,0.6014735606612851,mass_ratio,stable,12,primary,0.5847460864874495,0.6219889656279823,nested,65536,80,student_t,1.2,dynamic,nan
1.5,0.9878607553799417,0.6328340687114044,0.608637243869985,0.6332694193405689,0.6079408725729574,,0.0,0.5,0.5,nan,0.012139244620058345,2.0,0,0.6210713185437724,mass_ratio,stable,12,primary,0.6066818346194514,0.6338399245907037,nested,65536,80,student_t,1.2,dynamic,nan
1.5,0.9844184438389111,0.6402865557313419,0.624097079304794,0.6426694474779802,0.6236460039232579,,0.0,0.5,0.5,nan,0.015581556161088883,2.0,0,0.6346383212485894,mass_ratio,stable,12,primary,0.6227236257202828,0.6453995198675405,nested,65536,80,student_t,1.2,dynamic,nan
1.5,0.98,0.656617893130071,0.6431572739043586,0.6566707535922467,0.6421598178220904,,0.0,0.5,0.5,nan,0.02,2.0,0,0.6497225132226145,mass_ratio,stable,12,primary,0.6399756898161812,0.6569351446144516,nested,65536,80,student_t,1.2,dynamic,nan
1.5,nan,0.7487958183101048,0.6194892665306501,0.755612682558058,0.612790208058331,,0.0,0.5,0.5,0.6666666666666666,0.003,2.0,196,0.7367167587081314,pickands_xi,stable,12,primary,0.5684974839481455,0.7716611928919346,nested,65536,80,student_t,1.2,dynamic,50.53261148404904
1.5,nan,0.7626896246677248,0.6434471790945179,0.7633556800789716,0.6341008144714539,,0.0,0.5,0.5,0.6666666666666666,0.004,2.0,262,0.6880016861560234,pickands_xi,stable,12,primary,0.596216797062116,0.7966404709838788,nested,65536,80,student_t,1.2,dynamic,40.60057964965737
1.5,nan,0.8084997590365238,0.7353797091228117,0.8175028057868986,0.7316849871477754,,0.0,0.5,0.5,0.6666666666666666,0.006,2.0,393,0.786229679832052,pickands_xi,stable,12,primary,0.7278598828718988,0.8368213964705856,nested,65536,80,student_t,1.2,dynamic,29.893531544416366
1.5,nan,0.8324438822820273,0.7235444170120975,0.8496829980112965,0.7101298185588207,,0.0,0.5,0.5,0.6666666666666666,0.008,2.0,524,0.7721173699589927,pickands_xi,stable,12,primary,0.6758190019585462,0.8807478259460223,nested,65536,80,student_t,1.2,dynamic,23.796002847084495
1.5,nan,0.8043352058295449,0.7302493666347155,0.8064343936984522,0.7214947095446722,,0.0,0.5,0.5,0.6666666666666666,0.012,2.0,786,0.765951190388269,pickands_xi,stable,12,primary,0.706115613126002,0.8147644303722611,nested,65536,80,student_t,1.2,dynamic,17.710885401213723
1.5,nan,0.7812932517335962,0.7484920276800393,0.7821327293013209,0.744316720242348,,0.0,0.5,0.5,0.6666666666666666,0.018,2.0,1179,0.7707662012492731,pickands_xi,stable,12,primary,0.7396749308020785,0.792771445821245,nested,65536,80,student_t,1.2,dynamic,13.120309381985244
1.5,nan,0.7792876467863586,0.739781959977162,0.7806186259855714,0.7349125658858627,,0.0,0.5,0.5,0.6666666666666666,0.03,2.0,1966,0.7571135595112635,pickands_xi,stable,12,primary,0.7182452833395758,0.7895806043312945,nested,65536,80,student_t,1.2,dynamic,9.009650114476925
1.5,nan,1.1322706934685889,0.9763979901662672,1.1360945096865382,0.9518661383316739,,0.0,0.5,0.5,2.442189993630104,0.003,2.0,196,1.0663526490290463,tail_constant,stable,12,primary,0.8996568314625994,1.1443850937932165,nested,65536,80,student_t,1.2,dynamic,50.28154545977699
1.5,nan,1.0728957212955295,0.9418089782325548,1.0751556810819483,0.922622475286148,,0.0,0.5,0.5,2.442189993630104,0.004,2.0,262,1.0294507280453389,tail_constant,stable,12,primary,0.8995722287047246,1.0789427456096508,nested,65536,80,student_t,1.2,dynamic,40.47522944756876
1.5,nan,1.034609832149713,0.9318646279237941,1.0366107012897539,0.9280612884401306,,0.0,0.5,0.5,2.442189993630104,0.006,2.0,393,0.9783127908447768,tail_constant,stable,12,primary,0.9204663443361241,1.0421492370620689,nested,65536,80,student_t,1.2,dynamic,29.855263523378337
1.5,nan,0.9834031819164438,0.9064216115610453,0.9913686863188967,0.9028014252561003,,0.0,0.5,0.5,2.442189993630104,0.008,2.0,524,0.9271302682545535,tail_constant,stable,12,primary,0.8975948440642577,1.0013792565385182,nested,65536,80,student_t,1.2,dynamic,23.778807499282873
1.5,nan,0.9175558202426689,0.8716638665073801,0.9202972372330172,0.8664648644866928,,0.0,0.5,0.5,2.442189993630104,0.012,2.0,786,0.893672099240383,tail_constant,stable,12,primary,0.8610112495284955,0.9233674030807706,nested,65536,80,student_t,1.2,dynamic,17.70742744839059
1.5,nan,0.8626073859867521,0.8436009762967212,0.865089545678902,0.8400121782179861,,0.0,0.5,0.5,2.442189993630104,0.018,2.0,1179,0.8541267639418579,tail_constant,stable,12,primary,0.8358015469613693,0.86900944430946,nested,65536,80,student_t,1.2,dynamic,13.111687357372375
1.5,nan,0.817802615330423,0.8043587692956244,0.820263480362891,0.8011662254447558,,0.0,0.5,0.5,2.442189993630104,0.03,2.0,1966,0.811045019614899,tail_constant,stable,12,primary,0.7956355068150703,0.8229105804962046,nested,65536,80,student_t,1.2,dynamic,9.007978743790265
1.5,nan,1.6044221503567615,1.4976190033315424,1.6365565542887213,1.4976190033315424,,0.0,0.5,0.5,1.5,0.003,2.0,49,1.565122782195366,hill_alpha,stable,4,refinement,1.5265816343560485,1.60570752651404,block,16384,160,student_t,1.5,dynamic,33.942142314853655
1.5,nan,1.5621739539576422,1.5018187286756766,1.5621739539576422,1.4838038193488543,,0.0,0.5,0.5,1.5,0.004,2.0,65,1.5337627970112404,hill_alpha,stable,4,refinement,1.5010981323026036,1.5552225949475653,block,16384,160,student_t,1.5,dynamic,28.327390575572544
1.5,nan,1.5798855707392807,1.4266585960478713,1.6165991731699587,1.4266585960478713,,0.0,0.5,0.5,1.5,0.006,2.0,98,1.538725640032205,hill_alpha,stable,4,refinement,1.4783165395876803,1.5813541148365078,block,16384,160,student_t,1.5,dynamic,21.83956721133778
1.5,nan,1.5577711036297037,1.3775038874268783,1.5577711036297037,1.3775038874268783,,0.0,0.5,0.5,1.5,0.008,2.0,131,1.518863871507323,hill_alpha,stable,4,refinement,1.4359063420058233,1.5485459699906294,block,16384,160,student_t,1.5,dynamic,17.38895797187815
1.5,nan,1.53971157379649,1.3905100472877208,1.53971157379649,1.3905100472877208,,0.0,0.5,0.5,1.5,0.012,2.0,196,1.4770121869750474,hill_alpha,stable,4,refinement,1.4308125003308267,1.5108344421290083,block,16384,160,student_t,1.5,dynamic,13.374631911156062
1.5,nan,1.5246239622417517,1.4529277375293033,1.5246239622417517,1.4239409881713572,,0.0,0.5,0.5,1.5,0.018,2.0,294,1.4869599291446218,hill_alpha,stable,4,refinement,1.4517682675549854,1.5089670386386682,block,16384,160,student_t,1.5,dynamic,10.228497219209741
1.5,nan,1.5335339792230234,1.4494850383803928,1.5389515021360334,1.4494850383803928,,0.0,0.5,0.5,1.5,0.03,2.0,491,1.5246608848249483,hill_alpha,stable,4,refinement,1.4839107703609484,1.5337506801395437,block,16384,160,student_t,1.5,dynamic,7.348766155803946
1.5,nan,0.6552004796011089,0.6235837973814726,0.6677341354897723,0.6110414353142152,,0.0,0.5,0.5,0.6666666666666666,0.003,2.0,49,0.6393964915805878,hill_xi,stable,4,refinement,0.6230821028987823,0.6557018258366555,block,16384,160,student_t,1.5,dynamic,33.942142314853655
1.5,nan,0.6773992101645735,0.6408282267606669,0.6773992101645735,0.6408282267606669,,0.0,0.5,0.5,0.6666666666666666,0.004,2.0,65,0.653206654462286,hill_xi,stable,4,refinement,0.6443471238360057,0.6682095316489138,block,16384,160,student_t,1.5,dynamic,28.327390575572544
1.5,nan,0.7009620214998273,0.6185981894023405,0.7009620214998273,0.6185981894023405,,0.0,0.5,0.5,0.6666666666666666,0.006,2.0,98,0.6499783315333627,hill_xi,stable,4,refinement,0.6327952868267933,0.6773552211143622,block,16384,160,student_t,1.5,dynamic,21.83956721133778
1.5,nan,0.6967364553174018,0.642165372218928,0.7259822678419784,0.642165372218928,,0.0,0.5,0.5,0.6666666666666666,0.008,2.0,131,0.6587406739240536,hill_xi,stable,4,refinement,0.6459215319803778,0.6979062878183849,block,16384,160,student_t,1.5,dynamic,17.38895797187815
1.5,nan,0.6996940590364511,0.6627227087150834,0.7209514909534249,0.6494797401480992,,0.0,0.5,0.5,0.6666666666666666,0.012,2.0,196,0.6772011522007725,hill_xi,stable,4,refinement,0.6621929899724041,0.7005443563131301,block,16384,160,student_t,1.5,dynamic,13.374631911156062
1.5,nan,0.6903897236617492,0.66358508394669,0.7059518813822263,0.6564757180189101,,0.0,0.5,0.5,0.6666666666666666,0.018,2.0,294,0.672761007907871,hill_xi,stable,4,refinement,0.6633007093095789,0.6910122099705683,block,16384,160,student_t,1.5,dynamic,10.228497219209741
1.5,nan,0.6899293641038831,0.6524424549685135,0.6899293641038831,0.6498117388855,,0.0,0.5,0.5,0.6666666666666666,0.03,2.0,491,0.6562255952654432,hill_xi,stable,4,refinement,0.652337226325193,0.6743047186841118,block,16384,160,student_t,1.5,dynamic,7.348766155803946
1.5,0.999,0.861770533568561,0.7863985800449454,0.861770533568561,0.7771730170908469,,0.0,0.5,0.5,nan,0.001,2.0,0,0.8074726480896673,mass_ratio,stable,4,refinement,0.7860295575267815,0.8413948309821913,block,16384,160,student_t,1.5,dynamic,nan
1.5,0.9987164311578874,0.85393292313387,0.75239154137859,0.85393292313387,0.75239154137859,,0.0,0.5,0.5,nan,0.0012835688421125163,2.0,0,0.8106072443261556,mass_ratio,stable,4,refinement,0.773205379947725,0.8402662961518637,block,16384,160,student_t,1.5,dynamic,nan
1.5,0.998352451027558,0.8504055461014353,0.8042381714724142,0.8519449497845596,0.7745001419592459,,0.0,0.5,0.5,nan,0.0016475489724420657,2.0,0,0.8414211717019467,mass_ratio,stable,4,refinement,0.8030486502918874,0.8504671222487603,block,16384,160,student_t,1.5,dynamic,nan
1.5,0.9978852574731188,0.8645272326519389,0.8118591279461738,0.8750779828175598,0.8118591279461738,,0.0,0.5,0.5,nan,0.0021147425268811283,2.0,0,0.8370584371882939,mass_ratio,stable,4,refinement,0.8158341346393398,0.8649492626585636,block,16384,160,student_t,1.5,dynamic,nan
1.5,0.9972855823834051,0.8796772407435524,0.8324589253281398,0.8796772407435524,0.8324589253281398,,0.0,0.5,0.5,nan,0.002714417616594907,2.0,0,0.8405925629507488,mass_ratio,stable,4,refinement,0.8339958244928769,0.863283842297122,block,16384,160,student_t,1.5,dynamic,nan
1.5,0.9965158581228575,0.8971815594160308,0.8199133927067879,0.8971815594160308,0.8199133927067879,,0.0,0.5,0.5,nan,0.0034841418771425405,2.0,0,0.8405411186992197,mass_ratio,stable,4,refinement,0.8230871629575466,0.8767216860975701,block,16384,160,student_t,1.5,dynamic,nan
1.5,0.9955278640450004,0.9044856773905117,0.8392478251586708,0.9044856773905117,0.8271032183166818,,0.0,0.5,0.5,nan,0.00447213595499958,2.0,0,0.8627944417746722,mass_ratio,stable,4,refinement,0.8387620408849913,0.8899468489864347,block,16384,160,student_t,1.5,dynamic,nan
1.5,0.9942597056304714,0.8900127479903018,0.8320053768905287,0.8900127479903018,0.8320053768905287,,0.0,0.5,0.5,nan,0.005740294369528563,2.0,0,0.8655482747670715,mass_ratio,stable,4,refinement,0.8377142488373085,0.8886615198771121,block,16384,160,student_t,1.5,dynamic,nan
1.5,0.9926319370027192,0.8941140198001416,0.8344707107536857,0.8941140198001416,0.8344707107536857,,0.0,0.5,0.5,nan,0.0073680629972807735,2.0,0,0.8676018540812693,mass_ratio,stable,4,refinement,0.848193485552108,0.8835683542539007,block,16384,160,student_t,1.5,dynamic,nan
1.5,0.9905425839099682,0.8692641478845328,0.8270998288680007,0.886812116535362,0.8270998288680007,,0.0,0.5,0.5,nan,0.00945741609003176,2.0,0,0.8506391122009618,mass_ratio,stable,4,refinement,0.8378816926921059,0.869966066630566,block,16384,160,student_t,1.5,dynamic,nan
1.5,0.9878607553799417,0.875203653515701,0.8308653831948876,0.8971205056441693,0.8308653831948876,,0.0,0.5,0.5,nan,0.012139244620058345,2.0,0,0.8456570129800406,mass_ratio,stable,4,refinement,0.8343030670563089,0.8760803276008396,block,16384,160,student_t,1.5,dynamic,nan
1.5,0.9844184438389111,0.8836827943261282,0.842511942514937,0.8836827943261282,0.8422865186431865,,0.0,0.5,0.5,nan,0.015581556161088883,2.0,0,0.8469050342921298,mass_ratio,stable,4,refinement,0.842502925560067,0.8680299501044213,block,16384,160,student_t,1.5,dynamic,nan
1.5,0.98,0.8701512969286056,0.8415522192591764,0.8805732834082286,0.8415522192591764,,0.0,0.5,0.5,nan,0.02,2.0,0,0.8553408437999108,mass_ratio,stable,4,refinement,0.8460642950471745,0.8705681763877905,block,16384,160,student_t,1.5,dynamic,nan
1.5,nan,0.6820764243815312,0.4428435577050957,0.6820764243815312,0.4428435577050957,,0.0,0.5,0.5,0.6666666666666666,0.003,2.0,49,0.5966808620797697,pickands_xi,stable,4,refinement,0.4785112075298974,0.6792608107517275,block,16384,160,student_t,1.5,dynamic,34.28768509605002
1.5,nan,0.8742356172295107,0.4888391581997952,0.976511324626671,0.4888391581997952,,0.0,0.5,0.5,0.6666666666666666,0.004,2.0,65,0.7113132494709367,pickands_xi,stable,4,refinement,0.5665163250364645,0.8783266455253971,block,16384,160,student_t,1.5,dynamic,28.78280230830081
1.5,nan,0.8492597705579863,0.7128335790208312,0.9105427407954678,0.6622153760026712,,0.0,0.5,0.5,0.6666666666666666,0.006,2.0,98,0.775714291179748,pickands_xi,stable,4,refinement,0.7108088509001048,0.8517110893674855,block,16384,160,student_t,1.5,dynamic,21.880125216798678
1.5,nan,0.8260315137062183,0.687523838269985,0.8260315137062183,0.687523838269985,,0.0,0.5,0.5,0.6666666666666666,0.008,2.0,131,0.7442470566852281,pickands_xi,stable,4,refinement,0.692567391541238,0.8089585659042067,block,16384,160,student_t,1.5,dynamic,17.47291221163898
1.5,nan,0.7221579877414697,0.6197580953939983,0.7221579877414697,0.558912419484477,,0.0,0.5,0.5,0.6666666666666666,0.012,2.0,196,0.7004310896205357,pickands_xi,stable,4,refinement,0.6173242683576174,0.721246189435589,block,16384,160,student_t,1.5,dynamic,13.42456355777905
1.5,nan,0.6708154972227724,0.5450718882501322,0.6708154972227724,0.538045745578793,,0.0,0.5,0.5,0.6666666666666666,0.018,2.0,294,0.6105144982113205,pickands_xi,stable,4,refinement,0.5447908425432786,0.6699109219964031,block,16384,160,student_t,1.5,dynamic,10.246498240722017
1.5,nan,0.6418323058347444,0.6006042787896793,0.6418323058347444,0.6006042787896793,,0.0,0.5,0.5,0.6666666666666666,0.03,2.0,491,0.6411230144884883,pickands_xi,stable,4,refinement,0.61989027918897,0.6416548387246791,block,16384,160,student_t,1.5,dynamic,7.3539789495339924
1.5,nan,0.6482422803346706,0.5751840301053612,0.6482422803346706,0.5728718026905324,,0.0,0.5,0.5,0.5767038703044668,0.003,2.0,49,0.591509152921271,tail_constant,stable,4,refinement,0.5750915410087681,0.6277365689687576,block,16384,160,student_t,1.5,dynamic,33.942142314853655
1.5,nan,0.6535868313407365,0.576975614354664,0.6535868313407365,0.5679128286823985,,0.0,0.5,0.5,0.5767038703044668,0.004,2.0,65,0.5982028813788822,tail_constant,stable,4,refinement,0.5766131029277735,0.6328414864079838,block,16384,160,student_t,1.5,dynamic,28.327390575572544
1.5,nan,0.6359651894158801,0.5809741741615726,0.6359651894158801,0.5809741741615726,,0.0,0.5,0.5,0.5767038703044668,0.006,2.0,98,0.610633675500559,tail_constant,stable,4,refinement,0.5844264431335456,0.6345903544072664,block,16384,160,student_t,1.5,dynamic,21.83956721133778
1.5,nan,0.6446046672993537,0.5722284951179226,0.6446046672993537,0.5722284951179226,,0.0,0.5,0.5,0.5767038703044668,0.008,2.0,131,0.5797794395898102,tail_constant,stable,4,refinement,0.5755475726036903,0.6137939338595112,block,16384,160,student_t,1.5,dynamic,17.38895797187815
1.5,nan,0.6407546238520752,0.5752312032820839,0.6407546238520752,0.5726855184365474,,0.0,0.5,0.5,0.5767038703044668,0.012,2.0,196,0.5852421075501666,tail_constant,stable,4,refinement,0.5751293758882624,0.6176919213499812,block,16384,160,student_t,1.5,dynamic,13.374631911156062
1.5,nan,0.6152299514248145,0.5775909629326289,0.6152299514248145,0.5775909629326289,,0.0,0.5,0.5,0.5767038703044668,0.018,2.0,294,0.5870418753699711,tail_constant,stable,4,refinement,0.5801056438921437,0.6037214319288992,block,16384,160,student_t,1.5,dynamic,10.228497219209741
1.5,nan,0.6171014334244914,0.5945228872210302,0.6357155817277726,0.5945228872210302,,0.0,0.5,0.5,0.5767038703044668,0.03,2.0,491,0.5970139860253978,tail_constant,stable,4,refinement,0.5950114310811366,0.6178459993566227,block,16384,160,student_t,1.5,dynamic,7.348766155803946
1.5,nan,0.010772658797143278,0.007802990951576502,0.011840549449598836,0.007802990951576502,,0.0,0.5,0.5,0.0,nan,2.0,0,0.009191164622536085,control_ecf_rmse,stable,4,refinement,0.008222784623004317,0.0108153744232415,full,16384,160,student_t,1.5,dynamic,0.5
1.5,nan,0.011217260211454317,0.007472044196436501,0.011217260211454317,0.007472044196436501,,0.0,0.5,0.5,0.0,nan,2.0,0,0.008990232844535172,control_ecf_rmse,stable,4,refinement,0.007743774208438017,0.010605287614418974,full,16384,160,student_t,1.5,dynamic,0.875
1.5,nan,0.009418823070036931,0.007723815105149997,0.009418823070036931,0.007723815105149997,,0.0,0.5,0.5,0.0,nan,2.0,0,0.008600570388818831,control_ecf_rmse,stable,4,refinement,0.008021668329715822,0.009149051094647458,full,16384,160,student_t,1.5,dynamic,1.25
1.5,nan,0.009820572320766864,0.005676875561832604,0.009820572320766864,0.005025401031395448,,0.0,0.5,0.5,0.0,nan,2.0,0,0.007527344051746518,control_ecf_rmse,stable,4,refinement,0.005650816580615118,0.009295339852185941,full,16384,160,student_t,1.5,dynamic,1.625
1.5,nan,0.011285011785232071,0.006950962642477177,0.011285011785232071,0.006334252101085789,,0.0,0.5,0.5,0.0,nan,2.0,0,0.009064748161583992,control_ecf_rmse,stable,4,refinement,0.006926294220821521,0.010937881235184398,full,16384,160,student_t,1.5,dynamic,2.0
1.5,nan,0.44414635827660776,0.14250481654325814,0.44414635827660776,0.14250481654325814,,0.0,0.5,0.5,0.0,nan,2.0,0,0.20069844226729305,control_w1,stable,4,refinement,0.15213749629664486,0.3455916191862868,full,16384,160,student_t,1.5,dynamic,0.5
1.5,nan,0.2406009343104441,0.12720062402313426,0.2406009343104441,0.12720062402313426,,0.0,0.5,0.5,0.0,nan,2.0,0,0.15770057524864742,control_w1,stable,4,refinement,0.13413637694125338,0.20851298563090886,full,16384,160,student_t,1.5,dynamic,0.875
1.5,nan,0.2036563229691744,0.1166421949178892,0.2036563229691744,0.1166421949178892,,0.0,0.5,0.5,0.0,nan,2.0,0,0.14961548229367388,control_w1,stable,4,refinement,0.12299290682810579,0.18719318547509423,full,16384,160,student_t,1.5,dynamic,1.25
1.5,nan,0.432882016261137,0.15846186577905494,0.432882016261137,0.14320789916755455,,0.0,0.5,0.5,0.0,nan,2.0,0,0.18528567706162924,control_w1,stable,4,refinement,0.15862243384865168,0.318818572153432,full,16384,160,student_t,1.5,dynamic,1.625
1.5,nan,0.18182656616365603,0.11427044225925881,0.18182656616365603,0.11427044225925881,,0.0,0.5,0.5,0.0,nan,2.0,0,0.13096596226959337,control_w1,stable,4,refinement,0.1162034863257056,0.16349428183301976,full,16384,160,student_t,1.5,dynamic,2.0
1.5,nan,0.015796508998142847,0.011108174714429148,0.018123085955570172,0.01016699011039897,,1.0,0.5,0.5,0.0,nan,2.0,0,0.012759645679587421,pt_ecf_sup_exact_a,stable,4,refinement,0.011070527330267942,0.01588957207643994,full,16384,160,student_t,1.5,dynamic,0.5
1.5,nan,0.01916093795443207,0.012868569089880069,0.01916093795443207,0.012107673768897577,,1.0,0.5,0.5,0.0,nan,2.0,0,0.01445787794002703,pt_ecf_sup_exact_a,stable,4,refinement,0.012838133277040769,0.017301107641516596,full,16384,160,student_t,1.5,dynamic,0.875
1.5,nan,0.017677631020984436,0.011199376334879857,0.018318366641539175,0.011199376334879857,,1.0,0.5,0.5,0.0,nan,2.0,0,0.015389428585246162,pt_ecf_sup_exact_a,stable,4,refinement,0.012419817343767585,0.017703260445806626,full,16384,160,student_t,1.5,dynamic,1.25
1.5,nan,0.014075748796543937,0.009993998900814538,0.014075748796543937,0.009993998900814538,,1.0,0.5,0.5,0.0,nan,2.0,0,0.01327872406841618,pt_ecf_sup_exact_a,stable,4,refinement,0.011284287622814268,0.013979556285491673,full,16384,160,student_t,1.5,dynamic,1.625
1.5,nan,0.012254918294578063,0.00972662857805613,0.012254918294578063,0.00972662857805613,,1.0,0.5,0.5,0.0,nan,2.0,0,0.010800187752923497,pt_ecf_sup_exact_a,stable,4,refinement,0.010231994751573752,0.011566589865002584,full,16384,160,student_t,1.5,dynamic,2.0
1.5,nan,0.015531641918071527,0.011643855187510833,0.015531641918071527,0.011267237007825406,,1.0,0.5,0.5,0.0,nan,2.0,0,0.01286861359628119,pt_ecf_sup_exact_b,stable,4,refinement,0.011628790460323416,0.014660495633572933,full,16384,160,student_t,1.5,dynamic,0.5
1.5,nan,0.01543712474786138,0.013079463419425862,0.01543712474786138,0.012460382189591326,,1.0,0.5,0.5,0.0,nan,2.0,0,0.01456699751147527,pt_ecf_sup_exact_b,stable,4,refinement,0.01305470017023248,0.015436321048259186,full,16384,160,student_t,1.5,dynamic,0.875
1.5,nan,0.014403959653517217,0.008772059213936681,0.014403959653517217,0.008772059213936681,,1.0,0.5,0.5,0.0,nan,2.0,0,0.012749950926851026,pt_ecf_sup_exact_b,stable,4,refinement,0.010033737818724513,0.014257744882128498,full,16384,160,student_t,1.5,dynamic,1.25
1.5,nan,0.016562742117284337,0.012602270835549583,0.016562742117284337,0.012602270835549583,,1.0,0.5,0.5,0.0,nan,2.0,0,0.014586167398588114,pt_ecf_sup_exact_b,stable,4,refinement,0.013316271689456092,0.015852255748662135,full,16384,160,student_t,1.5,dynamic,1.625
1.5,nan,0.017890432237058766,0.013190265089611321,0.017890432237058766,0.012645739092462291,,1.0,0.5,0.5,0.0,nan,2.0,0,0.013936506343896739,pt_ecf_sup_exact_b,stable,4,refinement,0.01316848404972536,0.01608937113176646,full,16384,160,student_t,1.5,dynamic,2.0
1.5,nan,0.017898625818475285,0.01114503970333357,0.017898625818475285,0.01037587760860872,,1.0,0.5,0.5,0.0,nan,2.0,0,0.01367480156466502,pt_ecf_sup_exact_c,stable,4,refinement,0.011114273219544574,0.016716278064617528,full,16384,160,student_t,1.5,dynamic,0.5
1.5,nan,0.016112228892481328,0.00798867236102469,0.016112228892481328,0.00798867236102469,,1.0,0.5,0.5,0.0,nan,2.0,0,0.012937659876532333,pt_ecf_sup_exact_c,stable,4,refinement,0.009728129299744922,0.015224492833549248,full,16384,160,student_t,1.5,dynamic,0.875
1.5,nan,0.015314541324162306,0.009823676488762091,0.015314541324162306,0.009823676488762091,,1.0,0.5,0.5,0.0,nan,2.0,0,0.01283971060058105,pt_ecf_sup_exact_c,stable,4,refinement,0.010918745466963127,0.014479249972315368,full,16384,160,student_t,1.5,dynamic,1.25
1.5,nan,0.016631342775467947,0.014040087614217217,0.016631342775467947,0.012324278585920775,,1.0,0.5,0.5,0.0,nan,2.0,0,0.015885311363886982,pt_ecf_sup_exact_c,stable,4,refinement,0.013971455253085359,0.01633536676416828,full,16384,160,student_t,1.5,dynamic,1.625
1.5,nan,0.014553225637899925,0.010762582731070072,0.014553225637899925,0.010762582731070072,,1.0,0.5,0.5,0.0,nan,2.0,0,0.012709996506512443,pt_ecf_sup_exact_c,stable,4,refinement,0.011158251908302528,0.014207565089813814,full,16384,160,student_t,1.5,dynamic,2.0
1.5,nan,0.017627562745336323,0.009822781518980408,0.017627562745336323,0.009822781518980408,,1.0,0.5,0.5,0.0,nan,2.0,0,0.01425156753829382,pt_ecf_sup_numerical,stable,4,refinement,0.01129847695076094,0.016657206903445826,full,16384,160,student_t,1.5,dynamic,0.5
1.5,nan,0.014256175369994082,0.010689178531670491,0.014256175369994082,0.010689178531670491,,1.0,0.5,0.5,0.0,nan,2.0,0,0.013092821868896917,pt_ecf_sup_numerical,stable,4,refinement,0.011394719559268211,0.014145973463738406,full,16384,160,student_t,1.5,dynamic,0.875
1.5,nan,0.017757027200465774,0.009664247056649169,0.017757027200465774,0.009664247056649169,,1.0,0.5,0.5,0.0,nan,2.0,0,0.01073479612233329,pt_ecf_sup_numerical,stable,4,refinement,0.009906257910535394,0.014658208980604336,full,16384,160,student_t,1.5,dynamic,1.25
1.5,nan,0.012058048565804853,0.00935073370449773,0.014075044545724473,0.009129530479753435,,1.0,0.5,0.5,0.0,nan,2.0,0,0.009806494757563629,pt_ecf_sup_numerical,stable,4,refinement,0.009341885575507957,0.012138728405001638,full,16384,160,student_t,1.5,dynamic,1.625
1.5,nan,0.01619358448559049,0.010602272896109183,0.01619358448559049,0.010257199219650383,,1.0,0.5,0.5,0.0,nan,2.0,0,0.011784459519107816,pt_ecf_sup_numerical,stable,4,refinement,0.01058846994905083,0.014479018716017927,full,16384,160,student_t,1.5,dynamic,2.0
1.5,nan,3.0394160429418608e-05,3.0274249510703184e-05,3.0481383612249485e-05,3.0273757072894582e-05,,1.0,0.5,0.5,0.0,nan,2.0,0,3.029083959754976e-05,score_table_ecf_rmse,stable,4,refinement,3.0274229813190842e-05,3.039764935673184e-05,full,16384,160,student_t,1.5,dynamic,nan
1.5,nan,5.855866853865521e-06,7.435048330339811e-07,5.855866853865521e-06,7.435048330339811e-07,,1.0,0.5,0.5,0.0,nan,2.0,0,1.7920216429656577e-06,score_table_hill_alpha_absdiff,stable,4,refinement,9.534325298066193e-07,4.198581524628153e-06,full,16384,160,student_t,1.5,dynamic,nan
1.5,nan,3.1419667042110765e-06,9.928739032219533e-07,3.1419667042110765e-06,9.928739032219533e-07,,1.0,0.5,0.5,0.0,nan,2.0,0,1.1510958160480428e-06,score_table_tail_constant_reldiff,stable,4,refinement,1.0015233326147689e-06,2.2536457666565277e-06,full,16384,160,student_t,1.5,dynamic,nan
1.5,nan,7.754735125417955e-05,7.74738785463379e-05,7.754735125417955e-05,7.745356980855909e-05,,0.0,0.5,0.5,0.0,nan,2.0,0,7.751214400830844e-05,score_table_trajectory_mean_abs,stable,4,refinement,7.747306619682674e-05,7.753907100377344e-05,full,16384,160,student_t,1.5,dynamic,0.5
1.5,nan,6.100921254171067e-05,6.0967383361029405e-05,6.100921254171067e-05,6.0967383361029405e-05,,0.0,0.5,0.5,0.0,nan,2.0,0,6.098600765950342e-05,score_table_trajectory_mean_abs,stable,4,refinement,6.096779753461003e-05,6.1006599687938086e-05,full,16384,160,student_t,1.5,dynamic,0.875
1.5,nan,4.324772182017394e-05,4.318435072658838e-05,4.32544367424757e-05,4.3172862160021584e-05,,0.0,0.5,0.5,0.0,nan,2.0,0,4.321842309551368e-05,score_table_trajectory_mean_abs,stable,4,refinement,4.3183891183925704e-05,4.324799041706601e-05,full,16384,160,student_t,1.5,dynamic,1.25
1.5,nan,2.319463853452082e-05,2.312636496803485e-05,2.319463853452082e-05,2.312636496803485e-05,,0.0,0.5,0.5,0.0,nan,2.0,0,2.3147823093990616e-05,score_table_trajectory_mean_abs,stable,4,refinement,2.312895012161463e-05,2.317988186994531e-05,full,16384,160,student_t,1.5,dynamic,1.625
1.5,nan,0.0,0.0,0.0,0.0,,0.0,0.5,0.5,0.0,nan,2.0,0,0.0,score_table_trajectory_mean_abs,stable,4,refinement,0.0,0.0,full,16384,160,student_t,1.5,dynamic,2.0
1.5,nan,7.357241168510172e-05,7.329948162026714e-05,7.357241168510172e-05,7.329948162026714e-05,,1.0,0.5,0.5,0.0,nan,2.0,0,7.34491979914136e-05,score_table_w1,stable,4,refinement,7.333753744471153e-05,7.354707714583732e-05,full,16384,160,student_t,1.5,dynamic,nan
1.5,nan,1.5857735263667903,1.5035966800266904,1.5857735263667903,1.5035966800266904,,0.0,0.5,0.5,1.5,0.003,2.0,196,1.5407115858020983,hill_alpha,stable,4,refinement,1.510425014023595,1.5751306156710292,full,65536,160,student_t,1.5,dynamic,34.21360110500112
1.5,nan,1.5576033717741817,1.4918909693500437,1.5606408594294343,1.4918909693500437,,0.0,0.5,0.5,1.5,0.004,2.0,262,1.5253762090850949,hill_alpha,stable,4,refinement,1.4939528404066278,1.557724871280392,full,65536,160,student_t,1.5,dynamic,28.059941671834025
1.5,nan,1.5614967863240576,1.4385602522623737,1.5614967863240576,1.4385602522623737,,0.0,0.5,0.5,1.5,0.006,2.0,393,1.5073795024031726,hill_alpha,stable,4,refinement,1.4688254769340154,1.5382885054379747,full,65536,160,student_t,1.5,dynamic,21.42457957179994
1.5,nan,1.5667774968994344,1.3629046016993775,1.5667774968994344,1.3629046016993775,,0.0,0.5,0.5,1.5,0.008,2.0,524,1.53259446890462,hill_alpha,stable,4,refinement,1.4343194103995323,1.560405971020285,full,65536,160,student_t,1.5,dynamic,17.712724140564216
1.5,nan,1.5215024108098345,1.3870865981996248,1.5215024108098345,1.3870865981996248,,0.0,0.5,0.5,1.5,0.012,2.0,786,1.5059848416809984,hill_alpha,stable,4,refinement,1.4402684579744456,1.5179432747242319,full,65536,160,student_t,1.5,dynamic,13.366998813797238
1.5,nan,1.5102152919137692,1.4329213161937204,1.5102152919137692,1.4329213161937204,,0.0,0.5,0.5,1.5,0.018,2.0,1179,1.4953829207669247,hill_alpha,stable,4,refinement,1.4561238916047314,1.5098747485474107,full,65536,160,student_t,1.5,dynamic,10.229237171755196
1.5,nan,1.528123412588294,1.470303140683327,1.5324910710344204,1.470303140683327,,0.0,0.5,0.5,1.5,0.03,2.0,1966,1.5223417009877647,hill_alpha,stable,4,refinement,1.4946029041153435,1.5282981189261393,full,65536,160,student_t,1.5,dynamic,7.3327549494078195
1.5,nan,0.661955293141832,0.6306070717999233,0.665071965962474,0.6306070717999233,,0.0,0.5,0.5,0.6666666666666666,0.003,2.0,196,0.6491940259057161,hill_xi,stable,4,refinement,0.6348994044512762,0.6620799600546576,full,65536,160,student_t,1.5,dynamic,34.21360110500112
1.5,nan,0.6702902695601538,0.6420144056177427,0.6702902695601538,0.6407624111325633,,0.0,0.5,0.5,0.6666666666666666,0.004,2.0,262,0.655816130201312,hill_xi,stable,4,refinement,0.6419643258383355,0.6693665531151369,full,65536,160,student_t,1.5,dynamic,28.059941671834025
1.5,nan,0.6951394621305119,0.6506429263697048,0.6951394621305119,0.6404111803227688,,0.0,0.5,0.5,0.6666666666666666,0.006,2.0,393,0.6634126536675006,hill_xi,stable,4,refinement,0.6502336565278274,0.6811288250686792,full,65536,160,student_t,1.5,dynamic,21.42457957179994
1.5,nan,0.6976201741560535,0.6409795167006604,0.7337270699307352,0.6382527206185591,,0.0,0.5,0.5,0.6666666666666666,0.008,2.0,524,0.6526097955820667,hill_xi,stable,4,refinement,0.6408704448573763,0.6990644499870408,full,65536,160,student_t,1.5,dynamic,17.712724140564216
1.5,nan,0.7209355214720944,0.6572450972770659,0.7209355214720944,0.6572450972770659,,0.0,0.5,0.5,0.6666666666666666,0.012,2.0,786,0.6640365302227718,hill_xi,stable,4,refinement,0.6587900705199464,0.6953389202434779,full,65536,160,student_t,1.5,dynamic,13.366998813797238
1.5,nan,0.6978750254454358,0.6621572469530379,0.6978750254454358,0.6621572469530379,,0.0,0.5,0.5,0.6666666666666666,0.018,2.0,1179,0.6687846902886635,hill_xi,stable,4,refinement,0.6623066291243204,0.6869434552000029,full,65536,160,student_t,1.5,dynamic,10.229237171755196
1.5,nan,0.6801318533096838,0.6525323500416921,0.6801318533096838,0.6525323500416921,,0.0,0.5,0.5,0.6666666666666666,0.03,2.0,1966,0.6568833147945882,hill_xi,stable,4,refinement,0.6543279376123321,0.669265430333188,full,65536,160,student_t,1.5,dynamic,7.3327549494078195
1.5,0.999,0.9282798511626729,0.7942063921146888,0.9282798511626729,0.7879498600301095,,0.0,0.5,0.5,nan,0.001,2.0,0,0.8077400477268969,mass_ratio,stable,4,refinement,0.7939561308313057,0.8739137648067622,full,65536,160,student_t,1.5,dynamic,nan
1.5,0.9987164311578874,0.8783315402624955,0.7801223314707377,0.9273108714409044,0.7713378856091677,,0.0,0.5,0.5,nan,0.0012835688421125163,2.0,0,0.8091294932081972,mass_ratio,stable,4,refinement,0.7797709536362749,0.8802907135096318,full,65536,160,student_t,1.5,dynamic,nan
1.5,0.998352451027558,0.9158275946396806,0.7854018650462061,0.9158275946396806,0.7854018650462061,,0.0,0.5,0.5,nan,0.0016475489724420657,2.0,0,0.8283138566421298,mass_ratio,stable,4,refinement,0.8026029743501296,0.877217647062976,full,65536,160,student_t,1.5,dynamic,nan
1.5,0.9978852574731188,0.908118305821736,0.814864531842775,0.908118305821736,0.8099716750879857,,0.0,0.5,0.5,nan,0.0021147425268811283,2.0,0,0.8413440653081672,mass_ratio,stable,4,refinement,0.8146688175725834,0.8864282751963124,full,65536,160,student_t,1.5,dynamic,nan
1.5,0.9972855823834051,0.9249847035355137,0.8420299563895479,0.9249847035355137,0.8420299563895479,,0.0,0.5,0.5,nan,0.002714417616594907,2.0,0,0.8543484037387651,mass_ratio,stable,4,refinement,0.8437601846725635,0.895261906077683,full,65536,160,student_t,1.5,dynamic,nan
1.5,0.9965158581228575,0.8910249557698922,0.8268371815709373,0.9388546645516136,0.8268371815709373,,0.0,0.5,0.5,nan,0.0034841418771425405,2.0,0,0.836572596164334,mass_ratio,stable,4,refinement,0.8283313081803261,0.892938144121161,full,65536,160,student_t,1.5,dynamic,nan
1.5,0.9955278640450004,0.9259953434981713,0.831943194280818,0.9259953434981713,0.831943194280818,,0.0,0.5,0.5,nan,0.00447213595499958,2.0,0,0.8590504977104938,mass_ratio,stable,4,refinement,0.8437247187151417,0.8950917987320068,full,65536,160,student_t,1.5,dynamic,nan
1.5,0.9942597056304714,0.8805999566528646,0.8372816890382972,0.8980593266385933,0.8372816890382972,,0.0,0.5,0.5,nan,0.005740294369528563,2.0,0,0.8544469308326231,mass_ratio,stable,4,refinement,0.8413480502990076,0.8812983314522937,full,65536,160,student_t,1.5,dynamic,nan
1.5,0.9926319370027192,0.882822533516634,0.8456909679896507,0.882822533516634,0.8309556025300658,,0.0,0.5,0.5,nan,0.0073680629972807735,2.0,0,0.8711935386005258,mass_ratio,stable,4,refinement,0.8451015533712674,0.8824088744295214,full,65536,160,student_t,1.5,dynamic,nan
1.5,0.9905425839099682,0.8778834364426745,0.8387617867206961,0.8778834364426745,0.8387617867206961,,0.0,0.5,0.5,nan,0.00945741609003176,2.0,0,0.8550704464904759,mass_ratio,stable,4,refinement,0.8424069902320653,0.8711161544437442,full,65536,160,student_t,1.5,dynamic,nan
1.5,0.9878607553799417,0.8792212432533326,0.8348751230724603,0.8792212432533326,0.8348751230724603,,0.0,0.5,0.5,nan,0.012139244620058345,2.0,0,0.8475712353843342,mass_ratio,stable,4,refinement,0.8402887755496923,0.8647097209086808,full,65536,160,student_t,1.5,dynamic,nan
1.5,0.9844184438389111,0.8757813651539388,0.8414764568239103,0.8757813651539388,0.8414764568239103,,0.0,0.5,0.5,nan,0.015581556161088883,2.0,0,0.848824448370501,mass_ratio,stable,4,refinement,0.8443469272046813,0.8634986106594811,full,65536,160,student_t,1.5,dynamic,nan
1.5,0.98,0.8685869580415313,0.8460565039384355,0.8685869580415313,0.8427189433073711,,0.0,0.5,0.5,nan,0.02,2.0,0,0.8525725288919643,mass_ratio,stable,4,refinement,0.846091636155605,0.86225706028211,full,65536,160,student_t,1.5,dynamic,nan
1.5,nan,0.77384240731967,0.5976834774922255,0.77384240731967,0.5976834774922255,,0.0,0.5,0.5,0.6666666666666666,0.003,2.0,196,0.6863565328942225,pickands_xi,stable,4,refinement,0.6210323127366943,0.7510634189439449,full,65536,160,student_t,1.5,dynamic,34.28711301225342
1.5,nan,0.8252617330586665,0.4991214126890961,0.927595374299901,0.4991214126890961,,0.0,0.5,0.5,0.6666666666666666,0.004,2.0,262,0.6280531172206126,pickands_xi,stable,4,refinement,0.5154686430577508,0.8293550787083159,full,65536,160,student_t,1.5,dynamic,28.108149105136278
1.5,nan,0.8981806963551695,0.611098441958557,0.8981806963551695,0.5923951700189581,,0.0,0.5,0.5,0.6666666666666666,0.006,2.0,393,0.7200538102363154,pickands_xi,stable,4,refinement,0.610350311080973,0.8560007972604361,full,65536,160,student_t,1.5,dynamic,21.458071186369406
1.5,nan,0.7809100911386414,0.7249354751095448,0.7809100911386414,0.7223814965675199,,0.0,0.5,0.5,0.6666666666666666,0.008,2.0,524,0.7362872571149268,pickands_xi,stable,4,refinement,0.724962359094198,0.7635850333433356,full,65536,160,student_t,1.5,dynamic,17.74306631914865
1.5,nan,0.7083170051865321,0.6209905815497132,0.7179969059166024,0.5484148385930864,,0.0,0.5,0.5,0.6666666666666666,0.012,2.0,786,0.696101714481401,pickands_xi,stable,4,refinement,0.6180875518314481,0.7087042012157349,full,65536,160,student_t,1.5,dynamic,13.374634335650871
1.5,nan,0.6591540464846255,0.5835068599636537,0.6707127120004454,0.5835068599636537,,0.0,0.5,0.5,0.6666666666666666,0.018,2.0,1179,0.6429363989301751,pickands_xi,stable,4,refinement,0.6097967272890413,0.6596163931052583,full,65536,160,student_t,1.5,dynamic,10.235357796765214
1.5,nan,0.6610688569363644,0.6014574720535645,0.6610688569363644,0.6014574720535645,,0.0,0.5,0.5,0.6666666666666666,0.03,2.0,1966,0.6425504869485654,pickands_xi,stable,4,refinement,0.616434637459316,0.6569275210860697,full,65536,160,student_t,1.5,dynamic,7.333805355041231
1.5,nan,0.6380101548657644,0.5877016673517028,0.6710376916419183,0.5833347085953704,,0.0,0.5,0.5,0.5767038703044668,0.003,2.0,196,0.5985256220988229,tail_constant,stable,4,refinement,0.5875269890014496,0.6393312563368105,full,65536,160,student_t,1.5,dynamic,34.21360110500112
1.5,nan,0.6705961607811413,0.5851049111821109,0.6705961607811413,0.5767875866722948,,0.0,0.5,0.5,0.5767038703044668,0.004,2.0,262,0.5942259847218332,tail_constant,stable,4,refinement,0.5847722182017183,0.6343242758070282,full,65536,160,student_t,1.5,dynamic,28.059941671834025
1.5,nan,0.6217618420834776,0.5811174857223612,0.6402602392664569,0.576103450222474,,0.0,0.5,0.5,0.5767038703044668,0.006,2.0,393,0.5946974830613734,tail_constant,stable,4,refinement,0.5809169243023657,0.6225017779707969,full,65536,160,student_t,1.5,dynamic,21.42457957179994
1.5,nan,0.625030109454462,0.5815921142858582,0.625030109454462,0.5815921142858582,,0.0,0.5,0.5,0.5767038703044668,0.008,2.0,524,0.5960455586141993,tail_constant,stable,4,refinement,0.5882661828959878,0.6113811097186101,full,65536,160,student_t,1.5,dynamic,17.712724140564216
1.5,nan,0.6033881039652946,0.5784105322462305,0.6188503148829582,0.5724863948234931,,0.0,0.5,0.5,0.5767038703044668,0.012,2.0,786,0.5861302813582996,tail_constant,stable,4,refinement,0.578173566749321,0.6040065924020012,full,65536,160,student_t,1.5,dynamic,13.366998813797238
1.5,nan,0.5982955766240665,0.5780460963885614,0.6033482176812726,0.5780460963885614,,0.0,0.5,0.5,0.5767038703044668,0.018,2.0,1179,0.5885770116237687,tail_constant,stable,4,refinement,0.5808612922087769,0.5984976822663548,full,65536,160,student_t,1.5,dynamic,10.229237171755196
1.5,nan,0.6228234944991446,0.5910476857173685,0.6228234944991446,0.5910476857173685,,0.0,0.5,0.5,0.5767038703044668,0.03,2.0,1966,0.5956699980235967,tail_constant,stable,4,refinement,0.5920151537273118,0.6110410580879279,full,65536,160,student_t,1.5,dynamic,7.3327549494078195
1.5,nan,1.6231479889927318,1.390333950106536,1.6333387783988278,1.2880899710447622,,0.0,0.5,0.5,1.5,0.003,2.0,49,1.5527675643774728,hill_alpha,stable,4,refinement,1.386244190944065,1.6235556205689756,nested,16384,160,student_t,1.5,dynamic,31.164730252812852
1.5,nan,1.6344314910698317,1.4489445203274112,1.6344314910698317,1.34630390683327,,0.0,0.5,0.5,1.5,0.004,2.0,65,1.5825960363861973,hill_alpha,stable,4,refinement,1.4448388957876455,1.6244357060527168,nested,16384,160,student_t,1.5,dynamic,26.219204531021774
1.5,nan,1.6084644706921278,1.4767432624407513,1.6084644706921278,1.4133867801698854,,0.0,0.5,0.5,1.5,0.006,2.0,98,1.5689038215021016,hill_alpha,stable,4,refinement,1.4742090031499167,1.6033013159403475,nested,16384,160,student_t,1.5,dynamic,20.351679924912386
1.5,nan,1.675762270582449,1.368429673004207,1.675762270582449,1.368429673004207,,0.0,0.5,0.5,1.5,0.008,2.0,131,1.5387965411256395,hill_alpha,stable,4,refinement,1.4453941167301154,1.6148303734155596,nested,16384,160,student_t,1.5,dynamic,17.121852310351017
1.5,nan,1.7039795381396876,1.2660675664678733,1.7039795381396876,1.2660675664678733,,0.0,0.5,0.5,1.5,0.012,2.0,196,1.5551814761326994,hill_alpha,stable,4,refinement,1.3999199953091022,1.6374787161742208,nested,16384,160,student_t,1.5,dynamic,13.438098376530242
1.5,nan,1.5827596519219613,1.3088708372494051,1.5827596519219613,1.3088708372494051,,0.0,0.5,0.5,1.5,0.018,2.0,294,1.5303467645901847,hill_alpha,stable,4,refinement,1.3962436241581726,1.5765371242175152,nested,16384,160,student_t,1.5,dynamic,10.070310866142645
1.5,nan,1.6000806151539821,1.4301680146053695,1.632515994616907,1.4301680146053695,,0.0,0.5,0.5,1.5,0.03,2.0,491,1.5600639763064947,hill_alpha,stable,4,refinement,1.4888790717173195,1.6013780303324991,nested,16384,160,student_t,1.5,dynamic,7.337239165086793
1.5,nan,0.7231625267417068,0.6122428569168646,0.7763432853909311,0.6122428569168646,,0.0,0.5,0.5,0.6666666666666666,0.003,2.0,49,0.644980510632823,hill_xi,stable,4,refinement,0.6159563271198882,0.7252897570876757,nested,16384,160,student_t,1.5,dynamic,31.164730252812852
1.5,nan,0.7427743430917955,0.6157815737687673,0.7427743430917955,0.6118335368987788,,0.0,0.5,0.5,0.6666666666666666,0.004,2.0,65,0.6321158949315222,hill_xi,stable,4,refinement,0.6156236522939678,0.6956037044353922,nested,16384,160,student_t,1.5,dynamic,26.219204531021774
1.5,nan,0.6784145040997502,0.6217109660928329,0.7075204141075967,0.6217109660928329,,0.0,0.5,0.5,0.6666666666666666,0.006,2.0,98,0.6376026154052292,hill_xi,stable,4,refinement,0.6237200879931794,0.6795787405000641,nested,16384,160,student_t,1.5,dynamic,20.351679924912386
1.5,nan,0.7307646273152144,0.5967433552805956,0.7307646273152144,0.5967433552805956,,0.0,0.5,0.5,0.6666666666666666,0.008,2.0,131,0.6498860713423988,hill_xi,stable,4,refinement,0.6202197344284299,0.6939750450100943,nested,16384,160,student_t,1.5,dynamic,17.121852310351017
1.5,nan,0.7185635611612331,0.5868615072055066,0.789847261303629,0.5868615072055066,,0.0,0.5,0.5,0.6666666666666666,0.012,2.0,196,0.6430397329932438,hill_xi,stable,4,refinement,0.6117917941313357,0.721414909166929,nested,16384,160,student_t,1.5,dynamic,13.438098376530242
1.5,nan,0.7640173281738801,0.6318078672183043,0.7640173281738801,0.6318078672183043,,0.0,0.5,0.5,0.6666666666666666,0.018,2.0,294,0.6538811794842789,hill_xi,stable,4,refinement,0.634312295708424,0.7192427382004197,nested,16384,160,student_t,1.5,dynamic,10.070310866142645
1.5,nan,0.6716740500880078,0.6245917270549883,0.6992185462041206,0.612551425711859,,0.0,0.5,0.5,0.6666666666666666,0.03,2.0,491,0.641014491255699,hill_xi,stable,4,refinement,0.6247184670691281,0.6727758299326524,nested,16384,160,student_t,1.5,dynamic,7.337239165086793
1.5,0.999,0.8957069832551027,0.696772883337337,1.0037570213794431,0.696772883337337,,0.0,0.5,0.5,nan,0.001,2.0,0,0.7679291698270503,mass_ratio,stable,4,refinement,0.7269179390538691,0.8945696144328248,nested,16384,160,student_t,1.5,dynamic,nan
1.5,0.9987164311578874,0.9542733430587886,0.6949206912021637,1.0938172580618895,0.6949206912021637,,0.0,0.5,0.5,nan,0.0012835688421125163,2.0,0,0.7692590813695854,mass_ratio,stable,4,refinement,0.708777352073197,0.9598550996589127,nested,16384,160,student_t,1.5,dynamic,nan
1.5,0.998352451027558,1.0917162687726103,0.7551140509390211,1.0917162687726103,0.7534475589000872,,0.0,0.5,0.5,nan,0.0016475489724420657,2.0,0,0.7976311242612244,mass_ratio,stable,4,refinement,0.7550473912574638,0.9701636784231145,nested,16384,160,student_t,1.5,dynamic,nan
1.5,0.9978852574731188,1.0300087848082229,0.7708962026371404,1.0300087848082229,0.7708962026371404,,0.0,0.5,0.5,nan,0.0021147425268811283,2.0,0,0.8258304901808934,mass_ratio,stable,4,refinement,0.78693174555348,0.9423361184917666,nested,16384,160,student_t,1.5,dynamic,nan
1.5,0.9972855823834051,0.9355699902712383,0.7819012930377713,1.0707896069357226,0.7770519542885229,,0.0,0.5,0.5,nan,0.002714417616594907,2.0,0,0.793550502696887,mass_ratio,stable,4,refinement,0.7817073194878014,0.9409787749378177,nested,16384,160,student_t,1.5,dynamic,nan
1.5,0.9965158581228575,1.0957123235231585,0.7468594940557366,1.0957123235231585,0.7468594940557366,,0.0,0.5,0.5,nan,0.0034841418771425405,2.0,0,0.7814058493319128,mass_ratio,stable,4,refinement,0.7586629060177749,0.9496240544818869,nested,16384,160,student_t,1.5,dynamic,nan
1.5,0.9955278640450004,0.9435095916145642,0.7658704782000153,1.0819800966045237,0.7658704782000153,,0.0,0.5,0.5,nan,0.00447213595499958,2.0,0,0.7996756980935036,mass_ratio,stable,4,refinement,0.7795225572539611,0.9490484118141626,nested,16384,160,student_t,1.5,dynamic,nan
1.5,0.9942597056304714,0.9166265003978882,0.8000059981781819,1.007030630478981,0.7879929621736165,,0.0,0.5,0.5,nan,0.005740294369528563,2.0,0,0.8191207022497713,mass_ratio,stable,4,refinement,0.7995254767379992,0.9202426656011319,nested,16384,160,student_t,1.5,dynamic,nan
1.5,0.9926319370027192,0.8955556505888418,0.8094344490748949,0.965868780550717,0.8092663141616071,,0.0,0.5,0.5,nan,0.0073680629972807735,2.0,0,0.8174225523075747,mass_ratio,stable,4,refinement,0.8094277236783635,0.8983681757873168,nested,16384,160,student_t,1.5,dynamic,nan
1.5,0.9905425839099682,0.9138283361621237,0.787580784944729,0.9138283361621237,0.787580784944729,,0.0,0.5,0.5,nan,0.00945741609003176,2.0,0,0.8353254788648079,mass_ratio,stable,4,refinement,0.7966608563026428,0.8899843463831363,nested,16384,160,student_t,1.5,dynamic,nan
1.5,0.9878607553799417,0.87553055056659,0.7990374562852097,0.8759026194333664,0.7990374562852097,,0.0,0.5,0.5,nan,0.012139244620058345,2.0,0,0.8521147360249823,mass_ratio,stable,4,refinement,0.8134535526363815,0.8755454333212611,nested,16384,160,student_t,1.5,dynamic,nan
1.5,0.9844184438389111,0.8531425461200156,0.8085041749589214,0.8563736221817904,0.8085041749589214,,0.0,0.5,0.5,nan,0.015581556161088883,2.0,0,0.8317917794565326,mass_ratio,stable,4,refinement,0.8109847736289548,0.8532717891624866,nested,16384,160,student_t,1.5,dynamic,nan
1.5,0.98,0.8663155345908988,0.8198146875606229,0.8724672760016188,0.8198146875606229,,0.0,0.5,0.5,nan,0.02,2.0,0,0.842207647046255,mass_ratio,stable,4,refinement,0.8219443579694429,0.8665616042473275,nested,16384,160,student_t,1.5,dynamic,nan
1.5,nan,0.8360241627842091,0.39576867027070406,0.8360241627842091,0.24232760246630275,,0.0,0.5,0.5,0.6666666666666666,0.003,2.0,49,0.5525562175338553,pickands_xi,stable,4,refinement,0.389631027558528,0.7015658592042392,nested,16384,160,student_t,1.5,dynamic,31.324534020868086
1.5,nan,0.8569398878465125,0.3606417380336743,0.8569398878465125,0.2563898955928343,,0.0,0.5,0.5,0.6666666666666666,0.004,2.0,65,0.5510984085033324,pickands_xi,stable,4,refinement,0.35647166433604066,0.7515142952156189,nested,16384,160,student_t,1.5,dynamic,26.461517018874794
1.5,nan,1.1382261776768456,0.4887664003250425,1.1382261776768456,0.252206982851287,,0.0,0.5,0.5,0.6666666666666666,0.006,2.0,98,0.7571326367361122,pickands_xi,stable,4,refinement,0.47930402362609226,0.9705685511152045,nested,16384,160,student_t,1.5,dynamic,20.51216552036777
1.5,nan,1.199565645375298,0.6465870423656377,1.199565645375298,0.6465870423656377,,0.0,0.5,0.5,0.6666666666666666,0.008,2.0,131,0.8520647249994118,pickands_xi,stable,4,refinement,0.7355081405775042,1.0424733930472176,nested,16384,160,student_t,1.5,dynamic,17.2934714605329
1.5,nan,0.7626683192820601,0.5214070222026262,0.7626683192820601,0.5214070222026262,,0.0,0.5,0.5,0.6666666666666666,0.012,2.0,196,0.7156217548735534,pickands_xi,stable,4,refinement,0.6016866123377291,0.753029449912919,nested,16384,160,student_t,1.5,dynamic,13.446272145471251
1.5,nan,0.6407165329589344,0.4677192143406828,0.7510819308331608,0.4275008356291665,,0.0,0.5,0.5,0.6666666666666666,0.018,2.0,294,0.5191443640684535,pickands_xi,stable,4,refinement,0.46611047919222215,0.6451311488739034,nested,16384,160,student_t,1.5,dynamic,10.077045082135896
1.5,nan,0.7981956726709032,0.45170094625048507,0.7981956726709032,0.45170094625048507,,0.0,0.5,0.5,0.6666666666666666,0.03,2.0,491,0.6094152098238351,pickands_xi,stable,4,refinement,0.5178838160647231,0.7171010272052805,nested,16384,160,student_t,1.5,dynamic,7.343546205186023
1.5,nan,0.6601426691945922,0.48417504314390647,0.7964341015920811,0.48417504314390647,,0.0,0.5,0.5,0.5767038703044668,0.003,2.0,49,0.5203247974155909,tail_constant,stable,4,refinement,0.4998342342911891,0.6655943264904917,nested,16384,160,student_t,1.5,dynamic,31.164730252812852
1.5,nan,0.6872351002409001,0.4895640103151672,0.8370611462271286,0.4895640103151672,,0.0,0.5,0.5,0.5767038703044668,0.004,2.0,65,0.5326335310150525,tail_constant,stable,4,refinement,0.5079451290960949,0.6932281420803492,nested,16384,160,student_t,1.5,dynamic,26.219204531021774
1.5,nan,0.6586129366927891,0.537802419314986,0.7627044853377756,0.537802419314986,,0.0,0.5,0.5,0.5767038703044668,0.006,2.0,98,0.5491783195166589,tail_constant,stable,4,refinement,0.5406981785168399,0.6627765986385885,nested,16384,160,student_t,1.5,dynamic,20.351679924912386
1.5,nan,0.6476631019727839,0.5325442766683154,0.7174006458575679,0.5325442766683154,,0.0,0.5,0.5,0.5767038703044668,0.008,2.0,131,0.5665090807449931,tail_constant,stable,4,refinement,0.5433674735004774,0.6504526037281753,nested,16384,160,student_t,1.5,dynamic,17.121852310351017
1.5,nan,0.6190789985393096,0.5540593263729992,0.6190789985393096,0.5436968731976631,,0.0,0.5,0.5,0.5767038703044668,0.012,2.0,196,0.5894864014566974,tail_constant,stable,4,refinement,0.5536448282459857,0.6169055704556696,nested,16384,160,student_t,1.5,dynamic,13.438098376530242
1.5,nan,0.5969741308737504,0.5502096827797193,0.6001617709578704,0.5470799266480767,,0.0,0.5,0.5,0.5767038703044668,0.018,2.0,294,0.5735599183266846,tail_constant,stable,4,refinement,0.5502426275811054,0.5969405767676041,nested,16384,160,student_t,1.5,dynamic,10.070310866142645
1.5,nan,0.6131318319844264,0.5821247055093446,0.6306057230174364,0.5821247055093446,,0.0,0.5,0.5,0.5767038703044668,0.03,2.0,491,0.5956080607744549,tail_constant,stable,4,refinement,0.5885727735516559,0.6138307876257468,nested,16384,160,student_t,1.5,dynamic,7.337239165086793
1.5,nan,1.639703914946202,1.4563466467855064,1.639703914946202,1.4563466467855064,,0.0,0.5,0.5,1.5,0.003,2.0,98,1.5617361631188822,hill_alpha,stable,4,refinement,1.4892248196237952,1.6199881890708203,nested,32768,160,student_t,1.5,dynamic,33.39842635546574
1.5,nan,1.5998793074617614,1.439530477398397,1.7252146559317494,1.439530477398397,,0.0,0.5,0.5,1.5,0.004,2.0,131,1.4695837231695505,hill_alpha,stable,4,refinement,1.4515751221738835,1.604892721400561,nested,32768,160,student_t,1.5,dynamic,27.42245903630912
1.5,nan,1.5696943986911878,1.418545129076363,1.5696943986911878,1.418545129076363,,0.0,0.5,0.5,1.5,0.006,2.0,196,1.5206479141012537,hill_alpha,stable,4,refinement,1.4616965644918645,1.5520099874844655,nested,32768,160,student_t,1.5,dynamic,21.117521143607448
1.5,nan,1.6115509302400888,1.4344128037438768,1.6115509302400888,1.3349839179959277,,0.0,0.5,0.5,1.5,0.008,2.0,262,1.5402426053454268,hill_alpha,stable,4,refinement,1.4304356483139586,1.5803953739003795,nested,32768,160,student_t,1.5,dynamic,17.642612561137337
1.5,nan,1.570284310168021,1.3424999153668462,1.6162987278315306,1.3424999153668462,,0.0,0.5,0.5,1.5,0.012,2.0,393,1.5168242007567527,hill_alpha,stable,4,refinement,1.4226016403150772,1.5721248868745616,nested,32768,160,student_t,1.5,dynamic,13.44299154984647
1.5,nan,1.5319511267319408,1.442528811284233,1.5575623663245546,1.4152314293990826,,0.0,0.5,0.5,1.5,0.018,2.0,589,1.4880830401543554,hill_alpha,stable,4,refinement,1.441436916008827,1.5329755763156454,nested,32768,160,student_t,1.5,dynamic,10.217036809353559
1.5,nan,1.551646247596444,1.4735882604476045,1.551646247596444,1.4735882604476045,,0.0,0.5,0.5,1.5,0.03,2.0,983,1.5456047434605764,hill_alpha,stable,4,refinement,1.507676702549562,1.5492257953554966,nested,32768,160,student_t,1.5,dynamic,7.403354368524013
1.5,nan,0.6712274987469486,0.6173092689568298,0.6866497081633903,0.6098662026020775,,0.0,0.5,0.5,0.6666666666666666,0.003,2.0,98,0.6406705526555062,hill_xi,stable,4,refinement,0.6173876170237229,0.6718443871236063,nested,32768,160,student_t,1.5,dynamic,33.39842635546574
1.5,nan,0.6946709470210439,0.5796380158038494,0.6946709470210439,0.5796380158038494,,0.0,0.5,0.5,0.6666666666666666,0.004,2.0,131,0.6804725561282523,hill_xi,stable,4,refinement,0.6269361427698477,0.688958171782219,nested,32768,160,student_t,1.5,dynamic,27.42245903630912
1.5,nan,0.6839412088056017,0.637066680516794,0.704947611114153,0.637066680516794,,0.0,0.5,0.5,0.6666666666666666,0.006,2.0,196,0.6576567813890842,hill_xi,stable,4,refinement,0.6444164768836695,0.6847814648979438,nested,32768,160,student_t,1.5,dynamic,21.117521143607448
1.5,nan,0.7490726940749937,0.6335408291875491,0.7490726940749937,0.6205202586126273,,0.0,0.5,0.5,0.6666666666666666,0.008,2.0,262,0.6492595824643879,hill_xi,stable,4,refinement,0.6330200063645521,0.702457528198823,nested,32768,160,student_t,1.5,dynamic,17.642612561137337
1.5,nan,0.7037016719010867,0.6186975110359869,0.7448790041277165,0.6186975110359869,,0.0,0.5,0.5,0.6666666666666666,0.012,2.0,393,0.6592880676514634,hill_xi,stable,4,refinement,0.6366275676403789,0.7053487651901519,nested,32768,160,student_t,1.5,dynamic,13.44299154984647
1.5,nan,0.7065982137102531,0.6420288661440517,0.7065982137102531,0.6420288661440517,,0.0,0.5,0.5,0.6666666666666666,0.018,2.0,589,0.6721066746373594,hill_xi,stable,4,refinement,0.6525081935829073,0.6940002955931962,nested,32768,160,student_t,1.5,dynamic,10.217036809353559
1.5,nan,0.6630149841225406,0.6444767945973743,0.6786156125431188,0.6444767945973743,,0.0,0.5,0.5,0.6666666666666666,0.03,2.0,983,0.6469962142071293,hill_xi,stable,4,refinement,0.6454854080925367,0.6636390092593637,nested,32768,160,student_t,1.5,dynamic,7.403354368524013
1.5,0.999,0.8980075402659409,0.7357590837950514,0.9854949111278154,0.7357590837950514,,0.0,0.5,0.5,nan,0.001,2.0,0,0.801779446897051,mass_ratio,stable,4,refinement,0.7632533112806439,0.9015070351004159,nested,32768,160,student_t,1.5,dynamic,nan
1.5,0.9987164311578874,0.9278304046715691,0.7406478884288251,1.0026351235859436,0.7406478884288251,,0.0,0.5,0.5,nan,0.0012835688421125163,2.0,0,0.8333707801630066,mass_ratio,stable,4,refinement,0.775720521776022,0.930822593428144,nested,32768,160,student_t,1.5,dynamic,nan
1.5,0.998352451027558,0.9339534392557652,0.778135718823541,0.9339534392557652,0.7620457710883698,,0.0,0.5,0.5,nan,0.0016475489724420657,2.0,0,0.8147873600430069,mass_ratio,stable,4,refinement,0.7774921209141342,0.8866233341061027,nested,32768,160,student_t,1.5,dynamic,nan
1.5,0.9978852574731188,0.9612279681944937,0.790637124459871,0.9612279681944937,0.790637124459871,,0.0,0.5,0.5,nan,0.0021147425268811283,2.0,0,0.8298342282663163,mass_ratio,stable,4,refinement,0.7962347968773691,0.9113759104385641,nested,32768,160,student_t,1.5,dynamic,nan
1.5,0.9972855823834051,0.9514987580257075,0.8200800697760486,0.9514987580257075,0.8016124145239113,,0.0,0.5,0.5,nan,0.002714417616594907,2.0,0,0.8403622252260938,mass_ratio,stable,4,refinement,0.8193413635659631,0.8990241823768887,nested,32768,160,student_t,1.5,dynamic,nan
1.5,0.9965158581228575,0.9707855650328752,0.8242558992025886,0.9707855650328752,0.8242558992025886,,0.0,0.5,0.5,nan,0.0034841418771425405,2.0,0,0.8262608641426109,mass_ratio,stable,4,refinement,0.8249985427008436,0.901633448278504,nested,32768,160,student_t,1.5,dynamic,nan
1.5,0.9955278640450004,0.8965319349646743,0.824020589761162,0.9376167919917072,0.8229313154369723,,0.0,0.5,0.5,nan,0.00447213595499958,2.0,0,0.8402784710114966,mass_ratio,stable,4,refinement,0.8239770187881944,0.8981753292457556,nested,32768,160,student_t,1.5,dynamic,nan
1.5,0.9942597056304714,0.9130298087898423,0.8174295374264738,0.9130298087898423,0.8168686557399489,,0.0,0.5,0.5,nan,0.005740294369528563,2.0,0,0.8274233501328447,mass_ratio,stable,4,refinement,0.8174071021590128,0.8764665155240094,nested,32768,160,student_t,1.5,dynamic,nan
1.5,0.9926319370027192,0.8849117532976252,0.8237989567899556,0.8849117532976252,0.8225624764733437,,0.0,0.5,0.5,nan,0.0073680629972807735,2.0,0,0.8472070268577407,mass_ratio,stable,4,refinement,0.8237494975772911,0.8774558476870438,nested,32768,160,student_t,1.5,dynamic,nan
1.5,0.9905425839099682,0.8650561259632521,0.8437893879938284,0.865142388141799,0.8278529622697015,,0.0,0.5,0.5,nan,0.00945741609003176,2.0,0,0.8623478387513301,mass_ratio,stable,4,refinement,0.8431519309648633,0.8650595764503939,nested,32768,160,student_t,1.5,dynamic,nan
1.5,0.9878607553799417,0.8660302481763892,0.8359946356365592,0.8660302481763892,0.8359946356365592,,0.0,0.5,0.5,nan,0.012139244620058345,2.0,0,0.8490830013007413,mass_ratio,stable,4,refinement,0.8378444914482662,0.8623281293831787,nested,32768,160,student_t,1.5,dynamic,nan
1.5,0.9844184438389111,0.8567841400633813,0.8443633637342156,0.8567841400633813,0.8443633637342156,,0.0,0.5,0.5,nan,0.015581556161088883,2.0,0,0.8491367687588927,mass_ratio,stable,4,refinement,0.844663915991894,0.8551040839913934,nested,32768,160,student_t,1.5,dynamic,nan
1.5,0.98,0.8613664290660786,0.845819422605296,0.8613664290660786,0.8368440345345362,,0.0,0.5,0.5,nan,0.02,2.0,0,0.8565833116506795,mass_ratio,stable,4,refinement,0.8454604070824656,0.8599290131745064,nested,32768,160,student_t,1.5,dynamic,nan
1.5,nan,0.7770704788044378,0.6752581588371497,0.7770704788044378,0.6752581588371497,,0.0,0.5,0.5,0.6666666666666666,0.003,2.0,98,0.7422667754593198,pickands_xi,stable,4,refinement,0.6964729423745322,0.7713140536400404,nested,32768,160,student_t,1.5,dynamic,33.7055338578823
1.5,nan,0.9144234266831879,0.39795786635140956,0.9144234266831879,0.39795786635140956,,0.0,0.5,0.5,0.6666666666666666,0.004,2.0,131,0.6834735852283969,pickands_xi,stable,4,refinement,0.5081007418308091,0.8304721723664426,nested,32768,160,student_t,1.5,dynamic,27.735901922444334
1.5,nan,1.0275651005660054,0.5560924065164083,1.0275651005660054,0.49949950375226226,,0.0,0.5,0.5,0.6666666666666666,0.006,2.0,196,0.6866507503773633,pickands_xi,stable,4,refinement,0.5538286904058426,0.8994296242019254,nested,32768,160,student_t,1.5,dynamic,21.157916670805847
1.5,nan,0.8456450153005504,0.6479412670991279,0.8456450153005504,0.6479412670991279,,0.0,0.5,0.5,0.6666666666666666,0.008,2.0,262,0.781625823805902,pickands_xi,stable,4,refinement,0.6818129089632422,0.8452127487382564,nested,32768,160,student_t,1.5,dynamic,17.704993571978644
1.5,nan,0.7562136568947652,0.5720253864463984,0.7562136568947652,0.514436268744225,,0.0,0.5,0.5,0.6666666666666666,0.012,2.0,393,0.6728946924545618,pickands_xi,stable,4,refinement,0.5726315876853764,0.734085278403278,nested,32768,160,student_t,1.5,dynamic,13.495574645490002
1.5,nan,0.6402312950771004,0.5206390942336916,0.6402312950771004,0.5206390942336916,,0.0,0.5,0.5,0.6666666666666666,0.018,2.0,589,0.5614809811626743,pickands_xi,stable,4,refinement,0.5399459426635179,0.6027284016942613,nested,32768,160,student_t,1.5,dynamic,10.222995419054836
1.5,nan,0.70339835079449,0.5270039317579032,0.70339835079449,0.5226414919910513,,0.0,0.5,0.5,0.6666666666666666,0.03,2.0,983,0.5740770389389377,pickands_xi,stable,4,refinement,0.526829434167229,0.6618252414626326,nested,32768,160,student_t,1.5,dynamic,7.41052361506336
1.5,nan,0.7433609263226506,0.5443631442398125,0.7433609263226506,0.5443631442398125,,0.0,0.5,0.5,0.5767038703044668,0.003,2.0,98,0.5772554281543074,tail_constant,stable,4,refinement,0.5584042802369703,0.6653774474836455,nested,32768,160,student_t,1.5,dynamic,33.39842635546574
1.5,nan,0.6380469629600531,0.5582799616829736,0.6883838590071991,0.5582799616829736,,0.0,0.5,0.5,0.5767038703044668,0.004,2.0,131,0.57414471174872,tail_constant,stable,4,refinement,0.559383671235722,0.640060438801939,nested,32768,160,student_t,1.5,dynamic,27.42245903630912
1.5,nan,0.6578602442240483,0.5592547341215498,0.6578602442240483,0.5592547341215498,,0.0,0.5,0.5,0.5767038703044668,0.006,2.0,196,0.5804878532550088,tail_constant,stable,4,refinement,0.5645240911515581,0.6256440367129614,nested,32768,160,student_t,1.5,dynamic,21.117521143607448
1.5,nan,0.6026376378835481,0.5814990211038976,0.6031087721820652,0.5814990211038976,,0.0,0.5,0.5,0.5767038703044668,0.008,2.0,262,0.5925361120481972,tail_constant,stable,4,refinement,0.5821742368194813,0.6026564832554887,nested,32768,160,student_t,1.5,dynamic,17.642612561137337
1.5,nan,0.6030864752174093,0.5719004084238763,0.6030864752174093,0.5719004084238763,,0.0,0.5,0.5,0.5767038703044668,0.012,2.0,393,0.5911639454545701,tail_constant,stable,4,refinement,0.5762640363119955,0.6022465308178603,nested,32768,160,student_t,1.5,dynamic,13.44299154984647
1.5,nan,0.5948216395608402,0.5740016076969823,0.5948216395608402,0.5740016076969823,,0.0,0.5,0.5,0.5767038703044668,0.018,2.0,589,0.5870327713214013,tail_constant,stable,4,refinement,0.577020087409191,0.594319461633422,nested,32768,160,student_t,1.5,dynamic,10.217036809353559
1.5,nan,0.6160034680425285,0.59841041826539,0.6160034680425285,0.5971497715638112,,0.0,0.5,0.5,0.5767038703044668,0.03,2.0,983,0.6042972692784621,tail_constant,stable,4,refinement,0.5983599923973268,0.6126050707052934,nested,32768,160,student_t,1.5,dynamic,7.403354368524013
1.5,nan,1.5738067262267217,1.3941751220146406,1.5738067262267217,1.3941751220146406,,0.0,0.5,0.5,1.5,0.003,2.0,49,1.541076955504869,hill_alpha,stable,4,refinement,1.4602720238762545,1.5625124144939277,block,16384,40,student_t,1.5,dynamic,33.604330966912755
1.5,nan,1.5593288532352736,1.4587727724701487,1.5593288532352736,1.4142544197896783,,0.0,0.5,0.5,1.5,0.004,2.0,65,1.5054602915050808,hill_alpha,stable,4,refinement,1.4569920383629298,1.5345131434549226,block,16384,40,student_t,1.5,dynamic,27.409482399479923
1.5,nan,1.5596459917505472,1.5102819531448448,1.5596459917505472,1.509762603100322,,0.0,0.5,0.5,1.5,0.006,2.0,98,1.5157717647427722,hill_alpha,stable,4,refinement,1.5102611791430638,1.5409721843324493,block,16384,40,student_t,1.5,dynamic,21.2654946120795
1.5,nan,1.554597989466715,1.3936850368884663,1.554597989466715,1.3936850368884663,,0.0,0.5,0.5,1.5,0.008,2.0,131,1.5482227265203259,hill_alpha,stable,4,refinement,1.4665460961351477,1.5528548950290593,block,16384,40,student_t,1.5,dynamic,17.411989050618267
1.5,nan,1.5272988001063643,1.4424443477353972,1.5272988001063643,1.3996841854400537,,0.0,0.5,0.5,1.5,0.012,2.0,196,1.5040348819556422,hill_alpha,stable,4,refinement,1.442894454706933,1.523010184454621,block,16384,40,student_t,1.5,dynamic,13.382823940083345
1.5,nan,1.5224483889898672,1.4317280258968925,1.527473948889476,1.4317280258968925,,0.0,0.5,0.5,1.5,0.018,2.0,294,1.508038765243529,hill_alpha,stable,4,refinement,1.4638528301368476,1.5226494113858515,block,16384,40,student_t,1.5,dynamic,10.1895349380539
1.5,nan,1.5466957502293828,1.4870580209819324,1.5466957502293828,1.4870580209819324,,0.0,0.5,0.5,1.5,0.03,2.0,491,1.5183130375298728,hill_alpha,stable,4,refinement,1.4927363765491344,1.5423961005094273,block,16384,40,student_t,1.5,dynamic,7.292434869296175
1.5,nan,0.6939806761824123,0.6356340250359952,0.7189329647342616,0.6356340250359952,,0.0,0.5,0.5,0.6666666666666666,0.003,2.0,49,0.6570832229894412,hill_xi,stable,4,refinement,0.6401959610259108,0.6949787677244863,block,16384,40,student_t,1.5,dynamic,33.604330966912755
1.5,nan,0.6874146388276692,0.6460037369315488,0.7071806541298518,0.6460037369315488,,0.0,0.5,0.5,0.6666666666666666,0.004,2.0,65,0.6655180018541151,hill_xi,stable,4,refinement,0.6543478856921223,0.6882052794397565,block,16384,40,student_t,1.5,dynamic,27.409482399479923
1.5,nan,0.66220641865412,0.6444010344678085,0.6624838655473952,0.6444010344678085,,0.0,0.5,0.5,0.6666666666666666,0.006,2.0,98,0.6598854318053924,hill_xi,stable,4,refinement,0.6508526460112316,0.6622175165298511,block,16384,40,student_t,1.5,dynamic,21.2654946120795
1.5,nan,0.7256901601050083,0.6443145234837534,0.7256901601050083,0.6439065484977338,,0.0,0.5,0.5,0.6666666666666666,0.008,2.0,131,0.6459236238302031,hill_xi,stable,4,refinement,0.6443188179572905,0.6879581493931303,block,16384,40,student_t,1.5,dynamic,17.411989050618267
1.5,nan,0.6967250941429262,0.6548511682735672,0.7212867863736931,0.6548511682735672,,0.0,0.5,0.5,0.6666666666666666,0.012,2.0,196,0.6653944583915182,hill_xi,stable,4,refinement,0.656662854640276,0.6977075618321569,block,16384,40,student_t,1.5,dynamic,13.382823940083345
1.5,nan,0.6833326041270831,0.6549262566527058,0.699293085769237,0.6549262566527058,,0.0,0.5,0.5,0.6666666666666666,0.018,2.0,294,0.6631991018588989,hill_xi,stable,4,refinement,0.6568941724511839,0.6839710233927693,block,16384,40,student_t,1.5,dynamic,10.1895349380539
1.5,nan,0.6729307817899075,0.6484468379997752,0.6729307817899075,0.6465878938940686,,0.0,0.5,0.5,0.6666666666666666,0.03,2.0,491,0.6587453126412505,hill_xi,stable,4,refinement,0.6483724802355469,0.6701727312557211,block,16384,40,student_t,1.5,dynamic,7.292434869296175
1.5,0.999,0.8847071570802234,0.7678101323620407,0.8847071570802234,0.7489437251249225,,0.0,0.5,0.5,nan,0.001,2.0,0,0.7946548613006482,mass_ratio,stable,4,refinement,0.767055476072556,0.8453116495227422,block,16384,40,student_t,1.5,dynamic,nan
1.5,0.9987164311578874,0.8285316286328861,0.76487952325538,0.8285316286328861,0.7465026359323099,,0.0,0.5,0.5,nan,0.0012835688421125163,2.0,0,0.7950095406494395,mass_ratio,stable,4,refinement,0.7641444477624572,0.8180825288349066,block,16384,40,student_t,1.5,dynamic,nan
1.5,0.998352451027558,0.8629246351162296,0.7887443627944117,0.8629246351162296,0.7887443627944117,,0.0,0.5,0.5,nan,0.0016475489724420657,2.0,0,0.8241931844057349,mass_ratio,stable,4,refinement,0.8057004879141191,0.8443928480289199,block,16384,40,student_t,1.5,dynamic,nan
1.5,0.9978852574731188,0.8583686193843925,0.8072245677550566,0.8583686193843925,0.8030029387160333,,0.0,0.5,0.5,nan,0.0021147425268811283,2.0,0,0.8305078424948646,mass_ratio,stable,4,refinement,0.8070557025934957,0.8541450364137958,block,16384,40,student_t,1.5,dynamic,nan
1.5,0.9972855823834051,0.8838387652438422,0.8302691212359897,0.8838387652438422,0.8302691212359897,,0.0,0.5,0.5,nan,0.002714417616594907,2.0,0,0.842402832797516,mass_ratio,stable,4,refinement,0.8307232201150809,0.8693196003400471,block,16384,40,student_t,1.5,dynamic,nan
1.5,0.9965158581228575,0.8643778983423722,0.8200388682341804,0.8937394820224405,0.8200388682341804,,0.0,0.5,0.5,nan,0.0034841418771425405,2.0,0,0.8286863145227118,mass_ratio,stable,4,refinement,0.8211512423856712,0.865552361689575,block,16384,40,student_t,1.5,dynamic,nan
1.5,0.9955278640450004,0.8808803153324464,0.8133153098115773,0.9204153908487271,0.8133153098115773,,0.0,0.5,0.5,nan,0.00447213595499958,2.0,0,0.8404433759582519,mass_ratio,stable,4,refinement,0.8259038869101826,0.8824617183530976,block,16384,40,student_t,1.5,dynamic,nan
1.5,0.9942597056304714,0.919038770721206,0.82692718272141,0.919038770721206,0.82692718272141,,0.0,0.5,0.5,nan,0.005740294369528563,2.0,0,0.8422471571325636,mass_ratio,stable,4,refinement,0.8326420658874414,0.88381750074998,block,16384,40,student_t,1.5,dynamic,nan
1.5,0.9926319370027192,0.8842020067273506,0.8291555552473321,0.8842020067273506,0.8291555552473321,,0.0,0.5,0.5,nan,0.0073680629972807735,2.0,0,0.8652044781601249,mass_ratio,stable,4,refinement,0.8409673503006444,0.8805748809599105,block,16384,40,student_t,1.5,dynamic,nan
1.5,0.9905425839099682,0.8631538912146275,0.8346780454849541,0.8631538912146275,0.8238399310086498,,0.0,0.5,0.5,nan,0.00945741609003176,2.0,0,0.8466024605154836,mass_ratio,stable,4,refinement,0.834244520905902,0.8557306287450664,block,16384,40,student_t,1.5,dynamic,nan
1.5,0.9878607553799417,0.8811371987485916,0.8244410312194801,0.8811371987485916,0.8083200054326325,,0.0,0.5,0.5,nan,0.012139244620058345,2.0,0,0.8475774085055989,mass_ratio,stable,4,refinement,0.8237961901880062,0.8683958681516052,block,16384,40,student_t,1.5,dynamic,nan
1.5,0.9844184438389111,0.8900103721815815,0.82874379613275,0.8900103721815815,0.82874379613275,,0.0,0.5,0.5,nan,0.015581556161088883,2.0,0,0.8425121463278131,mass_ratio,stable,4,refinement,0.8353445696148216,0.8672192583833314,block,16384,40,student_t,1.5,dynamic,nan
1.5,0.98,0.8583252201245193,0.8323365179772888,0.871390850627958,0.8323365179772888,,0.0,0.5,0.5,nan,0.02,2.0,0,0.8418466442183605,mass_ratio,stable,4,refinement,0.8352631647796978,0.8588478453446567,block,16384,40,student_t,1.5,dynamic,nan
1.5,nan,0.7684627180332475,0.6337221925903584,0.783738524596717,0.5553471144481006,,0.0,0.5,0.5,0.6666666666666666,0.003,2.0,49,0.7326420911011972,pickands_xi,stable,4,refinement,0.6305871894646682,0.7690737502957863,block,16384,40,student_t,1.5,dynamic,34.03239112891718
1.5,nan,0.7767221689264052,0.4431617523147967,0.8137043425001158,0.4431617523147967,,0.0,0.5,0.5,0.6666666666666666,0.004,2.0,65,0.6021978375648618,pickands_xi,stable,4,refinement,0.45347883749666823,0.7782014558693536,block,16384,40,student_t,1.5,dynamic,27.777075209171382
1.5,nan,0.8850031557528828,0.5801700914887041,0.9504259021133212,0.5801700914887041,,0.0,0.5,0.5,0.6666666666666666,0.006,2.0,98,0.7215961856576489,pickands_xi,stable,4,refinement,0.6010221892970959,0.8876200656073003,block,16384,40,student_t,1.5,dynamic,21.473889961782437
1.5,nan,0.8006014264483587,0.7262571004498256,0.8006014264483587,0.7262571004498256,,0.0,0.5,0.5,0.6666666666666666,0.008,2.0,131,0.7483395258491361,pickands_xi,stable,4,refinement,0.7351124048842027,0.7772599739180238,block,16384,40,student_t,1.5,dynamic,17.73477298044692
1.5,nan,0.7225973798905311,0.5726149939128482,0.7500648685885509,0.5726149939128482,,0.0,0.5,0.5,0.6666666666666666,0.012,2.0,196,0.6647411192761717,pickands_xi,stable,4,refinement,0.6022489235674006,0.7236960794384518,block,16384,40,student_t,1.5,dynamic,13.437831119874522
1.5,nan,0.6494494118075296,0.6063497283557457,0.6494494118075296,0.6008019647087206,,0.0,0.5,0.5,0.6666666666666666,0.018,2.0,294,0.6275898606900281,pickands_xi,stable,4,refinement,0.6061278178098647,0.6464891642410123,block,16384,40,student_t,1.5,dynamic,10.190881880667245
1.5,nan,0.6657049956081607,0.6267233363127722,0.6657049956081607,0.6122985322237324,,0.0,0.5,0.5,0.6666666666666666,0.03,2.0,491,0.6465572673478699,pickands_xi,stable,4,refinement,0.6261463441492107,0.6591104669773289,block,16384,40,student_t,1.5,dynamic,7.29753468535036
1.5,nan,0.6278179007196087,0.5773557978180264,0.6278179007196087,0.5773557978180264,,0.0,0.5,0.5,0.5734335228996598,0.003,2.0,49,0.5827253835505785,tail_constant,stable,4,refinement,0.5793889986992976,0.606717692748828,block,16384,40,student_t,1.5,dynamic,33.604330966912755
1.5,nan,0.6515359916831084,0.5626275454287375,0.6515359916831084,0.5569950056398572,,0.0,0.5,0.5,0.5734335228996598,0.004,2.0,65,0.5693524452503368,tail_constant,stable,4,refinement,0.5624022438371823,0.6126122222110831,block,16384,40,student_t,1.5,dynamic,27.409482399479923
1.5,nan,0.6610179223166415,0.5706837677267999,0.6610179223166415,0.5706837677267999,,0.0,0.5,0.5,0.5734335228996598,0.006,2.0,98,0.5865775674871085,tail_constant,stable,4,refinement,0.57585155292251,0.6277477906877037,block,16384,40,student_t,1.5,dynamic,21.2654946120795
1.5,nan,0.5985018302815812,0.5705016690867886,0.6122779982374533,0.5705016690867886,,0.0,0.5,0.5,0.5734335228996598,0.008,2.0,131,0.5810099812508647,tail_constant,stable,4,refinement,0.5737621320096198,0.5990528769998161,block,16384,40,student_t,1.5,dynamic,17.411989050618267
1.5,nan,0.6202423018254889,0.5628523190317725,0.6202423018254889,0.5456287889030614,,0.0,0.5,0.5,0.5734335228996598,0.012,2.0,196,0.5859467735940247,tail_constant,stable,4,refinement,0.5621633778266241,0.606598492002486,block,16384,40,student_t,1.5,dynamic,13.382823940083345
1.5,nan,0.6118888087087734,0.5727337751197661,0.6118888087087734,0.565525729868308,,0.0,0.5,0.5,0.5734335228996598,0.018,2.0,294,0.5837153002587108,tail_constant,stable,4,refinement,0.5724454533097078,0.6001767949987369,block,16384,40,student_t,1.5,dynamic,10.1895349380539
1.5,nan,0.6237263608969045,0.5825243422330137,0.6237263608969045,0.5777484778372625,,0.0,0.5,0.5,0.5734335228996598,0.03,2.0,491,0.5902045950381802,tail_constant,stable,4,refinement,0.5825746144898118,0.608788712888608,block,16384,40,student_t,1.5,dynamic,7.292434869296175
1.5,nan,0.01168995286987704,0.0074063821585775135,0.01168995286987704,0.0074063821585775135,,0.0,0.5,0.5,0.0,nan,2.0,0,0.008672486961302541,control_ecf_rmse,stable,4,refinement,0.007843303270395239,0.010412378427251569,full,16384,40,student_t,1.5,dynamic,0.5
1.5,nan,0.0113248757500419,0.007639229644391338,0.0113248757500419,0.007416485632525179,,0.0,0.5,0.5,0.0,nan,2.0,0,0.008771793076686399,control_ecf_rmse,stable,4,refinement,0.0076303198839166924,0.010536109388637131,full,16384,40,student_t,1.5,dynamic,0.875
1.5,nan,0.009536489565708883,0.007746758250784166,0.009536489565708883,0.007746758250784166,,0.0,0.5,0.5,0.0,nan,2.0,0,0.008573072741281999,control_ecf_rmse,stable,4,refinement,0.008004912745864576,0.009212525950342528,full,16384,40,student_t,1.5,dynamic,1.25
1.5,nan,0.009252288412096757,0.005668331039666805,0.009776722525631002,0.005030596300818735,,0.0,0.5,0.5,0.0,nan,2.0,0,0.007516960038538693,control_ecf_rmse,stable,4,refinement,0.005642821650112882,0.009273265776638126,full,16384,40,student_t,1.5,dynamic,1.625
1.5,nan,0.011285011785232071,0.006950962642477177,0.011285011785232071,0.006334252101085789,,0.0,0.5,0.5,0.0,nan,2.0,0,0.009064748161583992,control_ecf_rmse,stable,4,refinement,0.006926294220821521,0.010937881235184398,full,16384,40,student_t,1.5,dynamic,2.0
1.5,nan,0.4405109757349168,0.15193436235460933,0.4405109757349168,0.14081729492743583,,0.0,0.5,0.5,0.0,nan,2.0,0,0.20054500197018726,control_w1,stable,4,refinement,0.1514896796575224,0.34332422297828075,full,16384,40,student_t,1.5,dynamic,0.5
1.5,nan,0.24049091372168396,0.1265852021933334,0.24049091372168396,0.1265852021933334,,0.0,0.5,0.5,0.0,nan,2.0,0,0.15672065774190103,control_w1,stable,4,refinement,0.13390078721219592,0.2074306244958381,full,16384,40,student_t,1.5,dynamic,0.875
1.5,nan,0.18685189420716758,0.11621759737269859,0.20394494284312648,0.11621759737269859,,0.0,0.5,0.5,0.0,nan,2.0,0,0.14970499873896043,control_w1,stable,4,refinement,0.12266570354902512,0.18753561615260594,full,16384,40,student_t,1.5,dynamic,1.25
1.5,nan,0.43244574452415296,0.14316340965204982,0.43244574452415296,0.14316340965204982,,0.0,0.5,0.5,0.0,nan,2.0,0,0.18541109935833958,control_w1,stable,4,refinement,0.15866898960148454,0.31864242595414694,full,16384,40,student_t,1.5,dynamic,1.625
1.5,nan,0.18182656616365603,0.11427044225925881,0.18182656616365603,0.11427044225925881,,0.0,0.5,0.5,0.0,nan,2.0,0,0.13096596226959337,control_w1,stable,4,refinement,0.1162034863257056,0.16349428183301976,full,16384,40,student_t,1.5,dynamic,2.0
1.5,nan,0.015796508998142847,0.01106111548422752,0.018123085955570172,0.01016699011039897,,1.0,0.5,0.5,0.0,nan,2.0,0,0.012759645679587421,pt_ecf_sup_exact_a,stable,4,refinement,0.011070527330267942,0.01588957207643994,full,16384,40,student_t,1.5,dynamic,0.5
1.5,nan,0.01916093795443207,0.012107673768897577,0.01916093795443207,0.012107673768897577,,1.0,0.5,0.5,0.0,nan,2.0,0,0.01445787794002703,pt_ecf_sup_exact_a,stable,4,refinement,0.012838133277040769,0.017301107641516596,full,16384,40,student_t,1.5,dynamic,0.875
1.5,nan,0.017677631020984436,0.011199376334879857,0.018318366641539175,0.011199376334879857,,1.0,0.5,0.5,0.0,nan,2.0,0,0.015389428585246162,pt_ecf_sup_exact_a,stable,4,refinement,0.012419817343767585,0.017703260445806626,full,16384,40,student_t,1.5,dynamic,1.25
1.5,nan,0.014075748796543937,0.01133804965289759,0.014075748796543937,0.009993998900814538,,1.0,0.5,0.5,0.0,nan,2.0,0,0.01327872406841618,pt_ecf_sup_exact_a,stable,4,refinement,0.011284287622814268,0.013979556285491673,full,16384,40,student_t,1.5,dynamic,1.625
1.5,nan,0.011537909513770272,0.00972662857805613,0.012254918294578063,0.00972662857805613,,1.0,0.5,0.5,0.0,nan,2.0,0,0.010800187752923497,pt_ecf_sup_exact_a,stable,4,refinement,0.010231994751573752,0.011566589865002584,full,16384,40,student_t,1.5,dynamic,2.0
1.5,nan,0.015531641918071527,0.011267237007825406,0.015531641918071527,0.011267237007825406,,1.0,0.5,0.5,0.0,nan,2.0,0,0.01286861359628119,pt_ecf_sup_exact_b,stable,4,refinement,0.011628790460323416,0.014660495633572933,full,16384,40,student_t,1.5,dynamic,0.5
1.5,nan,0.01543632942013004,0.012460382189591326,0.01543712474786138,0.012460382189591326,,1.0,0.5,0.5,0.0,nan,2.0,0,0.01456699751147527,pt_ecf_sup_exact_b,stable,4,refinement,0.01305470017023248,0.015436321048259186,full,16384,40,student_t,1.5,dynamic,0.875
1.5,nan,0.014403959653517217,0.008772059213936681,0.014403959653517217,0.008772059213936681,,1.0,0.5,0.5,0.0,nan,2.0,0,0.012749950926851026,pt_ecf_sup_exact_b,stable,4,refinement,0.010033737818724513,0.014257744882128498,full,16384,40,student_t,1.5,dynamic,1.25
1.5,nan,0.016562742117284337,0.012602270835549583,0.016562742117284337,0.012602270835549583,,1.0,0.5,0.5,0.0,nan,2.0,0,0.014586167398588114,pt_ecf_sup_exact_b,stable,4,refinement,0.013316271689456092,0.015852255748662135,full,16384,40,student_t,1.5,dynamic,1.625
1.5,nan,0.017890432237058766,0.012645739092462291,0.017890432237058766,0.012645739092462291,,1.0,0.5,0.5,0.0,nan,2.0,0,0.013936506343896739,pt_ecf_sup_exact_b,stable,4,refinement,0.01316848404972536,0.01608937113176646,full,16384,40,student_t,1.5,dynamic,2.0
1.5,nan,0.017898625818475285,0.01114503970333357,0.017898625818475285,0.01037587760860872,,1.0,0.5,0.5,0.0,nan,2.0,0,0.01367480156466502,pt_ecf_sup_exact_c,stable,4,refinement,0.011114273219544574,0.016716278064617528,full,16384,40,student_t,1.5,dynamic,0.5
1.5,nan,0.016112228892481328,0.00798867236102469,0.016112228892481328,0.00798867236102469,,1.0,0.5,0.5,0.0,nan,2.0,0,0.012937659876532333,pt_ecf_sup_exact_c,stable,4,refinement,0.009728129299744922,0.015224492833549248,full,16384,40,student_t,1.5,dynamic,0.875
1.5,nan,0.014444446165988412,0.009823676488762091,0.015314541324162306,0.009823676488762091,,1.0,0.5,0.5,0.0,nan,2.0,0,0.01283971060058105,pt_ecf_sup_exact_c,stable,4,refinement,0.010918745466963127,0.014479249972315368,full,16384,40,student_t,1.5,dynamic,1.25
1.5,nan,0.016631342775467947,0.012324278585920775,0.016631342775467947,0.012324278585920775,,1.0,0.5,0.5,0.0,nan,2.0,0,0.015885311363886982,pt_ecf_sup_exact_c,stable,4,refinement,0.013971455253085359,0.01633536676416828,full,16384,40,student_t,1.5,dynamic,1.625
1.5,nan,0.014553225637899925,0.011174738124020547,0.014553225637899925,0.010762582731070072,,1.0,0.5,0.5,0.0,nan,2.0,0,0.012709996506512443,pt_ecf_sup_exact_c,stable,4,refinement,0.011158251908302528,0.014207565089813814,full,16384,40,student_t,1.5,dynamic,2.0
1.5,nan,0.017252730228027587,0.009908538096915269,0.018693185115782336,0.009908538096915269,,1.0,0.5,0.5,0.0,nan,2.0,0,0.01414367002294973,pt_ecf_sup_numerical,stable,4,refinement,0.01121325174763479,0.017237567544999704,full,16384,40,student_t,1.5,dynamic,0.5
1.5,nan,0.014268055712665194,0.01055103729158398,0.014268055712665194,0.01055103729158398,,1.0,0.5,0.5,0.0,nan,2.0,0,0.012633315817994891,pt_ecf_sup_numerical,stable,4,refinement,0.011121302239235992,0.013912609308248676,full,16384,40,student_t,1.5,dynamic,0.875
1.5,nan,0.0177899453201992,0.008990266530777124,0.0177899453201992,0.008990266530777124,,1.0,0.5,0.5,0.0,nan,2.0,0,0.010607077626382395,pt_ecf_sup_numerical,stable,4,refinement,0.009555056319517728,0.01455344836431706,full,16384,40,student_t,1.5,dynamic,1.25
1.5,nan,0.014051444886448284,0.009121787840215452,0.014051444886448284,0.009121787840215452,,1.0,0.5,0.5,0.0,nan,2.0,0,0.009925855872074677,pt_ecf_sup_numerical,stable,4,refinement,0.009391179131659105,0.012187723523397727,full,16384,40,student_t,1.5,dynamic,1.625
1.5,nan,0.01619358448559049,0.010602272896109183,0.01619358448559049,0.010257199219650383,,1.0,0.5,0.5,0.0,nan,2.0,0,0.011784459519107816,pt_ecf_sup_numerical,stable,4,refinement,0.01058846994905083,0.014479018716017927,full,16384,40,student_t,1.5,dynamic,2.0
1.5,nan,3.012215931461397e-05,3.0001119581050878e-05,3.0219721638551748e-05,2.9983916608927886e-05,,1.0,0.5,0.5,0.0,nan,2.0,0,3.002145977192503e-05,score_table_ecf_rmse,stable,4,refinement,3.000043146216596e-05,3.012606180757148e-05,full,16384,40,student_t,1.5,dynamic,nan
1.5,nan,1.1867146809674267e-05,8.423139277180525e-07,1.1867146809674267e-05,8.423139277180525e-07,,1.0,0.5,0.5,0.0,nan,2.0,0,2.665431436899013e-06,score_table_hill_alpha_absdiff,stable,4,refinement,9.449374516901088e-07,8.22279631117695e-06,full,16384,40,student_t,1.5,dynamic,nan
1.5,nan,7.737333088686091e-06,1.0963794768688469e-06,7.737333088686091e-06,1.0963794768688469e-06,,1.0,0.5,0.5,0.0,nan,2.0,0,1.646267690046448e-06,score_table_tail_constant_reldiff,stable,4,refinement,1.1476574151809002e-06,5.026290101352258e-06,full,16384,40,student_t,1.5,dynamic,nan
1.5,nan,7.746054946530681e-05,7.735674646634465e-05,7.746054946530681e-05,7.735674646634465e-05,,0.0,0.5,0.5,0.0,nan,2.0,0,7.740247222737633e-05,score_table_trajectory_mean_abs,stable,4,refinement,7.736628816143328e-05,7.744507906130676e-05,full,16384,40,student_t,1.5,dynamic,0.5
1.5,nan,6.095731048473738e-05,6.0889496473358185e-05,6.0963222809284497e-05,6.0889496473358185e-05,,0.0,0.5,0.5,0.0,nan,2.0,0,6.09468867147561e-05,score_table_trajectory_mean_abs,stable,4,refinement,6.091487829542079e-05,6.095754697771926e-05,full,16384,40,student_t,1.5,dynamic,0.875
1.5,nan,4.323033839248331e-05,4.317358079446178e-05,4.325325376313451e-05,4.3143277808555704e-05,,0.0,0.5,0.5,0.0,nan,2.0,0,4.320565340109999e-05,score_table_trajectory_mean_abs,stable,4,refinement,4.317236867502554e-05,4.323125500730936e-05,full,16384,40,student_t,1.5,dynamic,1.25
1.5,nan,2.3219727241005086e-05,2.3130484875929142e-05,2.3219727241005086e-05,2.3124384267446155e-05,,0.0,0.5,0.5,0.0,nan,2.0,0,2.3145016017173993e-05,score_table_trajectory_mean_abs,stable,4,refinement,2.3130240851589822e-05,2.3187912509291853e-05,full,16384,40,student_t,1.5,dynamic,1.625
1.5,nan,0.0,0.0,0.0,0.0,,0.0,0.5,0.5,0.0,nan,2.0,0,0.0,score_table_trajectory_mean_abs,stable,4,refinement,0.0,0.0,full,16384,40,student_t,1.5,dynamic,2.0
1.5,nan,7.327066484603593e-05,7.297030574318762e-05,7.327066484603593e-05,7.28754964998647e-05,,1.0,0.5,0.5,0.0,nan,2.0,0,7.306989344093248e-05,score_table_w1,stable,4,refinement,7.29665133734547e-05,7.31765882297088e-05,full,16384,40,student_t,1.5,dynamic,nan
1.5,nan,1.5749942554697456,1.5044214887118372,1.5842427552114051,1.5044214887118372,,0.0,0.5,0.5,1.5,0.003,2.0,196,1.5452071516882082,hill_alpha,stable,4,refinement,1.514140077001354,1.575364195459412,full,65536,40,student_t,1.5,dynamic,34.151129736449526
1.5,nan,1.55846564719189,1.4925448761691045,1.55846564719189,1.4925448761691045,,0.0,0.5,0.5,1.5,0.004,2.0,262,1.5249649386345616,hill_alpha,stable,4,refinement,1.4953237324540198,1.5551680807828765,full,65536,40,student_t,1.5,dynamic,27.94752987450815
1.5,nan,1.5661325756590432,1.4405774157948628,1.5661325756590432,1.4405774157948628,,0.0,0.5,0.5,1.5,0.006,2.0,393,1.5091643009882878,hill_alpha,stable,4,refinement,1.47057810116986,1.5417088233349274,full,65536,40,student_t,1.5,dynamic,21.376258600564377
1.5,nan,1.5683039070317188,1.3635332161723708,1.5683039070317188,1.3635332161723708,,0.0,0.5,0.5,1.5,0.008,2.0,524,1.5322153969333676,hill_alpha,stable,4,refinement,1.4327718641699925,1.562710220952167,full,65536,40,student_t,1.5,dynamic,17.657506357553114
1.5,nan,1.5203446481929153,1.4438439985590523,1.5239700079825786,1.3882145995350277,,0.0,0.5,0.5,1.5,0.012,2.0,786,1.5080963429931644,hill_alpha,stable,4,refinement,1.4416188225980913,1.5204896625845017,full,65536,40,student_t,1.5,dynamic,13.331660660097622
1.5,nan,1.5099741323094222,1.4346544228698785,1.5107730776684858,1.4346544228698785,,0.0,0.5,0.5,1.5,0.018,2.0,1179,1.4956622234865204,hill_alpha,stable,4,refinement,1.4574519447032244,1.5100060901237846,full,65536,40,student_t,1.5,dynamic,10.1977116904281
1.5,nan,1.535615793248628,1.4688988585767693,1.535615793248628,1.4688988585767693,,0.0,0.5,0.5,1.5,0.03,2.0,1966,1.5235380885346488,hill_alpha,stable,4,refinement,1.4944933370723301,1.5304508468701394,full,65536,40,student_t,1.5,dynamic,7.3114065758626925
1.5,nan,0.6647073360114334,0.6349448444623065,0.6647073360114334,0.6312163945269598,,0.0,0.5,0.5,0.6666666666666666,0.003,2.0,196,0.6472767760689386,hill_xi,stable,4,refinement,0.6347957064648926,0.6604703384412529,full,65536,40,student_t,1.5,dynamic,34.151129736449526
1.5,nan,0.669996605104891,0.6430772658604578,0.669996605104891,0.6416567486115865,,0.0,0.5,0.5,0.6666666666666666,0.004,2.0,262,0.6559528231048606,hill_xi,stable,4,refinement,0.6430204451705029,0.6687540089427315,full,65536,40,student_t,1.5,dynamic,27.94752987450815
1.5,nan,0.6941660955084689,0.6492363780936683,0.6941660955084689,0.63851554813563,,0.0,0.5,0.5,0.6666666666666666,0.006,2.0,393,0.6626291513402478,hill_xi,stable,4,refinement,0.6488075448953469,0.6803108950862226,full,65536,40,student_t,1.5,dynamic,21.376258600564377
1.5,nan,0.6983076814527056,0.637631517409575,0.733388807943484,0.637631517409575,,0.0,0.5,0.5,0.6666666666666666,0.008,2.0,524,0.6528157785754028,hill_xi,stable,4,refinement,0.6399227901036407,0.6997109265123367,full,65536,40,student_t,1.5,dynamic,17.657506357553114
1.5,nan,0.6936252578834038,0.6561808925123096,0.7203497213866953,0.6561808925123096,,0.0,0.5,0.5,0.6666666666666666,0.012,2.0,786,0.6631092891306882,hill_xi,stable,4,refinement,0.6576866003694077,0.6946942364235354,full,65536,40,student_t,1.5,dynamic,13.331660660097622
1.5,nan,0.6970319709464269,0.6622631862110709,0.6970319709464269,0.6619127748445578,,0.0,0.5,0.5,0.6666666666666666,0.018,2.0,1179,0.668654739030889,hill_xi,stable,4,refinement,0.6622491697564105,0.6863106475245551,full,65536,40,student_t,1.5,dynamic,10.1977116904281
1.5,nan,0.668858517280684,0.6512045554601119,0.6807820662131292,0.6512045554601119,,0.0,0.5,0.5,0.6666666666666666,0.03,2.0,1966,0.6563674090119673,hill_xi,stable,4,refinement,0.6534102966835923,0.6693354592379818,full,65536,40,student_t,1.5,dynamic,7.3114065758626925
1.5,0.999,0.9212392606055877,0.7906596096702109,0.9212392606055877,0.7853387875519569,,0.0,0.5,0.5,nan,0.001,2.0,0,0.8036927685305794,mass_ratio,stable,4,refinement,0.7904467767854807,0.8685188660457986,full,65536,40,student_t,1.5,dynamic,nan
1.5,0.9987164311578874,0.92458780259302,0.7665345283353021,0.92458780259302,0.7665345283353021,,0.0,0.5,0.5,nan,0.0012835688421125163,2.0,0,0.8045848042007507,mass_ratio,stable,4,refinement,0.7748639918727186,0.8769210322427297,full,65536,40,student_t,1.5,dynamic,nan
1.5,0.998352451027558,0.9131231640925299,0.7992949383319807,0.9131231640925299,0.7796819630650161,,0.0,0.5,0.5,nan,0.0016475489724420657,2.0,0,0.8259405686995962,mass_ratio,stable,4,refinement,0.7985104193213022,0.8746511927522342,full,65536,40,student_t,1.5,dynamic,nan
1.5,0.9978852574731188,0.9024075558289902,0.8053642145057648,0.9024075558289902,0.8053642145057648,,0.0,0.5,0.5,nan,0.0021147425268811283,2.0,0,0.8379702233805624,mass_ratio,stable,4,refinement,0.8110434120489243,0.8814493229704883,full,65536,40,student_t,1.5,dynamic,nan
1.5,0.9972855823834051,0.9218941149861456,0.8396882635648506,0.9218941149861456,0.8396882635648506,,0.0,0.5,0.5,nan,0.002714417616594907,2.0,0,0.8524778356889178,mass_ratio,stable,4,refinement,0.8413357841400457,0.8930657749678335,full,65536,40,student_t,1.5,dynamic,nan
1.5,0.9965158581228575,0.9331167854060358,0.8241113960655421,0.9331167854060358,0.8241113960655421,,0.0,0.5,0.5,nan,0.0034841418771425405,2.0,0,0.8331290528643884,mass_ratio,stable,4,refinement,0.8247580658516034,0.88880447926343,full,65536,40,student_t,1.5,dynamic,nan
1.5,0.9955278640450004,0.8901440882307947,0.8271759461891058,0.923267876135486,0.8271759461891058,,0.0,0.5,0.5,nan,0.00447213595499958,2.0,0,0.8553428234292377,mass_ratio,stable,4,refinement,0.8398908583538736,0.8914690397469823,full,65536,40,student_t,1.5,dynamic,nan
1.5,0.9942597056304714,0.8951240929159678,0.8353582926757087,0.8951240929159678,0.8353582926757087,,0.0,0.5,0.5,nan,0.005740294369528563,2.0,0,0.8523327016787998,mass_ratio,stable,4,refinement,0.8397051740194957,0.8783850600998239,full,65536,40,student_t,1.5,dynamic,nan
1.5,0.9926319370027192,0.878378643093344,0.8273299325474119,0.8801591973503353,0.8273299325474119,,0.0,0.5,0.5,nan,0.0073680629972807735,2.0,0,0.8672691997433715,mass_ratio,stable,4,refinement,0.8420229140368414,0.8784498652636237,full,65536,40,student_t,1.5,dynamic,nan
1.5,0.9905425839099682,0.8682261477222422,0.8355683586543868,0.8755117195536696,0.8355683586543868,,0.0,0.5,0.5,nan,0.00945741609003176,2.0,0,0.8519093350062656,mass_ratio,stable,4,refinement,0.8390770316787052,0.8685175705954993,full,65536,40,student_t,1.5,dynamic,nan
1.5,0.9878607553799417,0.8594761461959357,0.8367598968032572,0.8739725759652185,0.8299691223329397,,0.0,0.5,0.5,nan,0.012139244620058345,2.0,0,0.8442651938501138,mass_ratio,stable,4,refinement,0.8364882658244445,0.860056003386707,full,65536,40,student_t,1.5,dynamic,nan
1.5,0.9844184438389111,0.8714728940424441,0.8392045198671373,0.8714728940424441,0.8392045198671373,,0.0,0.5,0.5,nan,0.015581556161088883,2.0,0,0.8463953622316092,mass_ratio,stable,4,refinement,0.8418167272428005,0.8602750757325265,full,65536,40,student_t,1.5,dynamic,nan
1.5,0.98,0.8597856526309537,0.8402977473106444,0.8663692754986622,0.8402977473106444,,0.0,0.5,0.5,nan,0.02,2.0,0,0.8500521699066801,mass_ratio,stable,4,refinement,0.8434679374255902,0.8600489975456621,full,65536,40,student_t,1.5,dynamic,nan
1.5,nan,0.7422240638462605,0.6031557689644832,0.7728665274731892,0.6031557689644832,,0.0,0.5,0.5,0.6666666666666666,0.003,2.0,196,0.6844130491675071,pickands_xi,stable,4,refinement,0.6291183589570589,0.7434497623913376,full,65536,40,student_t,1.5,dynamic,34.197256682577915
1.5,nan,0.9331514041537436,0.513324819654531,0.9331514041537436,0.49990797120041763,,0.0,0.5,0.5,0.6666666666666666,0.004,2.0,262,0.6187648699520862,pickands_xi,stable,4,refinement,0.5127881457163664,0.8264170046218001,full,65536,40,student_t,1.5,dynamic,28.002925076866077
1.5,nan,0.897375768992126,0.598996879363382,0.897375768992126,0.598996879363382,,0.0,0.5,0.5,0.6666666666666666,0.006,2.0,393,0.7155284912538559,pickands_xi,stable,4,refinement,0.6138406628835151,0.8511804658650507,full,65536,40,student_t,1.5,dynamic,21.390758131830196
1.5,nan,0.7886848645041014,0.7241348448281805,0.7886848645041014,0.7241348448281805,,0.0,0.5,0.5,0.6666666666666666,0.008,2.0,524,0.737813717233269,pickands_xi,stable,4,refinement,0.7279678149322034,0.7669996024645214,full,65536,40,student_t,1.5,dynamic,17.68508148555857
1.5,nan,0.7065916308875613,0.5581335562159556,0.7119194228320171,0.5581335562159556,,0.0,0.5,0.5,0.6666666666666666,0.012,2.0,786,0.6991082555215093,pickands_xi,stable,4,refinement,0.6247667318402553,0.7068047425653395,full,65536,40,student_t,1.5,dynamic,13.33809951584142
1.5,nan,0.6712657154461822,0.5882318175573475,0.6712657154461822,0.5882318175573475,,0.0,0.5,0.5,0.6666666666666666,0.018,2.0,1179,0.6452629367374505,pickands_xi,stable,4,refinement,0.6150428642097586,0.6593482722200293,full,65536,40,student_t,1.5,dynamic,10.201637375133888
1.5,nan,0.6619706740078906,0.605657236040951,0.6619706740078906,0.605657236040951,,0.0,0.5,0.5,0.6666666666666666,0.03,2.0,1966,0.6397886987292329,pickands_xi,stable,4,refinement,0.6159059064213865,0.6574577575840747,full,65536,40,student_t,1.5,dynamic,7.312802816137486
1.5,nan,0.6675174907719832,0.5796308985766122,0.6675174907719832,0.5796308985766122,,0.0,0.5,0.5,0.5734335228996598,0.003,2.0,196,0.5968905891234575,tail_constant,stable,4,refinement,0.5843871264270725,0.6371450015927163,full,65536,40,student_t,1.5,dynamic,34.151129736449526
1.5,nan,0.6677565213853754,0.581477306840642,0.6677565213853754,0.5725624755815174,,0.0,0.5,0.5,0.5734335228996598,0.004,2.0,262,0.5906585827819084,tail_constant,stable,4,refinement,0.581120713590277,0.6308774043031393,full,65536,40,student_t,1.5,dynamic,27.94752987450815
1.5,nan,0.6376588757002658,0.5790741180192238,0.6376588757002658,0.573513843816199,,0.0,0.5,0.5,0.5734335228996598,0.006,2.0,393,0.5926844264015365,tail_constant,stable,4,refinement,0.5788517070511028,0.6199351564429338,full,65536,40,student_t,1.5,dynamic,21.376258600564377
1.5,nan,0.608439143184651,0.5847732949229856,0.6228868645052983,0.5770167666972884,,0.0,0.5,0.5,0.5734335228996598,0.008,2.0,524,0.5932606225063433,tail_constant,stable,4,refinement,0.5844630337939576,0.6090170520374769,full,65536,40,student_t,1.5,dynamic,17.657506357553114
1.5,nan,0.6009296072780801,0.570100721463858,0.6165510851596473,0.570100721463858,,0.0,0.5,0.5,0.5734335228996598,0.012,2.0,786,0.5838072311261088,tail_constant,stable,4,refinement,0.5759594149319445,0.6015544663933428,full,65536,40,student_t,1.5,dynamic,13.331660660097622
1.5,nan,0.595766274828696,0.5780596516802969,0.6006087355241176,0.5753243844344743,,0.0,0.5,0.5,0.5734335228996598,0.018,2.0,1179,0.5858593665296971,tail_constant,stable,4,refinement,0.577950240990464,0.595959973256513,full,65536,40,student_t,1.5,dynamic,10.1977116904281
1.5,nan,0.6075214860402114,0.5899985425730325,0.6202639473663211,0.5886371185478434,,0.0,0.5,0.5,0.5734335228996598,0.03,2.0,1966,0.5930694956561615,tail_constant,stable,4,refinement,0.5899440856120249,0.6080311844932558,full,65536,40,student_t,1.5,dynamic,7.3114065758626925
1.5,nan,1.6038730574663191,1.3772384374323534,1.6038730574663191,1.2932494509999042,,0.0,0.5,0.5,1.5,0.003,2.0,49,1.4885004491272675,hill_alpha,stable,4,refinement,1.3738788779750555,1.5615852575895577,nested,16384,40,student_t,1.5,dynamic,33.154269985239154
1.5,nan,1.5941977259800695,1.428439088659395,1.5941977259800695,1.42629246156313,,0.0,0.5,0.5,1.5,0.004,2.0,65,1.4781009495185145,hill_alpha,stable,4,refinement,1.4283532235755443,1.5612785854846933,nested,16384,40,student_t,1.5,dynamic,27.47781289895294
1.5,nan,1.5514513107490793,1.4492274463183152,1.5514513107490793,1.4492274463183152,,0.0,0.5,0.5,1.5,0.006,2.0,98,1.5257402062885208,hill_alpha,stable,4,refinement,1.483546609587276,1.5415169421247492,nested,16384,40,student_t,1.5,dynamic,21.26761322926465
1.5,nan,1.6041210216583248,1.245826997776427,1.6041210216583248,1.245826997776427,,0.0,0.5,0.5,1.5,0.008,2.0,131,1.5513497599552482,hill_alpha,stable,4,refinement,1.3899837143174558,1.5812850253456534,nested,16384,40,student_t,1.5,dynamic,17.672672499931366
1.5,nan,1.536675995785494,1.3219876776930124,1.54621389003651,1.226207255541308,,0.0,0.5,0.5,1.5,0.012,2.0,196,1.4724531006895973,hill_alpha,stable,4,refinement,1.3181564608069443,1.5370575115555347,nested,16384,40,student_t,1.5,dynamic,12.987326530386664
1.5,nan,1.5176316723658276,1.382212650326343,1.5176316723658276,1.382212650326343,,0.0,0.5,0.5,1.5,0.018,2.0,294,1.5040135803439023,hill_alpha,stable,4,refinement,1.437595887872969,1.5141761970571057,nested,16384,40,student_t,1.5,dynamic,10.07582030271846
1.5,nan,1.5420100048058945,1.4690364851467663,1.5420100048058945,1.4480912886496105,,0.0,0.5,0.5,1.5,0.03,2.0,491,1.511652854123049,hill_alpha,stable,4,refinement,1.46819867728688,1.5378407352681094,nested,16384,40,student_t,1.5,dynamic,7.311397162263023
1.5,nan,0.7288010974089894,0.6234907403331075,0.773246027072989,0.6234907403331075,,0.0,0.5,0.5,0.6666666666666666,0.003,2.0,49,0.6720426767341067,hill_xi,stable,4,refinement,0.6408851941203633,0.7305788945955493,nested,16384,40,student_t,1.5,dynamic,33.154269985239154
1.5,nan,0.701118478116375,0.6272747625362639,0.701118478116375,0.6272747625362639,,0.0,0.5,0.5,0.6666666666666666,0.004,2.0,65,0.6772436235398868,hill_xi,stable,4,refinement,0.6408098484008629,0.7001085153368006,nested,16384,40,student_t,1.5,dynamic,27.47781289895294
1.5,nan,0.690022813562113,0.6445577718563241,0.690022813562113,0.6445577718563241,,0.0,0.5,0.5,0.6666666666666666,0.006,2.0,98,0.6554266563585532,hill_xi,stable,4,refinement,0.6487408551849425,0.674450639336856,nested,16384,40,student_t,1.5,dynamic,21.26761322926465
1.5,nan,0.7247229925630603,0.6233943614592181,0.8026796672289306,0.6233943614592181,,0.0,0.5,0.5,0.6666666666666666,0.008,2.0,131,0.6446071963848182,hill_xi,stable,4,refinement,0.6325401438975676,0.7278412595496951,nested,16384,40,student_t,1.5,dynamic,17.672672499931366
1.5,nan,0.8155228208615932,0.6467410533845271,0.8155228208615932,0.6467410533845271,,0.0,0.5,0.5,0.6666666666666666,0.012,2.0,196,0.6800767969898269,hill_xi,stable,4,refinement,0.650618768083691,0.7626321716345255,nested,16384,40,student_t,1.5,dynamic,12.987326530386664
1.5,nan,0.6956076103235906,0.6589214090670008,0.7234776788968746,0.6589214090670008,,0.0,0.5,0.5,0.6666666666666666,0.018,2.0,294,0.6648997253337823,hill_xi,stable,4,refinement,0.6604288489951242,0.696722413066522,nested,16384,40,student_t,1.5,dynamic,10.07582030271846
1.5,nan,0.6905641984301492,0.6485042229838699,0.6905641984301492,0.6485042229838699,,0.0,0.5,0.5,0.6666666666666666,0.03,2.0,491,0.6616635311729322,hill_xi,stable,4,refinement,0.6502675742749882,0.6812449947863167,nested,16384,40,student_t,1.5,dynamic,7.311397162263023
1.5,0.999,0.971781194434947,0.6740716282005327,0.971781194434947,0.6740716282005327,,0.0,0.5,0.5,nan,0.001,2.0,0,0.8046391060206669,mass_ratio,stable,4,refinement,0.7334206358712556,0.894876373679034,nested,16384,40,student_t,1.5,dynamic,nan
1.5,0.9987164311578874,0.8389098704201344,0.7480775697010505,0.8389098704201344,0.7480775697010505,,0.0,0.5,0.5,nan,0.0012835688421125163,2.0,0,0.7813623448920449,mass_ratio,stable,4,refinement,0.7628368306854217,0.8125044892739576,nested,16384,40,student_t,1.5,dynamic,nan
1.5,0.998352451027558,0.91687349212802,0.7806987510990128,0.91687349212802,0.7806987510990128,,0.0,0.5,0.5,nan,0.0016475489724420657,2.0,0,0.8310895876909135,mass_ratio,stable,4,refinement,0.8041201454898231,0.8764634251715109,nested,16384,40,student_t,1.5,dynamic,nan
1.5,0.9978852574731188,0.8460209874229561,0.8150203550327271,0.8601417939493292,0.8123265866984632,,0.0,0.5,0.5,nan,0.0021147425268811283,2.0,0,0.824807152131787,mass_ratio,stable,4,refinement,0.8149126042993565,0.846585819684011,nested,16384,40,student_t,1.5,dynamic,nan
1.5,0.9972855823834051,0.8962092145147316,0.81762480867754,0.8962092145147316,0.8103700414413378,,0.0,0.5,0.5,nan,0.002714417616594907,2.0,0,0.8338774037517561,mass_ratio,stable,4,refinement,0.8173346179880919,0.8706089027107501,nested,16384,40,student_t,1.5,dynamic,nan
1.5,0.9965158581228575,0.9420478208161741,0.8064034745285766,0.9420478208161741,0.791580789022108,,0.0,0.5,0.5,nan,0.0034841418771425405,2.0,0,0.8339166584340458,mass_ratio,stable,4,refinement,0.8058105671083179,0.8962363021042729,nested,16384,40,student_t,1.5,dynamic,nan
1.5,0.9955278640450004,0.9802481768322687,0.8242223654232983,0.9802481768322687,0.8155410473158902,,0.0,0.5,0.5,nan,0.00447213595499958,2.0,0,0.8449498462091971,mass_ratio,stable,4,refinement,0.823875112699002,0.9210871362188697,nested,16384,40,student_t,1.5,dynamic,nan
1.5,0.9942597056304714,0.9232963600467765,0.831121766901906,0.9936221988545116,0.8116651651169795,,0.0,0.5,0.5,nan,0.005740294369528563,2.0,0,0.8517744449629369,mass_ratio,stable,4,refinement,0.830343502830509,0.9261093935990858,nested,16384,40,student_t,1.5,dynamic,nan
1.5,0.9926319370027192,0.9255193040955525,0.8222865436412828,0.9255193040955525,0.8222865436412828,,0.0,0.5,0.5,nan,0.0073680629972807735,2.0,0,0.8911856819509831,mass_ratio,stable,4,refinement,0.8542198150813249,0.9101774804147733,nested,16384,40,student_t,1.5,dynamic,nan
1.5,0.9905425839099682,0.8641012621148205,0.8259087134284104,0.875815395941766,0.8259087134284104,,0.0,0.5,0.5,nan,0.00945741609003176,2.0,0,0.8455220292212839,mass_ratio,stable,4,refinement,0.8320278574570261,0.8645698274678983,nested,16384,40,student_t,1.5,dynamic,nan
1.5,0.9878607553799417,0.8574726344644926,0.8005295225777634,0.8847913719970087,0.7874021719741062,,0.0,0.5,0.5,nan,0.012139244620058345,2.0,0,0.8219053850566986,mass_ratio,stable,4,refinement,0.8000044285536172,0.8585653839657933,nested,16384,40,student_t,1.5,dynamic,nan
1.5,0.9844184438389111,0.8683470135121629,0.8155426302528432,0.8970617955573856,0.8155426302528432,,0.0,0.5,0.5,nan,0.015581556161088883,2.0,0,0.837948251096888,mass_ratio,stable,4,refinement,0.8254890176803596,0.8694956047939718,nested,16384,40,student_t,1.5,dynamic,nan
1.5,0.98,0.8766675484327451,0.830636003695461,0.8766675484327451,0.830636003695461,,0.0,0.5,0.5,nan,0.02,2.0,0,0.8403324063509721,mass_ratio,stable,4,refinement,0.8329071373408466,0.8616098198627536,nested,16384,40,student_t,1.5,dynamic,nan
1.5,nan,0.7179369930681477,0.012365304836343642,0.7179369930681477,0.012365304836343642,,0.0,0.5,0.5,0.6666666666666666,0.003,2.0,49,0.5259517857214039,pickands_xi,stable,4,refinement,0.1877260999988174,0.6969448092040659,nested,16384,40,student_t,1.5,dynamic,33.562613457848556
1.5,nan,0.8273504842843389,0.4136935461228398,0.8273504842843389,0.23466560751539683,,0.0,0.5,0.5,0.6666666666666666,0.004,2.0,65,0.6051366664387434,pickands_xi,stable,4,refinement,0.4065324285785421,0.7266471389385142,nested,16384,40,student_t,1.5,dynamic,28.039790449084904
1.5,nan,1.473042739173518,0.5300675167327795,1.473042739173518,0.5300675167327795,,0.0,0.5,0.5,0.6666666666666666,0.006,2.0,98,0.8521033681625709,pickands_xi,stable,4,refinement,0.57811340521002,1.2815231612973228,nested,16384,40,student_t,1.5,dynamic,21.54472410197591
1.5,nan,0.9572321188384647,0.6875513603846475,1.0015586776570056,0.6362820922149609,,0.0,0.5,0.5,0.6666666666666666,0.008,2.0,131,0.8285614768223828,pickands_xi,stable,4,refinement,0.6880910368917037,0.9590051811912064,nested,16384,40,student_t,1.5,dynamic,17.922249248430603
1.5,nan,0.7888404973678068,0.31508188095874534,0.7888404973678068,0.31508188095874534,,0.0,0.5,0.5,0.6666666666666666,0.012,2.0,196,0.6081988379432488,pickands_xi,stable,4,refinement,0.41947170900802616,0.7384388121472998,nested,16384,40,student_t,1.5,dynamic,13.01313018713559
1.5,nan,0.6579872348359888,0.506814699048176,0.6579872348359888,0.506814699048176,,0.0,0.5,0.5,0.6666666666666666,0.018,2.0,294,0.6382994788568156,pickands_xi,stable,4,refinement,0.5653293404897028,0.6531351648326058,nested,16384,40,student_t,1.5,dynamic,10.077947904225741
1.5,nan,0.721810923844318,0.5845850388150903,0.721810923844318,0.5845850388150903,,0.0,0.5,0.5,0.6666666666666666,0.03,2.0,491,0.6689482802251505,pickands_xi,stable,4,refinement,0.6140690505444082,0.7074471990546286,nested,16384,40,student_t,1.5,dynamic,7.317917224485233
1.5,nan,0.6079331756797088,0.5565728140663775,0.6435698287523961,0.5565728140663775,,0.0,0.5,0.5,0.5734335228996598,0.003,2.0,49,0.5709338041496794,tail_constant,stable,4,refinement,0.5628119844468382,0.6093586418026163,nested,16384,40,student_t,1.5,dynamic,33.154269985239154
1.5,nan,0.6991656859705261,0.5506348425499711,0.6991656859705261,0.5506348425499711,,0.0,0.5,0.5,0.5734335228996598,0.004,2.0,65,0.5715295818288466,tail_constant,stable,4,refinement,0.552010191306064,0.6465544820802873,nested,16384,40,student_t,1.5,dynamic,27.47781289895294
1.5,nan,0.7086495050795412,0.569313014395203,0.7086495050795412,0.569313014395203,,0.0,0.5,0.5,0.5734335228996598,0.006,2.0,98,0.5866605208992715,tail_constant,stable,4,refinement,0.5759532184792416,0.651781391710926,nested,16384,40,student_t,1.5,dynamic,21.26761322926465
1.5,nan,0.6161686053086204,0.5825744132078402,0.6323997805168038,0.5770167666972884,,0.0,0.5,0.5,0.5734335228996598,0.008,2.0,131,0.5940347449094144,tail_constant,stable,4,refinement,0.5823521073474182,0.6168178523169476,nested,16384,40,student_t,1.5,dynamic,17.672672499931366
1.5,nan,0.6225480651140163,0.5309441200225582,0.6225480651140163,0.5309441200225582,,0.0,0.5,0.5,0.5734335228996598,0.012,2.0,196,0.5599620736937867,tail_constant,stable,4,refinement,0.5383342885791795,0.5990452384378744,nested,16384,40,student_t,1.5,dynamic,12.987326530386664
1.5,nan,0.6190759253643567,0.5678775468283992,0.6190759253643567,0.5678775468283992,,0.0,0.5,0.5,0.5734335228996598,0.018,2.0,294,0.5739161211437797,tail_constant,stable,4,refinement,0.5701181794619078,0.5980571023763538,nested,16384,40,student_t,1.5,dynamic,10.07582030271846
1.5,nan,0.6163211852242088,0.5607168753049677,0.6305696736555539,0.5607168753049677,,0.0,0.5,0.5,0.5734335228996598,0.03,2.0,491,0.5924900374240939,tail_constant,stable,4,refinement,0.5713683166251389,0.6168911247614626,nested,16384,40,student_t,1.5,dynamic,7.311397162263023
1.5,nan,1.6068394864330735,1.373678035169445,1.6068394864330735,1.373678035169445,,0.0,0.5,0.5,1.5,0.003,2.0,98,1.495638300189505,hill_alpha,stable,4,refinement,1.4243333637079951,1.5613485157072393,nested,32768,40,student_t,1.5,dynamic,34.363038247673245
1.5,nan,1.5734027673490094,1.4113283289438747,1.633596886194594,1.3864476218934898,,0.0,0.5,0.5,1.5,0.004,2.0,131,1.4747088422488421,hill_alpha,stable,4,refinement,1.4103331006618594,1.5758105321028326,nested,32768,40,student_t,1.5,dynamic,27.89062638467019
1.5,nan,1.5242795690903137,1.4374349951651126,1.5242795690903137,1.4080655787925906,,0.0,0.5,0.5,1.5,0.006,2.0,196,1.4918203741875764,hill_alpha,stable,4,refinement,1.4362602185102118,1.5207068176089718,nested,32768,40,student_t,1.5,dynamic,21.30450623196127
1.5,nan,1.5259960172527005,1.3477947610545495,1.5259960172527005,1.3477947610545495,,0.0,0.5,0.5,1.5,0.008,2.0,262,1.457842755295923,hill_alpha,stable,4,refinement,1.3818720217815685,1.5120282280222876,nested,32768,40,student_t,1.5,dynamic,17.43035963335721
1.5,nan,1.4886556736741414,1.40128210154856,1.5268947938844717,1.3668025538859359,,0.0,0.5,0.5,1.5,0.012,2.0,393,1.4430891013374976,hill_alpha,stable,4,refinement,1.399902919642055,1.4901852384825547,nested,32768,40,student_t,1.5,dynamic,12.980467803812239
1.5,nan,1.535648296830851,1.4387901362546147,1.535648296830851,1.4304505266441945,,0.0,0.5,0.5,1.5,0.018,2.0,589,1.4602943384400027,hill_alpha,stable,4,refinement,1.4384565518701977,1.5057974012392283,nested,32768,40,student_t,1.5,dynamic,9.891359013484639
1.5,nan,1.5478072533334502,1.47188451255526,1.5478072533334502,1.47188451255526,,0.0,0.5,0.5,1.5,0.03,2.0,983,1.514327135595694,hill_alpha,stable,4,refinement,1.4863369413640022,1.5376568270699933,nested,32768,40,student_t,1.5,dynamic,7.219968425471907
1.5,nan,0.7020045840674813,0.6223396975511474,0.7279726212384612,0.6223396975511474,,0.0,0.5,0.5,0.6666666666666666,0.003,2.0,98,0.6686915320404259,hill_xi,stable,4,refinement,0.6410629709750848,0.7030433055543205,nested,32768,40,student_t,1.5,dynamic,34.363038247673245
1.5,nan,0.7212677812049523,0.6364967610313641,0.7212677812049523,0.6121461227374548,,0.0,0.5,0.5,0.6666666666666666,0.004,2.0,131,0.6785624367607916,hill_xi,stable,4,refinement,0.6355227354996078,0.7092724338408039,nested,32768,40,student_t,1.5,dynamic,27.89062638467019
1.5,nan,0.7101941948311066,0.6560476308140754,0.7101941948311066,0.6560476308140754,,0.0,0.5,0.5,0.6666666666666666,0.006,2.0,196,0.6705105302012576,hill_xi,stable,4,refinement,0.6575928833162067,0.6965429750124952,nested,32768,40,student_t,1.5,dynamic,21.30450623196127
1.5,nan,0.741952728186578,0.6553097050674693,0.741952728186578,0.6553097050674693,,0.0,0.5,0.5,0.6666666666666666,0.008,2.0,262,0.6864376461526673,hill_xi,stable,4,refinement,0.6614245086680528,0.7241320969306124,nested,32768,40,student_t,1.5,dynamic,17.43035963335721
1.5,nan,0.7316345708872982,0.6721905381311244,0.7316345708872982,0.6549239698800507,,0.0,0.5,0.5,0.6666666666666666,0.012,2.0,393,0.6929757711570497,hill_xi,stable,4,refinement,0.6714998754010815,0.7147673061087076,nested,32768,40,student_t,1.5,dynamic,12.980467803812239
1.5,nan,0.6990804514896283,0.6511907720431304,0.6990804514896283,0.6511907720431304,,0.0,0.5,0.5,0.6666666666666666,0.018,2.0,589,0.6848491095170315,hill_xi,stable,4,refinement,0.6643832861589446,0.6952128952144401,nested,32768,40,student_t,1.5,dynamic,9.891359013484639
1.5,nan,0.6794011292801454,0.6505498716161097,0.6794011292801454,0.6460752770387529,,0.0,0.5,0.5,0.6666666666666666,0.03,2.0,983,0.6604031013722231,hill_xi,stable,4,refinement,0.6503708878330154,0.672863820770146,nested,32768,40,student_t,1.5,dynamic,7.219968425471907
1.5,0.999,0.8720020165725602,0.8088195010893786,0.8720020165725602,0.8088195010893786,,0.0,0.5,0.5,nan,0.001,2.0,0,0.8168367550427251,mass_ratio,stable,4,refinement,0.8099450458754225,0.8482454281498019,nested,32768,40,student_t,1.5,dynamic,nan
1.5,0.9987164311578874,0.8889107603649826,0.8055998629265244,0.8889107603649826,0.7838943033895946,,0.0,0.5,0.5,nan,0.0012835688421125163,2.0,0,0.841545243381842,mass_ratio,stable,4,refinement,0.8047316405450472,0.8730104262539012,nested,32768,40,student_t,1.5,dynamic,nan
1.5,0.998352451027558,0.8481650197493937,0.8380019179884274,0.8481650197493937,0.8380019179884274,,0.0,0.5,0.5,nan,0.0016475489724420657,2.0,0,0.8440951197623067,mass_ratio,stable,4,refinement,0.8407073172806064,0.846430805314875,nested,32768,40,student_t,1.5,dynamic,nan
1.5,0.9978852574731188,0.8540589057305626,0.8294201637245945,0.8549456327893922,0.8294201637245945,,0.0,0.5,0.5,nan,0.0021147425268811283,2.0,0,0.8517972828008595,mass_ratio,stable,4,refinement,0.8395012308631824,0.8540943748129158,nested,32768,40,student_t,1.5,dynamic,nan
1.5,0.9972855823834051,0.8803864207364286,0.8589959945215091,0.8803864207364286,0.8491080117575915,,0.0,0.5,0.5,nan,0.002714417616594907,2.0,0,0.8692625571113255,mass_ratio,stable,4,refinement,0.8586004752109524,0.8752286845128106,nested,32768,40,student_t,1.5,dynamic,nan
1.5,0.9965158581228575,0.8850535218535162,0.8052030456480574,0.8850535218535162,0.8052030456480574,,0.0,0.5,0.5,nan,0.0034841418771425405,2.0,0,0.8463869129629518,mass_ratio,stable,4,refinement,0.8146046515568237,0.8768601999884282,nested,32768,40,student_t,1.5,dynamic,nan
1.5,0.9955278640450004,0.8990798561537757,0.8336977191151904,0.8990798561537757,0.8331577501695853,,0.0,0.5,0.5,nan,0.00447213595499958,2.0,0,0.8494651568960558,mass_ratio,stable,4,refinement,0.8336761203573663,0.8825739855509951,nested,32768,40,student_t,1.5,dynamic,nan
1.5,0.9942597056304714,0.8838799359100715,0.8482725204766529,0.8838799359100715,0.8482725204766529,,0.0,0.5,0.5,nan,0.005740294369528563,2.0,0,0.8496250887820438,mass_ratio,stable,4,refinement,0.8486153899400878,0.867743972611771,nested,32768,40,student_t,1.5,dynamic,nan
1.5,0.9926319370027192,0.8740367094965856,0.8319723692776072,0.8740367094965856,0.8319723692776072,,0.0,0.5,0.5,nan,0.0073680629972807735,2.0,0,0.8603232718214469,mass_ratio,stable,4,refinement,0.8444585258299998,0.8685765360811694,nested,32768,40,student_t,1.5,dynamic,nan
1.5,0.9905425839099682,0.8646493560028212,0.8135861236297391,0.8646493560028212,0.8135861236297391,,0.0,0.5,0.5,nan,0.00945741609003176,2.0,0,0.8319278852846639,mass_ratio,stable,4,refinement,0.8171909732206453,0.8541422460615633,nested,32768,40,student_t,1.5,dynamic,nan
1.5,0.9878607553799417,0.8582315015290792,0.8054660207854136,0.8808695067068703,0.8054660207854136,,0.0,0.5,0.5,nan,0.012139244620058345,2.0,0,0.8230055573944626,mass_ratio,stable,4,refinement,0.8078427876584807,0.8591370217361909,nested,32768,40,student_t,1.5,dynamic,nan
1.5,0.9844184438389111,0.896867125212475,0.8207133939323066,0.896867125212475,0.81810243990196,,0.0,0.5,0.5,nan,0.015581556161088883,2.0,0,0.8233578382335978,mass_ratio,stable,4,refinement,0.8206089557710927,0.8615987427926672,nested,32768,40,student_t,1.5,dynamic,nan
1.5,0.98,0.8861169201513039,0.8208565104084921,0.8861169201513039,0.8208565104084921,,0.0,0.5,0.5,nan,0.02,2.0,0,0.8247272933431025,mass_ratio,stable,4,refinement,0.8212793554678915,0.8580850300325807,nested,32768,40,student_t,1.5,dynamic,nan
1.5,nan,0.8121810625182186,0.5119310622583803,0.9064888302970937,0.5119310622583803,,0.0,0.5,0.5,0.6666666666666666,0.003,2.0,98,0.616043747600217,pickands_xi,stable,4,refinement,0.5130269685956811,0.8159533732293737,nested,32768,40,student_t,1.5,dynamic,34.771510097356526
1.5,nan,0.9147097674815007,0.5290766820600916,1.0736356101400304,0.5290766820600916,,0.0,0.5,0.5,0.6666666666666666,0.004,2.0,131,0.6857242006068787,pickands_xi,stable,4,refinement,0.5706388233388251,0.9210668011878419,nested,32768,40,student_t,1.5,dynamic,27.98607151174439
1.5,nan,1.012691171191395,0.608722789953043,1.012691171191395,0.5909374140130194,,0.0,0.5,0.5,0.6666666666666666,0.006,2.0,196,0.8181627921580024,pickands_xi,stable,4,refinement,0.6089100044366245,1.0104131403413532,nested,32768,40,student_t,1.5,dynamic,21.467267962891775
1.5,nan,0.907896266072987,0.6256796134886169,0.907896266072987,0.5106489349412532,,0.0,0.5,0.5,0.6666666666666666,0.008,2.0,262,0.7447491990278905,pickands_xi,stable,4,refinement,0.6210783863467224,0.8315243492474573,nested,32768,40,student_t,1.5,dynamic,17.446409638160343
1.5,nan,0.82877977149211,0.47724178190586214,0.82877977149211,0.47724178190586214,,0.0,0.5,0.5,0.6666666666666666,0.012,2.0,393,0.7116379416561156,pickands_xi,stable,4,refinement,0.5461117889743191,0.8161918427824975,nested,32768,40,student_t,1.5,dynamic,12.990273426695381
1.5,nan,0.6622540945500192,0.5764454607124756,0.6622540945500192,0.5764454607124756,,0.0,0.5,0.5,0.6666666666666666,0.018,2.0,589,0.5989304961897569,pickands_xi,stable,4,refinement,0.5786506259643297,0.6404464191143342,nested,32768,40,student_t,1.5,dynamic,9.901412757856196
1.5,nan,0.6902518282543104,0.604870404352047,0.6902518282543104,0.604870404352047,,0.0,0.5,0.5,0.6666666666666666,0.03,2.0,983,0.624100714347422,pickands_xi,stable,4,refinement,0.60915692511378,0.663443321615051,nested,32768,40,student_t,1.5,dynamic,7.22250914865503
1.5,nan,0.6343267691696131,0.5810229858028215,0.6343267691696131,0.5796308985766122,,0.0,0.5,0.5,0.5734335228996598,0.003,2.0,98,0.6025517347549978,tail_constant,stable,4,refinement,0.5809673023137732,0.6287403502790618,nested,32768,40,student_t,1.5,dynamic,34.363038247673245
1.5,nan,0.6286476602950724,0.5740100592292194,0.6584468542847702,0.5691013011972844,,0.0,0.5,0.5,0.5734335228996598,0.004,2.0,131,0.5888836417832644,tail_constant,stable,4,refinement,0.573813708907942,0.6298396280546603,nested,32768,40,student_t,1.5,dynamic,27.89062638467019
1.5,nan,0.6107525939075029,0.575539707963482,0.6282691605305565,0.575539707963482,,0.0,0.5,0.5,0.5734335228996598,0.006,2.0,196,0.5881914000940331,tail_constant,stable,4,refinement,0.5791910991347468,0.6114532565724251,nested,32768,40,student_t,1.5,dynamic,21.30450623196127
1.5,nan,0.6061925574335235,0.5619040308198417,0.6061925574335235,0.5516332650097575,,0.0,0.5,0.5,0.5734335228996598,0.008,2.0,262,0.5818767476093915,tail_constant,stable,4,refinement,0.5614932001874384,0.5991779051880836,nested,32768,40,student_t,1.5,dynamic,17.43035963335721
1.5,nan,0.5976300898561167,0.5411762770910802,0.6202131127512199,0.5411762770910802,,0.0,0.5,0.5,0.5734335228996598,0.012,2.0,393,0.560949618221831,tail_constant,stable,4,refinement,0.543900705439033,0.5985334107719208,nested,32768,40,student_t,1.5,dynamic,12.980467803812239
1.5,nan,0.6323883218534534,0.5567518134487256,0.6323883218534534,0.5567518134487256,,0.0,0.5,0.5,0.5734335228996598,0.018,2.0,589,0.5591780395884591,tail_constant,stable,4,refinement,0.5570243040293121,0.5981394843327418,nested,32768,40,student_t,1.5,dynamic,9.891359013484639
1.5,nan,0.6132211946045285,0.5682421198782075,0.635547329082557,0.5633780876226308,,0.0,0.5,0.5,0.5734335228996598,0.03,2.0,983,0.5820006061301422,tail_constant,stable,4,refinement,0.5680475585879845,0.6141142399836496,nested,32768,40,student_t,1.5,dynamic,7.219968425471907
1.5,nan,1.5333036021687452,1.4971777947722162,1.5578928303479707,1.496100499443611,,0.0,0.5,0.5,1.5,0.003,2.0,49,1.5034847320451705,hill_alpha,stable,4,refinement,1.497134702959072,1.534287171295914,block,16384,80,student_t,1.5,dynamic,33.8063678945681
1.5,nan,1.5276590934094099,1.4603429204534435,1.5276590934094099,1.4603429204534435,,0.0,0.5,0.5,1.5,0.004,2.0,65,1.5097117570919152,hill_alpha,stable,4,refinement,1.481173601464136,1.5219107325527865,block,16384,80,student_t,1.5,dynamic,27.877645299794914
1.5,nan,1.5660758185003087,1.4682202727971791,1.5660758185003087,1.4144782901545896,,0.0,0.5,0.5,1.5,0.006,2.0,98,1.525014042337164,hill_alpha,stable,4,refinement,1.4660705934914755,1.5478310236527493,block,16384,80,student_t,1.5,dynamic,21.701113727514034
1.5,nan,1.5663098327355043,1.4305073428269417,1.584356732652294,1.343501318191176,,0.0,0.5,0.5,1.5,0.008,2.0,131,1.532888150140711,hill_alpha,stable,4,refinement,1.427027101841511,1.567031708732176,block,16384,80,student_t,1.5,dynamic,17.87731584396063
1.5,nan,1.5212695613496336,1.397136437643188,1.5229672681252922,1.397136437643188,,0.0,0.5,0.5,1.5,0.012,2.0,196,1.5049287073386592,hill_alpha,stable,4,refinement,1.4418480164240626,1.5213374696206599,block,16384,80,student_t,1.5,dynamic,13.269467113063158
1.5,nan,1.5079681232389095,1.4397325897711077,1.5079681232389095,1.409299097099199,,0.0,0.5,0.5,1.5,0.018,2.0,294,1.4747659302120804,hill_alpha,stable,4,refinement,1.4385152500642313,1.4942389975151822,block,16384,80,student_t,1.5,dynamic,10.314580792838141
1.5,nan,1.545455492934538,1.5025402373169081,1.546226392447235,1.4777205422447615,,0.0,0.5,0.5,1.5,0.03,2.0,491,1.536022262905448,hill_alpha,stable,4,refinement,1.5015474495140224,1.545486328915046,block,16384,80,student_t,1.5,dynamic,7.387318964251389
1.5,nan,0.6694691610812452,0.6420268315065616,0.6694691610812452,0.6420268315065616,,0.0,0.5,0.5,0.6666666666666666,0.003,2.0,49,0.6664959751558739,hill_xi,stable,4,refinement,0.6528628052781832,0.6689512470171153,block,16384,80,student_t,1.5,dynamic,33.8063678945681
1.5,nan,0.6849765241051365,0.6592919978298858,0.6849765241051365,0.6556647420448843,,0.0,0.5,0.5,0.6666666666666666,0.004,2.0,65,0.6646092821551425,hill_xi,stable,4,refinement,0.6591469075984857,0.6760114616684619,block,16384,80,student_t,1.5,dynamic,27.877645299794914
1.5,nan,0.6823877317292042,0.6477522008739492,0.7074027761126055,0.6392702181041818,,0.0,0.5,0.5,0.6666666666666666,0.006,2.0,98,0.6572498556405382,hill_xi,stable,4,refinement,0.6478414849031059,0.6833883335045402,block,16384,80,student_t,1.5,dynamic,21.701113727514034
1.5,nan,0.7016513788696006,0.6319709086456484,0.744325286708384,0.6319709086456484,,0.0,0.5,0.5,0.6666666666666666,0.008,2.0,131,0.6525750813738321,hill_xi,stable,4,refinement,0.6387877645198238,0.7033583351831519,block,16384,80,student_t,1.5,dynamic,17.87731584396063
1.5,nan,0.7180550067138549,0.656613557030701,0.7180550067138549,0.656613557030701,,0.0,0.5,0.5,0.6666666666666666,0.012,2.0,196,0.6648631876876006,hill_xi,stable,4,refinement,0.6573368492815466,0.695759464045719,block,16384,80,student_t,1.5,dynamic,13.269467113063158
1.5,nan,0.6953233434604408,0.669735461666624,0.7097837890305763,0.6634407222954325,,0.0,0.5,0.5,0.6666666666666666,0.018,2.0,294,0.6784465494640605,hill_xi,stable,4,refinement,0.6694836720917764,0.6959017612832462,block,16384,80,student_t,1.5,dynamic,10.314580792838141
1.5,nan,0.665794963040414,0.6469996232966759,0.6767305801373209,0.6469996232966759,,0.0,0.5,0.5,0.6666666666666666,0.03,2.0,491,0.6511278430384165,hill_xi,stable,4,refinement,0.647190047378268,0.6662323877242903,block,16384,80,student_t,1.5,dynamic,7.387318964251389
1.5,0.999,0.8961177272130845,0.7794861233176882,0.8961177272130845,0.7783439419844931,,0.0,0.5,0.5,nan,0.001,2.0,0,0.7925279887667681,mass_ratio,stable,4,refinement,0.7794404360643604,0.8521065011344773,block,16384,80,student_t,1.5,dynamic,nan
1.5,0.9987164311578874,0.8557590135290919,0.7360725556221461,0.916029751180462,0.7360725556221461,,0.0,0.5,0.5,nan,0.0012835688421125163,2.0,0,0.778348007166016,mass_ratio,stable,4,refinement,0.7481374433815849,0.8581698430351467,block,16384,80,student_t,1.5,dynamic,nan
1.5,0.998352451027558,0.9102345693710858,0.7704675531431762,0.9102345693710858,0.7704675531431762,,0.0,0.5,0.5,nan,0.0016475489724420657,2.0,0,0.8170183412071202,mass_ratio,stable,4,refinement,0.7905791857584022,0.8677235255078495,block,16384,80,student_t,1.5,dynamic,nan
1.5,0.9978852574731188,0.9330883495649168,0.8000638826281156,0.9330883495649168,0.7962219199930309,,0.0,0.5,0.5,nan,0.0021147425268811283,2.0,0,0.8279231339192432,mass_ratio,stable,4,refinement,0.7999102041227122,0.8941373446098942,block,16384,80,student_t,1.5,dynamic,nan
1.5,0.9972855823834051,0.8956514076651514,0.8157573440014521,0.9301586537987225,0.8157573440014521,,0.0,0.5,0.5,nan,0.002714417616594907,2.0,0,0.8453374489069889,mass_ratio,stable,4,refinement,0.8223685722963059,0.8970316975104943,block,16384,80,student_t,1.5,dynamic,nan
1.5,0.9965158581228575,0.895423845498281,0.8032685132012118,0.9452645075378983,0.8032685132012118,,0.0,0.5,0.5,nan,0.0034841418771425405,2.0,0,0.8335976692133407,mass_ratio,stable,4,refinement,0.8120734612492786,0.8974174719798657,block,16384,80,student_t,1.5,dynamic,nan
1.5,0.9955278640450004,0.9288445294153467,0.8185086775085634,0.9288445294153467,0.8185086775085634,,0.0,0.5,0.5,nan,0.00447213595499958,2.0,0,0.8535756779574375,mass_ratio,stable,4,refinement,0.8250727436246965,0.9029835748148768,block,16384,80,student_t,1.5,dynamic,nan
1.5,0.9942597056304714,0.8936946355109615,0.8193588724744056,0.8936946355109615,0.8193588724744056,,0.0,0.5,0.5,nan,0.005740294369528563,2.0,0,0.8625197411039414,mass_ratio,stable,4,refinement,0.8371388010937263,0.8816679745184484,block,16384,80,student_t,1.5,dynamic,nan
1.5,0.9926319370027192,0.907157786140472,0.844616538677586,0.907157786140472,0.8253723689764942,,0.0,0.5,0.5,nan,0.0073680629972807735,2.0,0,0.8742334138660566,mass_ratio,stable,4,refinement,0.8448191088849685,0.8953606490872683,block,16384,80,student_t,1.5,dynamic,nan
1.5,0.9905425839099682,0.874616006759886,0.8329960431592769,0.874616006759886,0.8329960431592769,,0.0,0.5,0.5,nan,0.00945741609003176,2.0,0,0.8407589780994195,mass_ratio,stable,4,refinement,0.8342347346583149,0.8608521502750925,block,16384,80,student_t,1.5,dynamic,nan
1.5,0.9878607553799417,0.8769305107041206,0.8221853258206284,0.8769305107041206,0.8112338901218067,,0.0,0.5,0.5,nan,0.012139244620058345,2.0,0,0.8418898509878154,mass_ratio,stable,4,refinement,0.8217472683926755,0.8643124769851096,block,16384,80,student_t,1.5,dynamic,nan
1.5,0.9844184438389111,0.8727780845482184,0.8301434232083296,0.8835282427485143,0.8301434232083296,,0.0,0.5,0.5,nan,0.015581556161088883,2.0,0,0.8540084190684221,mass_ratio,stable,4,refinement,0.8377492577270137,0.8732080908762302,block,16384,80,student_t,1.5,dynamic,nan
1.5,0.98,0.8602650108006138,0.8409049691224925,0.868981638063284,0.8409049691224925,,0.0,0.5,0.5,nan,0.02,2.0,0,0.8503029376995952,mass_ratio,stable,4,refinement,0.8448181800370945,0.8606136758911206,block,16384,80,student_t,1.5,dynamic,nan
1.5,nan,0.7092970731972692,0.5824976815015961,0.7092970731972692,0.5370036382191238,,0.0,0.5,0.5,0.6666666666666666,0.003,2.0,49,0.6500526412854665,pickands_xi,stable,4,refinement,0.5806779197702973,0.6914489858002749,block,16384,80,student_t,1.5,dynamic,33.983145324487815
1.5,nan,0.8041046127632779,0.49914366624602136,0.8041046127632779,0.49914366624602136,,0.0,0.5,0.5,0.6666666666666666,0.004,2.0,65,0.6256613984086394,pickands_xi,stable,4,refinement,0.5350014260244342,0.7433226215326952,block,16384,80,student_t,1.5,dynamic,28.479690495669686
1.5,nan,0.8350711536366358,0.6231217480432008,0.8350711536366358,0.6231217480432008,,0.0,0.5,0.5,0.6666666666666666,0.006,2.0,98,0.7723489654311467,pickands_xi,stable,4,refinement,0.6687860122914454,0.8309293033959704,block,16384,80,student_t,1.5,dynamic,21.78000346389048
1.5,nan,0.8126062106710039,0.6950065811298906,0.8126062106710039,0.6950065811298906,,0.0,0.5,0.5,0.6666666666666666,0.008,2.0,131,0.7233565319565403,pickands_xi,stable,4,refinement,0.696903090144224,0.7814778322705197,block,16384,80,student_t,1.5,dynamic,18.05323525307646
1.5,nan,0.6900247479378299,0.5218326996343016,0.6990215539069383,0.5218326996343016,,0.0,0.5,0.5,0.6666666666666666,0.012,2.0,196,0.6709686823356791,pickands_xi,stable,4,refinement,0.5885895267071024,0.6903846201765943,block,16384,80,student_t,1.5,dynamic,13.306301916853457
1.5,nan,0.6340516475357003,0.5825623010775469,0.6340516475357003,0.5758086814042349,,0.0,0.5,0.5,0.6666666666666666,0.018,2.0,294,0.6016885877977227,pickands_xi,stable,4,refinement,0.5822921562906145,0.6244562590439656,block,16384,80,student_t,1.5,dynamic,10.338125857391102
1.5,nan,0.6856406782101465,0.6299331871083462,0.6885282346214858,0.616398541244319,,0.0,0.5,0.5,0.6666666666666666,0.03,2.0,491,0.6631104773855904,pickands_xi,stable,4,refinement,0.6293918012737852,0.6857561804666001,block,16384,80,student_t,1.5,dynamic,7.391551573858776
1.5,nan,0.7021179757689477,0.5428518354519927,0.7021179757689477,0.5428518354519927,,0.0,0.5,0.5,0.5756072817429793,0.003,2.0,49,0.588000144847203,tail_constant,stable,4,refinement,0.558462602964242,0.6534018379239619,block,16384,80,student_t,1.5,dynamic,33.8063678945681
1.5,nan,0.67522247082155,0.5612093973875796,0.67522247082155,0.5612093973875796,,0.0,0.5,0.5,0.5756072817429793,0.004,2.0,65,0.5840773554371629,tail_constant,stable,4,refinement,0.5627903293825661,0.6408685033058575,block,16384,80,student_t,1.5,dynamic,27.877645299794914
1.5,nan,0.620057330268811,0.5690107002796875,0.6349893892617783,0.5690107002796875,,0.0,0.5,0.5,0.5756072817429793,0.006,2.0,98,0.6046917589489476,tail_constant,stable,4,refinement,0.5859295225240222,0.6206546126285297,block,16384,80,student_t,1.5,dynamic,21.701113727514034
1.5,nan,0.6168728075006314,0.5653192239440947,0.6168728075006314,0.5653192239440947,,0.0,0.5,0.5,0.5756072817429793,0.008,2.0,131,0.6043958618705568,tail_constant,stable,4,refinement,0.5798070960494908,0.6151527876975014,block,16384,80,student_t,1.5,dynamic,17.87731584396063
1.5,nan,0.6266338315644877,0.5454700893551114,0.6266338315644877,0.5454700893551114,,0.0,0.5,0.5,0.5756072817429793,0.012,2.0,196,0.5783389676001698,tail_constant,stable,4,refinement,0.5564856956358119,0.6082137521385427,block,16384,80,student_t,1.5,dynamic,13.269467113063158
1.5,nan,0.6040955359814032,0.5712674721925396,0.6111629973117269,0.5712674721925396,,0.0,0.5,0.5,0.5756072817429793,0.018,2.0,294,0.5944746304869513,tail_constant,stable,4,refinement,0.5811812549750756,0.6043782344346161,block,16384,80,student_t,1.5,dynamic,10.314580792838141
1.5,nan,0.6154787949586262,0.5868737038685308,0.6266673674885093,0.5868737038685308,,0.0,0.5,0.5,0.5756072817429793,0.03,2.0,491,0.6017322676807325,tail_constant,stable,4,refinement,0.5927779962193425,0.6159263378598215,block,16384,80,student_t,1.5,dynamic,7.387318964251389
1.5,nan,1.5647674269924523,1.4830208789093764,1.5651901051296404,1.4697251342671847,,0.0,0.5,0.5,1.5,0.003,2.0,196,1.52136207806733,hill_alpha,stable,12,primary,1.4346965880175817,1.5712198695301096,block,65536,80,student_t,1.5,dynamic,33.0070234085389
1.5,nan,1.5509456318285242,1.4754977231128446,1.551658282531011,1.469991371098742,,0.0,0.5,0.5,1.5,0.004,2.0,262,1.5267348672319185,hill_alpha,stable,12,primary,1.4367203103019468,1.5604901346991125,block,65536,80,student_t,1.5,dynamic,27.409192121760086
1.5,nan,1.5499620011258215,1.4747954341154217,1.5508737856920274,1.4669931870025148,,0.0,0.5,0.5,1.5,0.006,2.0,393,1.5307800247997172,hill_alpha,stable,12,primary,1.4542259689162946,1.5545592877748111,block,65536,80,student_t,1.5,dynamic,20.93109941918934
1.5,nan,1.534664624204027,1.4909553149427242,1.5368530307078059,1.4774427587811179,,0.0,0.5,0.5,1.5,0.008,2.0,524,1.521376838463627,hill_alpha,stable,12,primary,1.461798578321342,1.5424832613594393,block,65536,80,student_t,1.5,dynamic,17.313739881251152
1.5,nan,1.5312255146500557,1.5105374262011677,1.5325735692857951,1.5097378434167612,,0.0,0.5,0.5,1.5,0.012,2.0,786,1.5202984682028673,hill_alpha,stable,12,primary,1.5030167249456048,1.538406497806624,block,65536,80,student_t,1.5,dynamic,13.23870506780263
1.5,nan,1.5445132931956769,1.521277367588167,1.5446485870291111,1.5168844440936837,,0.0,0.5,0.5,1.5,0.018,2.0,1179,1.5312593680497042,hill_alpha,stable,12,primary,1.5086723103642847,1.5450264689547635,block,65536,80,student_t,1.5,dynamic,10.195749345150656
1.5,nan,1.5378780525085205,1.5213306444261152,1.5381107699395158,1.5164920218608224,,0.0,0.5,0.5,1.5,0.03,2.0,1966,1.5330571067698402,hill_alpha,stable,12,primary,1.5087364900724858,1.5385378133668641,block,65536,80,student_t,1.5,dynamic,7.326828295285022
1.5,nan,0.6744244376731835,0.6419545245676698,0.6807882290094691,0.6403530953743004,,0.0,0.5,0.5,0.6666666666666666,0.003,2.0,196,0.657856529754983,hill_xi,stable,12,primary,0.6364959521833934,0.697954712247249,block,65536,80,student_t,1.5,dynamic,33.0070234085389
1.5,nan,0.6785605518279147,0.6448954670846598,0.6806250784296728,0.6445784563518804,,0.0,0.5,0.5,0.6666666666666666,0.004,2.0,262,0.6565710784269846,hill_xi,stable,12,primary,0.6415413126393729,0.6961283059326606,block,65536,80,student_t,1.5,dynamic,27.409192121760086
1.5,nan,0.6780686516025514,0.6453699592458688,0.6819951751113198,0.6449088125275971,,0.0,0.5,0.5,0.6666666666666666,0.006,2.0,393,0.6538385850044519,hill_xi,stable,12,primary,0.6434570985714857,0.6882180087139291,block,65536,80,student_t,1.5,dynamic,20.93109941918934
1.5,nan,0.6711116545283075,0.6518203323620263,0.677109786473493,0.6507883031466501,,0.0,0.5,0.5,0.6666666666666666,0.008,2.0,524,0.6573166997746174,hill_xi,stable,12,primary,0.6484426881322062,0.6843676445077068,block,65536,80,student_t,1.5,dynamic,17.313739881251152
1.5,nan,0.6620738628895138,0.6532247369929858,0.6624011906197713,0.6526208314349068,,0.0,0.5,0.5,0.6666666666666666,0.012,2.0,786,0.6577999954683865,hill_xi,stable,12,primary,0.6501466327701574,0.6653704364095409,block,65536,80,student_t,1.5,dynamic,13.23870506780263
1.5,nan,0.6581751469226769,0.6474606487937999,0.6592792583340762,0.6474052918523157,,0.0,0.5,0.5,0.6666666666666666,0.018,2.0,1179,0.6531118035666368,hill_xi,stable,12,primary,0.6472841634155201,0.6629504399166595,block,65536,80,student_t,1.5,dynamic,10.195749345150656
1.5,nan,0.657323169192651,0.6502595283410694,0.6594254561648294,0.6501606135787823,,0.0,0.5,0.5,0.6666666666666666,0.03,2.0,1966,0.6523030988646659,hill_xi,stable,12,primary,0.6499782877109542,0.6628147621759277,block,65536,80,student_t,1.5,dynamic,7.326828295285022
1.5,0.999,0.8514305300068823,0.8023843718369309,0.86528436402155,0.7961510575372723,,0.0,0.5,0.5,nan,0.001,2.0,0,0.8377570955275642,mass_ratio,stable,12,primary,0.7896634067237704,0.8834254239613996,block,65536,80,student_t,1.5,dynamic,nan
1.5,0.9987164311578874,0.8342249075077675,0.8186600718754306,0.8366507019510754,0.8173160844191876,,0.0,0.5,0.5,nan,0.0012835688421125163,2.0,0,0.8225953113499693,mass_ratio,stable,12,primary,0.8100590541481929,0.8405157678137262,block,65536,80,student_t,1.5,dynamic,nan
1.5,0.998352451027558,0.8394800800731225,0.8121457274211322,0.8458317173753065,0.8098111684943867,,0.0,0.5,0.5,nan,0.0016475489724420657,2.0,0,0.8312720254449466,mass_ratio,stable,12,primary,0.7975011007305813,0.8530732594595193,block,65536,80,student_t,1.5,dynamic,nan
1.5,0.9978852574731188,0.8428645920643782,0.8099747212545065,0.8470516886715114,0.8089254429140196,,0.0,0.5,0.5,nan,0.0021147425268811283,2.0,0,0.8301487946195845,mass_ratio,stable,12,primary,0.8063585533317386,0.854463321273581,block,65536,80,student_t,1.5,dynamic,nan
1.5,0.9972855823834051,0.8356111706381253,0.8131821608675918,0.8379837883672305,0.8108285871992884,,0.0,0.5,0.5,nan,0.002714417616594907,2.0,0,0.8210856714981969,mass_ratio,stable,12,primary,0.8063482436225968,0.8425791140618158,block,65536,80,student_t,1.5,dynamic,nan
1.5,0.9965158581228575,0.8450343180607154,0.8278828302387445,0.8465702458941962,0.8260627991352785,,0.0,0.5,0.5,nan,0.0034841418771425405,2.0,0,0.8314940887211413,mass_ratio,stable,12,primary,0.8200793104930627,0.8482111998659927,block,65536,80,student_t,1.5,dynamic,nan
1.5,0.9955278640450004,0.8390969433505127,0.8248537116494059,0.8404232081540373,0.8229763494306309,,0.0,0.5,0.5,nan,0.00447213595499958,2.0,0,0.8303190156565253,mass_ratio,stable,12,primary,0.8200334007903924,0.8448667375934601,block,65536,80,student_t,1.5,dynamic,nan
1.5,0.9942597056304714,0.8443429680117744,0.8281239872353504,0.8444174615071103,0.82767485275223,,0.0,0.5,0.5,nan,0.005740294369528563,2.0,0,0.8327693555206008,mass_ratio,stable,12,primary,0.8261311232714498,0.846288713380278,block,65536,80,student_t,1.5,dynamic,nan
1.5,0.9926319370027192,0.8405950045427485,0.8316258739582157,0.841723558224672,0.8307925753002383,,0.0,0.5,0.5,nan,0.0073680629972807735,2.0,0,0.837470890618481,mass_ratio,stable,12,primary,0.8263191620178703,0.843705947022693,block,65536,80,student_t,1.5,dynamic,nan
1.5,0.9905425839099682,0.8446253117288733,0.8349538114404574,0.8459150233719891,0.834185763798728,,0.0,0.5,0.5,nan,0.00945741609003176,2.0,0,0.8416283783600635,mass_ratio,stable,12,primary,0.8330823668601328,0.8473898083019169,block,65536,80,student_t,1.5,dynamic,nan
1.5,0.9878607553799417,0.8464666537279242,0.834030997846865,0.8466880595459758,0.8326580711309054,,0.0,0.5,0.5,nan,0.012139244620058345,2.0,0,0.8394580309152562,mass_ratio,stable,12,primary,0.8310260954644886,0.8473943338305083,block,65536,80,student_t,1.5,dynamic,nan
1.5,0.9844184438389111,0.8503035059778286,0.842212177619031,0.8512827934084873,0.8412278138843956,,0.0,0.5,0.5,nan,0.015581556161088883,2.0,0,0.8457340011207949,mass_ratio,stable,12,primary,0.839612576781846,0.8522976815934322,block,65536,80,student_t,1.5,dynamic,nan
1.5,0.98,0.854379586035942,0.8481955178811234,0.8549380230719763,0.847779328179681,,0.0,0.5,0.5,nan,0.02,2.0,0,0.851974049274799,mass_ratio,stable,12,primary,0.8462325202831538,0.8555939050450069,block,65536,80,student_t,1.5,dynamic,nan
1.5,nan,0.7111784379392194,0.6263076068431421,0.7145467236001564,0.6223927552393353,,0.0,0.5,0.5,0.6666666666666666,0.003,2.0,196,0.6532725875550183,pickands_xi,stable,12,primary,0.6134214443439782,0.7274109005049328,block,65536,80,student_t,1.5,dynamic,33.06002736893167
1.5,nan,0.7251078535985522,0.6806747973113514,0.7261763862253201,0.6734517483738588,,0.0,0.5,0.5,0.6666666666666666,0.004,2.0,262,0.7029587731618281,pickands_xi,stable,12,primary,0.6521265438580837,0.7304840412136426,block,65536,80,student_t,1.5,dynamic,27.52688679134944
1.5,nan,0.7131965889326379,0.6500904156798,0.7187663956393726,0.6468527701225304,,0.0,0.5,0.5,0.6666666666666666,0.006,2.0,393,0.6629666163730635,pickands_xi,stable,12,primary,0.6358509837398516,0.7256654584762985,block,65536,80,student_t,1.5,dynamic,20.976140357107493
1.5,nan,0.6624697234987054,0.6318319520691447,0.6684162511936712,0.6311596210137655,,0.0,0.5,0.5,0.6666666666666666,0.008,2.0,524,0.637568758824651,pickands_xi,stable,12,primary,0.6288965576761499,0.6754185225747359,block,65536,80,student_t,1.5,dynamic,17.33195838222359
1.5,nan,0.6723951480430108,0.6395777622221519,0.6758831711802543,0.6334267428603925,,0.0,0.5,0.5,0.6666666666666666,0.012,2.0,786,0.6640435167767255,pickands_xi,stable,12,primary,0.6137406316319028,0.6812741181454701,block,65536,80,student_t,1.5,dynamic,13.255508824478486
1.5,nan,0.700034849092238,0.6603169218714371,0.7050679343160817,0.6588064023452846,,0.0,0.5,0.5,0.6666666666666666,0.018,2.0,1179,0.677732329643201,pickands_xi,stable,12,primary,0.6526271058369973,0.710572813071376,block,65536,80,student_t,1.5,dynamic,10.19960503538824
1.5,nan,0.6541103840303165,0.6194418179462854,0.6587170997165723,0.6187303394547774,,0.0,0.5,0.5,0.6666666666666666,0.03,2.0,1966,0.6400545845118011,pickands_xi,stable,12,primary,0.6154091885785193,0.663337563176735,block,65536,80,student_t,1.5,dynamic,7.33062898117347
1.5,nan,0.57676581404124,0.5581532456303815,0.5808379274659401,0.5562076772804501,,0.0,0.5,0.5,0.5756072817429793,0.003,2.0,196,0.567196440754802,tail_constant,stable,12,primary,0.549466215836435,0.5870106583819276,block,65536,80,student_t,1.5,dynamic,33.0070234085389
1.5,nan,0.5824171130587026,0.5641337730715541,0.5829563454408024,0.5606932145754104,,0.0,0.5,0.5,0.5756072817429793,0.004,2.0,262,0.573762209051135,tail_constant,stable,12,primary,0.5549749722575694,0.5842049980188208,block,65536,80,student_t,1.5,dynamic,27.409192121760086
1.5,nan,0.5820684358098364,0.5672720311730057,0.5855614199810052,0.5651351761433002,,0.0,0.5,0.5,0.5756072817429793,0.006,2.0,393,0.5742533926393697,tail_constant,stable,12,primary,0.5621298676363878,0.5903337270511431,block,65536,80,student_t,1.5,dynamic,20.93109941918934
1.5,nan,0.5854388751142034,0.5720717328837109,0.5861079677915705,0.5717103512736905,,0.0,0.5,0.5,0.5756072817429793,0.008,2.0,524,0.5760672873869319,tail_constant,stable,12,primary,0.5702020761073168,0.5868785345411888,block,65536,80,student_t,1.5,dynamic,17.313739881251152
1.5,nan,0.5849485114776921,0.5729134806429694,0.5858422709997655,0.5719325260474557,,0.0,0.5,0.5,0.5756072817429793,0.012,2.0,786,0.5777194191129518,tail_constant,stable,12,primary,0.5705307646349019,0.5867854283625006,block,65536,80,student_t,1.5,dynamic,13.23870506780263
1.5,nan,0.5883940678561139,0.5818349456343238,0.5887491845923749,0.5814124525513789,,0.0,0.5,0.5,0.5756072817429793,0.018,2.0,1179,0.5856846828171314,tail_constant,stable,12,primary,0.5808794850723065,0.5902114912143686,block,65536,80,student_t,1.5,dynamic,10.195749345150656
1.5,nan,0.5982837250095381,0.58791789948964,0.5986332041692503,0.5876025844883537,,0.0,0.5,0.5,0.5756072817429793,0.03,2.0,1966,0.594948299184562,tail_constant,stable,12,primary,0.5870879753941088,0.6005534254205991,block,65536,80,student_t,1.5,dynamic,7.326828295285022
1.5,nan,0.01062946385525163,0.008107417097143596,0.011789186357849717,0.007665558382495551,,0.0,0.5,0.5,0.0,nan,2.0,0,0.009009508582222592,control_ecf_rmse,stable,4,refinement,0.008089742748557673,0.010675852755355554,full,16384,80,student_t,1.5,dynamic,0.5
1.5,nan,0.010548541449350184,0.00744837864980108,0.011250970312863992,0.00744837864980108,,0.0,0.5,0.5,0.0,nan,2.0,0,0.008908923179239851,control_ecf_rmse,stable,4,refinement,0.007699589108765361,0.010576638603890735,full,16384,80,student_t,1.5,dynamic,0.875
1.5,nan,0.00945899997819154,0.007731979740927052,0.00945899997819154,0.007731979740927052,,0.0,0.5,0.5,0.0,nan,2.0,0,0.008593175940274703,control_ecf_rmse,stable,4,refinement,0.0080166638481789,0.009172094508426484,full,16384,80,student_t,1.5,dynamic,1.25
1.5,nan,0.009805594715355746,0.005026212729975414,0.009805594715355746,0.005026212729975414,,0.0,0.5,0.5,0.0,nan,2.0,0,0.007524820937438814,control_ecf_rmse,stable,4,refinement,0.005648184773010414,0.009288183198503051,full,16384,80,student_t,1.5,dynamic,1.625
1.5,nan,0.010923417462265744,0.006334252101085789,0.011285011785232071,0.006334252101085789,,0.0,0.5,0.5,0.0,nan,2.0,0,0.009064748161583992,control_ecf_rmse,stable,4,refinement,0.006926294220821521,0.010937881235184398,full,16384,80,student_t,1.5,dynamic,2.0
1.5,nan,0.44345654933973344,0.15237387304555366,0.44345654933973344,0.14201554705171973,,0.0,0.5,0.5,0.0,nan,2.0,0,0.20064444148325045,control_w1,stable,4,refinement,0.15195954000580028,0.3451046139416758,full,16384,80,student_t,1.5,dynamic,0.5
1.5,nan,0.24056686837908725,0.12701444688338473,0.24056686837908725,0.12701444688338473,,0.0,0.5,0.5,0.0,nan,2.0,0,0.1574431832459306,control_w1,stable,4,refinement,0.13407186769857768,0.2082158721540011,full,16384,80,student_t,1.5,dynamic,0.875
1.5,nan,0.1866303128697533,0.11647957368284938,0.20377266395615373,0.11647957368284938,,0.0,0.5,0.5,0.0,nan,2.0,0,0.14965191746355497,control_w1,stable,4,refinement,0.12288099742408508,0.18731600691320932,full,16384,80,student_t,1.5,dynamic,1.25
1.5,nan,0.3140145250836821,0.14318456585122707,0.43274263258683593,0.14318456585122707,,0.0,0.5,0.5,0.0,nan,2.0,0,0.18532863808341682,control_w1,stable,4,refinement,0.1586339863640647,0.31876364938380825,full,16384,80,student_t,1.5,dynamic,1.625
1.5,nan,0.18182656616365603,0.11628402982847422,0.18182656616365603,0.11427044225925881,,0.0,0.5,0.5,0.0,nan,2.0,0,0.13096596226959337,control_w1,stable,4,refinement,0.1162034863257056,0.16349428183301976,full,16384,80,student_t,1.5,dynamic,2.0
1.5,nan,0.018123085955570172,0.011108174714429148,0.018123085955570172,0.01016699011039897,,1.0,0.5,0.5,0.0,nan,2.0,0,0.012759645679587421,pt_ecf_sup_exact_a,stable,4,refinement,0.011070527330267942,0.01588957207643994,full,16384,80,student_t,1.5,dynamic,0.5
1.5,nan,0.017223614711811785,0.012868569089880069,0.01916093795443207,0.012107673768897577,,1.0,0.5,0.5,0.0,nan,2.0,0,0.01445787794002703,pt_ecf_sup_exact_a,stable,4,refinement,0.012838133277040769,0.017301107641516596,full,16384,80,student_t,1.5,dynamic,0.875
1.5,nan,0.018318366641539175,0.011199376334879857,0.018318366641539175,0.011199376334879857,,1.0,0.5,0.5,0.0,nan,2.0,0,0.015389428585246162,pt_ecf_sup_exact_a,stable,4,refinement,0.012419817343767585,0.017703260445806626,full,16384,80,student_t,1.5,dynamic,1.25
1.5,nan,0.014075748796543937,0.01133804965289759,0.014075748796543937,0.009993998900814538,,1.0,0.5,0.5,0.0,nan,2.0,0,0.01327872406841618,pt_ecf_sup_exact_a,stable,4,refinement,0.011284287622814268,0.013979556285491673,full,16384,80,student_t,1.5,dynamic,1.625
1.5,nan,0.012254918294578063,0.010253051675470321,0.012254918294578063,0.00972662857805613,,1.0,0.5,0.5,0.0,nan,2.0,0,0.010800187752923497,pt_ecf_sup_exact_a,stable,4,refinement,0.010231994751573752,0.011566589865002584,full,16384,80,student_t,1.5,dynamic,2.0
1.5,nan,0.014624197871718824,0.011267237007825406,0.015531641918071527,0.011267237007825406,,1.0,0.5,0.5,0.0,nan,2.0,0,0.01286861359628119,pt_ecf_sup_exact_b,stable,4,refinement,0.011628790460323416,0.014660495633572933,full,16384,80,student_t,1.5,dynamic,0.5
1.5,nan,0.01543712474786138,0.012460382189591326,0.01543712474786138,0.012460382189591326,,1.0,0.5,0.5,0.0,nan,2.0,0,0.01456699751147527,pt_ecf_sup_exact_b,stable,4,refinement,0.01305470017023248,0.015436321048259186,full,16384,80,student_t,1.5,dynamic,0.875
1.5,nan,0.014403959653517217,0.010086307760590673,0.014403959653517217,0.008772059213936681,,1.0,0.5,0.5,0.0,nan,2.0,0,0.012749950926851026,pt_ecf_sup_exact_b,stable,4,refinement,0.010033737818724513,0.014257744882128498,full,16384,80,student_t,1.5,dynamic,1.25
1.5,nan,0.015822652149969543,0.01334602172503553,0.016562742117284337,0.012602270835549583,,1.0,0.5,0.5,0.0,nan,2.0,0,0.014586167398588114,pt_ecf_sup_exact_b,stable,4,refinement,0.013316271689456092,0.015852255748662135,full,16384,80,student_t,1.5,dynamic,1.625
1.5,nan,0.017890432237058766,0.013190265089611321,0.017890432237058766,0.012645739092462291,,1.0,0.5,0.5,0.0,nan,2.0,0,0.013936506343896739,pt_ecf_sup_exact_b,stable,4,refinement,0.01316848404972536,0.01608937113176646,full,16384,80,student_t,1.5,dynamic,2.0
1.5,nan,0.017898625818475285,0.01037587760860872,0.017898625818475285,0.01037587760860872,,1.0,0.5,0.5,0.0,nan,2.0,0,0.01367480156466502,pt_ecf_sup_exact_c,stable,4,refinement,0.011114273219544574,0.016716278064617528,full,16384,80,student_t,1.5,dynamic,0.5
1.5,nan,0.015187503831093744,0.00798867236102469,0.016112228892481328,0.00798867236102469,,1.0,0.5,0.5,0.0,nan,2.0,0,0.012937659876532333,pt_ecf_sup_exact_c,stable,4,refinement,0.009728129299744922,0.015224492833549248,full,16384,80,student_t,1.5,dynamic,0.875
1.5,nan,0.015314541324162306,0.010964373341054837,0.015314541324162306,0.009823676488762091,,1.0,0.5,0.5,0.0,nan,2.0,0,0.01283971060058105,pt_ecf_sup_exact_c,stable,4,refinement,0.010918745466963127,0.014479249972315368,full,16384,80,student_t,1.5,dynamic,1.25
1.5,nan,0.016323034430364126,0.012324278585920775,0.016631342775467947,0.012324278585920775,,1.0,0.5,0.5,0.0,nan,2.0,0,0.015885311363886982,pt_ecf_sup_exact_c,stable,4,refinement,0.013971455253085359,0.01633536676416828,full,16384,80,student_t,1.5,dynamic,1.625
1.5,nan,0.014553225637899925,0.011174738124020547,0.014553225637899925,0.010762582731070072,,1.0,0.5,0.5,0.0,nan,2.0,0,0.012709996506512443,pt_ecf_sup_exact_c,stable,4,refinement,0.011158251908302528,0.014207565089813814,full,16384,80,student_t,1.5,dynamic,2.0
1.5,nan,0.017927968454931612,0.009910900261898902,0.017927968454931612,0.009910900261898902,,1.0,0.5,0.5,0.0,nan,2.0,0,0.014186311975761014,pt_ecf_sup_numerical,stable,4,refinement,0.01135403108668595,0.01674104014279649,full,16384,80,student_t,1.5,dynamic,0.5
1.5,nan,0.014343978856665237,0.010726257378340858,0.014343978856665237,0.010726257378340858,,1.0,0.5,0.5,0.0,nan,2.0,0,0.012990178416144835,pt_ecf_sup_numerical,stable,4,refinement,0.011381046976754459,0.014126047144947751,full,16384,80,student_t,1.5,dynamic,0.875
1.5,nan,0.017744027369636067,0.009311566892582614,0.017744027369636067,0.009311566892582614,,1.0,0.5,0.5,0.0,nan,2.0,0,0.010706631232894438,pt_ecf_sup_numerical,stable,4,refinement,0.00974648558509084,0.014600789414841534,full,16384,80,student_t,1.5,dynamic,1.25
1.5,nan,0.014057698069658772,0.009113767984478638,0.014057698069658772,0.009113767984478638,,1.0,0.5,0.5,0.0,nan,2.0,0,0.009843284454589303,pt_ecf_sup_numerical,stable,4,refinement,0.00935737117231158,0.012141344252245605,full,16384,80,student_t,1.5,dynamic,1.625
1.5,nan,0.01619358448559049,0.010602272896109183,0.01619358448559049,0.010257199219650383,,1.0,0.5,0.5,0.0,nan,2.0,0,0.011784459519107816,pt_ecf_sup_numerical,stable,4,refinement,0.01058846994905083,0.014479018716017927,full,16384,80,student_t,1.5,dynamic,2.0
1.5,nan,3.039478079619447e-05,3.017998421599095e-05,3.039478079619447e-05,3.017998421599095e-05,,1.0,0.5,0.5,0.0,nan,2.0,0,3.0202070841600462e-05,score_table_ecf_rmse,stable,4,refinement,3.0184692222347992e-05,3.0308173591924874e-05,full,16384,80,student_t,1.5,dynamic,nan
1.5,nan,1.7013325510628619e-06,6.91017444376385e-07,2.282112741669451e-06,6.91017444376385e-07,,1.0,0.5,0.5,0.0,nan,2.0,0,9.166393933890404e-07,score_table_hill_alpha_absdiff,stable,4,refinement,7.01437755710188e-07,1.7245637586871254e-06,full,16384,80,student_t,1.5,dynamic,nan
1.5,nan,1.252161741952914e-06,9.549620287624797e-07,1.252161741952914e-06,9.203909307087309e-07,,1.0,0.5,0.5,0.0,nan,2.0,0,1.070810308200098e-06,score_table_tail_constant_reldiff,stable,4,refinement,9.535791848403296e-07,1.20412610081582e-06,full,16384,80,student_t,1.5,dynamic,nan
1.5,nan,7.749839985632623e-05,7.745591787981494e-05,7.751886693109405e-05,7.744108629351539e-05,,0.0,0.5,0.5,0.0,nan,2.0,0,7.747434112383645e-05,score_table_trajectory_mean_abs,stable,4,refinement,7.745532461636296e-05,7.749921853931694e-05,full,16384,80,student_t,1.5,dynamic,0.5
1.5,nan,6.101187527571081e-05,6.094465564673772e-05,6.101187527571081e-05,6.092611390551473e-05,,0.0,0.5,0.5,0.0,nan,2.0,0,6.097755399821266e-05,score_table_trajectory_mean_abs,stable,4,refinement,6.09439139770888e-05,6.100229223543263e-05,full,16384,80,student_t,1.5,dynamic,0.875
1.5,nan,4.324572129287045e-05,4.314286908503693e-05,4.324572129287045e-05,4.314286908503693e-05,,0.0,0.5,0.5,0.0,nan,2.0,0,4.3226334133146155e-05,score_table_trajectory_mean_abs,stable,4,refinement,4.3174058086849116e-05,4.324528967748304e-05,full,16384,80,student_t,1.5,dynamic,1.25
1.5,nan,2.318154935714737e-05,2.3112926978658223e-05,2.3199315275232285e-05,2.3112926978658223e-05,,0.0,0.5,0.5,0.0,nan,2.0,0,2.314645619526151e-05,score_table_trajectory_mean_abs,stable,4,refinement,2.3120703925603346e-05,2.3182259993870765e-05,full,16384,80,student_t,1.5,dynamic,1.625
1.5,nan,0.0,0.0,0.0,0.0,,0.0,0.5,0.5,0.0,nan,2.0,0,0.0,score_table_trajectory_mean_abs,stable,4,refinement,0.0,0.0,full,16384,80,student_t,1.5,dynamic,2.0
1.5,nan,7.341469047699174e-05,7.326415104003724e-05,7.346725157311308e-05,7.319143110864318e-05,,1.0,0.5,0.5,0.0,nan,2.0,0,7.334950017615086e-05,score_table_w1,stable,4,refinement,7.326124224278149e-05,7.34167929208366e-05,full,16384,80,student_t,1.5,dynamic,nan
1.5,nan,0.6908418816108215,0.6314317931270033,0.6987430768856457,0.6245185091866687,,0.0,0.5,0.5,0.6666666666666666,0.006,2.0,1572,0.6597836832674895,gpd_xi,stable,12,primary,0.6115760837992957,0.7136593992317802,full,262144,80,student_t,1.5,dynamic,21.0037306406062
1.5,nan,0.6891915413288182,0.6374778787837962,0.690031276704306,0.6357953234459819,,0.0,0.5,0.5,0.6666666666666666,0.012,2.0,3145,0.6504710880013094,gpd_xi,stable,12,primary,0.6254916404737987,0.6920840517781517,full,262144,80,student_t,1.5,dynamic,13.282766645450003
1.5,nan,1.5445580409859194,1.4876000827778402,1.5600994749451609,1.484669405026576,,0.0,0.5,0.5,1.5,0.003,2.0,786,1.503563395899512,hill_alpha,stable,12,primary,1.4593664864669378,1.577833119650698,full,262144,80,student_t,1.5,dynamic,33.148897856688365
1.5,nan,1.5470873625256583,1.4810529371019894,1.5571072154772816,1.4684950195247652,,0.0,0.5,0.5,1.5,0.004,2.0,1048,1.52343457456425,hill_alpha,stable,12,primary,1.4381043888981981,1.5679635578486766,full,262144,80,student_t,1.5,dynamic,27.412597398663856
1.5,nan,1.5443923088288787,1.4823468531324562,1.5464465797119629,1.467786335136132,,0.0,0.5,0.5,1.5,0.006,2.0,1572,1.5311505591237533,hill_alpha,stable,12,primary,1.4496554312159888,1.5506931887023827,full,262144,80,student_t,1.5,dynamic,21.0037306406062
1.5,nan,1.5382970822986057,1.488809874388583,1.5405251494111583,1.48752671701646,,0.0,0.5,0.5,1.5,0.008,2.0,2097,1.5126283956478193,hill_alpha,stable,12,primary,1.4709371237958302,1.5429127434414418,full,262144,80,student_t,1.5,dynamic,17.246766023674144
1.5,nan,1.5254551293912115,1.4957678966553667,1.529919154326365,1.4902935738418168,,0.0,0.5,0.5,1.5,0.012,2.0,3145,1.5150358019477275,hill_alpha,stable,12,primary,1.48288820113976,1.538189176338613,full,262144,80,student_t,1.5,dynamic,13.282766645450003
1.5,nan,1.5349324680598788,1.5148974818634862,1.5351434438071614,1.5123415533625328,,0.0,0.5,0.5,1.5,0.018,2.0,4718,1.5228377236174486,hill_alpha,stable,12,primary,1.5070729052978415,1.5364253453470538,full,262144,80,student_t,1.5,dynamic,10.187426235947857
1.5,nan,1.5307660110776666,1.5189475795649743,1.5310049761975277,1.5171141161559354,,0.0,0.5,0.5,1.5,0.03,2.0,7864,1.5269162038756727,hill_alpha,stable,12,primary,1.5114938425733493,1.534995764158641,full,262144,80,student_t,1.5,dynamic,7.313132259819585
1.5,nan,0.6722857252179524,0.6474343944768057,0.6735900606736889,0.6410483842965424,,0.0,0.5,0.5,0.6666666666666666,0.003,2.0,786,0.6650875111235841,hill_xi,stable,12,primary,0.6337844491293559,0.6854311375969578,full,262144,80,student_t,1.5,dynamic,33.148897856688365
1.5,nan,0.675732426657955,0.6463759088352162,0.6812385952308653,0.6422431287381347,,0.0,0.5,0.5,0.6666666666666666,0.004,2.0,1048,0.6564116276896592,hill_xi,stable,12,primary,0.6377704986937667,0.6953613312038742,full,262144,80,student_t,1.5,dynamic,27.412597398663856
1.5,nan,0.6746059452191142,0.6475038720947177,0.6813651232421987,0.6466448810579241,,0.0,0.5,0.5,0.6666666666666666,0.006,2.0,1572,0.6531334071257706,hill_xi,stable,12,primary,0.6448769604727174,0.6898324186706324,full,262144,80,student_t,1.5,dynamic,21.0037306406062
1.5,nan,0.6717294478507929,0.650069490157094,0.6722992637369085,0.6491306501427745,,0.0,0.5,0.5,0.6666666666666666,0.008,2.0,2097,0.6611340972058051,hill_xi,stable,12,primary,0.6481248133411535,0.6798615329200035,full,262144,80,student_t,1.5,dynamic,17.246766023674144
1.5,nan,0.6685529233753875,0.6543079591675891,0.671017785356376,0.653645731378203,,0.0,0.5,0.5,0.6666666666666666,0.012,2.0,3145,0.6600512525644648,hill_xi,stable,12,primary,0.6501154078992207,0.6743633029332263,full,262144,80,student_t,1.5,dynamic,13.282766645450003
1.5,nan,0.6601106754563305,0.6514944603810343,0.6612281822476256,0.6514049373830355,,0.0,0.5,0.5,0.6666666666666666,0.018,2.0,4718,0.6566688260493205,hill_xi,stable,12,primary,0.6508624315611745,0.6635447407173474,full,262144,80,student_t,1.5,dynamic,10.187426235947857
1.5,nan,0.6577243182641305,0.6532677056867726,0.6591523816783291,0.653165757074028,,0.0,0.5,0.5,0.6666666666666666,0.03,2.0,7864,0.6549154086948037,hill_xi,stable,12,primary,0.6514798554724166,0.6615980073990736,full,262144,80,student_t,1.5,dynamic,7.313132259819585
1.5,0.999,0.8573060781842329,0.8016359133675816,0.8623963238980591,0.7993440839304353,,0.0,0.5,0.5,nan,0.001,2.0,0,0.8335082072565192,mass_ratio,stable,12,primary,0.7959039755782855,0.8750663992961727,full,262144,80,student_t,1.5,dynamic,nan
1.5,0.9987164311578874,0.8424360416889662,0.8126657491867797,0.8449300695900028,0.8100441410282481,,0.0,0.5,0.5,nan,0.0012835688421125163,2.0,0,0.8284069572382566,mass_ratio,stable,12,primary,0.8010997270097624,0.8553531179506859,full,262144,80,student_t,1.5,dynamic,nan
1.5,0.998352451027558,0.846722805707181,0.8242007802832241,0.8478412804801883,0.8175547795632616,,0.0,0.5,0.5,nan,0.0016475489724420657,2.0,0,0.8364830175854716,mass_ratio,stable,12,primary,0.8082902584802208,0.8525539286631628,full,262144,80,student_t,1.5,dynamic,nan
1.5,0.9978852574731188,0.8489164552823102,0.8164118624598232,0.8489331201639221,0.8119321059246918,,0.0,0.5,0.5,nan,0.0021147425268811283,2.0,0,0.8342916496769346,mass_ratio,stable,12,primary,0.8053235873913308,0.8523067104441224,full,262144,80,student_t,1.5,dynamic,nan
1.5,0.9972855823834051,0.8408254520225505,0.8200494109772185,0.8419675442093889,0.8180651992748336,,0.0,0.5,0.5,nan,0.002714417616594907,2.0,0,0.8324779755737624,mass_ratio,stable,12,primary,0.8124569556527558,0.8435724675730631,full,262144,80,student_t,1.5,dynamic,nan
1.5,0.9965158581228575,0.8410606520750049,0.8260288904295098,0.8422377633718096,0.8258467824819821,,0.0,0.5,0.5,nan,0.0034841418771425405,2.0,0,0.8350805107542212,mass_ratio,stable,12,primary,0.8213664589760311,0.8451375161731313,full,262144,80,student_t,1.5,dynamic,nan
1.5,0.9955278640450004,0.8428272348364683,0.8274148359797454,0.8445457122920911,0.8266499097333647,,0.0,0.5,0.5,nan,0.00447213595499958,2.0,0,0.8345406004535814,mass_ratio,stable,12,primary,0.8216341722066476,0.8465705967949151,full,262144,80,student_t,1.5,dynamic,nan
1.5,0.9942597056304714,0.841422527731819,0.8321808587677207,0.8416216335507238,0.830539791895218,,0.0,0.5,0.5,nan,0.005740294369528563,2.0,0,0.8361019489660388,mass_ratio,stable,12,primary,0.8265593642679504,0.8434878138788185,full,262144,80,student_t,1.5,dynamic,nan
1.5,0.9926319370027192,0.8435448092332357,0.8298766984782461,0.8444226734272393,0.8292806824130736,,0.0,0.5,0.5,nan,0.0073680629972807735,2.0,0,0.8345300165047912,mass_ratio,stable,12,primary,0.8286395772463403,0.8458413455574941,full,262144,80,student_t,1.5,dynamic,nan
1.5,0.9905425839099682,0.8415823348896927,0.8338886291305726,0.842799867493522,0.8338172160896127,,0.0,0.5,0.5,nan,0.00945741609003176,2.0,0,0.8376601705186985,mass_ratio,stable,12,primary,0.8335558992314117,0.844651916884941,full,262144,80,student_t,1.5,dynamic,nan
1.5,0.9878607553799417,0.8430478316457589,0.838977092125806,0.8435072267591275,0.838141557691328,,0.0,0.5,0.5,nan,0.012139244620058345,2.0,0,0.8414714102385059,mass_ratio,stable,12,primary,0.8348084753111801,0.8451050537829683,full,262144,80,student_t,1.5,dynamic,nan
1.5,0.9844184438389111,0.8495252391619907,0.8430873095370294,0.8499130714684848,0.8428894805578891,,0.0,0.5,0.5,nan,0.015581556161088883,2.0,0,0.8462768589126108,mass_ratio,stable,12,primary,0.8414357163678636,0.8503228554351047,full,262144,80,student_t,1.5,dynamic,nan
1.5,0.98,0.8531635639649766,0.8488672457246454,0.8533716297049101,0.848240265144974,,0.0,0.5,0.5,nan,0.02,2.0,0,0.8524598238805534,mass_ratio,stable,12,primary,0.8464170320652658,0.8540033477379386,full,262144,80,student_t,1.5,dynamic,nan
1.5,nan,0.7004264464230456,0.6337059712409673,0.7064359880728954,0.6240113943771435,,0.0,0.5,0.5,0.6666666666666666,0.003,2.0,786,0.6642330758361623,pickands_xi,stable,12,primary,0.6030069190887497,0.7384415488571346,full,262144,80,student_t,1.5,dynamic,33.15487707141948
1.5,nan,0.7035500037382619,0.6720872092451029,0.7037999701973319,0.6622310013296704,,0.0,0.5,0.5,0.6666666666666666,0.004,2.0,1048,0.6970764855117288,pickands_xi,stable,12,primary,0.6443714065464962,0.7128541687745434,full,262144,80,student_t,1.5,dynamic,27.42204917928607
1.5,nan,0.715014349972813,0.6575917529877849,0.7188308702366459,0.6566123606107712,,0.0,0.5,0.5,0.6666666666666666,0.006,2.0,1572,0.688321838532248,pickands_xi,stable,12,primary,0.6482510808638025,0.7256577597877188,full,262144,80,student_t,1.5,dynamic,21.00713840839832
1.5,nan,0.6649655086968856,0.6423749183245788,0.6653104596176382,0.6419588922033052,,0.0,0.5,0.5,0.6666666666666666,0.008,2.0,2097,0.6541597902266365,pickands_xi,stable,12,primary,0.6393886887081751,0.666073775517779,full,262144,80,student_t,1.5,dynamic,17.2597481362167
1.5,nan,0.6664195780992372,0.6406924627333196,0.6701232569881213,0.6374516434394822,,0.0,0.5,0.5,0.6666666666666666,0.012,2.0,3145,0.6576997345415359,pickands_xi,stable,12,primary,0.627211125238524,0.6783525409698724,full,262144,80,student_t,1.5,dynamic,13.287151293926009
1.5,nan,0.6887253319416936,0.6600764580719687,0.6897003774816656,0.6597724919392913,,0.0,0.5,0.5,0.6666666666666666,0.018,2.0,4718,0.6633495258215789,pickands_xi,stable,12,primary,0.6570373907233583,0.693507560552232,full,262144,80,student_t,1.5,dynamic,10.188635189811396
1.5,nan,0.6480758422486788,0.6206023766870986,0.6495537034325711,0.6190023006661114,,0.0,0.5,0.5,0.6666666666666666,0.03,2.0,7864,0.6384080549767261,pickands_xi,stable,12,primary,0.6165819475833167,0.658043457729005,full,262144,80,student_t,1.5,dynamic,7.314673897015874
1.5,nan,0.5849991947859123,0.5620202539016612,0.585460869054924,0.5595433985999785,,0.0,0.5,0.5,0.5756072817429793,0.003,2.0,786,0.5722511935023218,tail_constant,stable,12,primary,0.5551557523932551,0.5872667911091416,full,262144,80,student_t,1.5,dynamic,33.148897856688365
1.5,nan,0.5850328869203706,0.569025557231218,0.5860896640978226,0.5679301622119908,,0.0,0.5,0.5,0.5756072817429793,0.004,2.0,1048,0.5737816436613553,tail_constant,stable,12,primary,0.5625732935011359,0.5891381413048876,full,262144,80,student_t,1.5,dynamic,27.412597398663856
1.5,nan,0.5826148879741753,0.5684474169827086,0.5838610965692821,0.5671352147620283,,0.0,0.5,0.5,0.5756072817429793,0.006,2.0,1572,0.5772414102686698,tail_constant,stable,12,primary,0.5650862223284354,0.587218795997843,full,262144,80,student_t,1.5,dynamic,21.0037306406062
1.5,nan,0.5827658629336047,0.570454020045243,0.5828461465546322,0.5691425494575395,,0.0,0.5,0.5,0.5756072817429793,0.008,2.0,2097,0.5729547776369572,tail_constant,stable,12,primary,0.5674329915990092,0.5837547436701458,full,262144,80,student_t,1.5,dynamic,17.246766023674144
1.5,nan,0.5814749636733354,0.5780823979083949,0.5816980150728187,0.577367274936349,,0.0,0.5,0.5,0.5756072817429793,0.012,2.0,3145,0.5807825273315724,tail_constant,stable,12,primary,0.5732582292371844,0.583369681177878,full,262144,80,student_t,1.5,dynamic,13.282766645450003
1.5,nan,0.5886655891278922,0.5826561569127235,0.5890367513669695,0.5826259813498109,,0.0,0.5,0.5,0.5756072817429793,0.018,2.0,4718,0.5852140472422365,tail_constant,stable,12,primary,0.5814416303002607,0.5896918719160887,full,262144,80,student_t,1.5,dynamic,10.187426235947857
1.5,nan,0.5958006395065157,0.5899348544858146,0.5962088770809482,0.5886698601834656,,0.0,0.5,0.5,0.5756072817429793,0.03,2.0,7864,0.5932788038882542,tail_constant,stable,12,primary,0.5872148809810941,0.5985090086758823,full,262144,80,student_t,1.5,dynamic,7.313132259819585
1.5,nan,0.004495054405286423,0.0028758692534621546,0.004711139982540847,0.0028060765336471614,,0.0,0.5,0.5,0.0,nan,2.0,0,0.0036912114386847498,control_ecf_rmse,stable,12,primary,0.002714783829332045,0.005065441700328913,full,65536,80,student_t,1.5,dynamic,0.5
1.5,nan,0.004845834836230805,0.003555943305735492,0.0050915514041192395,0.0034459573235712817,,0.0,0.5,0.5,0.0,nan,2.0,0,0.0041570843702612905,control_ecf_rmse,stable,12,primary,0.0032150570250912484,0.0054856977163250335,full,65536,80,student_t,1.5,dynamic,0.875
1.5,nan,0.004491398072126489,0.0038085240353548126,0.004613554346566755,0.0038049328855227823,,0.0,0.5,0.5,0.0,nan,2.0,0,0.003919305432622318,control_ecf_rmse,stable,12,primary,0.0036927540205122468,0.004947920634378322,full,65536,80,student_t,1.5,dynamic,1.25
1.5,nan,0.004415321047784753,0.0035351265929577727,0.00450032030988691,0.0034170218847290592,,0.0,0.5,0.5,0.0,nan,2.0,0,0.004027783418848378,control_ecf_rmse,stable,12,primary,0.003127821505129966,0.004644968447259472,full,65536,80,student_t,1.5,dynamic,1.625
1.5,nan,0.004425888715170782,0.0036182599245951803,0.00462514250290357,0.003582204265028195,,0.0,0.5,0.5,0.0,nan,2.0,0,0.0037417281879447636,control_ecf_rmse,stable,12,primary,0.00343372142320807,0.004827960294280133,full,65536,80,student_t,1.5,dynamic,2.0
1.5,nan,0.15160341962293922,0.09808216978103639,0.16055584420170424,0.09795590007336413,,0.0,0.5,0.5,0.0,nan,2.0,0,0.10925204839144247,control_w1,stable,12,primary,0.09504559441082364,0.20093499119082553,full,65536,80,student_t,1.5,dynamic,0.5
1.5,nan,0.1430447197233126,0.08785148714635002,0.14308194036100735,0.084734553510594,,0.0,0.5,0.5,0.0,nan,2.0,0,0.10273061334551722,control_w1,stable,12,primary,0.07929841560363449,0.14566877820833968,full,65536,80,student_t,1.5,dynamic,0.875
1.5,nan,0.1296431031099935,0.09188460723951103,0.1339783447275887,0.09100264711737784,,0.0,0.5,0.5,0.0,nan,2.0,0,0.10258048133202585,control_w1,stable,12,primary,0.08910431280916256,0.15137382485023576,full,65536,80,student_t,1.5,dynamic,1.25
1.5,nan,0.11174068144121442,0.08764599907801376,0.11595361837659213,0.08270487716126021,,0.0,0.5,0.5,0.0,nan,2.0,0,0.10159216420168841,control_w1,stable,12,primary,0.07378086570889972,0.12035130840574174,full,65536,80,student_t,1.5,dynamic,1.625
1.5,nan,0.09397280270278816,0.07551148964384109,0.09398939952594954,0.07316368853819935,,0.0,0.5,0.5,0.0,nan,2.0,0,0.08295503151565878,control_w1,stable,12,primary,0.07017883407770346,0.10394437042532315,full,65536,80,student_t,1.5,dynamic,2.0
1.5,nan,1.587694620154926,1.5123425492960045,1.587694620154926,1.5043429999103939,,0.0,0.5,0.5,1.5,0.003,2.0,196,1.5423947324712566,hill_alpha,stable,4,refinement,1.51202256732058,1.5765359382857926,full,65536,80,student_t,1.5,dynamic,34.1940474441911
1.5,nan,1.558752371719642,1.4958242896143883,1.558752371719642,1.4946408424214814,,0.0,0.5,0.5,1.5,0.004,2.0,262,1.5267980159406376,hill_alpha,stable,4,refinement,1.495776951726672,1.5577136149297242,full,65536,80,student_t,1.5,dynamic,28.030183478305307
1.5,nan,1.538654171717524,1.4391690045239391,1.563824213189965,1.4391690045239391,,0.0,0.5,0.5,1.5,0.006,2.0,393,1.5078094211848483,hill_alpha,stable,4,refinement,1.4693925441722628,1.5396609733764215,full,65536,80,student_t,1.5,dynamic,21.409853583388085
1.5,nan,1.5597520527770592,1.3603801252041539,1.5682016998121882,1.3603801252041539,,0.0,0.5,0.5,1.5,0.008,2.0,524,1.5323153335876094,hill_alpha,stable,4,refinement,1.4337952305941386,1.5600900386584642,full,65536,80,student_t,1.5,dynamic,17.684332607880464
1.5,nan,1.5223026343757888,1.3870380466640706,1.5223026343757888,1.3870380466640706,,0.0,0.5,0.5,1.5,0.012,2.0,786,1.5068339831169637,hill_alpha,stable,4,refinement,1.4406048727899983,1.5188129051430135,full,65536,80,student_t,1.5,dynamic,13.353648948080775
1.5,nan,1.5104277216237298,1.457785277056403,1.5104277216237298,1.4337209105729747,,0.0,0.5,0.5,1.5,0.018,2.0,1179,1.495946742766927,hill_alpha,stable,4,refinement,1.456822702397066,1.5102434594014704,full,65536,80,student_t,1.5,dynamic,10.220629065316817
1.5,nan,1.5336889168169443,1.4691808211568522,1.5336889168169443,1.4691808211568522,,0.0,0.5,0.5,1.5,0.03,2.0,1966,1.5229028141771064,hill_alpha,stable,4,refinement,1.4945593495360798,1.5289196158203167,full,65536,80,student_t,1.5,dynamic,7.324618468745243
1.5,nan,0.6612443590592859,0.6298440438769143,0.6647420169865284,0.6298440438769143,,0.0,0.5,0.5,0.6666666666666666,0.003,2.0,196,0.6484750263929453,hill_xi,stable,4,refinement,0.6343365116098421,0.6613842653763756,full,65536,80,student_t,1.5,dynamic,34.1940474441911
1.5,nan,0.6690570547904277,0.6415387191339333,0.6690570547904277,0.6415387191339333,,0.0,0.5,0.5,0.6666666666666666,0.004,2.0,262,0.6552149251294541,hill_xi,stable,4,refinement,0.641966836641051,0.6685492939238926,full,65536,80,student_t,1.5,dynamic,28.030183478305307
1.5,nan,0.6948454259760748,0.6394580615682828,0.6948454259760748,0.6394580615682828,,0.0,0.5,0.5,0.6666666666666666,0.006,2.0,393,0.6632231835294111,hill_xi,stable,4,refinement,0.6496672062719513,0.6808648634393494,full,65536,80,student_t,1.5,dynamic,21.409853583388085
1.5,nan,0.7350886575543941,0.6409726938425641,0.7350886575543941,0.637673074911067,,0.0,0.5,0.5,0.6666666666666666,0.008,2.0,524,0.6527074036317497,hill_xi,stable,4,refinement,0.6410074266734224,0.6994277816950971,full,65536,80,student_t,1.5,dynamic,17.684332607880464
1.5,nan,0.7209607569201683,0.6568996055176927,0.7209607569201683,0.6568996055176927,,0.0,0.5,0.5,0.6666666666666666,0.012,2.0,786,0.6636627620450266,hill_xi,stable,4,refinement,0.658412709665907,0.6951909303650061,full,65536,80,student_t,1.5,dynamic,13.353648948080775
1.5,nan,0.6861590571883527,0.6621482739303056,0.6974858165389792,0.6620641197746203,,0.0,0.5,0.5,0.6666666666666666,0.018,2.0,1179,0.6685323629618586,hill_xi,stable,4,refinement,0.6621449077640782,0.6866121275623778,full,65536,80,student_t,1.5,dynamic,10.220629065316817
1.5,nan,0.6806514117251999,0.6541485529196209,0.6806514117251999,0.6520227074962663,,0.0,0.5,0.5,0.6666666666666666,0.03,2.0,1966,0.6566409243317495,hill_xi,stable,4,refinement,0.6540635191026868,0.6693023102509552,full,65536,80,student_t,1.5,dynamic,7.324618468745243
1.5,0.999,0.9259148400633955,0.7926198461372445,0.9259148400633955,0.7866428820195033,,0.0,0.5,0.5,nan,0.001,2.0,0,0.8065405588692429,mass_ratio,stable,4,refinement,0.7923807675725348,0.8724281844250458,full,65536,80,student_t,1.5,dynamic,nan
1.5,0.9987164311578874,0.8776772326066813,0.7695622431554154,0.926394438543124,0.7695622431554154,,0.0,0.5,0.5,nan,0.0012835688421125163,2.0,0,0.8080839741652595,mass_ratio,stable,4,refinement,0.7780321688377505,0.879625920844139,full,65536,80,student_t,1.5,dynamic,nan
1.5,0.998352451027558,0.9147325398616873,0.7840542712093266,0.9147325398616873,0.7840542712093266,,0.0,0.5,0.5,nan,0.0016475489724420657,2.0,0,0.8275091954724484,mass_ratio,stable,4,refinement,0.801515234814653,0.8762627345958246,full,65536,80,student_t,1.5,dynamic,nan
1.5,0.9978852574731188,0.8841045628800082,0.8095480749158986,0.9057099397516601,0.8095480749158986,,0.0,0.5,0.5,nan,0.0021147425268811283,2.0,0,0.8404133754678349,mass_ratio,stable,4,refinement,0.8137622301213778,0.8849687779548743,full,65536,80,student_t,1.5,dynamic,nan
1.5,0.9972855823834051,0.9240032036938549,0.842996258954873,0.9240032036938549,0.8412432411730818,,0.0,0.5,0.5,nan,0.002714417616594907,2.0,0,0.8534844829818379,mass_ratio,stable,4,refinement,0.8429261382436013,0.8943471167497702,full,65536,80,student_t,1.5,dynamic,nan
1.5,0.9965158581228575,0.89049201999356,0.8262087217492717,0.9387370455427372,0.8262087217492717,,0.0,0.5,0.5,nan,0.0034841418771425405,2.0,0,0.8355671979568482,mass_ratio,stable,4,refinement,0.8274944880148919,0.892421821015527,full,65536,80,student_t,1.5,dynamic,nan
1.5,0.9955278640450004,0.9251594120633146,0.8431039505042519,0.9251594120633146,0.8303655612450171,,0.0,0.5,0.5,nan,0.00447213595499958,2.0,0,0.8583676334548487,mass_ratio,stable,4,refinement,0.8425944149338825,0.8943114993031046,full,65536,80,student_t,1.5,dynamic,nan
1.5,0.9942597056304714,0.8972597736439198,0.840994737605613,0.8972597736439198,0.8366691911056352,,0.0,0.5,0.5,nan,0.005740294369528563,2.0,0,0.8533465376120026,mass_ratio,stable,4,refinement,0.8408217157456139,0.8800340220316772,full,65536,80,student_t,1.5,dynamic,nan
1.5,0.9926319370027192,0.8820536187656182,0.8303429415609606,0.8820536187656182,0.8303429415609606,,0.0,0.5,0.5,nan,0.0073680629972807735,2.0,0,0.86958718532174,mass_ratio,stable,4,refinement,0.8440915641112884,0.881158345167403,full,65536,80,student_t,1.5,dynamic,nan
1.5,0.9905425839099682,0.8766402175532717,0.8370920432302422,0.8766402175532717,0.8370920432302422,,0.0,0.5,0.5,nan,0.00945741609003176,2.0,0,0.8536413812991428,mass_ratio,stable,4,refinement,0.840777014652708,0.8698594870018963,full,65536,80,student_t,1.5,dynamic,nan
1.5,0.9878607553799417,0.8775388850186546,0.8335164440500545,0.8775388850186546,0.8335164440500545,,0.0,0.5,0.5,nan,0.012139244620058345,2.0,0,0.8464203483922266,mass_ratio,stable,4,refinement,0.8390195660236157,0.8632927395486506,full,65536,80,student_t,1.5,dynamic,nan
1.5,0.9844184438389111,0.8746480198024583,0.8400891568066456,0.8746480198024583,0.8400891568066456,,0.0,0.5,0.5,nan,0.015581556161088883,2.0,0,0.8475487073713048,mass_ratio,stable,4,refinement,0.8428340066481665,0.8624760842650201,full,65536,80,student_t,1.5,dynamic,nan
1.5,0.98,0.8678854971482464,0.8457937398277868,0.8678854971482464,0.8421018456849344,,0.0,0.5,0.5,nan,0.02,2.0,0,0.8521429904396047,mass_ratio,stable,4,refinement,0.8456460640620728,0.8616046250332018,full,65536,80,student_t,1.5,dynamic,nan
1.5,nan,0.776505180092292,0.5971966326018966,0.776505180092292,0.5971966326018966,,0.0,0.5,0.5,0.6666666666666666,0.003,2.0,196,0.6840042507183397,pickands_xi,stable,4,refinement,0.6231242375689703,0.7478447857216138,full,65536,80,student_t,1.5,dynamic,34.25518845504858
1.5,nan,0.9295205396121639,0.5115994972063219,0.9295205396121639,0.49195455978807623,,0.0,0.5,0.5,0.6666666666666666,0.004,2.0,262,0.6247821140887881,pickands_xi,stable,4,refinement,0.5108136997095921,0.8281441815037694,full,65536,80,student_t,1.5,dynamic,28.041110882632154
1.5,nan,0.8524685833987913,0.5954595567030601,0.8965244539139414,0.5954595567030601,,0.0,0.5,0.5,0.6666666666666666,0.006,2.0,393,0.7186167980495953,pickands_xi,stable,4,refinement,0.611472993429055,0.8542308182193973,full,65536,80,student_t,1.5,dynamic,21.445733402285448
1.5,nan,0.7873569697165095,0.7202161922521376,0.7873569697165095,0.7202161922521376,,0.0,0.5,0.5,0.6666666666666666,0.008,2.0,524,0.7355511362296413,pickands_xi,stable,4,refinement,0.7236857592515742,0.766381375752578,full,65536,80,student_t,1.5,dynamic,17.727346312251402
1.5,nan,0.7093625293612604,0.5552660687762138,0.7179852925189567,0.5552660687762138,,0.0,0.5,0.5,0.6666666666666666,0.012,2.0,786,0.6993527060419894,pickands_xi,stable,4,refinement,0.6237618657862303,0.7097074398875682,full,65536,80,student_t,1.5,dynamic,13.367108229300605
1.5,nan,0.6665795912663603,0.5865247400960855,0.6665795912663603,0.5865247400960855,,0.0,0.5,0.5,0.6666666666666666,0.018,2.0,1179,0.6403140802700606,pickands_xi,stable,4,refinement,0.6107333680870346,0.6555824012806954,full,65536,80,student_t,1.5,dynamic,10.221011991925717
1.5,nan,0.6606677952184976,0.6152274665866504,0.6606677952184976,0.6004816651869803,,0.0,0.5,0.5,0.6666666666666666,0.03,2.0,1966,0.6395029615444096,pickands_xi,stable,4,refinement,0.6146376345306636,0.6550829279628181,full,65536,80,student_t,1.5,dynamic,7.325449184071705
1.5,nan,0.00686637212885715,0.004920043318529411,0.00731978943703966,0.0048638248954051945,,1.0,0.5,0.5,0.0,nan,2.0,0,0.005997191893626574,pt_ecf_sup_exact_a,stable,12,primary,0.004733562795419525,0.007836026324027292,full,65536,80,student_t,1.5,dynamic,0.5
1.5,nan,0.007226796913696693,0.005480447138910039,0.0072351833229402345,0.005463214540295549,,1.0,0.5,0.5,0.0,nan,2.0,0,0.005843995024901785,pt_ecf_sup_exact_a,stable,12,primary,0.0054415923828806875,0.007257431219722141,full,65536,80,student_t,1.5,dynamic,0.875
1.5,nan,0.007224338856319662,0.00578120885974018,0.007549600546893398,0.005504072914799676,,1.0,0.5,0.5,0.0,nan,2.0,0,0.00645432542594302,pt_ecf_sup_exact_a,stable,12,primary,0.004978247605262819,0.007952647759240143,full,65536,80,student_t,1.5,dynamic,1.25
1.5,nan,0.007927456292027305,0.006030457467295782,0.008002735111480802,0.005617242909985816,,1.0,0.5,0.5,0.0,nan,2.0,0,0.007302426728740126,pt_ecf_sup_exact_a,stable,12,primary,0.004919078802884422,0.008109827729708648,full,65536,80,student_t,1.5,dynamic,1.625
1.5,nan,0.006716570167923137,0.006064796325595101,0.0068759297915548575,0.005892601262737243,,1.0,0.5,0.5,0.0,nan,2.0,0,0.0065050819486520625,pt_ecf_sup_exact_a,stable,12,primary,0.005517944866488774,0.007072588369324978,full,65536,80,student_t,1.5,dynamic,2.0
1.5,nan,0.0070552093016951565,0.005793906673063494,0.007089970712786002,0.005667415474864478,,1.0,0.5,0.5,0.0,nan,2.0,0,0.0063981612027823615,pt_ecf_sup_exact_b,stable,12,primary,0.005476282733611112,0.0074406914619190995,full,65536,80,student_t,1.5,dynamic,0.5
1.5,nan,0.007253201529374671,0.006063348645458691,0.00755073530755496,0.005910210849569648,,1.0,0.5,0.5,0.0,nan,2.0,0,0.006367762907891037,pt_ecf_sup_exact_b,stable,12,primary,0.005315420510390536,0.008214528560287314,full,65536,80,student_t,1.5,dynamic,0.875
1.5,nan,0.0068152609287688275,0.005460088857468043,0.006906003630738847,0.005426034714185506,,1.0,0.5,0.5,0.0,nan,2.0,0,0.006337351476324762,pt_ecf_sup_exact_b,stable,12,primary,0.0051927428234361354,0.007183254490970952,full,65536,80,student_t,1.5,dynamic,1.25
1.5,nan,0.007541231790918044,0.005819596907692408,0.007565888921192135,0.005196851900450205,,1.0,0.5,0.5,0.0,nan,2.0,0,0.007112103960563573,pt_ecf_sup_exact_b,stable,12,primary,0.004461323094343535,0.00780959206114057,full,65536,80,student_t,1.5,dynamic,1.625
1.5,nan,0.0072112562332889395,0.005367544088230888,0.007480489562592802,0.005214871263764847,,1.0,0.5,0.5,0.0,nan,2.0,0,0.006204728026324817,pt_ecf_sup_exact_b,stable,12,primary,0.004961083947722473,0.007774735721355646,full,65536,80,student_t,1.5,dynamic,2.0
1.5,nan,0.006757434679659842,0.005831335379082575,0.006851971476369246,0.005657076380633083,,1.0,0.5,0.5,0.0,nan,2.0,0,0.006536450713108752,pt_ecf_sup_exact_c,stable,12,primary,0.005355946387044355,0.006976923463569325,full,65536,80,student_t,1.5,dynamic,0.5
1.5,nan,0.008203519728658017,0.006550972272017359,0.008216215902295772,0.006000376879813148,,1.0,0.5,0.5,0.0,nan,2.0,0,0.007569575125785605,pt_ecf_sup_exact_c,stable,12,primary,0.005226767234114237,0.008425835335704053,full,65536,80,student_t,1.5,dynamic,0.875
1.5,nan,0.007200253572193729,0.005447965387406146,0.007270807689581079,0.005423556855695604,,1.0,0.5,0.5,0.0,nan,2.0,0,0.005704317485185568,pt_ecf_sup_exact_c,stable,12,primary,0.005295557183212676,0.007348004975938768,full,65536,80,student_t,1.5,dynamic,1.25
1.5,nan,0.007190306284438453,0.005270793154080762,0.007406570574055579,0.0052310782975975596,,1.0,0.5,0.5,0.0,nan,2.0,0,0.00603423881363045,pt_ecf_sup_exact_c,stable,12,primary,0.0050762648670132846,0.007787637787116404,full,65536,80,student_t,1.5,dynamic,1.625
1.5,nan,0.006417511031936702,0.005249900655689331,0.006438223315647097,0.004882368305605829,,1.0,0.5,0.5,0.0,nan,2.0,0,0.006022799587438956,pt_ecf_sup_exact_c,stable,12,primary,0.004467903666809542,0.006624477918582283,full,65536,80,student_t,1.5,dynamic,2.0
1.5,nan,0.0071509706250462365,0.004209196428499104,0.007217668784117878,0.00398618180648131,,1.0,0.5,0.5,0.0,nan,2.0,0,0.005812110246783776,pt_ecf_sup_numerical,stable,12,primary,0.003711132308988305,0.007435333780667826,full,65536,80,student_t,1.5,dynamic,0.5
1.5,nan,0.007891838996481979,0.006035503213507875,0.008112830913278576,0.005970831189205952,,1.0,0.5,0.5,0.0,nan,2.0,0,0.006949370573943227,pt_ecf_sup_numerical,stable,12,primary,0.005734800325581587,0.008464071829255555,full,65536,80,student_t,1.5,dynamic,0.875
1.5,nan,0.006791999435107603,0.005602135704967091,0.0069553366256760035,0.005539884926853991,,1.0,0.5,0.5,0.0,nan,2.0,0,0.006174770002306188,pt_ecf_sup_numerical,stable,12,primary,0.005377377655952179,0.007526224098108585,full,65536,80,student_t,1.5,dynamic,1.25
1.5,nan,0.008289283349412008,0.005745073080683027,0.008402620210119179,0.005691924634566614,,1.0,0.5,0.5,0.0,nan,2.0,0,0.006632062251299611,pt_ecf_sup_numerical,stable,12,primary,0.005559081762115277,0.008539404969161323,full,65536,80,student_t,1.5,dynamic,1.625
1.5,nan,0.006475474856282281,0.005346547158177356,0.006576542937037594,0.005287260206012445,,1.0,0.5,0.5,0.0,nan,2.0,0,0.005904421346943403,pt_ecf_sup_numerical,stable,12,primary,0.005196356393883183,0.007177836154381121,full,65536,80,student_t,1.5,dynamic,2.0
1.5,nan,3.034578459640578e-05,3.022307245746558e-05,3.0354590067223708e-05,3.0221353600422062e-05,,1.0,0.5,0.5,0.0,nan,2.0,0,3.0245524900224363e-05,score_table_ecf_rmse,stable,12,primary,3.0215052776786415e-05,3.036938056261193e-05,full,65536,80,student_t,1.5,dynamic,nan
1.5,nan,4.61478721158759e-06,1.06846251735071e-06,5.090887610914585e-06,1.026183799934799e-06,,1.0,0.5,0.5,0.0,nan,2.0,0,1.5236812640484487e-06,score_table_hill_alpha_absdiff,stable,12,primary,9.512850029747e-07,7.888892231511236e-06,full,65536,80,student_t,1.5,dynamic,nan
1.5,nan,3.060326589827685e-06,1.1973480260622441e-06,3.4626706087317564e-06,1.1748483761583243e-06,,1.0,0.5,0.5,0.0,nan,2.0,0,1.561887274601899e-06,score_table_tail_constant_reldiff,stable,12,primary,1.1481211205287362e-06,4.713454531441571e-06,full,65536,80,student_t,1.5,dynamic,nan
1.5,nan,7.7673038160841e-05,7.755695482579207e-05,7.767422140205984e-05,7.7556492840169e-05,,0.0,0.5,0.5,0.0,nan,2.0,0,7.758635219121972e-05,score_table_trajectory_mean_abs,stable,12,primary,7.752953040966685e-05,7.76767863656629e-05,full,65536,80,student_t,1.5,dynamic,0.5
1.5,nan,6.110918676938623e-05,6.102084380117044e-05,6.110994476408267e-05,6.100707596781645e-05,,0.0,0.5,0.5,0.0,nan,2.0,0,6.106979413131642e-05,score_table_trajectory_mean_abs,stable,12,primary,6.0989831353806755e-05,6.111075148558901e-05,full,65536,80,student_t,1.5,dynamic,0.875
1.5,nan,4.325139516058892e-05,4.320354929752416e-05,4.325637052018557e-05,4.320063032513645e-05,,0.0,0.5,0.5,0.0,nan,2.0,0,4.324058268897072e-05,score_table_trajectory_mean_abs,stable,12,primary,4.3191303269128005e-05,4.3269193446214365e-05,full,65536,80,student_t,1.5,dynamic,1.25
1.5,nan,2.3181659209942086e-05,2.3156817501922937e-05,2.3188006117732483e-05,2.3153563685093055e-05,,0.0,0.5,0.5,0.0,nan,2.0,0,2.316754022797795e-05,score_table_trajectory_mean_abs,stable,12,primary,2.314562825461774e-05,2.3196337093053188e-05,full,65536,80,student_t,1.5,dynamic,1.625
1.5,nan,0.0,0.0,0.0,0.0,,0.0,0.5,0.5,0.0,nan,2.0,0,0.0,score_table_trajectory_mean_abs,stable,12,primary,0.0,0.0,full,65536,80,student_t,1.5,dynamic,2.0
1.5,nan,7.025057933890625e-05,7.010943890030274e-05,7.026506164181017e-05,7.008451253592101e-05,,1.0,0.5,0.5,0.0,nan,2.0,0,7.019039727683727e-05,score_table_w1,stable,12,primary,7.004362577150531e-05,7.028879777274641e-05,full,65536,80,student_t,1.5,dynamic,nan
1.5,nan,0.6700936444426221,0.5828969243064911,0.6700936444426221,0.5828969243064911,,0.0,0.5,0.5,0.5756072817429793,0.003,2.0,196,0.5980139355686271,tail_constant,stable,4,refinement,0.5868822083662624,0.6387662655291586,full,65536,80,student_t,1.5,dynamic,34.1940474441911
1.5,nan,0.6696928167923722,0.5763982502698385,0.6696928167923722,0.5763982502698385,,0.0,0.5,0.5,0.5756072817429793,0.004,2.0,262,0.5932807734095182,tail_constant,stable,4,refinement,0.5844462273698954,0.6330706699755918,full,65536,80,student_t,1.5,dynamic,28.030183478305307
1.5,nan,0.639381009840456,0.5752014699295017,0.639381009840456,0.5752014699295017,,0.0,0.5,0.5,0.5756072817429793,0.006,2.0,393,0.594082765087214,tail_constant,stable,4,refinement,0.580328964414399,0.6215733795497045,full,65536,80,student_t,1.5,dynamic,21.409853583388085
1.5,nan,0.6230532956870435,0.5811265649628787,0.6230532956870435,0.5811265649628787,,0.0,0.5,0.5,0.5756072817429793,0.008,2.0,524,0.5946135213422361,tail_constant,stable,4,refinement,0.5869189221167315,0.6100835859097747,full,65536,80,student_t,1.5,dynamic,17.684332607880464
1.5,nan,0.618097337474822,0.5717636596341912,0.618097337474822,0.5717636596341912,,0.0,0.5,0.5,0.5756072817429793,0.012,2.0,786,0.5852522622704975,tail_constant,stable,4,refinement,0.5774615131169147,0.6031083771594498,full,65536,80,student_t,1.5,dynamic,13.353648948080775
1.5,nan,0.6025650163134243,0.5771205971155261,0.6025650163134243,0.5771205971155261,,0.0,0.5,0.5,0.5756072817429793,0.018,2.0,1179,0.5878344501281977,tail_constant,stable,4,refinement,0.5799848445619087,0.5977727465442153,full,65536,80,student_t,1.5,dynamic,10.220629065316817
1.5,nan,0.6099566760522954,0.5904918031592719,0.6218162172433171,0.5904918031592719,,0.0,0.5,0.5,0.5756072817429793,0.03,2.0,1966,0.594678255403306,tail_constant,stable,4,refinement,0.5914594570199103,0.6098318387766096,full,65536,80,student_t,1.5,dynamic,7.324618468745243
1.5,nan,0.6876795073044235,0.6326774246050462,0.6987112714243371,0.6301796200493395,,0.0,0.5,0.5,0.6666666666666666,0.012,2.0,1572,0.6622366927568588,gpd_xi,stable,12,primary,0.6256965419952362,0.7190132604097388,nested,131072,80,student_t,1.5,dynamic,13.29051328249256
1.5,nan,1.5686398084100308,1.4613009719407384,1.5798097171721672,1.4581806216009081,,0.0,0.5,0.5,1.5,0.003,2.0,393,1.5316966959846572,hill_alpha,stable,12,primary,1.4391462149134537,1.5909870726739852,nested,131072,80,student_t,1.5,dynamic,33.23209200085665
1.5,nan,1.5519235067155701,1.4726816945528984,1.5644786929884966,1.4676819882531797,,0.0,0.5,0.5,1.5,0.004,2.0,524,1.5285236144393661,hill_alpha,stable,12,primary,1.4519061067564485,1.5793787033310505,nested,131072,80,student_t,1.5,dynamic,27.366847469367585
1.5,nan,1.5595490727555283,1.4993604463749057,1.5648266746351762,1.4934928058845136,,0.0,0.5,0.5,1.5,0.006,2.0,786,1.5203059572356052,hill_alpha,stable,12,primary,1.472660476695461,1.5703430612583507,nested,131072,80,student_t,1.5,dynamic,20.986361972917333
1.5,nan,1.53453599252012,1.5016513254817492,1.5381993812778447,1.5003606697112257,,0.0,0.5,0.5,1.5,0.008,2.0,1048,1.523537057487862,hill_alpha,stable,12,primary,1.488512915348645,1.5438934121392471,nested,131072,80,student_t,1.5,dynamic,17.377637830280854
1.5,nan,1.5265968646223143,1.5058278289687925,1.5280259018465796,1.5048598418365395,,0.0,0.5,0.5,1.5,0.012,2.0,1572,1.5222458505516532,hill_alpha,stable,12,primary,1.4998148314457178,1.5348343537055789,nested,131072,80,student_t,1.5,dynamic,13.29051328249256
1.5,nan,1.5369479705558344,1.5171691413709716,1.5404967285710798,1.5137208806928437,,0.0,0.5,0.5,1.5,0.018,2.0,2359,1.5261244220023136,hill_alpha,stable,12,primary,1.509926645896396,1.5464940901817488,nested,131072,80,student_t,1.5,dynamic,10.205145511757136
1.5,nan,1.5388621508016136,1.5205771478470604,1.5403168009546067,1.5174351372807493,,0.0,0.5,0.5,1.5,0.03,2.0,3932,1.5325874750190658,hill_alpha,stable,12,primary,1.5131477400793918,1.5437617071229428,nested,131072,80,student_t,1.5,dynamic,7.329906284019905
1.5,nan,0.6843217237253395,0.6374949779029243,0.6857892392402322,0.6330192695887376,,0.0,0.5,0.5,0.6666666666666666,0.003,2.0,393,0.6529274069309265,hill_xi,stable,12,primary,0.6285406193707569,0.6951322034013315,nested,131072,80,student_t,1.5,dynamic,33.23209200085665
1.5,nan,0.6790333605006185,0.6423172273835684,0.6813544164210334,0.6392317209342915,,0.0,0.5,0.5,0.6666666666666666,0.004,2.0,524,0.6542471609022518,hill_xi,stable,12,primary,0.6331647726265631,0.6888719052176104,nested,131072,80,student_t,1.5,dynamic,27.366847469367585
1.5,nan,0.6669510339676896,0.6412109868611733,0.6695816891777882,0.6390556801340168,,0.0,0.5,0.5,0.6666666666666666,0.006,2.0,786,0.6577625589153966,hill_xi,stable,12,primary,0.6368035736051275,0.6792702578144573,nested,131072,80,student_t,1.5,dynamic,20.986361972917333
1.5,nan,0.6659335513050522,0.65166278593292,0.6665069007635726,0.6501144677750342,,0.0,0.5,0.5,0.6666666666666666,0.008,2.0,1048,0.6563704880612559,hill_xi,stable,12,primary,0.6477166459531775,0.6719201365454897,nested,131072,80,student_t,1.5,dynamic,17.377637830280854
1.5,nan,0.6640865447976287,0.655091293694119,0.6645139872550472,0.6544398166017813,,0.0,0.5,0.5,0.6666666666666666,0.012,2.0,1572,0.6569246659629139,hill_xi,stable,12,primary,0.651560411294263,0.6667646686065062,nested,131072,80,student_t,1.5,dynamic,13.29051328249256
1.5,nan,0.6591222908056,0.6506401121947881,0.6606272015398226,0.6491447130415571,,0.0,0.5,0.5,0.6666666666666666,0.018,2.0,2359,0.6552545734379396,hill_xi,stable,12,primary,0.6466289899522737,0.6622839387970056,nested,131072,80,student_t,1.5,dynamic,10.205145511757136
1.5,nan,0.6576450273607426,0.6498307853494784,0.6590095766599477,0.649217674728803,,0.0,0.5,0.5,0.6666666666666666,0.03,2.0,3932,0.6524913310385501,hill_xi,stable,12,primary,0.6477717668935351,0.6608752013712504,nested,131072,80,student_t,1.5,dynamic,7.329906284019905
1.5,0.999,0.8311633262511638,0.7997670378105245,0.8312190714840728,0.7992693879507429,,0.0,0.5,0.5,nan,0.001,2.0,0,0.8103566049581667,mass_ratio,stable,12,primary,0.7980529282642571,0.8452156932449134,nested,131072,80,student_t,1.5,dynamic,nan
1.5,0.9987164311578874,0.8346701748808798,0.8039437324514344,0.8371605770219737,0.8018330610341629,,0.0,0.5,0.5,nan,0.0012835688421125163,2.0,0,0.8158073177670339,mass_ratio,stable,12,primary,0.7972315151005814,0.8404503206784831,nested,131072,80,student_t,1.5,dynamic,nan
1.5,0.998352451027558,0.8385843027418656,0.8214418447980397,0.8396424379628615,0.8172544199386701,,0.0,0.5,0.5,nan,0.0016475489724420657,2.0,0,0.8351568266687697,mass_ratio,stable,12,primary,0.8069603765413352,0.8445179342116433,nested,131072,80,student_t,1.5,dynamic,nan
1.5,0.9978852574731188,0.83887300978456,0.8165956621117102,0.8391000891464768,0.8132515047681789,,0.0,0.5,0.5,nan,0.0021147425268811283,2.0,0,0.8320909407505372,mass_ratio,stable,12,primary,0.8087258174939379,0.8398535393474265,nested,131072,80,student_t,1.5,dynamic,nan
1.5,0.9972855823834051,0.8388595315636093,0.8204999993667157,0.8409598090952662,0.8171109218143597,,0.0,0.5,0.5,nan,0.002714417616594907,2.0,0,0.8317169287629751,mass_ratio,stable,12,primary,0.8101354382740842,0.8504157850819851,nested,131072,80,student_t,1.5,dynamic,nan
1.5,0.9965158581228575,0.8467502147319227,0.8249210861935667,0.8484327918265528,0.824747306991465,,0.0,0.5,0.5,nan,0.0034841418771425405,2.0,0,0.8342752090778549,mass_ratio,stable,12,primary,0.8173527442038364,0.8536151550020803,nested,131072,80,student_t,1.5,dynamic,nan
1.5,0.9955278640450004,0.8426935853410984,0.821387135685237,0.8428361246640933,0.8188284869750126,,0.0,0.5,0.5,nan,0.00447213595499958,2.0,0,0.8362686967163528,mass_ratio,stable,12,primary,0.8091076948573409,0.8445908939967677,nested,131072,80,student_t,1.5,dynamic,nan
1.5,0.9942597056304714,0.8428409508624577,0.8287891587520388,0.8463660686954437,0.828240032526082,,0.0,0.5,0.5,nan,0.005740294369528563,2.0,0,0.8333804899499064,mass_ratio,stable,12,primary,0.825247569682482,0.8501779662414733,nested,131072,80,student_t,1.5,dynamic,nan
1.5,0.9926319370027192,0.8459864396410822,0.833251187609519,0.8479186429568317,0.8313335984191228,,0.0,0.5,0.5,nan,0.0073680629972807735,2.0,0,0.8394751534652817,mass_ratio,stable,12,primary,0.8251187058359822,0.853286291093092,nested,131072,80,student_t,1.5,dynamic,nan
1.5,0.9905425839099682,0.8452208736419022,0.8321542717848543,0.8482988831912806,0.830108193159226,,0.0,0.5,0.5,nan,0.00945741609003176,2.0,0,0.8380947260085649,mass_ratio,stable,12,primary,0.8275706171584253,0.8515378531003194,nested,131072,80,student_t,1.5,dynamic,nan
1.5,0.9878607553799417,0.8470576587183529,0.8350534704544103,0.8491028284683695,0.833562124571541,,0.0,0.5,0.5,nan,0.012139244620058345,2.0,0,0.8419437759846906,mass_ratio,stable,12,primary,0.8308164072975047,0.8537111334092494,nested,131072,80,student_t,1.5,dynamic,nan
1.5,0.9844184438389111,0.8522705677700498,0.8438944212456446,0.8529483571728793,0.8429936610136426,,0.0,0.5,0.5,nan,0.015581556161088883,2.0,0,0.8484651192329472,mass_ratio,stable,12,primary,0.840474968805868,0.8557384150919112,nested,131072,80,student_t,1.5,dynamic,nan
1.5,0.98,0.8559185146948592,0.8488190854275035,0.8561864088091553,0.8480687893179959,,0.0,0.5,0.5,nan,0.02,2.0,0,0.8523982256808679,mass_ratio,stable,12,primary,0.8471850819207155,0.8570596223678704,nested,131072,80,student_t,1.5,dynamic,nan
1.5,nan,0.7103284298571059,0.5986819754824684,0.7112216341120889,0.5827968556390579,,0.0,0.5,0.5,0.6666666666666666,0.003,2.0,393,0.6813557364251264,pickands_xi,stable,12,primary,0.5552955349577865,0.7235690324506602,nested,131072,80,student_t,1.5,dynamic,33.24354824437383
1.5,nan,0.7282972201047263,0.6429379328635983,0.7291485802739256,0.6415617299785394,,0.0,0.5,0.5,0.6666666666666666,0.004,2.0,524,0.6960685087746036,pickands_xi,stable,12,primary,0.6352888902938789,0.7306725837219821,nested,131072,80,student_t,1.5,dynamic,27.378460158162092
1.5,nan,0.7176608626149309,0.6304043619206593,0.7316251888145711,0.6200711402178133,,0.0,0.5,0.5,0.6666666666666666,0.006,2.0,786,0.6711017201690574,pickands_xi,stable,12,primary,0.605264461701385,0.7477554964391071,nested,131072,80,student_t,1.5,dynamic,20.992495664516085
1.5,nan,0.663950544314829,0.6135929524212602,0.6689519634565602,0.6069467429758097,,0.0,0.5,0.5,0.6666666666666666,0.008,2.0,1048,0.6467955161101004,pickands_xi,stable,12,primary,0.5948309401842061,0.676309066495696,nested,131072,80,student_t,1.5,dynamic,17.394989331221574
1.5,nan,0.6744050043421851,0.6115735885570059,0.6752229874533758,0.608176429699036,,0.0,0.5,0.5,0.6666666666666666,0.012,2.0,1572,0.6499821504439044,pickands_xi,stable,12,primary,0.6029575658116203,0.6771478341068126,nested,131072,80,student_t,1.5,dynamic,13.292007607036574
1.5,nan,0.7048227150092692,0.6557097269911142,0.7119051259205464,0.6508572244717001,,0.0,0.5,0.5,0.6666666666666666,0.018,2.0,2359,0.6776919871774588,pickands_xi,stable,12,primary,0.6370680349790054,0.7255216194316009,nested,131072,80,student_t,1.5,dynamic,10.212945565859648
1.5,nan,0.6707827107793362,0.6220815882949216,0.6725895965400663,0.6194863045453105,,0.0,0.5,0.5,0.6666666666666666,0.03,2.0,3932,0.6377593369047659,pickands_xi,stable,12,primary,0.6049266125683319,0.6782176887760468,nested,131072,80,student_t,1.5,dynamic,7.330506279641394
1.5,nan,0.580662572123733,0.5576125727674687,0.5812323957438998,0.5521678893052517,,0.0,0.5,0.5,0.5756072817429793,0.003,2.0,393,0.574408932946743,tail_constant,stable,12,primary,0.5437023516620612,0.5872971902298914,nested,131072,80,student_t,1.5,dynamic,33.23209200085665
1.5,nan,0.5848329190633133,0.565522577759679,0.5892535988818557,0.5633575026568911,,0.0,0.5,0.5,0.5756072817429793,0.004,2.0,524,0.5723458236267287,tail_constant,stable,12,primary,0.5571233808397985,0.5942947681851701,nested,131072,80,student_t,1.5,dynamic,27.366847469367585
1.5,nan,0.5834970895750228,0.5688658841290213,0.5836149163520633,0.5674237519035299,,0.0,0.5,0.5,0.5756072817429793,0.006,2.0,786,0.5765253012559346,tail_constant,stable,12,primary,0.5606175464406635,0.58485670865785,nested,131072,80,student_t,1.5,dynamic,20.986361972917333
1.5,nan,0.5851794201779463,0.5712382957476045,0.586984281147426,0.5677043865020407,,0.0,0.5,0.5,0.5756072817429793,0.008,2.0,1048,0.5792118920218625,tail_constant,stable,12,primary,0.5631046939435598,0.592065001412669,nested,131072,80,student_t,1.5,dynamic,17.377637830280854
1.5,nan,0.5874039856374234,0.5720662292518108,0.5890599370492198,0.5709389955175538,,0.0,0.5,0.5,0.5756072817429793,0.012,2.0,1572,0.5811062432475648,tail_constant,stable,12,primary,0.5683900727609876,0.5934464382737157,nested,131072,80,student_t,1.5,dynamic,13.29051328249256
1.5,nan,0.5914347395881502,0.582119141924901,0.5925118477364055,0.5818194121396036,,0.0,0.5,0.5,0.5756072817429793,0.018,2.0,2359,0.586741739068007,tail_constant,stable,12,primary,0.5811716444006093,0.5949201231102268,nested,131072,80,student_t,1.5,dynamic,10.205145511757136
1.5,nan,0.5976037039159369,0.5908599647015282,0.5980292568120493,0.5906767453770299,,0.0,0.5,0.5,0.5756072817429793,0.03,2.0,3932,0.5953210638745047,tail_constant,stable,12,primary,0.588950327511783,0.6007350499077202,nested,131072,80,student_t,1.5,dynamic,7.329906284019905
1.5,nan,1.7913407789987943,1.5455709046947097,1.7913407789987943,1.5353731123184655,,0.0,0.5,0.5,1.5,0.003,2.0,49,1.6287757576113036,hill_alpha,stable,4,refinement,1.54516299299966,1.7483529577921666,nested,16384,80,student_t,1.5,dynamic,34.89673194770984
1.5,nan,1.7876126712997618,1.5328239095405107,1.7876126712997618,1.4350268193414635,,0.0,0.5,0.5,1.5,0.004,2.0,65,1.6644220781292114,hill_alpha,stable,4,refinement,1.5289120259325488,1.7447057042049312,nested,16384,80,student_t,1.5,dynamic,29.649195110991567
1.5,nan,1.6776120171352364,1.4615307126051587,1.7247834609188712,1.44928429714496,,0.0,0.5,0.5,1.5,0.006,2.0,98,1.5521088507084795,hill_alpha,stable,4,refinement,1.4610408559867507,1.6794988748865818,nested,16384,80,student_t,1.5,dynamic,22.19582200544219
1.5,nan,1.640724212554305,1.4286003654835464,1.640724212554305,1.3415994917194294,,0.0,0.5,0.5,1.5,0.008,2.0,131,1.5264180404960355,hill_alpha,stable,4,refinement,1.4251203305329816,1.5910493145655544,nested,16384,80,student_t,1.5,dynamic,18.043319551018392
1.5,nan,1.5314650794811981,1.4459791531650885,1.5314650794811981,1.4459791531650885,,0.0,0.5,0.5,1.5,0.012,2.0,196,1.5003776736360699,hill_alpha,stable,4,refinement,1.4605329893197991,1.528100578346897,nested,16384,80,student_t,1.5,dynamic,13.967591434739049
1.5,nan,1.516203102625209,1.3825144275621144,1.516203102625209,1.3825144275621144,,0.0,0.5,0.5,1.5,0.018,2.0,294,1.4640804767041757,hill_alpha,stable,4,refinement,1.4212843213910937,1.4915660519423233,nested,16384,80,student_t,1.5,dynamic,10.29560446382916
1.5,nan,1.5506962797166095,1.4005284568168506,1.5521170637918908,1.4005284568168506,,0.0,0.5,0.5,1.5,0.03,2.0,491,1.492867811082013,hill_alpha,stable,4,refinement,1.4177756582756573,1.5507531110796207,nested,16384,80,student_t,1.5,dynamic,7.331769934078403
1.5,nan,0.6513074847910851,0.5729300610426309,0.6513074847910851,0.558241073794409,,0.0,0.5,0.5,0.6666666666666666,0.003,2.0,49,0.6151940596109813,hill_xi,stable,4,refinement,0.572342501552702,0.6472090461382969,nested,16384,80,student_t,1.5,dynamic,34.89673194770984
1.5,nan,0.6550571891653638,0.5741280303225866,0.6968510877440618,0.5594052985051322,,0.0,0.5,0.5,0.6666666666666666,0.004,2.0,65,0.6010570263633535,hill_xi,stable,4,refinement,0.5735391210498885,0.6567289451085117,nested,16384,80,student_t,1.5,dynamic,29.649195110991567
1.5,nan,0.6899957461555096,0.5965570400068138,0.6899957461555096,0.5797829250213555,,0.0,0.5,0.5,0.6666666666666666,0.006,2.0,98,0.6459299007634913,hill_xi,stable,4,refinement,0.5958860754073955,0.6844915383375262,nested,16384,80,student_t,1.5,dynamic,22.19582200544219
1.5,nan,0.745378934750768,0.6094869523764658,0.745378934750768,0.6094869523764658,,0.0,0.5,0.5,0.6666666666666666,0.008,2.0,131,0.6551614256286651,hill_xi,stable,4,refinement,0.629182187849023,0.7043030420606571,nested,16384,80,student_t,1.5,dynamic,18.043319551018392
1.5,nan,0.6844710818991786,0.654470670265114,0.6915729025630214,0.6529695083473674,,0.0,0.5,0.5,0.6666666666666666,0.012,2.0,196,0.6666705467090981,hill_xi,stable,4,refinement,0.6544106237884042,0.6847551547257322,nested,16384,80,student_t,1.5,dynamic,13.967591434739049
1.5,nan,0.7033568046231214,0.6595422461994463,0.7233197571495661,0.6595422461994463,,0.0,0.5,0.5,0.6666666666666666,0.018,2.0,294,0.6830227648603309,hill_xi,stable,4,refinement,0.6706347732832248,0.7041553227241792,nested,16384,80,student_t,1.5,dynamic,10.29560446382916
1.5,nan,0.7050859806996523,0.6442813002499668,0.7140161951959336,0.6442813002499668,,0.0,0.5,0.5,0.6666666666666666,0.03,2.0,491,0.6708093801186334,hill_xi,stable,4,refinement,0.6448485132662528,0.7054431892795036,nested,16384,80,student_t,1.5,dynamic,7.331769934078403
1.5,0.999,0.8511578082663251,0.7235737607241671,0.8511578082663251,0.7235737607241671,,0.0,0.5,0.5,nan,0.001,2.0,0,0.7935729266036484,mass_ratio,stable,4,refinement,0.7369513856580444,0.8437390397565141,nested,16384,80,student_t,1.5,dynamic,nan
1.5,0.9987164311578874,0.8666383608172065,0.7158948100326569,0.8666383608172065,0.7158948100326569,,0.0,0.5,0.5,nan,0.0012835688421125163,2.0,0,0.8068077267733528,mass_ratio,stable,4,refinement,0.7373284208089379,0.8601242457354097,nested,16384,80,student_t,1.5,dynamic,nan
1.5,0.998352451027558,0.8931605721662659,0.8014850716340747,0.8931605721662659,0.8014850716340747,,0.0,0.5,0.5,nan,0.0016475489724420657,2.0,0,0.8527611195229609,mass_ratio,stable,4,refinement,0.8252421020672867,0.8746243074509328,nested,16384,80,student_t,1.5,dynamic,nan
1.5,0.9978852574731188,0.9012923925447387,0.7732052490196646,0.9066827123451308,0.7732052490196646,,0.0,0.5,0.5,nan,0.0021147425268811283,2.0,0,0.8651547556669719,mass_ratio,stable,4,refinement,0.8025823000132322,0.9015080053367545,nested,16384,80,student_t,1.5,dynamic,nan
1.5,0.9972855823834051,0.9491070525512588,0.83940703067283,0.9491070525512588,0.8377820073829997,,0.0,0.5,0.5,nan,0.002714417616594907,2.0,0,0.8591316923662771,mass_ratio,stable,4,refinement,0.8394241361811441,0.9145245996562963,nested,16384,80,student_t,1.5,dynamic,nan
1.5,0.9965158581228575,0.9678189843211525,0.8173636666727156,0.9953882552343842,0.8107069959228714,,0.0,0.5,0.5,nan,0.0034841418771425405,2.0,0,0.8824853765073384,mass_ratio,stable,4,refinement,0.817433736891136,0.9689217551576819,nested,16384,80,student_t,1.5,dynamic,nan
1.5,0.9955278640450004,0.9631223655756093,0.8377798757845186,0.9631223655756093,0.8377798757845186,,0.0,0.5,0.5,nan,0.00447213595499958,2.0,0,0.901452364732795,mass_ratio,stable,4,refinement,0.8577805819948845,0.9440828536558652,nested,16384,80,student_t,1.5,dynamic,nan
1.5,0.9942597056304714,0.9402002793611842,0.8547737616018863,0.9402002793611842,0.8547737616018863,,0.0,0.5,0.5,nan,0.005740294369528563,2.0,0,0.8746101804601598,mass_ratio,stable,4,refinement,0.8563668676506562,0.916645406891894,nested,16384,80,student_t,1.5,dynamic,nan
1.5,0.9926319370027192,0.9325985599476372,0.8187211284225856,0.9501504530411033,0.8187211284225856,,0.0,0.5,0.5,nan,0.0073680629972807735,2.0,0,0.898257912230058,mass_ratio,stable,4,refinement,0.8488401824305982,0.9333006356713758,nested,16384,80,student_t,1.5,dynamic,nan
1.5,0.9905425839099682,0.9236213662102323,0.7696871157580657,0.9236213662102323,0.7696871157580657,,0.0,0.5,0.5,nan,0.00945741609003176,2.0,0,0.8705151266446818,mass_ratio,stable,4,refinement,0.8020282638597994,0.9141866683426101,nested,16384,80,student_t,1.5,dynamic,nan
1.5,0.9878607553799417,0.930797089613886,0.7823969843887292,0.930797089613886,0.7823969843887292,,0.0,0.5,0.5,nan,0.012139244620058345,2.0,0,0.8803762906710305,mass_ratio,stable,4,refinement,0.8069810486177662,0.9290411089077829,nested,16384,80,student_t,1.5,dynamic,nan
1.5,0.9844184438389111,0.9355194566831824,0.8016414752901355,0.9355194566831824,0.7807927436002629,,0.0,0.5,0.5,nan,0.015581556161088883,2.0,0,0.8536744832266616,mass_ratio,stable,4,refinement,0.8008075260225406,0.9112023220224461,nested,16384,80,student_t,1.5,dynamic,nan
1.5,0.98,0.9218261879849127,0.8243585150934021,0.9218261879849127,0.8064351713454831,,0.0,0.5,0.5,nan,0.02,2.0,0,0.853679748586384,mass_ratio,stable,4,refinement,0.8236415813434853,0.8945868841512492,nested,16384,80,student_t,1.5,dynamic,nan
1.5,nan,0.7653090781101322,0.2874062298541378,0.7754954750475632,0.2874062298541378,,0.0,0.5,0.5,0.6666666666666666,0.003,2.0,49,0.6539598857512495,pickands_xi,stable,4,refinement,0.4147938428824546,0.7657165339876294,nested,16384,80,student_t,1.5,dynamic,35.15470939805744
1.5,nan,0.8553478719773304,0.34863600370821773,0.8553478719773304,0.34863600370821773,,0.0,0.5,0.5,0.6666666666666666,0.004,2.0,65,0.7691503062388149,pickands_xi,stable,4,refinement,0.5275323255348467,0.8369235838109006,nested,16384,80,student_t,1.5,dynamic,29.953826582947553
1.5,nan,0.9454393456967415,0.4902266469787493,1.0903762791184812,0.4902266469787493,,0.0,0.5,0.5,0.6666666666666666,0.006,2.0,98,0.6789709158267418,pickands_xi,stable,4,refinement,0.5298119069981334,0.9439136937660986,nested,16384,80,student_t,1.5,dynamic,22.34176510779347
1.5,nan,0.9889531724276737,0.6066245864790705,1.1899899869481927,0.6066245864790705,,0.0,0.5,0.5,0.6666666666666666,0.008,2.0,131,0.741640228827154,pickands_xi,stable,4,refinement,0.6492195528477501,0.9969946450084944,nested,16384,80,student_t,1.5,dynamic,18.227777669639273
1.5,nan,0.8895377552338928,0.6393423988673023,0.9890538029232934,0.6393423988673023,,0.0,0.5,0.5,0.6666666666666666,0.012,2.0,196,0.7223653262402993,pickands_xi,stable,4,refinement,0.6467183409803282,0.8935183971414689,nested,16384,80,student_t,1.5,dynamic,13.984247778972101
1.5,nan,0.8413626609248672,0.5839295680639902,0.8413626609248672,0.5767629051466749,,0.0,0.5,0.5,0.6666666666666666,0.018,2.0,294,0.6967551516616324,pickands_xi,stable,4,refinement,0.5836429015472976,0.8226673384050714,nested,16384,80,student_t,1.5,dynamic,10.305982129215579
1.5,nan,0.7039538780075463,0.47216990620782345,0.7039538780075463,0.47216990620782345,,0.0,0.5,0.5,0.6666666666666666,0.03,2.0,491,0.5897844881552965,pickands_xi,stable,4,refinement,0.5202958248808431,0.6574816515402337,nested,16384,80,student_t,1.5,dynamic,7.332657878101049
1.5,nan,0.6955560812867614,0.5714845089257865,0.7328927591193568,0.5672116911050556,,0.0,0.5,0.5,0.5756072817429793,0.003,2.0,49,0.6169883651003416,tail_constant,stable,4,refinement,0.5713135962129573,0.6970495484000652,nested,16384,80,student_t,1.5,dynamic,34.89673194770984
1.5,nan,0.6952728709992256,0.5893778534404561,0.7017431744691867,0.5893778534404561,,0.0,0.5,0.5,0.5756072817429793,0.004,2.0,65,0.6410833873272899,tail_constant,stable,4,refinement,0.5912913032091885,0.695531683138024,nested,16384,80,student_t,1.5,dynamic,29.649195110991567
1.5,nan,0.6849862395669803,0.6002218369585615,0.6849862395669803,0.5976763640692491,,0.0,0.5,0.5,0.5756072817429793,0.006,2.0,98,0.6256185176317748,tail_constant,stable,4,refinement,0.600120018042989,0.6674583127743541,nested,16384,80,student_t,1.5,dynamic,22.19582200544219
1.5,nan,0.6523805997488987,0.5808034920957189,0.6776318018644433,0.5647002928078609,,0.0,0.5,0.5,0.5756072817429793,0.008,2.0,131,0.6128655813130919,tail_constant,stable,4,refinement,0.5809729994566459,0.6533906478335204,nested,16384,80,student_t,1.5,dynamic,18.043319551018392
1.5,nan,0.6759012602950332,0.5499678558705768,0.6759012602950332,0.5220172599650342,,0.0,0.5,0.5,0.5756072817429793,0.012,2.0,196,0.6250735044534006,tail_constant,stable,4,refinement,0.5488498320343551,0.6741383627761445,nested,16384,80,student_t,1.5,dynamic,13.967591434739049
1.5,nan,0.6508394433016276,0.5222719402267526,0.6508394433016276,0.5222719402267526,,0.0,0.5,0.5,0.5756072817429793,0.018,2.0,294,0.5929093883510066,tail_constant,stable,4,refinement,0.5465330438418049,0.6326778884099192,nested,16384,80,student_t,1.5,dynamic,10.29560446382916
1.5,nan,0.6282096363874012,0.5756044246289311,0.6282096363874012,0.5569840413945572,,0.0,0.5,0.5,0.5756072817429793,0.03,2.0,491,0.594942372621688,tail_constant,stable,4,refinement,0.5748596092995563,0.6125857808638826,nested,16384,80,student_t,1.5,dynamic,7.331769934078403
1.5,nan,1.6215949287901366,1.4461536078270882,1.661750139823021,1.43689585002682,,0.0,0.5,0.5,1.5,0.003,2.0,98,1.5184255416923043,hill_alpha,stable,4,refinement,1.4457832975150775,1.6232011372314519,nested,32768,80,student_t,1.5,dynamic,34.58449512877536
1.5,nan,1.6362583515397586,1.470293365532256,1.648167032087887,1.470293365532256,,0.0,0.5,0.5,1.5,0.004,2.0,131,1.5481450100998888,hill_alpha,stable,4,refinement,1.471083917696684,1.6367346987616838,nested,32768,80,student_t,1.5,dynamic,29.075161227737325
1.5,nan,1.6877564462937926,1.4647827629682202,1.6877564462937926,1.4381133536096817,,0.0,0.5,0.5,1.5,0.006,2.0,196,1.4940495801111922,hill_alpha,stable,4,refinement,1.4637159865938787,1.5960239062626724,nested,32768,80,student_t,1.5,dynamic,22.04445683503736
1.5,nan,1.5831417482374468,1.347067532035182,1.6840259848737,1.347067532035182,,0.0,0.5,0.5,1.5,0.008,2.0,262,1.456595805540807,hill_alpha,stable,4,refinement,1.3873234844088964,1.5871771177028968,nested,32768,80,student_t,1.5,dynamic,17.983506880997343
1.5,nan,1.5279484731391038,1.371245954998933,1.5577562283284994,1.371245954998933,,0.0,0.5,0.5,1.5,0.012,2.0,393,1.4751574939160612,hill_alpha,stable,4,refinement,1.4100915461430041,1.5291407833466797,nested,32768,80,student_t,1.5,dynamic,13.669095540723948
1.5,nan,1.5316837620205663,1.4229764351946605,1.5316837620205663,1.391025541760714,,0.0,0.5,0.5,1.5,0.018,2.0,589,1.46287800799138,hill_alpha,stable,4,refinement,1.4216983994573027,1.5024733261806875,nested,32768,80,student_t,1.5,dynamic,10.318602015627938
1.5,nan,1.5147494742368897,1.4379378512789096,1.5234504795023573,1.4379378512789096,,0.0,0.5,0.5,1.5,0.03,2.0,983,1.5055412233448182,hill_alpha,stable,4,refinement,1.470143991969776,1.5150975144475083,nested,32768,80,student_t,1.5,dynamic,7.404804903900809
1.5,nan,0.695944664313238,0.6170551930889219,0.695944664313238,0.6017751863144128,,0.0,0.5,0.5,0.6666666666666666,0.003,2.0,98,0.6597130825413517,hill_xi,stable,4,refinement,0.6164439928179416,0.6916948887481346,nested,32768,80,student_t,1.5,dynamic,34.58449512877536
1.5,nan,0.6801363751226568,0.6067346212678497,0.6801363751226568,0.6067346212678497,,0.0,0.5,0.5,0.6666666666666666,0.004,2.0,131,0.6475031746364114,hill_xi,stable,4,refinement,0.6110048794239321,0.6797710863500862,nested,32768,80,student_t,1.5,dynamic,29.075161227737325
1.5,nan,0.6829214766792279,0.6303313919804032,0.6953554791004395,0.5925025510617585,,0.0,0.5,0.5,0.6666666666666666,0.006,2.0,196,0.6693238535785322,hill_xi,stable,4,refinement,0.6288182383436575,0.6834188367760763,nested,32768,80,student_t,1.5,dynamic,22.04445683503736
1.5,nan,0.7205987411038294,0.5938150651962766,0.7423532794151575,0.5938150651962766,,0.0,0.5,0.5,0.6666666666666666,0.008,2.0,262,0.6867454045919822,hill_xi,stable,4,refinement,0.6326142049699661,0.7214689226362825,nested,32768,80,student_t,1.5,dynamic,17.983506880997343
1.5,nan,0.7292637738360935,0.6547215028777933,0.7292637738360935,0.6419489659643461,,0.0,0.5,0.5,0.6666666666666666,0.012,2.0,393,0.6780583125344066,hill_xi,stable,4,refinement,0.6542106014012554,0.7097560033280036,nested,32768,80,student_t,1.5,dynamic,13.669095540723948
1.5,nan,0.7188940605175611,0.6528762821646814,0.7188940605175611,0.6528762821646814,,0.0,0.5,0.5,0.6666666666666666,0.018,2.0,589,0.6836041926732053,hill_xi,stable,4,refinement,0.6658423066347753,0.7037382965262678,nested,32768,80,student_t,1.5,dynamic,10.318602015627938
1.5,nan,0.6954403482115689,0.6564046639222924,0.6954403482115689,0.6564046639222924,,0.0,0.5,0.5,0.6666666666666666,0.03,2.0,983,0.6642130404724724,hill_xi,stable,4,refinement,0.6600452673507646,0.6805586578124168,nested,32768,80,student_t,1.5,dynamic,7.404804903900809
1.5,0.999,0.8716062887724214,0.7541222302018862,0.9153814059640958,0.7541222302018862,,0.0,0.5,0.5,nan,0.001,2.0,0,0.796474747782897,mass_ratio,stable,4,refinement,0.7594003552178034,0.8733572934600884,nested,32768,80,student_t,1.5,dynamic,nan
1.5,0.9987164311578874,0.9221440615224642,0.7623406315337691,0.9221440615224642,0.7623406315337691,,0.0,0.5,0.5,nan,0.0012835688421125163,2.0,0,0.8165246292022568,mass_ratio,stable,4,refinement,0.7693397057113681,0.8904559787120397,nested,32768,80,student_t,1.5,dynamic,nan
1.5,0.998352451027558,0.9213254672390424,0.8204070938262469,0.9213254672390424,0.8204070938262469,,0.0,0.5,0.5,nan,0.0016475489724420657,2.0,0,0.8295454062319294,mass_ratio,stable,4,refinement,0.8207588965041324,0.8813056252324702,nested,32768,80,student_t,1.5,dynamic,nan
1.5,0.9978852574731188,0.911820735375279,0.810042895052902,0.911820735375279,0.7864687076709351,,0.0,0.5,0.5,nan,0.0021147425268811283,2.0,0,0.8716444958279912,mass_ratio,stable,4,refinement,0.8090999275576232,0.9107892988212796,nested,32768,80,student_t,1.5,dynamic,nan
1.5,0.9972855823834051,0.9347584173088712,0.8482237180835559,0.9347584173088712,0.8340129687188796,,0.0,0.5,0.5,nan,0.002714417616594907,2.0,0,0.8661868198220446,mass_ratio,stable,4,refinement,0.8476552881089688,0.9036451796546244,nested,32768,80,student_t,1.5,dynamic,nan
1.5,0.9965158581228575,0.9610635970097267,0.8324596864127972,0.9610635970097267,0.8324596864127972,,0.0,0.5,0.5,nan,0.0034841418771425405,2.0,0,0.8733657171298184,mass_ratio,stable,4,refinement,0.8440071687742773,0.9270560270500607,nested,32768,80,student_t,1.5,dynamic,nan
1.5,0.9955278640450004,0.9400053035197861,0.8580723505892818,0.9400053035197861,0.8376386541202522,,0.0,0.5,0.5,nan,0.00447213595499958,2.0,0,0.885145762746748,mass_ratio,stable,4,refinement,0.8572550027305206,0.9168597874791774,nested,32768,80,student_t,1.5,dynamic,nan
1.5,0.9942597056304714,0.9328182094647126,0.861469571043491,0.9328182094647126,0.861469571043491,,0.0,0.5,0.5,nan,0.005740294369528563,2.0,0,0.864289159286663,mass_ratio,stable,4,refinement,0.8626633744936882,0.9000838642857741,nested,32768,80,student_t,1.5,dynamic,nan
1.5,0.9926319370027192,0.9323605897553715,0.8554694716181098,0.9323605897553715,0.8554694716181098,,0.0,0.5,0.5,nan,0.0073680629972807735,2.0,0,0.8832746168127559,mass_ratio,stable,4,refinement,0.8616829242655367,0.9159323397889193,nested,32768,80,student_t,1.5,dynamic,nan
1.5,0.9905425839099682,0.8749764330066048,0.8390946234483931,0.8749764330066048,0.8390946234483931,,0.0,0.5,0.5,nan,0.00945741609003176,2.0,0,0.8606939556041827,mass_ratio,stable,4,refinement,0.8461106865376175,0.8714724601989969,nested,32768,80,student_t,1.5,dynamic,nan
1.5,0.9878607553799417,0.8748942212788131,0.8301010242046277,0.880628058405928,0.8301010242046277,,0.0,0.5,0.5,nan,0.012139244620058345,2.0,0,0.8626024531845529,mass_ratio,stable,4,refinement,0.8425539032507618,0.8751235747638978,nested,32768,80,student_t,1.5,dynamic,nan
1.5,0.9844184438389111,0.866934059337388,0.83634726472848,0.8746396913302619,0.8196754745254303,,0.0,0.5,0.5,nan,0.015581556161088883,2.0,0,0.8561237411380218,mass_ratio,stable,4,refinement,0.835680393120358,0.8672422846171028,nested,32768,80,student_t,1.5,dynamic,nan
1.5,0.98,0.8738306202142907,0.823566382525573,0.8738306202142907,0.823566382525573,,0.0,0.5,0.5,nan,0.02,2.0,0,0.8612880087562262,mass_ratio,stable,4,refinement,0.8398068392451524,0.869676090585554,nested,32768,80,student_t,1.5,dynamic,nan
1.5,nan,0.8127492926659609,0.505144953695706,0.8127492926659609,0.4085468056750072,,0.0,0.5,0.5,0.6666666666666666,0.003,2.0,98,0.609394607441412,pickands_xi,stable,4,refinement,0.501281027774878,0.718811766506181,nested,32768,80,student_t,1.5,dynamic,35.02452395101925
1.5,nan,0.9272629757840218,0.48665344096071683,0.9272629757840218,0.20458642916405917,,0.0,0.5,0.5,0.6666666666666666,0.004,2.0,131,0.8307205602519039,pickands_xi,stable,4,refinement,0.4753707604888506,0.9106826679259794,nested,32768,80,student_t,1.5,dynamic,29.14675176469717
1.5,nan,0.841378871156603,0.5122603877850292,0.8466042804269085,0.5122603877850292,,0.0,0.5,0.5,0.6666666666666666,0.006,2.0,196,0.8307443205819127,pickands_xi,stable,4,refinement,0.6625362877014285,0.8415878875274152,nested,32768,80,student_t,1.5,dynamic,22.05480518827319
1.5,nan,1.1068741028487314,0.5669045446441541,1.1068741028487314,0.5669045446441541,,0.0,0.5,0.5,0.6666666666666666,0.008,2.0,262,0.7913859134978434,pickands_xi,stable,4,refinement,0.6614091110452878,0.9686862626089423,nested,32768,80,student_t,1.5,dynamic,18.030785800931422
1.5,nan,0.8595604552959536,0.5512357868917157,0.8595604552959536,0.5512357868917157,,0.0,0.5,0.5,0.6666666666666666,0.012,2.0,393,0.7136632207005995,pickands_xi,stable,4,refinement,0.627244457549731,0.7914862802604326,nested,32768,80,student_t,1.5,dynamic,13.693036160988209
1.5,nan,0.7268705741924673,0.6266009295008613,0.7434847465852156,0.5851527666667532,,0.0,0.5,0.5,0.6666666666666666,0.018,2.0,589,0.6891527470673442,pickands_xi,stable,4,refinement,0.6249430029874969,0.7275351410881773,nested,32768,80,student_t,1.5,dynamic,10.333361704972242
1.5,nan,0.7154284093800618,0.540717581803036,0.7154284093800618,0.540717581803036,,0.0,0.5,0.5,0.6666666666666666,0.03,2.0,983,0.6115165609291374,pickands_xi,stable,4,refinement,0.5716268780126297,0.6686249358945531,nested,32768,80,student_t,1.5,dynamic,7.405426555700937
1.5,nan,0.7013829170719779,0.5745113328038383,0.7013829170719779,0.5745113328038383,,0.0,0.5,0.5,0.5756072817429793,0.003,2.0,98,0.6082726709494028,tail_constant,stable,4,refinement,0.5906520517444677,0.6567547223023835,nested,32768,80,student_t,1.5,dynamic,34.58449512877536
1.5,nan,0.706506585738537,0.6006279110602573,0.706506585738537,0.5852740880394884,,0.0,0.5,0.5,0.5756072817429793,0.004,2.0,131,0.6267958408033719,tail_constant,stable,4,refinement,0.6000137581394265,0.6734361993963838,nested,32768,80,student_t,1.5,dynamic,29.075161227737325
1.5,nan,0.6814075070963909,0.5950900393207669,0.6814075070963909,0.5950900393207669,,0.0,0.5,0.5,0.5756072817429793,0.006,2.0,196,0.6190927131870205,tail_constant,stable,4,refinement,0.605868560387208,0.6522391684092537,nested,32768,80,student_t,1.5,dynamic,22.04445683503736
1.5,nan,0.6319691281870289,0.5907911601513194,0.6368088587407037,0.589017196943579,,0.0,0.5,0.5,0.5756072817429793,0.008,2.0,262,0.6098472604962069,tail_constant,stable,4,refinement,0.5907202016230098,0.6321627174091758,nested,32768,80,student_t,1.5,dynamic,17.983506880997343
1.5,nan,0.6205764218005538,0.5735077705927603,0.6205764218005538,0.5735077705927603,,0.0,0.5,0.5,0.5756072817429793,0.012,2.0,393,0.6061346166860266,tail_constant,stable,4,refinement,0.584735854499389,0.6180771575637198,nested,32768,80,student_t,1.5,dynamic,13.669095540723948
1.5,nan,0.6082961207985921,0.5579540816466957,0.6162328564596771,0.5579540816466957,,0.0,0.5,0.5,0.5756072817429793,0.018,2.0,589,0.5958005379858329,tail_constant,stable,4,refinement,0.5739321340566779,0.6086135902250355,nested,32768,80,student_t,1.5,dynamic,10.318602015627938
1.5,nan,0.615441165761855,0.5711780846179945,0.6216853761984081,0.5711780846179945,,0.0,0.5,0.5,0.5756072817429793,0.03,2.0,983,0.6044735316707774,tail_constant,stable,4,refinement,0.5852081527975269,0.6153754372309488,nested,32768,80,student_t,1.5,dynamic,7.404804903900809
1.5,nan,1.5934013261335367,1.455568283327596,1.6145950026285356,1.433921260913864,,0.0,0.5,0.5,1.5,0.003,2.0,196,1.5231304662947212,hill_alpha,stable,12,primary,1.3955107447958055,1.637891904817526,nested,65536,80,student_t,1.5,dynamic,34.0120496669718
1.5,nan,1.5459750313221294,1.4584896378213872,1.5602775839829375,1.4556443181945782,,0.0,0.5,0.5,1.5,0.004,2.0,262,1.4952581976498527,hill_alpha,stable,12,primary,1.4456801772767165,1.578784735155207,nested,65536,80,student_t,1.5,dynamic,27.75609716385496
1.5,nan,1.537020466907514,1.452812185238322,1.538634971540148,1.4375434535084386,,0.0,0.5,0.5,1.5,0.006,2.0,393,1.5002374650653472,hill_alpha,stable,12,primary,1.4182630519271382,1.5415727368206635,nested,65536,80,student_t,1.5,dynamic,20.92257586933672
1.5,nan,1.5229754583407067,1.4768541938071882,1.5290661131346361,1.4749019906360628,,0.0,0.5,0.5,1.5,0.008,2.0,524,1.5091226050225481,hill_alpha,stable,12,primary,1.467036437153712,1.5402207960662055,nested,65536,80,student_t,1.5,dynamic,17.247775624618313
1.5,nan,1.5269405269341874,1.4964479114602252,1.5277336514334965,1.4948289421512082,,0.0,0.5,0.5,1.5,0.012,2.0,786,1.513430291734884,hill_alpha,stable,12,primary,1.4795951635628102,1.5342214251834247,nested,65536,80,student_t,1.5,dynamic,13.331657502063788
1.5,nan,1.547021572757186,1.514027066977044,1.5493868268813333,1.5053840698030816,,0.0,0.5,0.5,1.5,0.018,2.0,1179,1.5330015397109285,hill_alpha,stable,12,primary,1.496435184823778,1.5594645601754704,nested,65536,80,student_t,1.5,dynamic,10.261744888837974
1.5,nan,1.544627196221178,1.5079129606158088,1.5447765587947961,1.502341628259563,,0.0,0.5,0.5,1.5,0.03,2.0,1966,1.533083849311573,hill_alpha,stable,12,primary,1.4957258324964366,1.5522767059677542,nested,65536,80,student_t,1.5,dynamic,7.3403100261159455
1.5,nan,0.6877539515160127,0.6275882814949998,0.6976177806215674,0.6194570948815895,,0.0,0.5,0.5,0.6666666666666666,0.003,2.0,196,0.6566547989231679,hill_xi,stable,12,primary,0.610544080594605,0.7167664557689868,nested,65536,80,student_t,1.5,dynamic,34.0120496669718
1.5,nan,0.6856407985823922,0.6468409772082752,0.6869836321216987,0.6409654571731949,,0.0,0.5,0.5,0.6666666666666666,0.004,2.0,262,0.6688020184095741,hill_xi,stable,12,primary,0.633412718757838,0.6917696143259676,nested,65536,80,student_t,1.5,dynamic,27.75609716385496
1.5,nan,0.6883202179612489,0.6506094235765126,0.695709631969228,0.6499274483870066,,0.0,0.5,0.5,0.6666666666666666,0.006,2.0,393,0.6665612350856746,hill_xi,stable,12,primary,0.6486896823350433,0.705105792318655,nested,65536,80,student_t,1.5,dynamic,20.92257586933672
1.5,nan,0.6771149137086419,0.6564335222255184,0.6780123413691145,0.6540113875593665,,0.0,0.5,0.5,0.6666666666666666,0.008,2.0,524,0.6626366910301604,hill_xi,stable,12,primary,0.6492667377767158,0.6816817094285875,nested,65536,80,student_t,1.5,dynamic,17.247775624618313
1.5,nan,0.6682695354918409,0.6549043544006354,0.6689861132471342,0.6545645365470277,,0.0,0.5,0.5,0.6666666666666666,0.012,2.0,786,0.6607725097083283,hill_xi,stable,12,primary,0.6518246094656477,0.6759334698614945,nested,65536,80,student_t,1.5,dynamic,13.331657502063788
1.5,nan,0.6612673462279461,0.6482332200576689,0.664304202965005,0.645428799617001,,0.0,0.5,0.5,0.6666666666666666,0.018,2.0,1179,0.6523217918192563,hill_xi,stable,12,primary,0.6412550389063368,0.668254891702474,nested,65536,80,student_t,1.5,dynamic,10.261744888837974
1.5,nan,0.6631682505014183,0.6474054078851064,0.6656367192716537,0.6473428170925262,,0.0,0.5,0.5,0.6666666666666666,0.03,2.0,1966,0.6522805123047541,hill_xi,stable,12,primary,0.6442603253993396,0.668572758957125,nested,65536,80,student_t,1.5,dynamic,7.3403100261159455
1.5,0.999,0.8475026940127138,0.800551920835238,0.8510862884288573,0.7960117261669424,,0.0,0.5,0.5,nan,0.001,2.0,0,0.8122436262335337,mass_ratio,stable,12,primary,0.7884809289627349,0.8728363103644391,nested,65536,80,student_t,1.5,dynamic,nan
1.5,0.9987164311578874,0.8398520923927292,0.8148329189698904,0.8402766465974366,0.8103074155383518,,0.0,0.5,0.5,nan,0.0012835688421125163,2.0,0,0.8317475588541895,mass_ratio,stable,12,primary,0.7978605528445839,0.8415711914301834,nested,65536,80,student_t,1.5,dynamic,nan
1.5,0.998352451027558,0.8558993561207313,0.8310123360924653,0.8569096042133684,0.8255154905690874,,0.0,0.5,0.5,nan,0.0016475489724420657,2.0,0,0.8495540586020841,mass_ratio,stable,12,primary,0.8055162901963198,0.8591826792258321,nested,65536,80,student_t,1.5,dynamic,nan
1.5,0.9978852574731188,0.8531853641650384,0.8140640744883383,0.8538141924168943,0.8097611265903387,,0.0,0.5,0.5,nan,0.0021147425268811283,2.0,0,0.8480444359137607,mass_ratio,stable,12,primary,0.8045575589240772,0.8557410175673782,nested,65536,80,student_t,1.5,dynamic,nan
1.5,0.9972855823834051,0.863046652726994,0.8192453195146068,0.8681561332356081,0.8142274975766084,,0.0,0.5,0.5,nan,0.002714417616594907,2.0,0,0.8498886170936744,mass_ratio,stable,12,primary,0.8045991131673429,0.8762573857799393,nested,65536,80,student_t,1.5,dynamic,nan
1.5,0.9965158581228575,0.8672715984404764,0.8199708161557608,0.8696242976782917,0.8145749694427711,,0.0,0.5,0.5,nan,0.0034841418771425405,2.0,0,0.848564436842858,mass_ratio,stable,12,primary,0.807568538415922,0.876584552884251,nested,65536,80,student_t,1.5,dynamic,nan
1.5,0.9955278640450004,0.8551796441951651,0.8178881759115837,0.8609468978013478,0.8160761756286643,,0.0,0.5,0.5,nan,0.00447213595499958,2.0,0,0.8287765660644592,mass_ratio,stable,12,primary,0.8072778860199207,0.8793733611901883,nested,65536,80,student_t,1.5,dynamic,nan
1.5,0.9942597056304714,0.849688141359798,0.8187615817254048,0.8562336151625867,0.8160155279558721,,0.0,0.5,0.5,nan,0.005740294369528563,2.0,0,0.8285672338441556,mass_ratio,stable,12,primary,0.8130158995584188,0.8656982677129539,nested,65536,80,student_t,1.5,dynamic,nan
1.5,0.9926319370027192,0.8631748196608511,0.8264004226995426,0.8646671874365177,0.8262741927180353,,0.0,0.5,0.5,nan,0.0073680629972807735,2.0,0,0.831899550111658,mass_ratio,stable,12,primary,0.8215423293947188,0.8666488482059594,nested,65536,80,student_t,1.5,dynamic,nan
1.5,0.9905425839099682,0.8521004422707336,0.8268523168051103,0.8545573846995735,0.8239134815555986,,0.0,0.5,0.5,nan,0.00945741609003176,2.0,0,0.8372479378019101,mass_ratio,stable,12,primary,0.8202152066959726,0.8585510012322337,nested,65536,80,student_t,1.5,dynamic,nan
1.5,0.9878607553799417,0.8545165719505301,0.829665492921172,0.8564436657501582,0.8293981942938444,,0.0,0.5,0.5,nan,0.012139244620058345,2.0,0,0.847289025069902,mass_ratio,stable,12,primary,0.8288866958972484,0.8591276626792855,nested,65536,80,student_t,1.5,dynamic,nan
1.5,0.9844184438389111,0.8677935178431571,0.8441347566965408,0.8681969473795672,0.842316956270696,,0.0,0.5,0.5,nan,0.015581556161088883,2.0,0,0.850631689528003,mass_ratio,stable,12,primary,0.8378435691272431,0.8688392271479003,nested,65536,80,student_t,1.5,dynamic,nan
1.5,0.98,0.8631083392466382,0.8473605369667341,0.8643816068522399,0.8469881272294462,,0.0,0.5,0.5,nan,0.02,2.0,0,0.8552375572834268,mass_ratio,stable,12,primary,0.8461730444020035,0.8674181024565054,nested,65536,80,student_t,1.5,dynamic,nan
1.5,nan,0.815289353158848,0.6837591339420607,0.8227105463589106,0.6601188689491843,,0.0,0.5,0.5,0.6666666666666666,0.003,2.0,196,0.7662636033561878,pickands_xi,stable,12,primary,0.6093362776022968,0.861491704999254,nested,65536,80,student_t,1.5,dynamic,34.09764035150599
1.5,nan,0.7792588139693838,0.6536566933300728,0.7819336320286092,0.6337079469411546,,0.0,0.5,0.5,0.6666666666666666,0.004,2.0,262,0.7170624598199433,pickands_xi,stable,12,primary,0.5886643271057658,0.8075303826548133,nested,65536,80,student_t,1.5,dynamic,27.845567290109372
1.5,nan,0.7730842688957059,0.5978219919328812,0.7830843972322428,0.5914543013899657,,0.0,0.5,0.5,0.6666666666666666,0.006,2.0,393,0.6357658657142602,pickands_xi,stable,12,primary,0.5840720717520125,0.7949408671762769,nested,65536,80,student_t,1.5,dynamic,20.936654135292777
1.5,nan,0.6772449957801344,0.587109343181646,0.6806283956957733,0.5848210366259134,,0.0,0.5,0.5,0.6666666666666666,0.008,2.0,524,0.6567738147358391,pickands_xi,stable,12,primary,0.5799440010495621,0.6902436859428431,nested,65536,80,student_t,1.5,dynamic,17.250715218602004
1.5,nan,0.6575735332608095,0.6236009404864502,0.6598810603641591,0.6207257663857502,,0.0,0.5,0.5,0.6666666666666666,0.012,2.0,786,0.633054961342951,pickands_xi,stable,12,primary,0.6026907089996445,0.672742179882134,nested,65536,80,student_t,1.5,dynamic,13.34973807173347
1.5,nan,0.6959733418166362,0.6239606561340322,0.7054779930544073,0.6135725729484687,,0.0,0.5,0.5,0.6666666666666666,0.018,2.0,1179,0.678509033237608,pickands_xi,stable,12,primary,0.6009820657937853,0.7193503080679172,nested,65536,80,student_t,1.5,dynamic,10.268852614203684
1.5,nan,0.6781879948961962,0.6113363963966602,0.6828086613171946,0.6091693088103287,,0.0,0.5,0.5,0.6666666666666666,0.03,2.0,1966,0.6374040004076666,pickands_xi,stable,12,primary,0.6063826680627475,0.6890528255796038,nested,65536,80,student_t,1.5,dynamic,7.341219027764554
1.5,nan,0.6137509672541063,0.5569396510557975,0.6179524890443593,0.5470341348802843,,0.0,0.5,0.5,0.5756072817429793,0.003,2.0,196,0.5932486690112138,tail_constant,stable,12,primary,0.5350476726393208,0.6273341221374623,nested,65536,80,student_t,1.5,dynamic,34.0120496669718
1.5,nan,0.594407995958766,0.5539616608437085,0.5993956180195178,0.5503721587398314,,0.0,0.5,0.5,0.5756072817429793,0.004,2.0,262,0.5846021172354509,tail_constant,stable,12,primary,0.5443895098922509,0.6139612849268979,nested,65536,80,student_t,1.5,dynamic,27.75609716385496
1.5,nan,0.5860578928525304,0.5576443434877706,0.5890880796942403,0.5567034372769435,,0.0,0.5,0.5,0.5756072817429793,0.006,2.0,393,0.5739075407634484,tail_constant,stable,12,primary,0.5522680041526733,0.5984537358752237,nested,65536,80,student_t,1.5,dynamic,20.92257586933672
1.5,nan,0.6005839885307871,0.5597027059436593,0.6024215187610404,0.5590527390917384,,0.0,0.5,0.5,0.5756072817429793,0.008,2.0,524,0.5727314083386444,tail_constant,stable,12,primary,0.556291620723628,0.6082654091888239,nested,65536,80,student_t,1.5,dynamic,17.247775624618313
1.5,nan,0.5953856290390593,0.5682668928193124,0.5965497913447317,0.5679743144107557,,0.0,0.5,0.5,0.5756072817429793,0.012,2.0,786,0.5838122293487036,tail_constant,stable,12,primary,0.567587674084961,0.5998508745470869,nested,65536,80,student_t,1.5,dynamic,13.331657502063788
1.5,nan,0.6040517274399924,0.5806325351562346,0.6059747626661396,0.5794892691141125,,0.0,0.5,0.5,0.5756072817429793,0.018,2.0,1179,0.5913791345007826,tail_constant,stable,12,primary,0.5780018838252524,0.6081951908419168,nested,65536,80,student_t,1.5,dynamic,10.261744888837974
1.5,nan,0.6044937518486817,0.5904077578264032,0.6053849560739754,0.590048098264499,,0.0,0.5,0.5,0.5756072817429793,0.03,2.0,1966,0.5965903397775295,tail_constant,stable,12,primary,0.5890446774534341,0.6081570423210843,nested,65536,80,student_t,1.5,dynamic,7.3403100261159455
1.5,nan,1.6615790121038443,1.5124197803409918,1.6615790121038443,1.4499692102932082,,0.0,0.5,0.5,1.5,0.003,2.0,49,1.6149278793405153,hill_alpha,stable,4,refinement,1.5099217575390806,1.6584140822742814,block,16384,160,student_t,3.0,dynamic,16.225229848891367
1.5,nan,1.6312723685836386,1.559228358608784,1.6312723685836386,1.5117751976666292,,0.0,0.5,0.5,1.5,0.004,2.0,65,1.614771276286656,hill_alpha,stable,4,refinement,1.5573302321710978,1.627234927514231,block,16384,160,student_t,3.0,dynamic,13.497055466344179
1.5,nan,1.719593777256808,1.5368441384857454,1.719593777256808,1.5368441384857454,,0.0,0.5,0.5,1.5,0.006,2.0,98,1.6161035236056507,hill_alpha,stable,4,refinement,1.5617261374324714,1.683080961415081,block,16384,160,student_t,3.0,dynamic,10.495969046502704
1.5,nan,1.6761463412510769,1.5665853860783696,1.6761463412510769,1.5588477974513704,,0.0,0.5,0.5,1.5,0.008,2.0,131,1.6143507261546475,hill_alpha,stable,4,refinement,1.5662758825332896,1.6656977667004444,block,16384,160,student_t,3.0,dynamic,8.797951591419883
1.5,nan,1.7067565502578002,1.658275644593695,1.7142268284882656,1.6308498310943318,,0.0,0.5,0.5,1.5,0.012,2.0,196,1.6924938650601964,hill_alpha,stable,4,refinement,1.6571786120537204,1.7070553613870187,block,16384,160,student_t,3.0,dynamic,7.033957390568052
1.5,nan,1.819375089886221,1.7482335326241965,1.819375089886221,1.7420476414810326,,0.0,0.5,0.5,1.5,0.018,2.0,294,1.7862508840443398,hill_alpha,stable,4,refinement,1.74798609697847,1.8187545720150682,block,16384,160,student_t,3.0,dynamic,5.784494170404474
1.5,nan,1.9231674034762858,1.8703138798991694,1.95431375135452,1.8487700691602862,,0.0,0.5,0.5,1.5,0.03,2.0,491,1.8919393731180523,hill_alpha,stable,4,refinement,1.869452127469614,1.9244132573914152,block,16384,160,student_t,3.0,dynamic,4.527811160434935
1.5,nan,0.6623360237001104,0.6062793406998513,0.6896988237586754,0.6019969661968718,,0.0,0.5,0.5,0.6666666666666666,0.003,2.0,49,0.6227674694221881,hill_xi,stable,4,refinement,0.6061080457197322,0.663430535702453,block,16384,160,student_t,3.0,dynamic,16.225229848891367
1.5,nan,0.6620646485399271,0.6131440542704688,0.6620646485399271,0.6131440542704688,,0.0,0.5,0.5,0.6666666666666666,0.004,2.0,65,0.623154319701581,hill_xi,stable,4,refinement,0.6176366937798126,0.6436999785951111,block,16384,160,student_t,3.0,dynamic,13.497055466344179
1.5,nan,0.6508635133208482,0.5987356852084392,0.6508635133208482,0.5873995006789416,,0.0,0.5,0.5,0.6666666666666666,0.006,2.0,98,0.6198568954054025,hill_xi,stable,4,refinement,0.5982822378272593,0.6406771490418177,block,16384,160,student_t,3.0,dynamic,10.495969046502704
1.5,nan,0.6415924754813214,0.601000314384091,0.6415924754813214,0.601000314384091,,0.0,0.5,0.5,0.6666666666666666,0.008,2.0,131,0.6213978208208484,hill_xi,stable,4,refinement,0.6033640237919569,0.6393261349260719,block,16384,160,student_t,3.0,dynamic,8.797951591419883
1.5,nan,0.6134503466128579,0.5837440951957245,0.6134503466128579,0.5837440951957245,,0.0,0.5,0.5,0.6666666666666666,0.012,2.0,196,0.5912699420514517,hill_xi,stable,4,refinement,0.5861526418773624,0.6040076122324941,block,16384,160,student_t,3.0,dynamic,7.033957390568052
1.5,nan,0.5721705466952312,0.5498587231271834,0.5740531184651371,0.5498587231271834,,0.0,0.5,0.5,0.6666666666666666,0.018,2.0,294,0.560214678536392,hill_xi,stable,4,refinement,0.5499943994569155,0.5722458495660274,block,16384,160,student_t,3.0,dynamic,5.784494170404474
1.5,nan,0.53492594460619,0.5120285879000548,0.5409223636488012,0.5120285879000548,,0.0,0.5,0.5,0.6666666666666666,0.03,2.0,491,0.5288412917772147,hill_xi,stable,4,refinement,0.5200563335436368,0.5351658013678945,block,16384,160,student_t,3.0,dynamic,4.527811160434935
1.5,0.999,2.538017876242814,2.386322488394624,2.6272729378561355,2.386322488394624,,0.0,0.5,0.5,nan,0.001,2.0,0,2.4422934933523153,mass_ratio,stable,4,refinement,2.410083296561271,2.541588078707347,block,16384,160,student_t,3.0,dynamic,nan
1.5,0.9987164311578874,2.3957845899228736,2.1915446747243887,2.452977226661963,2.1915446747243887,,0.0,0.5,0.5,nan,0.0012835688421125163,2.0,0,2.3059598622651403,mass_ratio,stable,4,refinement,2.2308005611030004,2.398072295392437,block,16384,160,student_t,3.0,dynamic,nan
1.5,0.998352451027558,2.307418038362986,2.0355222639830504,2.307418038362986,1.957733841559613,,0.0,0.5,0.5,nan,0.0016475489724420657,2.0,0,2.135617019234615,mass_ratio,stable,4,refinement,2.0324107270861127,2.235660588938869,block,16384,160,student_t,3.0,dynamic,nan
1.5,0.9978852574731188,2.124373481286884,1.7994875135224337,2.124373481286884,1.7994875135224337,,0.0,0.5,0.5,nan,0.0021147425268811283,2.0,0,1.949207105125182,mass_ratio,stable,4,refinement,1.8631058900917972,2.0485406481292228,block,16384,160,student_t,3.0,dynamic,nan
1.5,0.9972855823834051,1.8937772138814761,1.6682607407894885,1.9117335722823474,1.6682607407894885,,0.0,0.5,0.5,nan,0.002714417616594907,2.0,0,1.8638777838862803,mass_ratio,stable,4,refinement,1.756424247110673,1.8944954682175108,block,16384,160,student_t,3.0,dynamic,nan
1.5,0.9965158581228575,1.745048032879558,1.6079636848367747,1.7500543686552337,1.6079636848367747,,0.0,0.5,0.5,nan,0.0034841418771425405,2.0,0,1.7245684608536205,mass_ratio,stable,4,refinement,1.656506823924735,1.745248286310585,block,16384,160,student_t,3.0,dynamic,nan
1.5,0.9955278640450004,1.6629836081591591,1.5955480722158182,1.6658207290766864,1.5748962163571372,,0.0,0.5,0.5,nan,0.00447213595499958,2.0,0,1.6381732076580657,mass_ratio,stable,4,refinement,1.594721997981471,1.6630970929958604,block,16384,160,student_t,3.0,dynamic,nan
1.5,0.9942597056304714,1.5467750525681512,1.470519952181487,1.5467750525681512,1.470519952181487,,0.0,0.5,0.5,nan,0.005740294369528563,2.0,0,1.5085643873804204,mass_ratio,stable,4,refinement,1.4880304475380086,1.5291847668170069,block,16384,160,student_t,3.0,dynamic,nan
1.5,0.9926319370027192,1.4412504888282067,1.4096872418811026,1.4412504888282067,1.4049012279991104,,0.0,0.5,0.5,nan,0.0073680629972807735,2.0,0,1.4184221262504466,mass_ratio,stable,4,refinement,1.409495801325823,1.4321883326248108,block,16384,160,student_t,3.0,dynamic,nan
1.5,0.9905425839099682,1.374342174790074,1.3461689367667675,1.374342174790074,1.3416545056477713,,0.0,0.5,0.5,nan,0.00945741609003176,2.0,0,1.353018324495943,mass_ratio,stable,4,refinement,1.3459883595220077,1.365227505821777,block,16384,160,student_t,3.0,dynamic,nan
1.5,0.9878607553799417,1.3061974470051245,1.2695716397403136,1.3061974470051245,1.261874822564708,,0.0,0.5,0.5,nan,0.012139244620058345,2.0,0,1.2827672067017966,mass_ratio,stable,4,refinement,1.2692637670532894,1.2975903315567483,block,16384,160,student_t,3.0,dynamic,nan
1.5,0.9844184438389111,1.2526666766652554,1.239598798324225,1.2531213819841178,1.2325060052176904,,0.0,0.5,0.5,nan,0.015581556161088883,2.0,0,1.2494517813885764,mass_ratio,stable,4,refinement,1.2393150865999636,1.25268486487801,block,16384,160,student_t,3.0,dynamic,nan
1.5,0.98,1.2083639324953022,1.2018300325728424,1.2083639324953022,1.2018300325728424,,0.0,0.5,0.5,nan,0.02,2.0,0,1.2052780605226094,mass_ratio,stable,4,refinement,1.2032637292584802,1.20710407067866,block,16384,160,student_t,3.0,dynamic,nan
1.5,nan,0.6933760150562336,0.6057375678021245,0.7404823551151762,0.6033114849410824,,0.0,0.5,0.5,0.6666666666666666,0.003,2.0,49,0.6272166628302287,pickands_xi,stable,4,refinement,0.6056405244876828,0.6952602686585913,block,16384,160,student_t,3.0,dynamic,16.375564255540358
1.5,nan,0.8594877655827915,0.6544462529366288,0.8594877655827915,0.6543838333362988,,0.0,0.5,0.5,0.6666666666666666,0.004,2.0,65,0.7068336403304994,pickands_xi,stable,4,refinement,0.6544437561526156,0.8113297700025908,block,16384,160,student_t,3.0,dynamic,13.679795670451474
1.5,nan,0.8403937430601909,0.649350486705103,0.8403937430601909,0.649350486705103,,0.0,0.5,0.5,0.6666666666666666,0.006,2.0,98,0.8083383288135312,pickands_xi,stable,4,refinement,0.7254137216975073,0.8252580734414354,block,16384,160,student_t,3.0,dynamic,10.559988385948973
1.5,nan,0.6465972197276372,0.6087463329812113,0.6465972197276372,0.596667427043288,,0.0,0.5,0.5,0.6666666666666666,0.008,2.0,131,0.6258792669132596,pickands_xi,stable,4,refinement,0.6082631767436943,0.6390785358139159,block,16384,160,student_t,3.0,dynamic,8.843429864712073
1.5,nan,0.6415465655913278,0.4811695361004541,0.6558906813251351,0.4811695361004541,,0.0,0.5,0.5,0.6666666666666666,0.012,2.0,196,0.5719195978226359,pickands_xi,stable,4,refinement,0.4981937967503567,0.6421203302206802,block,16384,160,student_t,3.0,dynamic,7.054103916463874
1.5,nan,0.6014643780784212,0.4821608878414785,0.6014643780784212,0.39377209765322263,,0.0,0.5,0.5,0.6666666666666666,0.018,2.0,294,0.5765384329093753,pickands_xi,stable,4,refinement,0.47862533623394826,0.5923745267395069,block,16384,160,student_t,3.0,dynamic,5.799856166730022
1.5,nan,0.44425373482776187,0.291730837952319,0.44425373482776187,0.291730837952319,,0.0,0.5,0.5,0.6666666666666666,0.03,2.0,491,0.4053226789263772,pickands_xi,stable,4,refinement,0.33537875902517866,0.4364429905897855,block,16384,160,student_t,3.0,dynamic,4.532300205971994
1.5,nan,0.1995713640736685,0.16501852840503,0.20177017614792775,0.16501852840503,,0.0,0.5,0.5,0.16577267227257178,0.003,2.0,49,0.1955498201956543,tail_constant,stable,4,refinement,0.17879863719872735,0.19965931655663885,block,16384,160,student_t,3.0,dynamic,16.225229848891367
1.5,nan,0.20782871455683055,0.18599508787755314,0.20782871455683055,0.18255580835875146,,0.0,0.5,0.5,0.16577267227257178,0.004,2.0,65,0.19681537740252275,tail_constant,stable,4,refinement,0.1858575166968011,0.20608519752572343,block,16384,160,student_t,3.0,dynamic,13.497055466344179
1.5,nan,0.20834503594091042,0.19324448635945435,0.21106057704208825,0.19324448635945435,,0.0,0.5,0.5,0.16577267227257178,0.006,2.0,98,0.20340474686248738,tail_constant,stable,4,refinement,0.1970535323718325,0.20845365758495754,block,16384,160,student_t,3.0,dynamic,10.495969046502704
1.5,nan,0.21422972113047084,0.20601607065338584,0.21422972113047084,0.20601607065338584,,0.0,0.5,0.5,0.16577267227257178,0.008,2.0,131,0.20865984442656038,tail_constant,stable,4,refinement,0.20627159318689542,0.212569669190208,block,16384,160,student_t,3.0,dynamic,8.797951591419883
1.5,nan,0.22942436708384636,0.22085366755575622,0.22942436708384636,0.21992865211754964,,0.0,0.5,0.5,0.16577267227257178,0.012,2.0,196,0.22320531944419364,tail_constant,stable,4,refinement,0.22081666693822796,0.22712400971292385,block,16384,160,student_t,3.0,dynamic,7.033957390568052
1.5,nan,0.2521668288654372,0.24616176662365086,0.2521668288654372,0.24616176662365086,,0.0,0.5,0.5,0.16577267227257178,0.018,2.0,294,0.24964899007250807,tail_constant,stable,4,refinement,0.2471971905351277,0.2515967095888058,block,16384,160,student_t,3.0,dynamic,5.784494170404474
1.5,nan,0.29011112716014886,0.2855496119933547,0.29011112716014886,0.28362729969354383,,0.0,0.5,0.5,0.16577267227257178,0.03,2.0,491,0.28873399770349867,tail_constant,stable,4,refinement,0.28547271950136227,0.29005590025791667,block,16384,160,student_t,3.0,dynamic,4.527811160434935
1.5,nan,0.011079630734488283,0.006786126364462615,0.011079630734488283,0.006786126364462615,,0.0,0.5,0.5,0.0,nan,2.0,0,0.008567720440382672,control_ecf_rmse,stable,4,refinement,0.006855889823323198,0.010659315490898635,full,16384,160,student_t,3.0,dynamic,0.5
1.5,nan,0.008932209929160797,0.005194932466278819,0.00929294647398412,0.005194932466278819,,0.0,0.5,0.5,0.0,nan,2.0,0,0.0075650865814778845,control_ecf_rmse,stable,4,refinement,0.005849540776201766,0.00894663939095373,full,16384,160,student_t,3.0,dynamic,0.875
1.5,nan,0.006927641651489547,0.0036913620061053763,0.006927641651489547,0.0036913620061053763,,0.0,0.5,0.5,0.0,nan,2.0,0,0.006141346579062073,control_ecf_rmse,stable,4,refinement,0.004795270905958486,0.006622303711890464,full,16384,160,student_t,3.0,dynamic,1.25
1.5,nan,0.01030274011714922,0.005167520894448416,0.012349903216960676,0.005167520894448416,,0.0,0.5,0.5,0.0,nan,2.0,0,0.007115056350196731,control_ecf_rmse,stable,4,refinement,0.005554887992979911,0.010384626641141679,full,16384,160,student_t,3.0,dynamic,1.625
1.5,nan,0.007738922759779006,0.005909008005832998,0.008420753729798608,0.005909008005832998,,0.0,0.5,0.5,0.0,nan,2.0,0,0.006785156432804801,control_ecf_rmse,stable,4,refinement,0.006199030279441254,0.00776619599857979,full,16384,160,student_t,3.0,dynamic,2.0
1.5,nan,0.11620494361835464,0.08099240596961922,0.11620494361835464,0.08099240596961922,,0.0,0.5,0.5,0.0,nan,2.0,0,0.08326848345469003,control_w1,stable,4,refinement,0.0815264271717546,0.10095393873049424,full,16384,160,student_t,3.0,dynamic,0.5
1.5,nan,0.1883443212736544,0.07818219754183833,0.1883443212736544,0.07818219754183833,,0.0,0.5,0.5,0.0,nan,2.0,0,0.08986213758853993,control_w1,stable,4,refinement,0.0789189274362755,0.14594251443277906,full,16384,160,student_t,3.0,dynamic,0.875
1.5,nan,0.14433857782698256,0.07469912078222132,0.14433857782698256,0.07469912078222132,,0.0,0.5,0.5,0.0,nan,2.0,0,0.1172238319334707,control_w1,stable,4,refinement,0.09414147330169656,0.13229300863122134,full,16384,160,student_t,3.0,dynamic,1.25
1.5,nan,0.14314319818727406,0.08195657798080741,0.14314319818727406,0.08195657798080741,,0.0,0.5,0.5,0.0,nan,2.0,0,0.10866247098031508,control_w1,stable,4,refinement,0.09328846211078654,0.1280793936377183,full,16384,160,student_t,3.0,dynamic,1.625
1.5,nan,0.14433848949602707,0.09916503488322152,0.14433848949602707,0.09677047464495425,,0.0,0.5,0.5,0.0,nan,2.0,0,0.10456715042430183,control_w1,stable,4,refinement,0.09906925247369083,0.1266918732869492,full,16384,160,student_t,3.0,dynamic,2.0
1.5,nan,0.01697367208789327,0.014707722072968683,0.01697367208789327,0.014588143631803956,,1.0,0.5,0.5,0.0,nan,2.0,0,0.015484622781501693,pt_ecf_sup_exact_a,stable,4,refinement,0.014708980793402012,0.016568401251082172,full,16384,160,student_t,3.0,dynamic,0.5
1.5,nan,0.013709602605460261,0.010706655879026878,0.013709602605460261,0.010706655879026878,,1.0,0.5,0.5,0.0,nan,2.0,0,0.012194192025164243,pt_ecf_sup_exact_a,stable,4,refinement,0.011152265688338308,0.013250613067752678,full,16384,160,student_t,3.0,dynamic,0.875
1.5,nan,0.014612174948382017,0.011422228117469685,0.014612174948382017,0.010340749681944466,,1.0,0.5,0.5,0.0,nan,2.0,0,0.012518227113928887,pt_ecf_sup_exact_a,stable,4,refinement,0.011378968980048676,0.013614049857092827,full,16384,160,student_t,3.0,dynamic,1.25
1.5,nan,0.011468619800231743,0.007872008015367865,0.011468619800231743,0.007872008015367865,,1.0,0.5,0.5,0.0,nan,2.0,0,0.009949846995461576,pt_ecf_sup_exact_a,stable,4,refinement,0.008154652484523408,0.0114543270952315,full,16384,160,student_t,3.0,dynamic,1.625
1.5,nan,0.01249686710491847,0.006453063810511432,0.01249686710491847,0.006453063810511432,,1.0,0.5,0.5,0.0,nan,2.0,0,0.011203004615101767,pt_ecf_sup_exact_a,stable,4,refinement,0.008333856767553584,0.012274991738967662,full,16384,160,student_t,3.0,dynamic,2.0
1.5,nan,0.017046357035408164,0.012917329069398442,0.017046357035408164,0.012917329069398442,,1.0,0.5,0.5,0.0,nan,2.0,0,0.014968076580440057,pt_ecf_sup_exact_b,stable,4,refinement,0.01345451922563751,0.01649595106608438,full,16384,160,student_t,3.0,dynamic,0.5
1.5,nan,0.014670632850826155,0.008944386704969727,0.015603882906076307,0.008944386704969727,,1.0,0.5,0.5,0.0,nan,2.0,0,0.012828993233467697,pt_ecf_sup_exact_b,stable,4,refinement,0.010372970848836765,0.014707962853036162,full,16384,160,student_t,3.0,dynamic,0.875
1.5,nan,0.014407505485142975,0.012804416875537336,0.01443627851824535,0.012442237653905338,,1.0,0.5,0.5,0.0,nan,2.0,0,0.013772664274604968,pt_ecf_sup_exact_b,stable,4,refinement,0.012789929706672056,0.01440865640646707,full,16384,160,student_t,3.0,dynamic,1.25
1.5,nan,0.01468285454502459,0.009984277661120523,0.015948184917120464,0.009984277661120523,,1.0,0.5,0.5,0.0,nan,2.0,0,0.012389209838774317,pt_ecf_sup_exact_b,stable,4,refinement,0.010645054226000232,0.014733467759908424,full,16384,160,student_t,3.0,dynamic,1.625
1.5,nan,0.015839548119446694,0.011308891140996806,0.015839548119446694,0.011308891140996806,,1.0,0.5,0.5,0.0,nan,2.0,0,0.01383453255492957,pt_ecf_sup_exact_b,stable,4,refinement,0.011882400171736895,0.015515939496426111,full,16384,160,student_t,3.0,dynamic,2.0
1.5,nan,0.01839190588110521,0.008450498599676675,0.01839190588110521,0.008450498599676675,,1.0,0.5,0.5,0.0,nan,2.0,0,0.011612406437510093,pt_ecf_sup_exact_c,stable,4,refinement,0.008565786489659591,0.01654017402035668,full,16384,160,student_t,3.0,dynamic,0.5
1.5,nan,0.015482610344390219,0.011456835111285046,0.015482610344390219,0.01108726651759056,,1.0,0.5,0.5,0.0,nan,2.0,0,0.013107084502755446,pt_ecf_sup_exact_c,stable,4,refinement,0.011442052367537266,0.014957084723337968,full,16384,160,student_t,3.0,dynamic,0.875
1.5,nan,0.018688608006654464,0.009078585861785414,0.018688608006654464,0.00715674524352387,,1.0,0.5,0.5,0.0,nan,2.0,0,0.012876207458695988,pt_ecf_sup_exact_c,stable,4,refinement,0.009001712237054952,0.01679903061338593,full,16384,160,student_t,3.0,dynamic,1.25
1.5,nan,0.014188654295233524,0.008401347589974989,0.018405673587978472,0.008401347589974989,,1.0,0.5,0.5,0.0,nan,2.0,0,0.009861374994619847,pt_ecf_sup_exact_c,stable,4,refinement,0.00904923594042753,0.014357335066943321,full,16384,160,student_t,3.0,dynamic,1.625
1.5,nan,0.013263611458339914,0.011262884184833044,0.013263611458339914,0.011144313892488449,,1.0,0.5,0.5,0.0,nan,2.0,0,0.011492903647128757,pt_ecf_sup_exact_c,stable,4,refinement,0.01125814137313926,0.012467167310535095,full,16384,160,student_t,3.0,dynamic,2.0
1.5,nan,0.012756468145061314,0.009548701947528666,0.012756468145061314,0.009548701947528666,,1.0,0.5,0.5,0.0,nan,2.0,0,0.011187966625951814,pt_ecf_sup_numerical,stable,4,refinement,0.010059553223569903,0.012279583185490626,full,16384,160,student_t,3.0,dynamic,0.5
1.5,nan,0.012773756517305817,0.00925247888767345,0.012773756517305817,0.00925247888767345,,1.0,0.5,0.5,0.0,nan,2.0,0,0.01151996159572024,pt_ecf_sup_numerical,stable,4,refinement,0.009846873227756868,0.012665932314723781,full,16384,160,student_t,3.0,dynamic,0.875
1.5,nan,0.012486450815752122,0.009647746688614485,0.01433870716359653,0.009312200412541582,,1.0,0.5,0.5,0.0,nan,2.0,0,0.010308743716297551,pt_ecf_sup_numerical,stable,4,refinement,0.009634324837571569,0.0125605410696659,full,16384,160,student_t,3.0,dynamic,1.25
1.5,nan,0.01630269417799134,0.01046851911857714,0.01630269417799134,0.009060262288733857,,1.0,0.5,0.5,0.0,nan,2.0,0,0.01404367650350013,pt_ecf_sup_numerical,stable,4,refinement,0.010412188845383408,0.01625847796067382,full,16384,160,student_t,3.0,dynamic,1.625
1.5,nan,0.016109930995971595,0.009448552105265063,0.016109930995971595,0.009448552105265063,,1.0,0.5,0.5,0.0,nan,2.0,0,0.012113606564118709,pt_ecf_sup_numerical,stable,4,refinement,0.010144793154245,0.014774680359952023,full,16384,160,student_t,3.0,dynamic,2.0
1.5,nan,3.476834167957811e-05,3.466233578830861e-05,3.476834167957811e-05,3.466233578830861e-05,,1.0,0.5,0.5,0.0,nan,2.0,0,3.4710942276128324e-05,score_table_ecf_rmse,stable,4,refinement,3.4676736434896034e-05,3.474972043348826e-05,full,16384,160,student_t,3.0,dynamic,nan
1.5,nan,1.2138593394661612e-05,2.8216459240226754e-06,1.417898189326472e-05,2.8216459240226754e-06,,1.0,0.5,0.5,0.0,nan,2.0,0,6.596845942952179e-06,score_table_hill_alpha_absdiff,stable,4,refinement,2.9530896356178003e-06,1.2220208934605736e-05,full,16384,160,student_t,3.0,dynamic,nan
1.5,nan,7.5263153644579125e-06,3.55550920063126e-06,7.595302621241285e-06,3.3825544011917917e-06,,1.0,0.5,0.5,0.0,nan,2.0,0,5.592896053872635e-06,score_table_tail_constant_reldiff,stable,4,refinement,3.5485910086536818e-06,7.529074854729247e-06,full,16384,160,student_t,3.0,dynamic,nan
1.5,nan,8.313251267081441e-05,8.27144862878226e-05,8.313251267081441e-05,8.268262368476027e-05,,0.0,0.5,0.5,0.0,nan,2.0,0,8.282145108104551e-05,score_table_trajectory_mean_abs,stable,4,refinement,8.271321178370011e-05,8.301925215900242e-05,full,16384,160,student_t,3.0,dynamic,0.5
1.5,nan,6.765588305367614e-05,6.738029056483922e-05,6.765588305367614e-05,6.738029056483922e-05,,0.0,0.5,0.5,0.0,nan,2.0,0,6.750762773717218e-05,score_table_trajectory_mean_abs,stable,4,refinement,6.741567580093154e-05,6.761045710838174e-05,full,16384,160,student_t,3.0,dynamic,0.875
1.5,nan,4.909142391801931e-05,4.897899121106908e-05,4.909612562079568e-05,4.894355886902372e-05,,0.0,0.5,0.5,0.0,nan,2.0,0,4.905032542613783e-05,score_table_trajectory_mean_abs,stable,4,refinement,4.897757391738727e-05,4.9091374426411135e-05,full,16384,160,student_t,3.0,dynamic,1.25
1.5,nan,2.675965149181361e-05,2.6698084436812967e-05,2.675965149181361e-05,2.6678598630335783e-05,,0.0,0.5,0.5,0.0,nan,2.0,0,2.672751242558526e-05,score_table_trajectory_mean_abs,stable,4,refinement,2.669730500455388e-05,2.6748996987525657e-05,full,16384,160,student_t,3.0,dynamic,1.625
1.5,nan,0.0,0.0,0.0,0.0,,0.0,0.5,0.5,0.0,nan,2.0,0,0.0,score_table_trajectory_mean_abs,stable,4,refinement,0.0,0.0,full,16384,160,student_t,3.0,dynamic,2.0
1.5,nan,7.837648177199828e-05,7.784399893624148e-05,7.837648177199828e-05,7.784399893624148e-05,,1.0,0.5,0.5,0.0,nan,2.0,0,7.799811564854405e-05,score_table_w1,stable,4,refinement,7.787330621411115e-05,7.823953477677582e-05,full,16384,160,student_t,3.0,dynamic,nan
1.5,nan,1.630035253930894,1.4637338563783393,1.630035253930894,1.4637338563783393,,0.0,0.5,0.5,1.5,0.003,2.0,196,1.5897370717882215,hill_alpha,stable,4,refinement,1.522637775870555,1.612269750406939,full,65536,160,student_t,3.0,dynamic,16.13289010050449
1.5,nan,1.6080420907208002,1.510774731779143,1.6080420907208002,1.510774731779143,,0.0,0.5,0.5,1.5,0.004,2.0,262,1.579737786828319,hill_alpha,stable,4,refinement,1.5428488057324155,1.595484217322741,full,65536,160,student_t,3.0,dynamic,13.392618026086687
1.5,nan,1.6583790632219437,1.5442085963336525,1.6583790632219437,1.5291411300947484,,0.0,0.5,0.5,1.5,0.006,2.0,393,1.5670799252202405,hill_alpha,stable,4,refinement,1.5436058976840965,1.6183013310520142,full,65536,160,student_t,3.0,dynamic,10.495071713553312
1.5,nan,1.6479778037997774,1.5806779243151512,1.6569072877171187,1.5757514569166837,,0.0,0.5,0.5,1.5,0.008,2.0,524,1.6123263557980272,hill_alpha,stable,4,refinement,1.5804808656192124,1.6483349831564709,full,65536,160,student_t,3.0,dynamic,8.80363097327696
1.5,nan,1.7101213676908247,1.6554219974057411,1.7216497509723834,1.6329360442160639,,0.0,0.5,0.5,1.5,0.012,2.0,786,1.6882504675023422,hill_alpha,stable,4,refinement,1.654522559278154,1.710582503022087,full,65536,160,student_t,3.0,dynamic,7.089965732941343
1.5,nan,1.7955850587102054,1.7586903456803977,1.7955850587102054,1.7478458057814243,,0.0,0.5,0.5,1.5,0.018,2.0,1179,1.7764875266239188,hill_alpha,stable,4,refinement,1.758256564084439,1.7897555110101706,full,65536,160,student_t,3.0,dynamic,5.7655229740730505
1.5,nan,1.9302361639785366,1.8622167237944867,1.9302361639785366,1.8622167237944867,,0.0,0.5,0.5,1.5,0.03,2.0,1966,1.8818052783241006,hill_alpha,stable,4,refinement,1.8691306048074072,1.9094779640257014,full,65536,160,student_t,3.0,dynamic,4.517654925630556
1.5,nan,0.6567611710235233,0.6134836639811689,0.6831843067934916,0.6134836639811689,,0.0,0.5,0.5,0.6666666666666666,0.003,2.0,196,0.6290375258600353,hill_xi,stable,4,refinement,0.6203252731741353,0.6578180964543221,full,65536,160,student_t,3.0,dynamic,16.13289010050449
1.5,nan,0.6619120501322946,0.6270167651615463,0.6619120501322946,0.6218742691938822,,0.0,0.5,0.5,0.6666666666666666,0.004,2.0,262,0.6330176102513911,hill_xi,stable,4,refinement,0.6268110653228397,0.6484547265681078,full,65536,160,student_t,3.0,dynamic,13.392618026086687
1.5,nan,0.6476425648459685,0.6029984472049309,0.6539618746230691,0.6029984472049309,,0.0,0.5,0.5,0.6666666666666666,0.006,2.0,393,0.6381453706853489,hill_xi,stable,4,refinement,0.6183435859714425,0.6478953372370526,full,65536,160,student_t,3.0,dynamic,10.495071713553312
1.5,nan,0.6326460934300329,0.6068221053386329,0.6346178489066592,0.603534070622501,,0.0,0.5,0.5,0.6666666666666666,0.008,2.0,524,0.6203922390040857,hill_xi,stable,4,refinement,0.6066905839499876,0.6327249636490979,full,65536,160,student_t,3.0,dynamic,8.80363097327696
1.5,nan,0.6041870528177775,0.5847803937359858,0.6123938555597734,0.5808382334648511,,0.0,0.5,0.5,0.6666666666666666,0.012,2.0,786,0.5923514020414511,hill_xi,stable,4,refinement,0.5846227073251404,0.6045153249274574,full,65536,160,student_t,3.0,dynamic,7.089965732941343
1.5,nan,0.5686265502339076,0.5588178074842047,0.5721328487285647,0.5569215421731758,,0.0,0.5,0.5,0.6666666666666666,0.018,2.0,1179,0.562917162267242,hill_xi,stable,4,refinement,0.5587419568717635,0.5687668021736939,full,65536,160,student_t,3.0,dynamic,5.7655229740730505
1.5,nan,0.5369944256339734,0.5237110997080276,0.5369944256339734,0.5180713213552244,,0.0,0.5,0.5,0.6666666666666666,0.03,2.0,1966,0.5314086438002721,hill_xi,stable,4,refinement,0.5237704657959528,0.5350160206866913,full,65536,160,student_t,3.0,dynamic,4.517654925630556
1.5,0.999,2.5462874330246255,2.4114925613572424,2.6460649030217853,2.3843232199549615,,0.0,0.5,0.5,nan,0.001,2.0,0,2.4425859328934942,mass_ratio,stable,4,refinement,2.410405787701151,2.550278531824512,full,65536,160,student_t,3.0,dynamic,nan
1.5,0.9987164311578874,2.4316002026035624,2.17622118345534,2.4316002026035624,2.17622118345534,,0.0,0.5,0.5,nan,0.0012835688421125163,2.0,0,2.255838397931785,mass_ratio,stable,4,refinement,2.1775145431016303,2.384157439663513,full,65536,160,student_t,3.0,dynamic,nan
1.5,0.998352451027558,2.2082148029509945,2.037328842866967,2.3060800231321474,1.972755409239657,,0.0,0.5,0.5,nan,0.0016475489724420657,2.0,0,2.106125929632059,mass_ratio,stable,4,refinement,2.034745905521875,2.2121294117582404,full,65536,160,student_t,3.0,dynamic,nan
1.5,0.9978852574731188,2.073407236922301,1.8708347633085762,2.1295052378859856,1.8708347633085762,,0.0,0.5,0.5,nan,0.0021147425268811283,2.0,0,1.9941131555643432,mass_ratio,stable,4,refinement,1.9188742730020931,2.0756511569608485,full,65536,160,student_t,3.0,dynamic,nan
1.5,0.9972855823834051,1.9461568478812534,1.7342517890093465,1.9461568478812534,1.7342517890093465,,0.0,0.5,0.5,nan,0.002714417616594907,2.0,0,1.8573256156913054,mass_ratio,stable,4,refinement,1.7884679773411674,1.9083771049055978,full,65536,160,student_t,3.0,dynamic,nan
1.5,0.9965158581228575,1.7692162374043217,1.7014358073970401,1.7914757100663916,1.6568904587496749,,0.0,0.5,0.5,nan,0.0034841418771425405,2.0,0,1.7464689603933286,mass_ratio,stable,4,refinement,1.6996539934511454,1.7701066163108046,full,65536,160,student_t,3.0,dynamic,nan
1.5,0.9955278640450004,1.683843477211435,1.5884579900736255,1.683843477211435,1.5751574363170078,,0.0,0.5,0.5,nan,0.00447213595499958,2.0,0,1.6172604064431666,mass_ratio,stable,4,refinement,1.5879259679233608,1.6593244972968693,full,65536,160,student_t,3.0,dynamic,nan
1.5,0.9942597056304714,1.5325716335594621,1.4675389418056564,1.5404542451946706,1.4675389418056564,,0.0,0.5,0.5,nan,0.005740294369528563,2.0,0,1.5239774409034594,mass_ratio,stable,4,refinement,1.4942878624826204,1.5328869380248706,full,65536,160,student_t,3.0,dynamic,nan
1.5,0.9926319370027192,1.4528825240506,1.400178356388808,1.4528825240506,1.400178356388808,,0.0,0.5,0.5,nan,0.0073680629972807735,2.0,0,1.4215360183700767,mass_ratio,stable,4,refinement,1.4073800368149187,1.440886198648847,full,65536,160,student_t,3.0,dynamic,nan
1.5,0.9905425839099682,1.3686196211797281,1.347915085298549,1.3686196211797281,1.3470293387090424,,0.0,0.5,0.5,nan,0.00945741609003176,2.0,0,1.3545178601863643,mass_ratio,stable,4,refinement,1.3478796554349688,1.3645949494861018,full,65536,160,student_t,3.0,dynamic,nan
1.5,0.9878607553799417,1.3038806575081754,1.2785285706800276,1.3048469401856,1.2785285706800276,,0.0,0.5,0.5,nan,0.012139244620058345,2.0,0,1.2931443401112128,mass_ratio,stable,4,refinement,1.2808545233416182,1.3039193088152723,full,65536,160,student_t,3.0,dynamic,nan
1.5,0.9844184438389111,1.2537488002846984,1.2415535849728538,1.2537488002846984,1.2397186288420574,,0.0,0.5,0.5,nan,0.015581556161088883,2.0,0,1.2484064639468035,mass_ratio,stable,4,refinement,1.241480186727622,1.2535930818072225,full,65536,160,student_t,3.0,dynamic,nan
1.5,0.98,1.212935386632617,1.2026731608270367,1.212935386632617,1.2026731608270367,,0.0,0.5,0.5,nan,0.02,2.0,0,1.205150442789777,mass_ratio,stable,4,refinement,1.2034940629648248,1.2095668067923813,full,65536,160,student_t,3.0,dynamic,nan
1.5,nan,0.7877074104912113,0.7145498678430952,0.8385885061542198,0.7017643558278819,,0.0,0.5,0.5,0.6666666666666666,0.003,2.0,196,0.7320808473432556,pickands_xi,stable,4,refinement,0.7140384473624867,0.7897426543177316,full,65536,160,student_t,3.0,dynamic,16.204250209932837
1.5,nan,0.8455202704458649,0.6632943168322808,0.8521828891015754,0.6632943168322808,,0.0,0.5,0.5,0.6666666666666666,0.004,2.0,262,0.761396312788535,pickands_xi,stable,4,refinement,0.6732018321705054,0.8457867751920933,full,65536,160,student_t,3.0,dynamic,13.403021130112839
1.5,nan,0.7368658504709142,0.669026132575067,0.7416571927879841,0.6682962725627454,,0.0,0.5,0.5,0.6666666666666666,0.006,2.0,393,0.7009152503706164,pickands_xi,stable,4,refinement,0.6689969381745742,0.737057504163597,full,65536,160,student_t,3.0,dynamic,10.536785532430677
1.5,nan,0.6715952942708328,0.5930924937050285,0.6715952942708328,0.5930924937050285,,0.0,0.5,0.5,0.6666666666666666,0.008,2.0,524,0.6450184102660658,pickands_xi,stable,4,refinement,0.6129117897163465,0.6639435338865244,full,65536,160,student_t,3.0,dynamic,8.813154288316902
1.5,nan,0.6936274935059942,0.5022324787677023,0.7435124633033997,0.5022324787677023,,0.0,0.5,0.5,0.6666666666666666,0.012,2.0,786,0.6120504491884352,pickands_xi,stable,4,refinement,0.5397329087999805,0.6956228922978904,full,65536,160,student_t,3.0,dynamic,7.094210960248962
1.5,nan,0.5622260606017984,0.43458708859256673,0.5698309001002798,0.43458708859256673,,0.0,0.5,0.5,0.6666666666666666,0.018,2.0,1179,0.5445538343090335,pickands_xi,stable,4,refinement,0.4825387808752147,0.5625302541817376,full,65536,160,student_t,3.0,dynamic,5.768241369423054
1.5,nan,0.4258714358444022,0.3268697168097745,0.4258714358444022,0.3268697168097745,,0.0,0.5,0.5,0.6666666666666666,0.03,2.0,1966,0.3671543805392782,pickands_xi,stable,4,refinement,0.32757790182029367,0.4163157028775853,full,65536,160,student_t,3.0,dynamic,4.519150169678821
1.5,nan,0.2080797416897604,0.17848956724838438,0.2080797416897604,0.17848956724838438,,0.0,0.5,0.5,0.16577267227257178,0.003,2.0,196,0.19379709432993836,tail_constant,stable,4,refinement,0.18525271160386694,0.20180853960070919,full,65536,160,student_t,3.0,dynamic,16.13289010050449
1.5,nan,0.20996187723764992,0.18409816592698722,0.20996187723764992,0.18409816592698722,,0.0,0.5,0.5,0.16577267227257178,0.004,2.0,262,0.19593936412898316,tail_constant,stable,4,refinement,0.1892741459845324,0.20373886602490274,full,65536,160,student_t,3.0,dynamic,13.392618026086687
1.5,nan,0.2066216092873658,0.1927182692124054,0.2066216092873658,0.1927182692124054,,0.0,0.5,0.5,0.16577267227257178,0.006,2.0,393,0.2038929393572877,tail_constant,stable,4,refinement,0.19685115267638056,0.20654280592649665,full,65536,160,student_t,3.0,dynamic,10.495071713553312
1.5,nan,0.2154035182502139,0.20581772227407755,0.2154035182502139,0.20581772227407755,,0.0,0.5,0.5,0.16577267227257178,0.008,2.0,524,0.20886120287222787,tail_constant,stable,4,refinement,0.20590069636704722,0.21364110346292306,full,65536,160,student_t,3.0,dynamic,8.80363097327696
1.5,nan,0.22915979517513377,0.22182073982659545,0.22915979517513377,0.22182073982659545,,0.0,0.5,0.5,0.16577267227257178,0.012,2.0,786,0.22641925224723983,tail_constant,stable,4,refinement,0.22316805226251074,0.22870430809573866,full,65536,160,student_t,3.0,dynamic,7.089965732941343
1.5,nan,0.25183332388271107,0.24670702841656333,0.25343821965813096,0.24670702841656333,,0.0,0.5,0.5,0.16577267227257178,0.018,2.0,1179,0.24905401335265048,tail_constant,stable,4,refinement,0.24726986210365762,0.25189751971372787,full,65536,160,student_t,3.0,dynamic,5.7655229740730505
1.5,nan,0.2901341365500648,0.2858233782030071,0.29063176911666627,0.2858233782030071,,0.0,0.5,0.5,0.16577267227257178,0.03,2.0,1966,0.28805495304509443,tail_constant,stable,4,refinement,0.2861353896767919,0.29015404185272886,full,65536,160,student_t,3.0,dynamic,4.517654925630556
1.5,nan,1.9404458157590248,1.5082767344634764,2.192240917977352,1.4405659551989707,,0.0,0.5,0.5,1.5,0.003,2.0,49,1.63231911363434,hill_alpha,stable,4,refinement,1.5055683032928961,1.950517619847758,nested,16384,160,student_t,3.0,dynamic,15.397387535224299
1.5,nan,1.8894274148116508,1.4896056733119858,1.8894274148116508,1.448754269792728,,0.0,0.5,0.5,1.5,0.004,2.0,65,1.592540340172544,hill_alpha,stable,4,refinement,1.4879716171712156,1.7767215853887035,nested,16384,160,student_t,3.0,dynamic,12.685278966472264
1.5,nan,1.9486921993525057,1.5520840340648572,1.9486921993525057,1.4879482434144418,,0.0,0.5,0.5,1.5,0.006,2.0,98,1.6843143616930454,hill_alpha,stable,4,refinement,1.5495186024388405,1.8544762150252958,nested,16384,160,student_t,3.0,dynamic,10.213274066483105
1.5,nan,1.9221353849236156,1.5776185671619631,1.9221353849236156,1.5776185671619631,,0.0,0.5,0.5,1.5,0.008,2.0,131,1.7097996651818894,hill_alpha,stable,4,refinement,1.6285795244005277,1.8327002092585871,nested,16384,160,student_t,3.0,dynamic,8.672032581422755
1.5,nan,1.8513339658458696,1.665260216488911,1.8513339658458696,1.665260216488911,,0.0,0.5,0.5,1.5,0.012,2.0,196,1.785381916208327,hill_alpha,stable,4,refinement,1.7211083593022536,1.8214872550718262,nested,16384,160,student_t,3.0,dynamic,7.043126784903283
1.5,nan,1.9474872210409513,1.7901009858562735,1.9474872210409513,1.7328493116051444,,0.0,0.5,0.5,1.5,0.018,2.0,294,1.8596403921696965,hill_alpha,stable,4,refinement,1.7907036350589247,1.908326138399954,nested,16384,160,student_t,3.0,dynamic,5.80282981350719
1.5,nan,2.013455411094082,1.8606186468953045,2.013455411094082,1.8606186468953045,,0.0,0.5,0.5,1.5,0.03,2.0,491,2.0070217665242476,hill_alpha,stable,4,refinement,1.9285126115793323,2.012746794438426,nested,16384,160,student_t,3.0,dynamic,4.537520187334066
1.5,nan,0.6941716180304152,0.5241715105716753,0.6941716180304152,0.4561542446359589,,0.0,0.5,0.5,0.6666666666666666,0.003,2.0,49,0.6133557850887857,hill_xi,stable,4,refinement,0.5214508199342467,0.6655401823375021,nested,16384,160,student_t,3.0,dynamic,15.397387535224299
1.5,nan,0.671823877030965,0.5668139648927906,0.6902481813862533,0.5292608713945679,,0.0,0.5,0.5,0.6666666666666666,0.004,2.0,65,0.628883315533345,hill_xi,stable,4,refinement,0.5653118411528617,0.6725608492051766,nested,16384,160,student_t,3.0,dynamic,12.685278966472264
1.5,nan,0.6453970512852796,0.5419038744762412,0.6720663870036692,0.5131646754332322,,0.0,0.5,0.5,0.6666666666666666,0.006,2.0,98,0.5946853945430701,hill_xi,stable,4,refinement,0.5407543065145208,0.6464638247140152,nested,16384,160,student_t,3.0,dynamic,10.213274066483105
1.5,nan,0.6138830229487504,0.5202547166258735,0.6338667792170685,0.5202547166258735,,0.0,0.5,0.5,0.6666666666666666,0.008,2.0,131,0.5849992438602156,hill_xi,stable,4,refinement,0.5470600787446537,0.614682373199483,nested,16384,160,student_t,3.0,dynamic,8.672032581422755
1.5,nan,0.6005067496949111,0.5495373250811534,0.6005067496949111,0.5401510578039347,,0.0,0.5,0.5,0.6666666666666666,0.012,2.0,196,0.56010674975702,hill_xi,stable,4,refinement,0.5491618743900646,0.5816826652760744,nested,16384,160,student_t,3.0,dynamic,7.043126784903283
1.5,nan,0.5770842238288432,0.513482188327526,0.5770842238288432,0.513482188327526,,0.0,0.5,0.5,0.6666666666666666,0.018,2.0,294,0.5377444695305886,hill_xi,stable,4,refinement,0.5242590256830975,0.5590701993875796,nested,16384,160,student_t,3.0,dynamic,5.80282981350719
1.5,nan,0.5374556477054748,0.49665862700014535,0.5374556477054748,0.49665862700014535,,0.0,0.5,0.5,0.6666666666666666,0.03,2.0,491,0.49825373977317355,hill_xi,stable,4,refinement,0.49683354957794473,0.5192294634512243,nested,16384,160,student_t,3.0,dynamic,4.537520187334066
1.5,0.999,2.9808270789361644,1.939493571407798,2.9808270789361644,1.939493571407798,,0.0,0.5,0.5,nan,0.001,2.0,0,2.163359104764105,mass_ratio,stable,4,refinement,1.9456095860866152,2.6897818926657866,nested,16384,160,student_t,3.0,dynamic,nan
1.5,0.9987164311578874,2.506522572646582,1.8675266681918503,2.6830193195162373,1.8675266681918503,,0.0,0.5,0.5,nan,0.0012835688421125163,2.0,0,2.1409761564594585,mass_ratio,stable,4,refinement,1.9080385812879175,2.513582442521368,nested,16384,160,student_t,3.0,dynamic,nan
1.5,0.998352451027558,2.458580620572821,1.894207202007632,2.458580620572821,1.894207202007632,,0.0,0.5,0.5,nan,0.0016475489724420657,2.0,0,1.9436442853196456,mass_ratio,stable,4,refinement,1.8962901177026197,2.2330580639460758,nested,16384,160,student_t,3.0,dynamic,nan
1.5,0.9978852574731188,2.1470076129921694,1.769272956684494,2.1470076129921694,1.769272956684494,,0.0,0.5,0.5,nan,0.0021147425268811283,2.0,0,1.8732776590594615,mass_ratio,stable,4,refinement,1.7714502407053223,2.0633622082236256,nested,16384,160,student_t,3.0,dynamic,nan
1.5,0.9972855823834051,1.962293854541671,1.644828810444387,1.962293854541671,1.644828810444387,,0.0,0.5,0.5,nan,0.002714417616594907,2.0,0,1.7992353242087755,mass_ratio,stable,4,refinement,1.6897304253983854,1.9132392716347892,nested,16384,160,student_t,3.0,dynamic,nan
1.5,0.9965158581228575,1.7791560931236268,1.4995578486679302,1.7791560931236268,1.4995578486679302,,0.0,0.5,0.5,nan,0.0034841418771425405,2.0,0,1.634349412226591,mass_ratio,stable,4,refinement,1.5415024724703998,1.732404212998737,nested,16384,160,student_t,3.0,dynamic,nan
1.5,0.9955278640450004,1.6313255998629457,1.475034048722616,1.6313255998629457,1.4610797110073899,,0.0,0.5,0.5,nan,0.00447213595499958,2.0,0,1.5395332641850499,mass_ratio,stable,4,refinement,1.4744758752140068,1.6115268200562156,nested,16384,160,student_t,3.0,dynamic,nan
1.5,0.9942597056304714,1.536753896669367,1.3774737961539232,1.536753896669367,1.3774737961539232,,0.0,0.5,0.5,nan,0.005740294369528563,2.0,0,1.4604930681763884,mass_ratio,stable,4,refinement,1.4122455799253373,1.5052261657921064,nested,16384,160,student_t,3.0,dynamic,nan
1.5,0.9926319370027192,1.4611439140974163,1.343144127140583,1.4611439140974163,1.3422546024969306,,0.0,0.5,0.5,nan,0.0073680629972807735,2.0,0,1.3865146439410334,mass_ratio,stable,4,refinement,1.343108546154837,1.4457127406576153,nested,16384,160,student_t,3.0,dynamic,nan
1.5,0.9905425839099682,1.3818277442932347,1.2899277705585612,1.3818277442932347,1.2899277705585612,,0.0,0.5,0.5,nan,0.00945741609003176,2.0,0,1.3616546940962242,mass_ratio,stable,4,refinement,1.316974445939877,1.379526928115432,nested,16384,160,student_t,3.0,dynamic,nan
1.5,0.9878607553799417,1.3175347691474066,1.2508608957220322,1.3175347691474066,1.2508608957220322,,0.0,0.5,0.5,nan,0.012139244620058345,2.0,0,1.2839233445392009,mass_ratio,stable,4,refinement,1.2527877763058153,1.3153443801839257,nested,16384,160,student_t,3.0,dynamic,nan
1.5,0.9844184438389111,1.2589453259137233,1.2230897028520127,1.26470660345004,1.2111059331403111,,0.0,0.5,0.5,nan,0.015581556161088883,2.0,0,1.2441287604705606,mass_ratio,stable,4,refinement,1.2226103520635445,1.2591757770151761,nested,16384,160,student_t,3.0,dynamic,nan
1.5,0.98,1.2232621836774096,1.199023180960153,1.2232621836774096,1.1978932787923118,,0.0,0.5,0.5,nan,0.02,2.0,0,1.2025356549260933,mass_ratio,stable,4,refinement,1.1989779848734394,1.2144570843398652,nested,16384,160,student_t,3.0,dynamic,nan
1.5,nan,0.9233516661186667,0.6070620961188158,1.1219315952085451,0.6070620961188158,,0.0,0.5,0.5,0.6666666666666666,0.003,2.0,49,0.6761455144593544,pickands_xi,stable,4,refinement,0.6168815500889462,0.9312948632822617,nested,16384,160,student_t,3.0,dynamic,15.708932307472415
1.5,nan,0.8535424806730562,0.355940373314482,0.8535424806730562,0.355940373314482,,0.0,0.5,0.5,0.6666666666666666,0.004,2.0,65,0.5786490485326309,pickands_xi,stable,4,refinement,0.3579602409072548,0.8264739297575906,nested,16384,160,student_t,3.0,dynamic,12.85993966103397
1.5,nan,0.8993639662039031,0.5270294278667657,0.8993639662039031,0.5270294278667657,,0.0,0.5,0.5,0.6666666666666666,0.006,2.0,98,0.6552107521437801,pickands_xi,stable,4,refinement,0.5317964905532302,0.8389303964215464,nested,16384,160,student_t,3.0,dynamic,10.230622106709014
1.5,nan,0.7509880899576336,0.41993098531064765,0.7509880899576336,0.41993098531064765,,0.0,0.5,0.5,0.6666666666666666,0.008,2.0,131,0.6510307365710996,pickands_xi,stable,4,refinement,0.5302684136726226,0.7035990125751392,nested,16384,160,student_t,3.0,dynamic,8.700417157715936
1.5,nan,0.7504162667254382,0.21972572321514403,0.7504162667254382,0.21972572321514403,,0.0,0.5,0.5,0.6666666666666666,0.012,2.0,196,0.5530246325459024,pickands_xi,stable,4,refinement,0.3390054457961923,0.6963720362169767,nested,16384,160,student_t,3.0,dynamic,7.055527977632047
1.5,nan,0.538231115589988,0.41435596232832306,0.5527161489281694,0.3939085304601358,,0.0,0.5,0.5,0.6666666666666666,0.018,2.0,294,0.4792747382241585,pickands_xi,stable,4,refinement,0.4135380650535956,0.5388105169235153,nested,16384,160,student_t,3.0,dynamic,5.80612382898524
1.5,nan,0.4659274039114082,0.2633417065308679,0.5331601407522023,0.2633417065308679,,0.0,0.5,0.5,0.6666666666666666,0.03,2.0,491,0.39303941420938976,pickands_xi,stable,4,refinement,0.3228820848431707,0.46861671338503996,nested,16384,160,student_t,3.0,dynamic,4.540616529556559
1.5,nan,0.21143665821699,0.15713478979707535,0.21143665821699,0.15713478979707535,,0.0,0.5,0.5,0.16577267227257178,0.003,2.0,49,0.18080506270469648,tail_constant,stable,4,refinement,0.16325938753991828,0.20197062562390433,nested,16384,160,student_t,3.0,dynamic,15.397387535224299
1.5,nan,0.2072983142976726,0.1649773961566152,0.2072983142976726,0.1572355373144146,,0.0,0.5,0.5,0.16577267227257178,0.004,2.0,65,0.17928358500682157,tail_constant,stable,4,refinement,0.16466772180292716,0.1970021226419069,nested,16384,160,student_t,3.0,dynamic,12.685278966472264
1.5,nan,0.20880740271449535,0.17841919971432915,0.20880740271449535,0.17841919971432915,,0.0,0.5,0.5,0.16577267227257178,0.006,2.0,98,0.19524392315256817,tail_constant,stable,4,refinement,0.18479184826515874,0.20400015122429546,nested,16384,160,student_t,3.0,dynamic,10.213274066483105
1.5,nan,0.22085209912817047,0.19255049578549147,0.22085209912817047,0.19255049578549147,,0.0,0.5,0.5,0.16577267227257178,0.008,2.0,131,0.20424562303012384,tail_constant,stable,4,refinement,0.194172561669419,0.21687258579460408,nested,16384,160,student_t,3.0,dynamic,8.672032581422755
1.5,nan,0.23178962036977468,0.21459492019478246,0.23207643285009852,0.21459492019478246,,0.0,0.5,0.5,0.16577267227257178,0.012,2.0,196,0.22365207365721784,tail_constant,stable,4,refinement,0.21518849300323262,0.23178660129103465,nested,16384,160,student_t,3.0,dynamic,7.043126784903283
1.5,nan,0.25169055758910625,0.23984264091944732,0.25169055758910625,0.23984264091944732,,0.0,0.5,0.5,0.16577267227257178,0.018,2.0,294,0.25083465588390974,tail_constant,stable,4,refinement,0.24483655995010034,0.2515619729229009,nested,16384,160,student_t,3.0,dynamic,5.80282981350719
1.5,nan,0.2953114342051488,0.28773970352907274,0.3009330831741133,0.28773970352907274,,0.0,0.5,0.5,0.16577267227257178,0.03,2.0,491,0.28966058862693644,tail_constant,stable,4,refinement,0.28864771400360834,0.29553630016390736,nested,16384,160,student_t,3.0,dynamic,4.537520187334066
1.5,nan,1.927576049587194,1.3879752340356046,1.927576049587194,1.3879752340356046,,0.0,0.5,0.5,1.5,0.003,2.0,98,1.7213290768725513,hill_alpha,stable,4,refinement,1.5478554292723607,1.828707152009144,nested,32768,160,student_t,3.0,dynamic,15.330068476593755
1.5,nan,1.8539469853275283,1.5205463368742829,1.8539469853275283,1.5205463368742829,,0.0,0.5,0.5,1.5,0.004,2.0,131,1.6685563924324054,hill_alpha,stable,4,refinement,1.558305253337203,1.798245410942848,nested,32768,160,student_t,3.0,dynamic,12.988056897995719
1.5,nan,1.9084838780914912,1.4938824519761702,1.9084838780914912,1.4938824519761702,,0.0,0.5,0.5,1.5,0.006,2.0,196,1.6500632137569036,hill_alpha,stable,4,refinement,1.532336369523228,1.8209548073185833,nested,32768,160,student_t,3.0,dynamic,10.392283492950224
1.5,nan,1.7879587124862586,1.5675287130788478,1.88052595015244,1.5675287130788478,,0.0,0.5,0.5,1.5,0.008,2.0,262,1.6771355189300672,hill_alpha,stable,4,refinement,1.6113771210602283,1.791661401992906,nested,32768,160,student_t,3.0,dynamic,8.781521771932063
1.5,nan,1.8340878448976714,1.6229167698701685,1.8340878448976714,1.6229167698701685,,0.0,0.5,0.5,1.5,0.012,2.0,393,1.7358065810076848,hill_alpha,stable,4,refinement,1.6744196950908665,1.7895970223557878,nested,32768,160,student_t,3.0,dynamic,7.016456564590393
1.5,nan,1.8624775566893879,1.745075699671722,1.8624775566893879,1.745075699671722,,0.0,0.5,0.5,1.5,0.018,2.0,589,1.8379050810238897,hill_alpha,stable,4,refinement,1.7817157873530962,1.858600783737615,nested,32768,160,student_t,3.0,dynamic,5.717053468086291
1.5,nan,1.9857429895137835,1.8523444755022922,2.0050063139670375,1.8523444755022922,,0.0,0.5,0.5,1.5,0.03,2.0,983,1.9640981210659836,hill_alpha,stable,4,refinement,1.904843084255482,1.9865135224919137,nested,32768,160,student_t,3.0,dynamic,4.536588843530144
1.5,nan,0.7204739504554789,0.5187862757550645,0.7204739504554789,0.5187862757550645,,0.0,0.5,0.5,0.6666666666666666,0.003,2.0,98,0.5809464547239698,hill_xi,stable,4,refinement,0.5485794051717862,0.6535445089927073,nested,32768,160,student_t,3.0,dynamic,15.330068476593755
1.5,nan,0.6576583532835008,0.5573980875128492,0.6576583532835008,0.5393897494988696,,0.0,0.5,0.5,0.6666666666666666,0.004,2.0,131,0.6003574399794521,hill_xi,stable,4,refinement,0.55667775399229,0.6421304018348166,nested,32768,160,student_t,3.0,dynamic,12.988056897995719
1.5,nan,0.6693967110177632,0.5239761317763989,0.6693967110177632,0.5239761317763989,,0.0,0.5,0.5,0.6666666666666666,0.006,2.0,196,0.6073281053283046,hill_xi,stable,4,refinement,0.5505460310033331,0.6530428283648037,nested,32768,160,student_t,3.0,dynamic,10.392283492950224
1.5,nan,0.6379468469421902,0.5608002002610555,0.6379468469421902,0.531766126342972,,0.0,0.5,0.5,0.6666666666666666,0.008,2.0,262,0.59632539549484,hill_xi,stable,4,refinement,0.5596388373043321,0.6210842884789987,nested,32768,160,student_t,3.0,dynamic,8.781521771932063
1.5,nan,0.6161745436150733,0.5597406046723978,0.6161745436150733,0.5452301550233504,,0.0,0.5,0.5,0.6666666666666666,0.012,2.0,393,0.5761070326993681,hill_xi,stable,4,refinement,0.559160186686436,0.5978330079969377,nested,32768,160,student_t,3.0,dynamic,7.016456564590393
1.5,nan,0.5616336328882388,0.5380884637108503,0.5730410435421894,0.5369192216079808,,0.0,0.5,0.5,0.6666666666666666,0.018,2.0,589,0.5441415739895947,hill_xi,stable,4,refinement,0.5380416940267355,0.5615135548813639,nested,32768,160,student_t,3.0,dynamic,5.717053468086291
1.5,nan,0.5398563891464272,0.49875154658312965,0.5398563891464272,0.49875154658312965,,0.0,0.5,0.5,0.6666666666666666,0.03,2.0,983,0.5091402814989232,hill_xi,stable,4,refinement,0.503441810364003,0.5254089864543328,nested,32768,160,student_t,3.0,dynamic,4.536588843530144
1.5,0.999,2.5421085597818065,1.9835261055954048,2.5421085597818065,1.9835261055954048,,0.0,0.5,0.5,nan,0.001,2.0,0,2.270620334268852,mass_ratio,stable,4,refinement,2.055869428198805,2.4772561186954425,nested,32768,160,student_t,3.0,dynamic,nan
1.5,0.9987164311578874,2.432918136185285,1.9522213510644943,2.432918136185285,1.9522213510644943,,0.0,0.5,0.5,nan,0.0012835688421125163,2.0,0,2.1950876703653455,mass_ratio,stable,4,refinement,1.9948747347442797,2.3926819621763373,nested,32768,160,student_t,3.0,dynamic,nan
1.5,0.998352451027558,2.182868193528452,1.9970101507834301,2.3492324788117678,1.988746331998239,,0.0,0.5,0.5,nan,0.0016475489724420657,2.0,0,2.0108889389068785,mass_ratio,stable,4,refinement,1.9966795980320224,2.1895227649397846,nested,32768,160,student_t,3.0,dynamic,nan
1.5,0.9978852574731188,2.0619862113793275,1.7679906261635259,2.17968449392982,1.7679906261635259,,0.0,0.5,0.5,nan,0.0021147425268811283,2.0,0,1.8787518583502756,mass_ratio,stable,4,refinement,1.7896987037834575,2.0666941426813468,nested,32768,160,student_t,3.0,dynamic,nan
1.5,0.9972855823834051,1.8929610225639688,1.6075710700329706,1.9841296566349806,1.6075710700329706,,0.0,0.5,0.5,nan,0.002714417616594907,2.0,0,1.7596987649053686,mass_ratio,stable,4,refinement,1.660387424249679,1.8966077679268092,nested,32768,160,student_t,3.0,dynamic,nan
1.5,0.9965158581228575,1.8212150838327283,1.5627180897163844,1.9537955610312479,1.5627180897163844,,0.0,0.5,0.5,nan,0.0034841418771425405,2.0,0,1.6837170059305704,mass_ratio,stable,4,refinement,1.6184371211614472,1.826518302920669,nested,32768,160,student_t,3.0,dynamic,nan
1.5,0.9955278640450004,1.6326701470452292,1.4830955229856317,1.709958104078953,1.4830955229856317,,0.0,0.5,0.5,nan,0.00447213595499958,2.0,0,1.5493775212951375,mass_ratio,stable,4,refinement,1.5120286411903379,1.635761665326578,nested,32768,160,student_t,3.0,dynamic,nan
1.5,0.9942597056304714,1.53283118293718,1.4175888878734029,1.53283118293718,1.4175888878734029,,0.0,0.5,0.5,nan,0.005740294369528563,2.0,0,1.498192325508807,mass_ratio,stable,4,refinement,1.454508254674068,1.5179748146358898,nested,32768,160,student_t,3.0,dynamic,nan
1.5,0.9926319370027192,1.4525049950577082,1.3494776626035998,1.4525049950577082,1.3494776626035998,,0.0,0.5,0.5,nan,0.0073680629972807735,2.0,0,1.4001205859468513,mass_ratio,stable,4,refinement,1.3586977375577518,1.4424490069351055,nested,32768,160,student_t,3.0,dynamic,nan
1.5,0.9905425839099682,1.3700358695412642,1.3195003124695999,1.3732151141267943,1.3124150208592331,,0.0,0.5,0.5,nan,0.00945741609003176,2.0,0,1.3470940246026075,mass_ratio,stable,4,refinement,1.319574894486552,1.3701630393246855,nested,32768,160,student_t,3.0,dynamic,nan
1.5,0.9878607553799417,1.3053938694771912,1.244107769708144,1.3053938694771912,1.244107769708144,,0.0,0.5,0.5,nan,0.012139244620058345,2.0,0,1.2791886821935008,mass_ratio,stable,4,refinement,1.2506841611909714,1.3030778260911635,nested,32768,160,student_t,3.0,dynamic,nan
1.5,0.9844184438389111,1.2557375379841311,1.2124019045590109,1.2557375379841311,1.2124019045590109,,0.0,0.5,0.5,nan,0.015581556161088883,2.0,0,1.2313103180511815,mass_ratio,stable,4,refinement,1.2133988626188401,1.252091552832728,nested,32768,160,student_t,3.0,dynamic,nan
1.5,0.98,1.217109403310327,1.1911486657528574,1.217109403310327,1.1822268227223296,,0.0,0.5,0.5,nan,0.02,2.0,0,1.2023467366951326,mass_ratio,stable,4,refinement,1.1907917920316362,1.2111159127326725,nested,32768,160,student_t,3.0,dynamic,nan
1.5,nan,1.1270952680737154,0.47550015920120425,1.1270952680737154,0.47550015920120425,,0.0,0.5,0.5,0.6666666666666666,0.003,2.0,98,0.5912401677321533,pickands_xi,stable,4,refinement,0.5209874802708863,0.879952702934939,nested,32768,160,student_t,3.0,dynamic,15.422051459976945
1.5,nan,0.8489438531599809,0.5506909326361455,0.9359597938763563,0.4251063445625762,,0.0,0.5,0.5,0.6666666666666666,0.004,2.0,131,0.7191017165766602,pickands_xi,stable,4,refinement,0.5456675491132028,0.8524244907886358,nested,32768,160,student_t,3.0,dynamic,12.992596985244226
1.5,nan,0.7691451251203795,0.6549938135390909,0.7691451251203795,0.6549938135390909,,0.0,0.5,0.5,0.6666666666666666,0.006,2.0,196,0.70822639236526,pickands_xi,stable,4,refinement,0.6734233855138605,0.7470261992597136,nested,32768,160,student_t,3.0,dynamic,10.403521410582721
1.5,nan,0.711191459276189,0.6666660918319884,0.711191459276189,0.6577947193602095,,0.0,0.5,0.5,0.6666666666666666,0.008,2.0,262,0.6878121113797532,pickands_xi,stable,4,refinement,0.6663112369331173,0.705861202882373,nested,32768,160,student_t,3.0,dynamic,8.792322961528399
1.5,nan,0.6867336957854062,0.4877102022881248,0.7008503816836117,0.38512288011356355,,0.0,0.5,0.5,0.6666666666666666,0.012,2.0,393,0.6314572671749434,pickands_xi,stable,4,refinement,0.4836067094011423,0.6872983632213344,nested,32768,160,student_t,3.0,dynamic,7.035930471601237
1.5,nan,0.5950126416405132,0.3787888799159747,0.5950126416405132,0.3787888799159747,,0.0,0.5,0.5,0.6666666666666666,0.018,2.0,589,0.47561471552121937,pickands_xi,stable,4,refinement,0.3894621852351446,0.5735047328745997,nested,32768,160,student_t,3.0,dynamic,5.718565263255446
1.5,nan,0.39821321020254474,0.3634895170206434,0.4136698319095715,0.3634895170206434,,0.0,0.5,0.5,0.6666666666666666,0.03,2.0,983,0.38173158703543164,pickands_xi,stable,4,refinement,0.3717537099269003,0.39883147507082584,nested,32768,160,student_t,3.0,dynamic,4.538182550040088
1.5,nan,0.22338887444006514,0.15911753423327823,0.22338887444006514,0.15911753423327823,,0.0,0.5,0.5,0.16577267227257178,0.003,2.0,98,0.17951223154538243,tail_constant,stable,4,refinement,0.1684817585725139,0.20275331622119178,nested,32768,160,student_t,3.0,dynamic,15.330068476593755
1.5,nan,0.2162865587471554,0.17332857081017217,0.2162865587471554,0.17332857081017217,,0.0,0.5,0.5,0.16577267227257178,0.004,2.0,131,0.1871278114495739,tail_constant,stable,4,refinement,0.1796721089372208,0.2025704574241805,nested,32768,160,student_t,3.0,dynamic,12.988056897995719
1.5,nan,0.2051421878767281,0.18221924052252444,0.20638513565416639,0.18221924052252444,,0.0,0.5,0.5,0.16577267227257178,0.006,2.0,196,0.20039860943041019,tail_constant,stable,4,refinement,0.18926503487724738,0.20519190578782562,nested,32768,160,student_t,3.0,dynamic,10.392283492950224
1.5,nan,0.2161141560520629,0.19545290078127667,0.21682479385391196,0.19545290078127667,,0.0,0.5,0.5,0.16577267227257178,0.008,2.0,262,0.20811095599423068,tail_constant,stable,4,refinement,0.19802833740062267,0.21614258156413688,nested,32768,160,student_t,3.0,dynamic,8.781521771932063
1.5,nan,0.2289584866165358,0.21364975849776982,0.2289584866165358,0.21364975849776982,,0.0,0.5,0.5,0.16577267227257178,0.012,2.0,393,0.2229284528484679,tail_constant,stable,4,refinement,0.21540259291005354,0.22876500928391458,nested,32768,160,student_t,3.0,dynamic,7.016456564590393
1.5,nan,0.2515771695893338,0.24175418098089899,0.25442447994311435,0.2408048756907354,,0.0,0.5,0.5,0.16577267227257178,0.018,2.0,589,0.24571667275330794,tail_constant,stable,4,refinement,0.24171620876929245,0.251691062003485,nested,32768,160,student_t,3.0,dynamic,5.717053468086291
1.5,nan,0.29063176911666627,0.2845095314485491,0.29063176911666627,0.2845095314485491,,0.0,0.5,0.5,0.16577267227257178,0.03,2.0,983,0.28986632136225465,tail_constant,stable,4,refinement,0.2869704782653079,0.2903746665363685,nested,32768,160,student_t,3.0,dynamic,4.536588843530144
1.5,nan,1.7104795480740929,1.5193225190468973,1.7104795480740929,1.470835264724803,,0.0,0.5,0.5,1.5,0.003,2.0,49,1.5808802470705574,hill_alpha,stable,4,refinement,1.5173830288740136,1.6545457109691475,block,16384,40,student_t,3.0,dynamic,16.11351242001607
1.5,nan,1.654587508826977,1.5079918301161503,1.654587508826977,1.4745391549882343,,0.0,0.5,0.5,1.5,0.004,2.0,65,1.5543891066314295,hill_alpha,stable,4,refinement,1.5066537231110337,1.6127056844390484,block,16384,40,student_t,3.0,dynamic,13.339798007034233
1.5,nan,1.6738944030274372,1.5390260418357053,1.6738944030274372,1.5390260418357053,,0.0,0.5,0.5,1.5,0.006,2.0,98,1.5835465395466777,hill_alpha,stable,4,refinement,1.5596743250276155,1.6312489842660292,block,16384,40,student_t,3.0,dynamic,10.399372677056407
1.5,nan,1.6584772709345728,1.5916083672729078,1.6795445049382436,1.5852022599785864,,0.0,0.5,0.5,1.5,0.008,2.0,131,1.6177122557490655,hill_alpha,stable,4,refinement,1.591352122981135,1.6593199602947195,block,16384,40,student_t,3.0,dynamic,8.727518331193156
1.5,nan,1.7159390797084546,1.6004821399125215,1.7159390797084546,1.6004821399125215,,0.0,0.5,0.5,1.5,0.012,2.0,196,1.6807633904405939,hill_alpha,stable,4,refinement,1.627800668903843,1.7102712201220347,block,16384,40,student_t,3.0,dynamic,7.071390564237826
1.5,nan,1.78812513592247,1.7644783248981866,1.7905319278521472,1.7521858004787567,,0.0,0.5,0.5,1.5,0.018,2.0,294,1.7812445966552044,hill_alpha,stable,4,refinement,1.7639866239214095,1.788221407599657,block,16384,40,student_t,3.0,dynamic,5.754401805199303
1.5,nan,1.9357007686957157,1.8534079306430447,1.9357007686957157,1.8534079306430447,,0.0,0.5,0.5,1.5,0.03,2.0,491,1.8561510568178017,hill_alpha,stable,4,refinement,1.8541055402492945,1.8981359979519503,block,16384,40,student_t,3.0,dynamic,4.507254888014172
1.5,nan,0.6826958523870374,0.585110230634893,0.6826958523870374,0.585110230634893,,0.0,0.5,0.5,0.6666666666666666,0.003,2.0,49,0.6326336363827163,hill_xi,stable,4,refinement,0.6053962107315619,0.6611912433672497,block,16384,40,student_t,3.0,dynamic,16.11351242001607
1.5,nan,0.6782270305770831,0.6054587835429537,0.6782270305770831,0.6054587835429537,,0.0,0.5,0.5,0.6666666666666666,0.004,2.0,65,0.6443779946481345,hill_xi,stable,4,refinement,0.6211843738617194,0.6649351243429087,block,16384,40,student_t,3.0,dynamic,13.339798007034233
1.5,nan,0.6409290032116353,0.6046897897396184,0.6497635156924926,0.6046897897396184,,0.0,0.5,0.5,0.6666666666666666,0.006,2.0,98,0.6319041284800597,hill_xi,stable,4,refinement,0.6176612984546854,0.6412823837108695,block,16384,40,student_t,3.0,dynamic,10.399372677056407
1.5,nan,0.6309145281253135,0.6036550978598236,0.6309145281253135,0.5968251806912666,,0.0,0.5,0.5,0.6666666666666666,0.008,2.0,131,0.6185146331244562,hill_xi,stable,4,refinement,0.6037269917247567,0.6284717046593428,block,16384,40,student_t,3.0,dynamic,8.727518331193156
1.5,nan,0.6255062647700362,0.5855715929186825,0.6255062647700362,0.5833844622449345,,0.0,0.5,0.5,0.6666666666666666,0.012,2.0,196,0.5958310565531858,hill_xi,stable,4,refinement,0.5854841076917326,0.6151368846471105,block,16384,40,student_t,3.0,dynamic,7.071390564237826
1.5,nan,0.5669355430976306,0.5593566520302269,0.5708566962440398,0.5584951439157249,,0.0,0.5,0.5,0.6666666666666666,0.018,2.0,294,0.5616162750479752,hill_xi,stable,4,refinement,0.5593221917056468,0.5670923892234869,block,16384,40,student_t,3.0,dynamic,5.754401805199303
1.5,nan,0.5399021139075709,0.5166285102055497,0.5399021139075709,0.5166285102055497,,0.0,0.5,0.5,0.6666666666666666,0.03,2.0,491,0.5387833754773945,hill_xi,stable,4,refinement,0.5270990642251727,0.5395289007719487,block,16384,40,student_t,3.0,dynamic,4.507254888014172
1.5,0.999,2.6172464489206777,2.350126354341665,2.6172464489206777,2.2860902293240892,,0.0,0.5,0.5,nan,0.001,2.0,0,2.4301074783988805,mass_ratio,stable,4,refinement,2.347564909340962,2.5350733426092424,block,16384,40,student_t,3.0,dynamic,nan
1.5,0.9987164311578874,2.4323640414034857,2.1556168605536064,2.466167430847228,2.1556168605536064,,0.0,0.5,0.5,nan,0.0012835688421125163,2.0,0,2.347280892027338,mass_ratio,stable,4,refinement,2.223001310893443,2.433716176981235,block,16384,40,student_t,3.0,dynamic,nan
1.5,0.998352451027558,2.262554387780587,1.9763989473062034,2.3280976619705425,1.9763989473062034,,0.0,0.5,0.5,nan,0.0016475489724420657,2.0,0,2.1014889186813197,mass_ratio,stable,4,refinement,1.9905914800097895,2.2651761187481854,block,16384,40,student_t,3.0,dynamic,nan
1.5,0.9978852574731188,2.039091671747814,1.8668341223024814,2.1142576295281126,1.8668341223024814,,0.0,0.5,0.5,nan,0.0021147425268811283,2.0,0,1.958217292162585,mass_ratio,stable,4,refinement,1.9079580013689645,2.0420983100590258,block,16384,40,student_t,3.0,dynamic,nan
1.5,0.9972855823834051,1.9552326332563847,1.8026133031889415,1.9552326332563847,1.7552235955870128,,0.0,0.5,0.5,nan,0.002714417616594907,2.0,0,1.8699554756384094,mass_ratio,stable,4,refinement,1.8007177148848645,1.9238767807265753,block,16384,40,student_t,3.0,dynamic,nan
1.5,0.9965158581228575,1.8059508866231728,1.6583698329014516,1.8059508866231728,1.6583698329014516,,0.0,0.5,0.5,nan,0.0034841418771425405,2.0,0,1.7411964179705892,mass_ratio,stable,4,refinement,1.686708520687136,1.7862868147174344,block,16384,40,student_t,3.0,dynamic,nan
1.5,0.9955278640450004,1.6581319362827553,1.576077861882815,1.6813815861689743,1.576077861882815,,0.0,0.5,0.5,nan,0.00447213595499958,2.0,0,1.611630399842146,mass_ratio,stable,4,refinement,1.5819821745571865,1.659061922278204,block,16384,40,student_t,3.0,dynamic,nan
1.5,0.9942597056304714,1.539672925315564,1.4498986969388266,1.539672925315564,1.4498986969388266,,0.0,0.5,0.5,nan,0.005740294369528563,2.0,0,1.4927624622026412,mass_ratio,stable,4,refinement,1.469128758887079,1.5185004483997397,block,16384,40,student_t,3.0,dynamic,nan
1.5,0.9926319370027192,1.441418500909415,1.39890175830902,1.4709997744892271,1.39890175830902,,0.0,0.5,0.5,nan,0.0073680629972807735,2.0,0,1.4108228202893542,mass_ratio,stable,4,refinement,1.4041369526802612,1.4426017518526073,block,16384,40,student_t,3.0,dynamic,nan
1.5,0.9905425839099682,1.3717738313295964,1.3368668108882664,1.3717738313295964,1.3368668108882664,,0.0,0.5,0.5,nan,0.00945741609003176,2.0,0,1.3393924228729726,mass_ratio,stable,4,refinement,1.3372808425704446,1.3570290173408979,block,16384,40,student_t,3.0,dynamic,nan
1.5,0.9878607553799417,1.3105467507203903,1.2801893805862183,1.3105467507203903,1.2781259553715527,,0.0,0.5,0.5,nan,0.012139244620058345,2.0,0,1.2833071636795146,mass_ratio,stable,4,refinement,1.2801068435776317,1.2979778407225127,block,16384,40,student_t,3.0,dynamic,nan
1.5,0.9844184438389111,1.258080309499588,1.2246780535517188,1.2663665024719686,1.2246780535517188,,0.0,0.5,0.5,nan,0.015581556161088883,2.0,0,1.238513549097254,mass_ratio,stable,4,refinement,1.225904419047198,1.2584117572184832,block,16384,40,student_t,3.0,dynamic,nan
1.5,0.98,1.2147184736732277,1.192184326957681,1.2147184736732277,1.192184326957681,,0.0,0.5,0.5,nan,0.02,2.0,0,1.1994084577314785,mass_ratio,stable,4,refinement,1.194595719726986,1.2084258560233059,block,16384,40,student_t,3.0,dynamic,nan
1.5,nan,0.8602942024539834,0.6551524531065102,0.8602942024539834,0.5852603515924379,,0.0,0.5,0.5,0.6666666666666666,0.003,2.0,49,0.7422456528549704,pickands_xi,stable,4,refinement,0.6523567690459473,0.8118874257989633,block,16384,40,student_t,3.0,dynamic,16.18447633793894
1.5,nan,0.8015266364985048,0.655080211345796,0.8015266364985048,0.638326502025209,,0.0,0.5,0.5,0.6666666666666666,0.004,2.0,65,0.6810008309888401,pickands_xi,stable,4,refinement,0.6552565661807518,0.7472278636008658,block,16384,40,student_t,3.0,dynamic,13.468670719831266
1.5,nan,0.8833821120701812,0.5834203256617715,0.8833821120701812,0.5391896841287988,,0.0,0.5,0.5,0.6666666666666666,0.006,2.0,98,0.6912541353081971,pickands_xi,stable,4,refinement,0.5816511000004526,0.8216902039188863,block,16384,40,student_t,3.0,dynamic,10.440837542236698
1.5,nan,0.6785051956366492,0.6217754866740501,0.6785051956366492,0.5977212536519978,,0.0,0.5,0.5,0.6666666666666666,0.008,2.0,131,0.6580620224283348,pickands_xi,stable,4,refinement,0.620813317353168,0.6745639778081298,block,16384,40,student_t,3.0,dynamic,8.757789292897657
1.5,nan,0.7465960690057911,0.5725943898755679,0.7465960690057911,0.5725943898755679,,0.0,0.5,0.5,0.6666666666666666,0.012,2.0,196,0.5994813191478136,pickands_xi,stable,4,refinement,0.574019979671198,0.6874611253290097,block,16384,40,student_t,3.0,dynamic,7.08046184965497
1.5,nan,0.610089090966542,0.5081816809446686,0.610089090966542,0.461924475167102,,0.0,0.5,0.5,0.6666666666666666,0.018,2.0,294,0.5657421164086036,pickands_xi,stable,4,refinement,0.506331392713566,0.5942280934281883,block,16384,40,student_t,3.0,dynamic,5.763806674080872
1.5,nan,0.4162004598621693,0.306200979707169,0.4166792086967267,0.306200979707169,,0.0,0.5,0.5,0.6666666666666666,0.03,2.0,491,0.3715688853847313,pickands_xi,stable,4,refinement,0.31638421812381623,0.4162196098155516,block,16384,40,student_t,3.0,dynamic,4.510028166716101
1.5,nan,0.20557630467723376,0.17739687992659792,0.20557630467723376,0.17739687992659792,,0.0,0.5,0.5,0.16873201748611685,0.003,2.0,49,0.19361783244193478,tail_constant,stable,4,refinement,0.1813970492748357,0.2036221258634142,block,16384,40,student_t,3.0,dynamic,16.11351242001607
1.5,nan,0.21098537017858,0.18842420867235804,0.21098537017858,0.18842420867235804,,0.0,0.5,0.5,0.16873201748611685,0.004,2.0,65,0.1935103830565128,tail_constant,stable,4,refinement,0.18943941364855083,0.20402353508818924,block,16384,40,student_t,3.0,dynamic,13.339798007034233
1.5,nan,0.20830902259135267,0.19320002744100603,0.20830902259135267,0.19320002744100603,,0.0,0.5,0.5,0.16873201748611685,0.006,2.0,98,0.2007226697882365,tail_constant,stable,4,refinement,0.19630078200920975,0.20517768700432382,block,16384,40,student_t,3.0,dynamic,10.399372677056407
1.5,nan,0.22248384804935517,0.2046391495276817,0.22248384804935517,0.2046391495276817,,0.0,0.5,0.5,0.16873201748611685,0.008,2.0,131,0.20618250505554453,tail_constant,stable,4,refinement,0.20524305977097,0.2147961038224119,block,16384,40,student_t,3.0,dynamic,8.727518331193156
1.5,nan,0.2300608572904053,0.22248409323394752,0.2300608572904053,0.22110320363465996,,0.0,0.5,0.5,0.16873201748611685,0.012,2.0,196,0.22497368732952788,tail_constant,stable,4,refinement,0.222428857649976,0.22815119386740468,block,16384,40,student_t,3.0,dynamic,7.071390564237826
1.5,nan,0.25521874797643174,0.24494444883024832,0.25521874797643174,0.24329105264083767,,0.0,0.5,0.5,0.16873201748611685,0.018,2.0,294,0.2477185021900542,tail_constant,stable,4,refinement,0.2449618530006634,0.2520730054227687,block,16384,40,student_t,3.0,dynamic,5.754401805199303
1.5,nan,0.2925487982774963,0.28117780724477554,0.2925487982774963,0.28117780724477554,,0.0,0.5,0.5,0.16873201748611685,0.03,2.0,491,0.2867876497137728,tail_constant,stable,4,refinement,0.28195107110838524,0.29170290748841804,block,16384,40,student_t,3.0,dynamic,4.507254888014172
1.5,nan,0.010796797499330572,0.006952551999955529,0.011129644877448499,0.006952551999955529,,0.0,0.5,0.5,0.0,nan,2.0,0,0.008889441408793622,control_ecf_rmse,stable,4,refinement,0.007126494734236682,0.010810111394455289,full,16384,40,student_t,3.0,dynamic,0.5
1.5,nan,0.009055688856906816,0.00588673669706008,0.009606529382597604,0.005162904174275198,,0.0,0.5,0.5,0.0,nan,2.0,0,0.007557708775530494,control_ecf_rmse,stable,4,refinement,0.005857783396148684,0.009077722477934447,full,16384,40,student_t,3.0,dynamic,0.875
1.5,nan,0.006709535636546023,0.004861020439385648,0.0069942886758613135,0.0037945539058463133,,0.0,0.5,0.5,0.0,nan,2.0,0,0.006176134785077858,control_ecf_rmse,stable,4,refinement,0.0048183617780440755,0.006720925758118635,full,16384,40,student_t,3.0,dynamic,1.25
1.5,nan,0.012348681429355045,0.0056094790935143045,0.012348681429355045,0.005193214224136032,,0.0,0.5,0.5,0.0,nan,2.0,0,0.007129803244419586,control_ecf_rmse,stable,4,refinement,0.005592828498739174,0.010373568355718989,full,16384,40,student_t,3.0,dynamic,1.625
1.5,nan,0.008420753729798608,0.006211114540841599,0.008420753729798608,0.005909008005832998,,0.0,0.5,0.5,0.0,nan,2.0,0,0.006785156432804801,control_ecf_rmse,stable,4,refinement,0.006199030279441254,0.00776619599857979,full,16384,40,student_t,3.0,dynamic,2.0
1.5,nan,0.11791300877336788,0.08270526987095916,0.11791300877336788,0.08181843491233878,,0.0,0.5,0.5,0.0,nan,2.0,0,0.08459429554130968,control_w1,stable,4,refinement,0.08266979647261434,0.10240107796361042,full,16384,40,student_t,3.0,dynamic,0.5
1.5,nan,0.1449698564614746,0.07841234631507395,0.1886212638536296,0.07841234631507395,,0.0,0.5,0.5,0.0,nan,2.0,0,0.09046227577639415,control_w1,stable,4,refinement,0.07898534927590345,0.14671591275716078,full,16384,40,student_t,3.0,dynamic,0.875
1.5,nan,0.1328600891577589,0.09454424753423994,0.1445529413407666,0.0748361933691409,,0.0,0.5,0.5,0.0,nan,2.0,0,0.11709435606426463,control_w1,stable,4,refinement,0.09375592536763598,0.13273700650320996,full,16384,40,student_t,3.0,dynamic,1.25
1.5,nan,0.1436930585927998,0.09382973284276153,0.1436930585927998,0.08188204900022569,,0.0,0.5,0.5,0.0,nan,2.0,0,0.10901660383827534,control_w1,stable,4,refinement,0.0933518254890601,0.12860317014405748,full,16384,40,student_t,3.0,dynamic,1.625
1.5,nan,0.14433848949602707,0.09677047464495425,0.14433848949602707,0.09677047464495425,,0.0,0.5,0.5,0.0,nan,2.0,0,0.10456715042430183,control_w1,stable,4,refinement,0.09906925247369083,0.1266918732869492,full,16384,40,student_t,3.0,dynamic,2.0
1.5,nan,0.01697367208789327,0.014588143631803956,0.01697367208789327,0.014588143631803956,,1.0,0.5,0.5,0.0,nan,2.0,0,0.015484622781501693,pt_ecf_sup_exact_a,stable,4,refinement,0.014708980793402012,0.016568401251082172,full,16384,40,student_t,3.0,dynamic,0.5
1.5,nan,0.01323148850368153,0.010706655879026878,0.013709602605460261,0.010706655879026878,,1.0,0.5,0.5,0.0,nan,2.0,0,0.012194192025164243,pt_ecf_sup_exact_a,stable,4,refinement,0.011152265688338308,0.013250613067752678,full,16384,40,student_t,3.0,dynamic,0.875
1.5,nan,0.014612174948382017,0.010340749681944466,0.014612174948382017,0.010340749681944466,,1.0,0.5,0.5,0.0,nan,2.0,0,0.012518227113928887,pt_ecf_sup_exact_a,stable,4,refinement,0.011378968980048676,0.013614049857092827,full,16384,40,student_t,3.0,dynamic,1.25
1.5,nan,0.011468619800231743,0.007872008015367865,0.011468619800231743,0.007872008015367865,,1.0,0.5,0.5,0.0,nan,2.0,0,0.009949846995461576,pt_ecf_sup_exact_a,stable,4,refinement,0.008154652484523408,0.0114543270952315,full,16384,40,student_t,3.0,dynamic,1.625
1.5,nan,0.012265746932053043,0.006453063810511432,0.01249686710491847,0.006453063810511432,,1.0,0.5,0.5,0.0,nan,2.0,0,0.011203004615101767,pt_ecf_sup_exact_a,stable,4,refinement,0.008333856767553584,0.012274991738967662,full,16384,40,student_t,3.0,dynamic,2.0
1.5,nan,0.016473017484029222,0.012917329069398442,0.017046357035408164,0.012917329069398442,,1.0,0.5,0.5,0.0,nan,2.0,0,0.014968076580440057,pt_ecf_sup_exact_b,stable,4,refinement,0.01345451922563751,0.01649595106608438,full,16384,40,student_t,3.0,dynamic,0.5
1.5,nan,0.015603882906076307,0.010432495188164559,0.015603882906076307,0.008944386704969727,,1.0,0.5,0.5,0.0,nan,2.0,0,0.012828993233467697,pt_ecf_sup_exact_b,stable,4,refinement,0.010372970848836765,0.014707962853036162,full,16384,40,student_t,3.0,dynamic,0.875
1.5,nan,0.01443627851824535,0.012804416875537336,0.01443627851824535,0.012442237653905338,,1.0,0.5,0.5,0.0,nan,2.0,0,0.013772664274604968,pt_ecf_sup_exact_b,stable,4,refinement,0.012789929706672056,0.01440865640646707,full,16384,40,student_t,3.0,dynamic,1.25
1.5,nan,0.01468285454502459,0.009984277661120523,0.015948184917120464,0.009984277661120523,,1.0,0.5,0.5,0.0,nan,2.0,0,0.012389209838774317,pt_ecf_sup_exact_b,stable,4,refinement,0.010645054226000232,0.014733467759908424,full,16384,40,student_t,3.0,dynamic,1.625
1.5,nan,0.015502455803800254,0.011308891140996806,0.015839548119446694,0.011308891140996806,,1.0,0.5,0.5,0.0,nan,2.0,0,0.01383453255492957,pt_ecf_sup_exact_b,stable,4,refinement,0.011882400171736895,0.015515939496426111,full,16384,40,student_t,3.0,dynamic,2.0
1.5,nan,0.01839190588110521,0.008450498599676675,0.01839190588110521,0.008450498599676675,,1.0,0.5,0.5,0.0,nan,2.0,0,0.011612406437510093,pt_ecf_sup_exact_c,stable,4,refinement,0.008565786489659591,0.01654017402035668,full,16384,40,student_t,3.0,dynamic,0.5
1.5,nan,0.015482610344390219,0.01108726651759056,0.015482610344390219,0.01108726651759056,,1.0,0.5,0.5,0.0,nan,2.0,0,0.013107084502755446,pt_ecf_sup_exact_c,stable,4,refinement,0.011442052367537266,0.014957084723337968,full,16384,40,student_t,3.0,dynamic,0.875
1.5,nan,0.018688608006654464,0.00715674524352387,0.018688608006654464,0.00715674524352387,,1.0,0.5,0.5,0.0,nan,2.0,0,0.012876207458695988,pt_ecf_sup_exact_c,stable,4,refinement,0.009001712237054952,0.01679903061338593,full,16384,40,student_t,3.0,dynamic,1.25
1.5,nan,0.018405673587978472,0.008401347589974989,0.018405673587978472,0.008401347589974989,,1.0,0.5,0.5,0.0,nan,2.0,0,0.009861374994619847,pt_ecf_sup_exact_c,stable,4,refinement,0.00904923594042753,0.014357335066943321,full,16384,40,student_t,3.0,dynamic,1.625
1.5,nan,0.013263611458339914,0.011262884184833044,0.013263611458339914,0.011144313892488449,,1.0,0.5,0.5,0.0,nan,2.0,0,0.011492903647128757,pt_ecf_sup_exact_c,stable,4,refinement,0.01125814137313926,0.012467167310535095,full,16384,40,student_t,3.0,dynamic,2.0
1.5,nan,0.012517914301097128,0.009517182548933387,0.012517914301097128,0.009517182548933387,,1.0,0.5,0.5,0.0,nan,2.0,0,0.011175382778355576,pt_ecf_sup_numerical,stable,4,refinement,0.010294958165074747,0.011891659664162474,full,16384,40,student_t,3.0,dynamic,0.5
1.5,nan,0.013061096860759,0.009470068911850477,0.013061096860759,0.009470068911850477,,1.0,0.5,0.5,0.0,nan,2.0,0,0.011190870299111807,pt_ecf_sup_numerical,stable,4,refinement,0.009749462575716893,0.01270997911318737,full,16384,40,student_t,3.0,dynamic,0.875
1.5,nan,0.0142359890296775,0.009068940450356671,0.0142359890296775,0.009068940450356671,,1.0,0.5,0.5,0.0,nan,2.0,0,0.01031774025607253,pt_ecf_sup_numerical,stable,4,refinement,0.009582391258634705,0.012441202716812693,full,16384,40,student_t,3.0,dynamic,1.25
1.5,nan,0.01612646897055156,0.010617098535469332,0.01612646897055156,0.00927011318473915,,1.0,0.5,0.5,0.0,nan,2.0,0,0.013984505772349245,pt_ecf_sup_numerical,stable,4,refinement,0.010563219121440124,0.01606812914076632,full,16384,40,student_t,3.0,dynamic,1.625
1.5,nan,0.016109930995971595,0.009448552105265063,0.016109930995971595,0.009448552105265063,,1.0,0.5,0.5,0.0,nan,2.0,0,0.012113606564118709,pt_ecf_sup_numerical,stable,4,refinement,0.010144793154245,0.014774680359952023,full,16384,40,student_t,3.0,dynamic,2.0
1.5,nan,3.457598668536527e-05,3.443940713709745e-05,3.457598668536527e-05,3.443940713709745e-05,,1.0,0.5,0.5,0.0,nan,2.0,0,3.449636691178491e-05,score_table_ecf_rmse,stable,4,refinement,3.445445142934468e-05,3.4550065593649435e-05,full,16384,40,student_t,3.0,dynamic,nan
1.5,nan,1.6352200429281538e-05,6.866052451037774e-06,1.6352200429281538e-05,3.3903139993185505e-06,,1.0,0.5,0.5,0.0,nan,2.0,0,1.0829680483825932e-05,score_table_hill_alpha_absdiff,stable,4,refinement,6.727022912969005e-06,1.3935577854375936e-05,full,16384,40,student_t,3.0,dynamic,nan
1.5,nan,9.843654700541387e-06,3.53397424798523e-06,1.0678307614335773e-05,3.53397424798523e-06,,1.0,0.5,0.5,0.0,nan,2.0,0,8.613968946797382e-06,score_table_tail_constant_reldiff,stable,4,refinement,5.782755940239247e-06,9.877040817093162e-06,full,16384,40,student_t,3.0,dynamic,nan
1.5,nan,8.3201688935215e-05,8.279343497177502e-05,8.3201688935215e-05,8.277214425069452e-05,,0.0,0.5,0.5,0.0,nan,2.0,0,8.289563687610078e-05,score_table_trajectory_mean_abs,stable,4,refinement,8.27925833429318e-05,8.309362131479791e-05,full,16384,40,student_t,3.0,dynamic,0.5
1.5,nan,6.772619663889356e-05,6.743014080140466e-05,6.772619663889356e-05,6.743014080140466e-05,,0.0,0.5,0.5,0.0,nan,2.0,0,6.757108592351732e-05,score_table_trajectory_mean_abs,stable,4,refinement,6.746696475622754e-05,6.768257319930418e-05,full,16384,40,student_t,3.0,dynamic,0.875
1.5,nan,4.913948337563385e-05,4.902071986730156e-05,4.913948337563385e-05,4.897563023075659e-05,,0.0,0.5,0.5,0.0,nan,2.0,0,4.9102203688191454e-05,score_table_trajectory_mean_abs,stable,4,refinement,4.901891628183976e-05,4.913905833414706e-05,full,16384,40,student_t,3.0,dynamic,1.25
1.5,nan,2.67980874623007e-05,2.669944220315997e-05,2.6812896852167218e-05,2.6657648773561525e-05,,0.0,0.5,0.5,0.0,nan,2.0,0,2.67622568525963e-05,score_table_trajectory_mean_abs,stable,4,refinement,2.6697770465976035e-05,2.679867983789536e-05,full,16384,40,student_t,3.0,dynamic,1.625
1.5,nan,0.0,0.0,0.0,0.0,,0.0,0.5,0.5,0.0,nan,2.0,0,0.0,score_table_trajectory_mean_abs,stable,4,refinement,0.0,0.0,full,16384,40,student_t,3.0,dynamic,2.0
1.5,nan,7.820571257621925e-05,7.772354022084197e-05,7.820571257621925e-05,7.763250712117221e-05,,1.0,0.5,0.5,0.0,nan,2.0,0,7.79097038433703e-05,score_table_w1,stable,4,refinement,7.771989889685518e-05,7.810929103542386e-05,full,16384,40,student_t,3.0,dynamic,nan
1.5,nan,1.62426506449982,1.445523571997735,1.62426506449982,1.445523571997735,,0.0,0.5,0.5,1.5,0.003,2.0,196,1.5788399175015382,hill_alpha,stable,4,refinement,1.5078434247033696,1.6041329870768357,full,65536,40,student_t,3.0,dynamic,16.217299019291204
1.5,nan,1.5982431807789808,1.5085404907797848,1.606943892599584,1.5085404907797848,,0.0,0.5,0.5,1.5,0.004,2.0,262,1.5780744793414117,hill_alpha,stable,4,refinement,1.536412170273222,1.5985912092518049,full,65536,40,student_t,3.0,dynamic,13.479012337299878
1.5,nan,1.6470255235758402,1.5248180602388772,1.6470255235758402,1.5248180602388772,,0.0,0.5,0.5,1.5,0.006,2.0,393,1.5645709376568684,hill_alpha,stable,4,refinement,1.5378290553885603,1.6135177083456862,full,65536,40,student_t,3.0,dynamic,10.560854188804466
1.5,nan,1.6541586907544215,1.5682592503273995,1.6541586907544215,1.5682592503273995,,0.0,0.5,0.5,1.5,0.008,2.0,524,1.603989866766908,hill_alpha,stable,4,refinement,1.5727420749852346,1.642745526473544,full,65536,40,student_t,3.0,dynamic,8.84983807504072
1.5,nan,1.7128103150408733,1.64695755135089,1.7128103150408733,1.6205079368578357,,0.0,0.5,0.5,1.5,0.012,2.0,786,1.6833007469849197,hill_alpha,stable,4,refinement,1.6458995667711678,1.7033946413216838,full,65536,40,student_t,3.0,dynamic,7.1129631566946365
1.5,nan,1.7804592087400355,1.7416575585311125,1.7804592087400355,1.7416575585311125,,0.0,0.5,0.5,1.5,0.018,2.0,1179,1.769887936521369,hill_alpha,stable,4,refinement,1.7508453442021141,1.7797477938393973,full,65536,40,student_t,3.0,dynamic,5.782585678910047
1.5,nan,1.898718103702644,1.8561194339638565,1.921217713348686,1.8561194339638565,,0.0,0.5,0.5,1.5,0.03,2.0,1966,1.873528380297313,hill_alpha,stable,4,refinement,1.863184473599457,1.8996180880884856,full,65536,40,student_t,3.0,dynamic,4.522721436516473
1.5,nan,0.6647092374502102,0.6156630600855424,0.6917908634433302,0.6156630600855424,,0.0,0.5,0.5,0.6666666666666666,0.003,2.0,196,0.6333795190299698,hill_xi,stable,4,refinement,0.6234962108008496,0.6644241677029352,full,65536,40,student_t,3.0,dynamic,16.217299019291204
1.5,nan,0.6628923824796288,0.6222992629707069,0.6628923824796288,0.6222992629707069,,0.0,0.5,0.5,0.6666666666666666,0.004,2.0,262,0.6337171193735585,hill_xi,stable,4,refinement,0.6255693037482628,0.6510987864845279,full,65536,40,student_t,3.0,dynamic,13.479012337299878
1.5,nan,0.6558159468830927,0.6071551325014747,0.6558159468830927,0.6071551325014747,,0.0,0.5,0.5,0.6666666666666666,0.006,2.0,393,0.6391946298276057,hill_xi,stable,4,refinement,0.6200540770200084,0.6503177288944682,full,65536,40,student_t,3.0,dynamic,10.560854188804466
1.5,nan,0.635762264468344,0.6089451930026053,0.6376496741793385,0.6045369199396005,,0.0,0.5,0.5,0.6666666666666666,0.008,2.0,524,0.6236141604114798,hill_xi,stable,4,refinement,0.6087688620800851,0.6358377608567838,full,65536,40,student_t,3.0,dynamic,8.84983807504072
1.5,nan,0.607336830934721,0.587217737306249,0.6170904672882995,0.5838358113672013,,0.0,0.5,0.5,0.6666666666666666,0.012,2.0,786,0.5940914289132195,hill_xi,stable,4,refinement,0.587082460268687,0.6077269763888642,full,65536,40,student_t,3.0,dynamic,7.1129631566946365
1.5,nan,0.5710448735176474,0.5616528562357026,0.5741656820548494,0.5616528562357026,,0.0,0.5,0.5,0.6666666666666666,0.018,2.0,1179,0.5650224247707862,hill_xi,stable,4,refinement,0.5618774618319062,0.5711697058591355,full,65536,40,student_t,3.0,dynamic,5.782585678910047
1.5,nan,0.5387584342374127,0.5205032168150262,0.5387584342374127,0.5205032168150262,,0.0,0.5,0.5,0.6666666666666666,0.03,2.0,1966,0.5337533566067978,hill_xi,stable,4,refinement,0.5264954157329813,0.5367238651568128,full,65536,40,student_t,3.0,dynamic,4.522721436516473
1.5,0.999,2.583889873268649,2.402540593894165,2.6989511118047056,2.402540593894165,,0.0,0.5,0.5,nan,0.001,2.0,0,2.4680351347702967,mass_ratio,stable,4,refinement,2.433597093532806,2.588492322810091,full,65536,40,student_t,3.0,dynamic,nan
1.5,0.9987164311578874,2.3985154694185447,2.194494625198133,2.4468257809816087,2.1897517636872363,,0.0,0.5,0.5,nan,0.0012835688421125163,2.0,0,2.274721322282255,mass_ratio,stable,4,refinement,2.1943049107376975,2.400447881881067,full,65536,40,student_t,3.0,dynamic,nan
1.5,0.998352451027558,2.233854252899363,1.985660121362625,2.333379281607156,1.985660121362625,,0.0,0.5,0.5,nan,0.0016475489724420657,2.0,0,2.129282781566176,mass_ratio,stable,4,refinement,2.052176705800141,2.2378352540476745,full,65536,40,student_t,3.0,dynamic,nan
1.5,0.9978852574731188,2.1357451879781313,1.933936492411111,2.1357451879781313,1.88799655204679,,0.0,0.5,0.5,nan,0.0021147425268811283,2.0,0,2.007846853428874,mass_ratio,stable,4,refinement,1.9320988947965383,2.0877797893081396,full,65536,40,student_t,3.0,dynamic,nan
1.5,0.9972855823834051,1.9661438342772206,1.756902927881627,1.9661438342772206,1.756902927881627,,0.0,0.5,0.5,nan,0.002714417616594907,2.0,0,1.876591987299542,mass_ratio,stable,4,refinement,1.8086644636172446,1.9288481605129164,full,65536,40,student_t,3.0,dynamic,nan
1.5,0.9965158581228575,1.8102506466914547,1.7074620804183913,1.8102506466914547,1.6656457186909284,,0.0,0.5,0.5,nan,0.0034841418771425405,2.0,0,1.7515618380250586,mass_ratio,stable,4,refinement,1.7057894259492927,1.7831760485536028,full,65536,40,student_t,3.0,dynamic,nan
1.5,0.9955278640450004,1.6927778307375658,1.5831989319408297,1.6927778307375658,1.5831989319408297,,0.0,0.5,0.5,nan,0.00447213595499958,2.0,0,1.6302616213182124,mass_ratio,stable,4,refinement,1.601804421253693,1.6667546518045566,full,65536,40,student_t,3.0,dynamic,nan
1.5,0.9942597056304714,1.5493760859326626,1.5034103398657295,1.5493760859326626,1.4753727718706298,,0.0,0.5,0.5,nan,0.005740294369528563,2.0,0,1.5333415363618355,mass_ratio,stable,4,refinement,1.5022888371459255,1.5425884438191486,full,65536,40,student_t,3.0,dynamic,nan
1.5,0.9926319370027192,1.4494319030934415,1.4155572318812888,1.461724306008551,1.4063174066105328,,0.0,0.5,0.5,nan,0.0073680629972807735,2.0,0,1.4309682786651883,mass_ratio,stable,4,refinement,1.4151876388704585,1.4499235992100459,full,65536,40,student_t,3.0,dynamic,nan
1.5,0.9905425839099682,1.3707500893680664,1.3512039218388965,1.3707500893680664,1.3512039218388965,,0.0,0.5,0.5,nan,0.00945741609003176,2.0,0,1.3598805500733477,mass_ratio,stable,4,refinement,1.3523226806855158,1.368578733212519,full,65536,40,student_t,3.0,dynamic,nan
1.5,0.9878607553799417,1.3076995252918524,1.2866232874952628,1.3100605100691614,1.281205584453247,,0.0,0.5,0.5,nan,0.012139244620058345,2.0,0,1.2986897655259109,mass_ratio,stable,4,refinement,1.286406579373582,1.3077939646829448,full,65536,40,student_t,3.0,dynamic,nan
1.5,0.9844184438389111,1.257636522498385,1.2449833452573544,1.257636522498385,1.2449833452573544,,0.0,0.5,0.5,nan,0.015581556161088883,2.0,0,1.2511211758067589,mass_ratio,stable,4,refinement,1.2455073559216834,1.25693130408579,full,65536,40,student_t,3.0,dynamic,nan
1.5,0.98,1.214967467265101,1.2051639474952758,1.214967467265101,1.2051639474952758,,0.0,0.5,0.5,nan,0.02,2.0,0,1.2081006313704004,mass_ratio,stable,4,refinement,1.2062915361784023,1.211953405612578,full,65536,40,student_t,3.0,dynamic,nan
1.5,nan,0.8511868797524446,0.7189695480607737,0.8511868797524446,0.7134463945367415,,0.0,0.5,0.5,0.6666666666666666,0.003,2.0,196,0.7357118560582052,pickands_xi,stable,4,refinement,0.7187486219198125,0.8011440625264413,full,65536,40,student_t,3.0,dynamic,16.32016230352953
1.5,nan,0.8688150939088592,0.678123622959081,0.8750852948781717,0.678123622959081,,0.0,0.5,0.5,0.6666666666666666,0.004,2.0,262,0.780822286986341,pickands_xi,stable,4,refinement,0.6881921308346269,0.8690659019476318,full,65536,40,student_t,3.0,dynamic,13.527421148749145
1.5,nan,0.7539868812764066,0.6710087325557772,0.7539868812764066,0.6676944583891401,,0.0,0.5,0.5,0.6666666666666666,0.006,2.0,393,0.7028568645826787,pickands_xi,stable,4,refinement,0.6708761615891117,0.7431407250363441,full,65536,40,student_t,3.0,dynamic,10.567888892711732
1.5,nan,0.6681996940952046,0.6069733496216514,0.6681996940952046,0.6069733496216514,,0.0,0.5,0.5,0.6666666666666666,0.008,2.0,524,0.6378010266389424,pickands_xi,stable,4,refinement,0.6160632207450748,0.6593157475610751,full,65536,40,student_t,3.0,dynamic,8.851643762362563
1.5,nan,0.6909198921366106,0.54238738184348,0.7412101995727897,0.5086292611676781,,0.0,0.5,0.5,0.6666666666666666,0.012,2.0,786,0.6101642868033248,pickands_xi,stable,4,refinement,0.5427427304821772,0.6929315044340578,full,65536,40,student_t,3.0,dynamic,7.118953881186895
1.5,nan,0.5783600089879728,0.4397463199640471,0.5783600089879728,0.4397463199640471,,0.0,0.5,0.5,0.6666666666666666,0.018,2.0,1179,0.5465528380381559,pickands_xi,stable,4,refinement,0.4829338897848767,0.5711721257868032,full,65536,40,student_t,3.0,dynamic,5.788584119256298
1.5,nan,0.4217328559341667,0.32517956565195366,0.43259094786687907,0.32517956565195366,,0.0,0.5,0.5,0.6666666666666666,0.03,2.0,1966,0.3708465813134839,pickands_xi,stable,4,refinement,0.3284348248611173,0.4216185602296203,full,65536,40,student_t,3.0,dynamic,4.524864113800126
1.5,nan,0.21089716436880038,0.17897043739618582,0.21089716436880038,0.17897043739618582,,0.0,0.5,0.5,0.16873201748611685,0.003,2.0,196,0.19531928748849653,tail_constant,stable,4,refinement,0.18643552373864075,0.20380214516810874,full,65536,40,student_t,3.0,dynamic,16.217299019291204
1.5,nan,0.2063707906823471,0.1917928436475428,0.2142475339454704,0.18640414432911037,,0.0,0.5,0.5,0.16873201748611685,0.004,2.0,262,0.19783779519259947,tail_constant,stable,4,refinement,0.19157729567480547,0.206685860412872,full,65536,40,student_t,3.0,dynamic,13.479012337299878
1.5,nan,0.2081334245196124,0.19424806585170193,0.2088386327872578,0.19424806585170193,,0.0,0.5,0.5,0.16873201748611685,0.006,2.0,393,0.20580961794666064,tail_constant,stable,4,refinement,0.19902068367073505,0.20816163285031822,full,65536,40,student_t,3.0,dynamic,10.560854188804466
1.5,nan,0.21531541663457276,0.207122011738804,0.21702502608697724,0.207122011738804,,0.0,0.5,0.5,0.16873201748611685,0.008,2.0,524,0.21050868197884653,tail_constant,stable,4,refinement,0.20726099335643,0.21538380101266894,full,65536,40,student_t,3.0,dynamic,8.84983807504072
1.5,nan,0.23014403153997254,0.22468824882533886,0.23014403153997254,0.22326844157176276,,0.0,0.5,0.5,0.16873201748611685,0.012,2.0,786,0.2275205793490608,tail_constant,stable,4,refinement,0.22470319416485038,0.22949104802835035,full,65536,40,student_t,3.0,dynamic,7.1129631566946365
1.5,nan,0.2546662734495797,0.24687008008061176,0.2546662734495797,0.24687008008061176,,0.0,0.5,0.5,0.16873201748611685,0.018,2.0,1179,0.2501607589903804,tail_constant,stable,4,refinement,0.2477880709689896,0.25316516149747514,full,65536,40,student_t,3.0,dynamic,5.782585678910047
1.5,nan,0.2909083230623629,0.2866944264631229,0.2915552799885404,0.2866944264631229,,0.0,0.5,0.5,0.16873201748611685,0.03,2.0,1966,0.28853992761001357,tail_constant,stable,4,refinement,0.28675397652106793,0.29093420133941,full,65536,40,student_t,3.0,dynamic,4.522721436516473
1.5,nan,1.7153366871887967,1.5744932284298467,1.7594127932710648,1.5744932284298467,,0.0,0.5,0.5,1.5,0.003,2.0,49,1.6334603464812285,hill_alpha,stable,4,refinement,1.584653332474366,1.7170997314320875,nested,16384,40,student_t,3.0,dynamic,16.12638978052999
1.5,nan,1.6657936361400387,1.47379384319268,1.6657936361400387,1.4605099770221208,,0.0,0.5,0.5,1.5,0.004,2.0,65,1.535915701765647,hill_alpha,stable,4,refinement,1.4732624885458576,1.6268944639934866,nested,16384,40,student_t,3.0,dynamic,13.121857324958468
1.5,nan,1.6421134340905894,1.4902221616041234,1.6421134340905894,1.4902221616041234,,0.0,0.5,0.5,1.5,0.006,2.0,98,1.5750764855432875,hill_alpha,stable,4,refinement,1.5283095443576618,1.6125783915251448,nested,16384,40,student_t,3.0,dynamic,10.199561502220023
1.5,nan,1.6621797585198763,1.5823934258526933,1.7122406322959878,1.567329522693079,,0.0,0.5,0.5,1.5,0.008,2.0,131,1.6047881068780363,hill_alpha,stable,4,refinement,1.5817908697263086,1.664182193470921,nested,16384,40,student_t,3.0,dynamic,8.634932524827551
1.5,nan,1.7726208039656135,1.6244681223136839,1.7726208039656135,1.6244681223136839,,0.0,0.5,0.5,1.5,0.012,2.0,196,1.6805495892643874,hill_alpha,stable,4,refinement,1.638554033475441,1.7412598138836055,nested,16384,40,student_t,3.0,dynamic,7.012015395967547
1.5,nan,1.8974447972863675,1.650697468159291,1.8974447972863675,1.650697468159291,,0.0,0.5,0.5,1.5,0.018,2.0,294,1.815031644225076,hill_alpha,stable,4,refinement,1.7193996681658288,1.8680646883219865,nested,16384,40,student_t,3.0,dynamic,5.845276947967888
1.5,nan,1.9494021679472593,1.8198110239477323,1.9494021679472593,1.738656020898052,,0.0,0.5,0.5,1.5,0.03,2.0,491,1.9039641858967256,hill_alpha,stable,4,refinement,1.816564823825745,1.9290310528346732,nested,16384,40,student_t,3.0,dynamic,4.540509499245806
1.5,nan,0.6351249925649052,0.5683714497385347,0.6351249925649052,0.5683714497385347,,0.0,0.5,0.5,0.6666666666666666,0.003,2.0,49,0.6125253081785498,hill_xi,stable,4,refinement,0.5827615075022216,0.631080938346975,nested,16384,40,student_t,3.0,dynamic,16.12638978052999
1.5,nan,0.6785760791891683,0.6148962094500378,0.6846923442720543,0.6003144557072451,,0.0,0.5,0.5,0.6666666666666666,0.004,2.0,65,0.6517363493728632,hill_xi,stable,4,refinement,0.6150497015947006,0.6788207297924838,nested,16384,40,student_t,3.0,dynamic,13.121857324958468
1.5,nan,0.6540788514978138,0.6089713288009272,0.671040886228378,0.6089713288009272,,0.0,0.5,0.5,0.6666666666666666,0.006,2.0,98,0.6348975605549549,hill_xi,stable,4,refinement,0.620350677060959,0.6547573328870363,nested,16384,40,student_t,3.0,dynamic,10.199561502220023
1.5,nan,0.6380279229869545,0.5840300604588936,0.6380279229869545,0.5840300604588936,,0.0,0.5,0.5,0.6666666666666666,0.008,2.0,131,0.6231482295860102,hill_xi,stable,4,refinement,0.6014404221872874,0.6322520296071233,nested,16384,40,student_t,3.0,dynamic,8.634932524827551
1.5,nan,0.6101245524581016,0.5641364457434173,0.6155861024688674,0.5641364457434173,,0.0,0.5,0.5,0.6666666666666666,0.012,2.0,196,0.5951940757342887,hill_xi,stable,4,refinement,0.5744990233167729,0.6103430144585322,nested,16384,40,student_t,3.0,dynamic,7.012015395967547
1.5,nan,0.6058045276552765,0.5270245550385186,0.6058045276552765,0.5270245550385186,,0.0,0.5,0.5,0.6666666666666666,0.018,2.0,294,0.5510297899598923,hill_xi,stable,4,refinement,0.5354570423963035,0.5826026789659665,nested,16384,40,student_t,3.0,dynamic,5.845276947967888
1.5,nan,0.5506026119221192,0.5129777818258048,0.575156895889895,0.5129777818258048,,0.0,0.5,0.5,0.6666666666666666,0.03,2.0,491,0.5252212657523921,hill_xi,stable,4,refinement,0.5184576642536302,0.5515847832808303,nested,16384,40,student_t,3.0,dynamic,4.540509499245806
1.5,0.999,2.5227759694596164,2.0431588156474967,2.6859166220027277,2.0431588156474967,,0.0,0.5,0.5,nan,0.001,2.0,0,2.3220911712578545,mass_ratio,stable,4,refinement,2.1590251564243164,2.529301595561341,nested,16384,40,student_t,3.0,dynamic,nan
1.5,0.9987164311578874,2.393465451654853,2.090045383292503,2.4191747477064203,2.090045383292503,,0.0,0.5,0.5,nan,0.0012835688421125163,2.0,0,2.3227888304610076,mass_ratio,stable,4,refinement,2.180177921865092,2.3944938234969153,nested,16384,40,student_t,3.0,dynamic,nan
1.5,0.998352451027558,2.255389484219549,2.0184520857923047,2.3614577742757,2.0184520857923047,,0.0,0.5,0.5,nan,0.0016475489724420657,2.0,0,2.084499582400405,mass_ratio,stable,4,refinement,2.0190405105179563,2.259632215821795,nested,16384,40,student_t,3.0,dynamic,nan
1.5,0.9978852574731188,2.341149580849293,1.8416256693429933,2.341149580849293,1.8416256693429933,,0.0,0.5,0.5,nan,0.0021147425268811283,2.0,0,1.954873186272248,mass_ratio,stable,4,refinement,1.865246962580853,2.1864744263404936,nested,16384,40,student_t,3.0,dynamic,nan
1.5,0.9972855823834051,2.0478303677102643,1.7594959623944901,2.179161803719193,1.7594959623944901,,0.0,0.5,0.5,nan,0.002714417616594907,2.0,0,1.8764213492375543,mass_ratio,stable,4,refinement,1.7963829084965461,2.0530836251506215,nested,16384,40,student_t,3.0,dynamic,nan
1.5,0.9965158581228575,1.8904062171280904,1.6272100058145045,2.044951972688393,1.6272100058145045,,0.0,0.5,0.5,nan,0.0034841418771425405,2.0,0,1.7030990989348287,mass_ratio,stable,4,refinement,1.6479113164484396,1.8965880473505026,nested,16384,40,student_t,3.0,dynamic,nan
1.5,0.9955278640450004,1.9135066107961856,1.5251628823035628,1.9135066107961856,1.5115019375763972,,0.0,0.5,0.5,nan,0.00447213595499958,2.0,0,1.5732319881947054,mass_ratio,stable,4,refinement,1.524616444514476,1.766690709306184,nested,16384,40,student_t,3.0,dynamic,nan
1.5,0.9942597056304714,1.6716086081603254,1.444121556163714,1.6716086081603254,1.4372532585219815,,0.0,0.5,0.5,nan,0.005740294369528563,2.0,0,1.4555310218582898,mass_ratio,stable,4,refinement,1.4441938540336279,1.5697240976251299,nested,16384,40,student_t,3.0,dynamic,nan
1.5,0.9926319370027192,1.5994621141550314,1.3441155164300078,1.5994621141550314,1.3441155164300078,,0.0,0.5,0.5,nan,0.0073680629972807735,2.0,0,1.390365521344998,mass_ratio,stable,4,refinement,1.3542571383564854,1.5111541300389328,nested,16384,40,student_t,3.0,dynamic,nan
1.5,0.9905425839099682,1.5129342622855437,1.2985444921956493,1.5129342622855437,1.2985444921956493,,0.0,0.5,0.5,nan,0.00945741609003176,2.0,0,1.3408073060054015,mass_ratio,stable,4,refinement,1.3071381623934557,1.44200580370195,nested,16384,40,student_t,3.0,dynamic,nan
1.5,0.9878607553799417,1.4317292851855292,1.2557060594621627,1.4317292851855292,1.2510682077166795,,0.0,0.5,0.5,nan,0.012139244620058345,2.0,0,1.2808683316474194,mass_ratio,stable,4,refinement,1.2555205453923435,1.3691677492983279,nested,16384,40,student_t,3.0,dynamic,nan
1.5,0.9844184438389111,1.3244702397002561,1.2186093882612126,1.3244702397002561,1.2042353758665032,,0.0,0.5,0.5,nan,0.015581556161088883,2.0,0,1.253275046260487,mass_ratio,stable,4,refinement,1.2180344277654243,1.300036536739358,nested,16384,40,student_t,3.0,dynamic,nan
1.5,0.98,1.2586999655828108,1.183397490571684,1.2586999655828108,1.183397490571684,,0.0,0.5,0.5,nan,0.02,2.0,0,1.2225015997288073,mass_ratio,stable,4,refinement,1.1946991181218467,1.2487930948181456,nested,16384,40,student_t,3.0,dynamic,nan
1.5,nan,1.0876524581440803,0.8320999098984849,1.0876524581440803,0.8166012536303108,,0.0,0.5,0.5,0.6666666666666666,0.003,2.0,49,0.8582991277254345,pickands_xi,stable,4,refinement,0.831479963647758,0.9826991290913425,nested,16384,40,student_t,3.0,dynamic,16.18878834729535
1.5,nan,0.8945915329870355,0.6125821953489748,1.1118503522901504,0.6125821953489748,,0.0,0.5,0.5,0.6666666666666666,0.004,2.0,65,0.6653476314411904,pickands_xi,stable,4,refinement,0.6321567651967277,0.9032818857591602,nested,16384,40,student_t,3.0,dynamic,13.243604950186867
1.5,nan,0.76916777635461,0.562063882649077,0.8455896594548379,0.5044797571877354,,0.0,0.5,0.5,0.6666666666666666,0.006,2.0,98,0.6561969506824004,pickands_xi,stable,4,refinement,0.5597605176306234,0.7722246516786191,nested,16384,40,student_t,3.0,dynamic,10.219218110328947
1.5,nan,0.847470700473498,0.46655479505326714,0.847470700473498,0.4482854288247474,,0.0,0.5,0.5,0.6666666666666666,0.008,2.0,131,0.5386776823797701,pickands_xi,stable,4,refinement,0.46582402040412635,0.7250997419155405,nested,16384,40,student_t,3.0,dynamic,8.659976519920367
1.5,nan,0.7558241412604725,0.36800283351169566,0.8943508653503803,0.36800283351169566,,0.0,0.5,0.5,0.6666666666666666,0.012,2.0,196,0.6131206572840795,pickands_xi,stable,4,refinement,0.48365454417692705,0.7613652102240689,nested,16384,40,student_t,3.0,dynamic,7.028663931505245
1.5,nan,0.6837609431148838,0.48456803533039894,0.6837609431148838,0.48456803533039894,,0.0,0.5,0.5,0.6666666666666666,0.018,2.0,294,0.5905863526939111,pickands_xi,stable,4,refinement,0.518321758685218,0.6561722086924836,nested,16384,40,student_t,3.0,dynamic,5.853285214465258
1.5,nan,0.45387251015090396,0.23653725343823728,0.45387251015090396,0.23653725343823728,,0.0,0.5,0.5,0.6666666666666666,0.03,2.0,491,0.34453907592803246,pickands_xi,stable,4,refinement,0.26592487694678607,0.4238457130104785,nested,16384,40,student_t,3.0,dynamic,4.546019707615663
1.5,nan,0.25658825806713603,0.18152809685062193,0.25658825806713603,0.18152809685062193,,0.0,0.5,0.5,0.16873201748611685,0.003,2.0,49,0.1937007141726813,tail_constant,stable,4,refinement,0.18494343285380935,0.22882975730919883,nested,16384,40,student_t,3.0,dynamic,16.12638978052999
1.5,nan,0.22251029653905038,0.1727815654628871,0.24190094121729985,0.1727815654628871,,0.0,0.5,0.5,0.16873201748611685,0.004,2.0,65,0.18875833826208685,tail_constant,stable,4,refinement,0.17355698587912022,0.22328592232618036,nested,16384,40,student_t,3.0,dynamic,13.121857324958468
1.5,nan,0.23416415699684343,0.1917224923226153,0.23416415699684343,0.1917224923226153,,0.0,0.5,0.5,0.16873201748611685,0.006,2.0,98,0.19484246934612695,tail_constant,stable,4,refinement,0.1924245718417456,0.2160852563766548,nested,16384,40,student_t,3.0,dynamic,10.199561502220023
1.5,nan,0.23032185632847707,0.197981720800932,0.25289009130260925,0.197981720800932,,0.0,0.5,0.5,0.16873201748611685,0.008,2.0,131,0.20289960993574196,tail_constant,stable,4,refinement,0.19801238210471137,0.23122458572744237,nested,16384,40,student_t,3.0,dynamic,8.634932524827551
1.5,nan,0.2637312498037338,0.21405320875921852,0.2637312498037338,0.21405320875921852,,0.0,0.5,0.5,0.16873201748611685,0.012,2.0,196,0.22214404520152745,tail_constant,stable,4,refinement,0.21561742389583383,0.24608877795036774,nested,16384,40,student_t,3.0,dynamic,7.012015395967547
1.5,nan,0.2753224838142017,0.2399236317523603,0.2753224838142017,0.2399236317523603,,0.0,0.5,0.5,0.16873201748611685,0.018,2.0,294,0.25361010877708684,tail_constant,stable,4,refinement,0.24395261327814105,0.26744107124247457,nested,16384,40,student_t,3.0,dynamic,5.845276947967888
1.5,nan,0.3002399016996622,0.27786251635713444,0.30353366262509807,0.27786251635713444,,0.0,0.5,0.5,0.16873201748611685,0.03,2.0,491,0.2899748141079916,tail_constant,stable,4,refinement,0.2803301824777532,0.3003716521366796,nested,16384,40,student_t,3.0,dynamic,4.540509499245806
1.5,nan,1.6684917380039157,1.4629167974808714,1.6927564756109872,1.4034309265333906,,0.0,0.5,0.5,1.5,0.003,2.0,98,1.5833148344125985,hill_alpha,stable,4,refinement,1.4605373626429723,1.6694623275081986,nested,32768,40,student_t,3.0,dynamic,15.42107611842103
1.5,nan,1.720692395649472,1.4899950076848818,1.720692395649472,1.4899950076848818,,0.0,0.5,0.5,1.5,0.004,2.0,131,1.5955842799493536,hill_alpha,stable,4,refinement,1.5279640063009028,1.6733543521843406,nested,32768,40,student_t,3.0,dynamic,13.060988132774185
1.5,nan,1.6672257323370712,1.5473244434656608,1.6672257323370712,1.5473244434656608,,0.0,0.5,0.5,1.5,0.006,2.0,196,1.6103528666586686,hill_alpha,stable,4,refinement,1.564508234116914,1.6529966092928285,nested,32768,40,student_t,3.0,dynamic,10.222279792308285
1.5,nan,1.701582261325357,1.6298345753247294,1.701582261325357,1.6039116955164237,,0.0,0.5,0.5,1.5,0.008,2.0,262,1.6735065628253425,hill_alpha,stable,4,refinement,1.6301074477437676,1.6953157101262872,nested,32768,40,student_t,3.0,dynamic,8.760749071112041
1.5,nan,1.755021354149115,1.6799196430144288,1.755021354149115,1.6602182594794985,,0.0,0.5,0.5,1.5,0.012,2.0,393,1.7025291742332034,hill_alpha,stable,4,refinement,1.6791315876730315,1.7312210186777228,nested,32768,40,student_t,3.0,dynamic,7.045749738909149
1.5,nan,1.827315026583389,1.6939874281530136,1.8294722144648803,1.6939874281530136,,0.0,0.5,0.5,1.5,0.018,2.0,589,1.8142466425759514,hill_alpha,stable,4,refinement,1.7465834716916853,1.8272923193425328,nested,32768,40,student_t,3.0,dynamic,5.807123460756351
1.5,nan,1.9833154626525171,1.8552694090810176,1.9833154626525171,1.8230243330783578,,0.0,0.5,0.5,1.5,0.03,2.0,983,1.9084546202851005,hill_alpha,stable,4,refinement,1.8539796060409113,1.9574335232128404,nested,32768,40,student_t,3.0,dynamic,4.530397333605761
1.5,nan,0.6846979814223444,0.5994704788797327,0.7125395208940537,0.590752429193371,,0.0,0.5,0.5,0.6666666666666666,0.003,2.0,98,0.6325224852583647,hill_xi,stable,4,refinement,0.5991217568922782,0.6858116430012128,nested,32768,40,student_t,3.0,dynamic,15.42107611842103
1.5,nan,0.6542261909727664,0.5811613990556121,0.6711431882941513,0.5811613990556121,,0.0,0.5,0.5,0.6666666666666666,0.004,2.0,131,0.6269024198740292,hill_xi,stable,4,refinement,0.5981218376353232,0.6549028708656217,nested,32768,40,student_t,3.0,dynamic,13.060988132774185
1.5,nan,0.6389696640189888,0.5997988038477714,0.6462768711649275,0.5997988038477714,,0.0,0.5,0.5,0.6666666666666666,0.006,2.0,196,0.6211595012567589,hill_xi,stable,4,refinement,0.6050105199082657,0.6392619523048263,nested,32768,40,student_t,3.0,dynamic,10.222279792308285
1.5,nan,0.6234757205121709,0.5876883079523308,0.6234757205121709,0.5876883079523308,,0.0,0.5,0.5,0.6666666666666666,0.008,2.0,262,0.5975958424259133,hill_xi,stable,4,refinement,0.5898693681236763,0.6136279354067414,nested,32768,40,student_t,3.0,dynamic,8.760749071112041
1.5,nan,0.5953484496070838,0.5697936367759062,0.602330443175293,0.5697936367759062,,0.0,0.5,0.5,0.6666666666666666,0.012,2.0,393,0.5873631611511692,hill_xi,stable,4,refinement,0.5777454269299338,0.5956277293498121,nested,32768,40,student_t,3.0,dynamic,7.045749738909149
1.5,nan,0.590323153159595,0.5466057325677939,0.590323153159595,0.5466057325677939,,0.0,0.5,0.5,0.6666666666666666,0.018,2.0,589,0.5512120889295042,hill_xi,stable,4,refinement,0.5472586577046152,0.573107968245951,nested,32768,40,student_t,3.0,dynamic,5.807123460756351
1.5,nan,0.5485390303657662,0.5042062237857937,0.5485390303657662,0.5042062237857937,,0.0,0.5,0.5,0.6666666666666666,0.03,2.0,983,0.5240472554161534,hill_xi,stable,4,refinement,0.5109699173803901,0.5395429799779283,nested,32768,40,student_t,3.0,dynamic,4.530397333605761
1.5,0.999,2.6977983427994334,2.2143083263390295,2.6977983427994334,1.9907300328559483,,0.0,0.5,0.5,nan,0.001,2.0,0,2.4675946546815686,mass_ratio,stable,4,refinement,2.205365194599706,2.601560429235398,nested,32768,40,student_t,3.0,dynamic,nan
1.5,0.9987164311578874,2.3729814965099076,1.959842051773108,2.3729814965099076,1.959842051773108,,0.0,0.5,0.5,nan,0.0012835688421125163,2.0,0,2.260989841000648,mass_ratio,stable,4,refinement,2.0650588779713472,2.358559614496443,nested,32768,40,student_t,3.0,dynamic,nan
1.5,0.998352451027558,2.2298319483668245,1.9216838629777224,2.2298319483668245,1.9216838629777224,,0.0,0.5,0.5,nan,0.0016475489724420657,2.0,0,2.052843003221437,mass_ratio,stable,4,refinement,1.9503782245921768,2.1791392803995673,nested,32768,40,student_t,3.0,dynamic,nan
1.5,0.9978852574731188,2.031770529200405,1.8136388761780604,2.031770529200405,1.8136388761780604,,0.0,0.5,0.5,nan,0.0021147425268811283,2.0,0,1.8775236132574407,mass_ratio,stable,4,refinement,1.8237634854846265,1.9782720740393187,nested,32768,40,student_t,3.0,dynamic,nan
1.5,0.9972855823834051,1.9339920107497037,1.713935962158782,1.9698588483362431,1.713935962158782,,0.0,0.5,0.5,nan,0.002714417616594907,2.0,0,1.8329993111429705,mass_ratio,stable,4,refinement,1.7398259559014997,1.935426684253165,nested,32768,40,student_t,3.0,dynamic,nan
1.5,0.9965158581228575,1.7703628491400765,1.6310013942595951,1.8266945011164835,1.6283649518045136,,0.0,0.5,0.5,nan,0.0034841418771425405,2.0,0,1.673834516939173,mass_ratio,stable,4,refinement,1.6308959365613918,1.7726161152191329,nested,32768,40,student_t,3.0,dynamic,nan
1.5,0.9955278640450004,1.7297245879522027,1.527318785041142,1.7297245879522027,1.512545508103189,,0.0,0.5,0.5,nan,0.00447213595499958,2.0,0,1.5759095223878976,mass_ratio,stable,4,refinement,1.5267278539636238,1.6721257374775615,nested,32768,40,student_t,3.0,dynamic,nan
1.5,0.9942597056304714,1.5454211036186236,1.4378540728462603,1.6054263396939068,1.4378540728462603,,0.0,0.5,0.5,nan,0.005740294369528563,2.0,0,1.463411302394742,mass_ratio,stable,4,refinement,1.4395593517582044,1.5478213130616347,nested,32768,40,student_t,3.0,dynamic,nan
1.5,0.9926319370027192,1.537710313198742,1.373987139274008,1.537710313198742,1.3420953344802014,,0.0,0.5,0.5,nan,0.0073680629972807735,2.0,0,1.408854374754449,mass_ratio,stable,4,refinement,1.3727114670822558,1.477287669475066,nested,32768,40,student_t,3.0,dynamic,nan
1.5,0.9905425839099682,1.4275850743276075,1.3007118739286325,1.4275850743276075,1.3007118739286325,,0.0,0.5,0.5,nan,0.00945741609003176,2.0,0,1.338889746679304,mass_ratio,stable,4,refinement,1.3160111316245775,1.3880374382807992,nested,32768,40,student_t,3.0,dynamic,nan
1.5,0.9878607553799417,1.3481697647548532,1.25879187552421,1.3481697647548532,1.2462289746386128,,0.0,0.5,0.5,nan,0.012139244620058345,2.0,0,1.282551062328824,mass_ratio,stable,4,refinement,1.2582893594887863,1.3220470048314874,nested,32768,40,student_t,3.0,dynamic,nan
1.5,0.9844184438389111,1.2818126223482695,1.224738339721976,1.2818126223482695,1.1974251661791404,,0.0,0.5,0.5,nan,0.015581556161088883,2.0,0,1.2540464301401366,mass_ratio,stable,4,refinement,1.2236458127802625,1.2694424101885218,nested,32768,40,student_t,3.0,dynamic,nan
1.5,0.98,1.2310961042384383,1.1640704976081617,1.2310961042384383,1.1640704976081617,,0.0,0.5,0.5,nan,0.02,2.0,0,1.211803416507738,mass_ratio,stable,4,refinement,1.186969574522544,1.2218483382851164,nested,32768,40,student_t,3.0,dynamic,nan
1.5,nan,0.8112637332781643,0.623275819660142,0.8970012830279925,0.5700553206512857,,0.0,0.5,0.5,0.6666666666666666,0.003,2.0,98,0.701011251098667,pickands_xi,stable,4,refinement,0.6211469996997877,0.8146932352681573,nested,32768,40,student_t,3.0,dynamic,15.743481364268622
1.5,nan,0.8904254865155781,0.6176501578706248,0.8904254865155781,0.6140789793695272,,0.0,0.5,0.5,0.6666666666666666,0.004,2.0,131,0.6429595448208671,pickands_xi,stable,4,refinement,0.6175073107305808,0.7820761745577064,nested,32768,40,student_t,3.0,dynamic,13.183955936802139
1.5,nan,0.7275928876278893,0.6423233133570112,0.7275928876278893,0.6423233133570112,,0.0,0.5,0.5,0.6666666666666666,0.006,2.0,196,0.6897457144228791,pickands_xi,stable,4,refinement,0.6517441728670176,0.7227681374910946,nested,32768,40,student_t,3.0,dynamic,10.262453472598075
1.5,nan,0.7836936416096979,0.5271454057812608,0.7836936416096979,0.5271454057812608,,0.0,0.5,0.5,0.6666666666666666,0.008,2.0,262,0.6345242259289345,pickands_xi,stable,4,refinement,0.5438144324673765,0.7469651290676992,nested,32768,40,student_t,3.0,dynamic,8.774377820703442
1.5,nan,0.7731092351134069,0.4725412386774427,0.7731092351134069,0.4725412386774427,,0.0,0.5,0.5,0.6666666666666666,0.012,2.0,393,0.5958509250954587,pickands_xi,stable,4,refinement,0.5168896670274034,0.7028654674354787,nested,32768,40,student_t,3.0,dynamic,7.047214456715379
1.5,nan,0.6386420732503091,0.4614940337877443,0.6386420732503091,0.4556387459874382,,0.0,0.5,0.5,0.6666666666666666,0.018,2.0,589,0.5187291523817913,pickands_xi,stable,4,refinement,0.46125982227573203,0.6057461900144162,nested,32768,40,student_t,3.0,dynamic,5.810424049657467
1.5,nan,0.3812955924888635,0.3188534434500247,0.3812955924888635,0.3188534434500247,,0.0,0.5,0.5,0.6666666666666666,0.03,2.0,983,0.37224966474237875,pickands_xi,stable,4,refinement,0.34242246849255975,0.3790147083483457,nested,32768,40,student_t,3.0,dynamic,4.5317310457491216
1.5,nan,0.20200565448673935,0.17071244643580175,0.2139934204809963,0.17071244643580175,,0.0,0.5,0.5,0.16873201748611685,0.003,2.0,98,0.18118421101241344,tail_constant,stable,4,refinement,0.17149872824214224,0.20248516512650963,nested,32768,40,student_t,3.0,dynamic,15.42107611842103
1.5,nan,0.2237881062457966,0.17490621397474954,0.2237881062457966,0.17490621397474954,,0.0,0.5,0.5,0.16873201748611685,0.004,2.0,131,0.18877438147138415,tail_constant,stable,4,refinement,0.1773357014116082,0.21120875131560457,nested,32768,40,student_t,3.0,dynamic,13.060988132774185
1.5,nan,0.22182331341461098,0.18722395716980347,0.22182331341461098,0.18722395716980347,,0.0,0.5,0.5,0.16873201748611685,0.006,2.0,196,0.19549589220716895,tail_constant,stable,4,refinement,0.19009960823767794,0.21028102898509976,nested,32768,40,student_t,3.0,dynamic,10.222279792308285
1.5,nan,0.23538995559443676,0.2016566992703871,0.23538995559443676,0.19639890202680005,,0.0,0.5,0.5,0.16873201748611685,0.008,2.0,262,0.20733065030980935,tail_constant,stable,4,refinement,0.20144638738064363,0.22212124287981647,nested,32768,40,student_t,3.0,dynamic,8.760749071112041
1.5,nan,0.2420358975600232,0.21723322968693398,0.2420358975600232,0.21341227536720284,,0.0,0.5,0.5,0.16873201748611685,0.012,2.0,393,0.22431002615082893,tail_constant,stable,4,refinement,0.2170803915141447,0.23509028351280858,nested,32768,40,student_t,3.0,dynamic,7.045749738909149
1.5,nan,0.2573311598811787,0.23568214177524657,0.2573311598811787,0.23568214177524657,,0.0,0.5,0.5,0.16873201748611685,0.018,2.0,589,0.2515409550906217,tail_constant,stable,4,refinement,0.2426995489904923,0.2551466847578457,nested,32768,40,student_t,3.0,dynamic,5.807123460756351
1.5,nan,0.29258987452652996,0.2803027066393538,0.29515775373510483,0.2803027066393538,,0.0,0.5,0.5,0.16873201748611685,0.03,2.0,983,0.28927340465473445,tail_constant,stable,4,refinement,0.28424931816839055,0.292692589694873,nested,32768,40,student_t,3.0,dynamic,4.530397333605761
1.5,nan,1.694627560616926,1.433120904796411,1.694627560616926,1.433120904796411,,0.0,0.5,0.5,1.5,0.003,2.0,49,1.585917719025979,hill_alpha,stable,4,refinement,1.5011653988959006,1.6477448133839747,block,16384,80,student_t,3.0,dynamic,16.200502167590646
1.5,nan,1.7225314659039705,1.540813675814345,1.7225314659039705,1.540813675814345,,0.0,0.5,0.5,1.5,0.004,2.0,65,1.5811131844612762,hill_alpha,stable,4,refinement,1.5475711038834918,1.6672370268928574,block,16384,80,student_t,3.0,dynamic,13.696625703405115
1.5,nan,1.6376817749390589,1.5501433314734465,1.6376817749390589,1.5501433314734465,,0.0,0.5,0.5,1.5,0.006,2.0,98,1.6090918101450056,hill_alpha,stable,4,refinement,1.5692401750533458,1.6331570180203623,block,16384,80,student_t,3.0,dynamic,10.511422112481533
1.5,nan,1.6151506323363685,1.6027320817161241,1.6151506323363685,1.6027320817161241,,0.0,0.5,0.5,1.5,0.008,2.0,131,1.606881220717312,hill_alpha,stable,4,refinement,1.6043640890249786,1.611540894170937,block,16384,80,student_t,3.0,dynamic,8.828787462351038
1.5,nan,1.7001171223863372,1.6307084211525957,1.702327919502462,1.6307084211525957,,0.0,0.5,0.5,1.5,0.012,2.0,196,1.6916293776127695,hill_alpha,stable,4,refinement,1.6569375453779065,1.7002055542709822,block,16384,80,student_t,3.0,dynamic,7.074741432813317
1.5,nan,1.8233161612192021,1.7540990733093287,1.8233161612192021,1.7378793759079236,,0.0,0.5,0.5,1.5,0.018,2.0,294,1.7881472088917114,hill_alpha,stable,4,refinement,1.7542698069661877,1.8141731928759606,block,16384,80,student_t,3.0,dynamic,5.791462000906783
1.5,nan,1.930431925922508,1.8469834427769949,1.930431925922508,1.8414586395128925,,0.0,0.5,0.5,1.5,0.03,2.0,491,1.8794963946955425,hill_alpha,stable,4,refinement,1.8467624506464309,1.9189371822876982,block,16384,80,student_t,3.0,dynamic,4.52711555460316
1.5,nan,0.6980977270840925,0.5909397446175719,0.6980977270840925,0.5909397446175719,,0.0,0.5,0.5,0.6666666666666666,0.003,2.0,49,0.6319199508609693,hill_xi,stable,4,refinement,0.607935545402482,0.6690070927089141,block,16384,80,student_t,3.0,dynamic,16.200502167590646
1.5,nan,0.6490343785492327,0.5816082676603201,0.6490343785492327,0.5816082676603201,,0.0,0.5,0.5,0.6666666666666666,0.004,2.0,65,0.6339185336056568,hill_xi,stable,4,refinement,0.6022393661084902,0.6462566021819078,block,16384,80,student_t,3.0,dynamic,13.696625703405115
1.5,nan,0.6451117750911961,0.6125427131899068,0.6451117750911961,0.6108517824474768,,0.0,0.5,0.5,0.6666666666666666,0.006,2.0,98,0.621688154752381,hill_xi,stable,4,refinement,0.6124750759602097,0.6374466025221861,block,16384,80,student_t,3.0,dynamic,10.511422112481533
1.5,nan,0.6236588347202814,0.619138252008333,0.6239347020647988,0.619138252008333,,0.0,0.5,0.5,0.6666666666666666,0.008,2.0,131,0.6227309625390608,hill_xi,stable,4,refinement,0.6205497907414649,0.623669869414062,block,16384,80,student_t,3.0,dynamic,8.828787462351038
1.5,nan,0.6036390041839574,0.5889979814002289,0.6139285517892169,0.5889746104944,,0.0,0.5,0.5,0.6666666666666666,0.012,2.0,196,0.5911854044423779,hill_xi,stable,4,refinement,0.5889970465639957,0.6040505860881679,block,16384,80,student_t,3.0,dynamic,7.074741432813317
1.5,nan,0.5763336710869573,0.5516697475653526,0.5763336710869573,0.5489804797019078,,0.0,0.5,0.5,0.6666666666666666,0.018,2.0,294,0.5593975878946728,hill_xi,stable,4,refinement,0.5515621768508148,0.5706228659382809,block,16384,80,student_t,3.0,dynamic,5.791462000906783
1.5,nan,0.5418628738687227,0.5215218211780368,0.5430489963908633,0.5180379642784597,,0.0,0.5,0.5,0.6666666666666666,0.03,2.0,491,0.532841214712098,hill_xi,stable,4,refinement,0.5213824669020538,0.5419103187696083,block,16384,80,student_t,3.0,dynamic,4.52711555460316
1.5,0.999,2.708680133444914,2.3104042582269644,2.708680133444914,2.3104042582269644,,0.0,0.5,0.5,nan,0.001,2.0,0,2.5328195930506867,mass_ratio,stable,4,refinement,2.3782099475611624,2.663220745436873,block,16384,80,student_t,3.0,dynamic,nan
1.5,0.9987164311578874,2.4281702174187134,2.14282208282333,2.5058084947912036,2.14282208282333,,0.0,0.5,0.5,nan,0.0012835688421125163,2.0,0,2.251104191885542,mass_ratio,stable,4,refinement,2.147072176056065,2.431275748513613,block,16384,80,student_t,3.0,dynamic,nan
1.5,0.998352451027558,2.424156841959596,1.9705188671042748,2.424156841959596,1.9705188671042748,,0.0,0.5,0.5,nan,0.0016475489724420657,2.0,0,2.0944020867871833,mass_ratio,stable,4,refinement,2.0273860813946993,2.2684712906342095,block,16384,80,student_t,3.0,dynamic,nan
1.5,0.9978852574731188,2.1365078684892693,1.8803212624769055,2.1365078684892693,1.8803212624769055,,0.0,0.5,0.5,nan,0.0021147425268811283,2.0,0,2.0077441875078925,mass_ratio,stable,4,refinement,1.9299522425129068,2.086233325597081,block,16384,80,student_t,3.0,dynamic,nan
1.5,0.9972855823834051,1.9362377169894371,1.8145304719257234,1.9362377169894371,1.8145304719257234,,0.0,0.5,0.5,nan,0.002714417616594907,2.0,0,1.8728745827702198,mass_ratio,stable,4,refinement,1.8183488673137078,1.9300101903815867,block,16384,80,student_t,3.0,dynamic,nan
1.5,0.9965158581228575,1.7675664549797023,1.7243990668483238,1.7676940049945047,1.7043902402141693,,0.0,0.5,0.5,nan,0.0034841418771425405,2.0,0,1.7559233992236891,mass_ratio,stable,4,refinement,1.7235987137829576,1.7675715569802946,block,16384,80,student_t,3.0,dynamic,nan
1.5,0.9955278640450004,1.6822865932936188,1.5936466694239328,1.6822865932936188,1.589351243343328,,0.0,0.5,0.5,nan,0.00447213595499958,2.0,0,1.6056710110119274,mass_ratio,stable,4,refinement,1.5934748523807087,1.649220993241954,block,16384,80,student_t,3.0,dynamic,nan
1.5,0.9942597056304714,1.5379626696515434,1.448370521195711,1.5463750011976578,1.448370521195711,,0.0,0.5,0.5,nan,0.005740294369528563,2.0,0,1.5232883276035016,mass_ratio,stable,4,refinement,1.4813253032305254,1.538299162913388,block,16384,80,student_t,3.0,dynamic,nan
1.5,0.9926319370027192,1.482314483100671,1.3728818613107716,1.482314483100671,1.3728818613107716,,0.0,0.5,0.5,nan,0.0073680629972807735,2.0,0,1.4173632174236659,mass_ratio,stable,4,refinement,1.387910587835777,1.4574601999848924,block,16384,80,student_t,3.0,dynamic,nan
1.5,0.9905425839099682,1.3563282424153154,1.341215005131684,1.3563282424153154,1.3396303772200635,,0.0,0.5,0.5,nan,0.00945741609003176,2.0,0,1.3479469001636297,mass_ratio,stable,4,refinement,1.3411516200152191,1.3547758863522625,block,16384,80,student_t,3.0,dynamic,nan
1.5,0.9878607553799417,1.3004921165970007,1.2831771295728305,1.3004921165970007,1.2807767037340212,,0.0,0.5,0.5,nan,0.012139244620058345,2.0,0,1.2900406657080223,mass_ratio,stable,4,refinement,1.2830811125392783,1.2976177131125546,block,16384,80,student_t,3.0,dynamic,nan
1.5,0.9844184438389111,1.2594293013950562,1.2325435743874555,1.260493964655656,1.2325435743874555,,0.0,0.5,0.5,nan,0.015581556161088883,2.0,0,1.2536423533307601,mass_ratio,stable,4,refinement,1.2404042915744675,1.2594718879254803,block,16384,80,student_t,3.0,dynamic,nan
1.5,0.98,1.2148047545240017,1.202646494423338,1.2148047545240017,1.202646494423338,,0.0,0.5,0.5,nan,0.02,2.0,0,1.2107425762797963,mass_ratio,stable,4,refinement,1.2064054487190172,1.212982073962204,block,16384,80,student_t,3.0,dynamic,nan
1.5,nan,0.8748914371280225,0.635658492492462,0.8748914371280225,0.531770701707898,,0.0,0.5,0.5,0.6666666666666666,0.003,2.0,49,0.7517934855516117,pickands_xi,stable,4,refinement,0.6315029808610795,0.8216830774631465,block,16384,80,student_t,3.0,dynamic,16.542884893941068
1.5,nan,0.8563306916828131,0.7519774402106355,0.8563306916828131,0.7519774402106355,,0.0,0.5,0.5,0.6666666666666666,0.004,2.0,65,0.8547816278399165,pickands_xi,stable,4,refinement,0.8009275529009601,0.855983038409953,block,16384,80,student_t,3.0,dynamic,13.904519683962276
1.5,nan,0.8317144841725354,0.5870807921324641,0.8437271388948477,0.5851185840239377,,0.0,0.5,0.5,0.6666666666666666,0.006,2.0,98,0.7043724148456068,pickands_xi,stable,4,refinement,0.587002303808123,0.8321949903614279,block,16384,80,student_t,3.0,dynamic,10.5838968633388
1.5,nan,0.6573214651945096,0.6268344758385942,0.6573214651945096,0.6227045906467277,,0.0,0.5,0.5,0.6666666666666666,0.008,2.0,131,0.6310864317895237,pickands_xi,stable,4,refinement,0.6266692804309195,0.6447872431244668,block,16384,80,student_t,3.0,dynamic,8.842371514273122
1.5,nan,0.735066391795041,0.4869036909131842,0.735066391795041,0.4869036909131842,,0.0,0.5,0.5,0.6666666666666666,0.012,2.0,196,0.6223626407747291,pickands_xi,stable,4,refinement,0.5287174241408696,0.7041751540111474,block,16384,80,student_t,3.0,dynamic,7.091705346781656
1.5,nan,0.5742481622012595,0.49996644835485726,0.5783653266479443,0.49996644835485726,,0.0,0.5,0.5,0.6666666666666666,0.018,2.0,294,0.5631902142361944,pickands_xi,stable,4,refinement,0.5269822798890764,0.5744128487791269,block,16384,80,student_t,3.0,dynamic,5.794462428011028
1.5,nan,0.4489253192138822,0.33809121754181365,0.4596152949046799,0.3291576815982805,,0.0,0.5,0.5,0.6666666666666666,0.03,2.0,491,0.3926300485042156,pickands_xi,stable,4,refinement,0.33773387610407235,0.4493529182415141,block,16384,80,student_t,3.0,dynamic,4.529581608841939
1.5,nan,0.2017938757631341,0.19135355358130013,0.2082448374464163,0.18824411877291267,,0.0,0.5,0.5,0.16675213385546725,0.003,2.0,49,0.19506660569836953,tail_constant,stable,4,refinement,0.19138628447402042,0.2020519142304654,block,16384,80,student_t,3.0,dynamic,16.200502167590646
1.5,nan,0.20831000494213153,0.19231035554456924,0.20831000494213153,0.19231035554456924,,0.0,0.5,0.5,0.16675213385546725,0.004,2.0,65,0.20115491396268403,tail_constant,stable,4,refinement,0.19639434770844236,0.20503695714881873,block,16384,80,student_t,3.0,dynamic,13.696625703405115
1.5,nan,0.2087232503946243,0.18896506310677336,0.21282401283863198,0.18896506310677336,,0.0,0.5,0.5,0.16675213385546725,0.006,2.0,98,0.2038520722529416,tail_constant,stable,4,refinement,0.19574102796205012,0.2088872808923846,block,16384,80,student_t,3.0,dynamic,10.511422112481533
1.5,nan,0.21479803226160576,0.2041345076129506,0.21479803226160576,0.20266566563303584,,0.0,0.5,0.5,0.16675213385546725,0.008,2.0,131,0.2097694548546289,tail_constant,stable,4,refinement,0.20407575393375402,0.21438404563190336,block,16384,80,student_t,3.0,dynamic,8.828787462351038
1.5,nan,0.22810890058666017,0.22355732231975706,0.22810890058666017,0.22355732231975706,,0.0,0.5,0.5,0.16675213385546725,0.012,2.0,196,0.2251528925499678,tail_constant,stable,4,refinement,0.22371337459037358,0.22729983816893243,block,16384,80,student_t,3.0,dynamic,7.074741432813317
1.5,nan,0.2525385521851484,0.24993250407608866,0.2525385521851484,0.24985962867104416,,0.0,0.5,0.5,0.16675213385546725,0.018,2.0,294,0.2501044444996978,tail_constant,stable,4,refinement,0.24992958905988688,0.2514177317050432,block,16384,80,student_t,3.0,dynamic,5.791462000906783
1.5,nan,0.2926400040371768,0.28622300266508094,0.2926400040371768,0.28595569842652546,,0.0,0.5,0.5,0.16675213385546725,0.03,2.0,491,0.288669072271474,tail_constant,stable,4,refinement,0.28621231049553875,0.2917797641662015,block,16384,80,student_t,3.0,dynamic,4.52711555460316
1.5,nan,1.6158917106367285,1.5646914847310538,1.6261651357642086,1.5574729499875906,,0.0,0.5,0.5,1.5,0.003,2.0,196,1.5897210866743248,hill_alpha,stable,12,primary,1.545793780596941,1.6465413033011296,block,65536,80,student_t,3.0,dynamic,15.53251664161163
1.5,nan,1.642629314820314,1.5650785377628824,1.6485366994201702,1.5606954893094735,,0.0,0.5,0.5,1.5,0.004,2.0,262,1.6136395452707841,hill_alpha,stable,12,primary,1.552981331507053,1.6549758508759091,block,65536,80,student_t,3.0,dynamic,13.10351111578631
1.5,nan,1.673303324792628,1.6332219978018991,1.6747571815868674,1.6276325197135337,,0.0,0.5,0.5,1.5,0.006,2.0,393,1.6593878693103266,hill_alpha,stable,12,primary,1.6152095776634017,1.6779826928661217,block,65536,80,student_t,3.0,dynamic,10.331490921092513
1.5,nan,1.7061752085408841,1.6600767392073137,1.7103736951200563,1.6577000948443694,,0.0,0.5,0.5,1.5,0.008,2.0,524,1.7002410794216076,hill_alpha,stable,12,primary,1.619776553357402,1.7169356666282183,block,65536,80,student_t,3.0,dynamic,8.811415316767564
1.5,nan,1.767432679236033,1.733768447017411,1.7690211386212948,1.7261827630407987,,0.0,0.5,0.5,1.5,0.012,2.0,786,1.7456145002522936,hill_alpha,stable,12,primary,1.708826000110722,1.7729808845610382,block,65536,80,student_t,3.0,dynamic,7.106960049246432
1.5,nan,1.8258833582544904,1.796821301444372,1.83044094395202,1.792752101120243,,0.0,0.5,0.5,1.5,0.018,2.0,1179,1.81337469830444,hill_alpha,stable,12,primary,1.7823397035684865,1.8362219769410528,block,65536,80,student_t,3.0,dynamic,5.808223571556317
1.5,nan,1.930310104134037,1.899053348094442,1.9349138530938381,1.8975383440319769,,0.0,0.5,0.5,1.5,0.03,2.0,1966,1.9154305924260133,hill_alpha,stable,12,primary,1.896004190053043,1.9443070442506885,block,65536,80,student_t,3.0,dynamic,4.53524088713021
1.5,nan,0.639146095867811,0.6185118885563904,0.642109573511404,0.6151034613670372,,0.0,0.5,0.5,0.6666666666666666,0.003,2.0,196,0.6300186392950204,hill_xi,stable,12,primary,0.6074720428037446,0.6469480372523824,block,65536,80,student_t,3.0,dynamic,15.53251664161163
1.5,nan,0.6391019734179888,0.6088799691455442,0.6408259612397342,0.6066578216382094,,0.0,0.5,0.5,0.6666666666666666,0.004,2.0,262,0.6198419421879826,hill_xi,stable,12,primary,0.6043254499298467,0.643936399143295,block,65536,80,student_t,3.0,dynamic,13.10351111578631
1.5,nan,0.6125143689737937,0.5976323330434526,0.6145886484997257,0.5971125539031137,,0.0,0.5,0.5,0.6666666666666666,0.006,2.0,393,0.6027517756925503,hill_xi,stable,12,primary,0.5960830225881426,0.6193121118877509,block,65536,80,student_t,3.0,dynamic,10.331490921092513
1.5,nan,0.6020280248415679,0.5853320705408771,0.6039398931794315,0.5846838903133842,,0.0,0.5,0.5,0.6666666666666666,0.008,2.0,524,0.5881654896113229,hill_xi,stable,12,primary,0.5824532061023158,0.6174441763039505,block,65536,80,student_t,3.0,dynamic,8.811415316767564
1.5,nan,0.5776070661220194,0.566015410605475,0.579415568580345,0.5659261365793398,,0.0,0.5,0.5,0.6666666666666666,0.012,2.0,786,0.5729600947136204,hill_xi,stable,12,primary,0.564840604804851,0.5854053929857441,block,65536,80,student_t,3.0,dynamic,7.106960049246432
1.5,nan,0.5557786397056489,0.547923711932645,0.5579214606743669,0.5464495800871334,,0.0,0.5,0.5,0.6666666666666666,0.018,2.0,1179,0.5516216163740066,hill_xi,stable,12,primary,0.5447188207504972,0.5611888137106721,block,65536,80,student_t,3.0,dynamic,5.808223571556317
1.5,nan,0.5265782377759738,0.5181428488081372,0.527013436289842,0.5168452021565935,,0.0,0.5,0.5,0.6666666666666666,0.03,2.0,1966,0.5221286168444872,hill_xi,stable,12,primary,0.5144041736501223,0.5274892142997484,block,65536,80,student_t,3.0,dynamic,4.53524088713021
1.5,0.999,2.484548050712858,2.3163633625129636,2.4907211425932,2.310077859788306,,0.0,0.5,0.5,nan,0.001,2.0,0,2.3773271980305752,mass_ratio,stable,12,primary,2.3019848839388484,2.503937622152533,block,65536,80,student_t,3.0,dynamic,nan
1.5,0.9987164311578874,2.28200655607125,2.151328005365063,2.282688716373201,2.1505934087638656,,0.0,0.5,0.5,nan,0.0012835688421125163,2.0,0,2.193027152512621,mass_ratio,stable,12,primary,2.1350377286304365,2.290546565727195,block,65536,80,student_t,3.0,dynamic,nan
1.5,0.998352451027558,2.118499605264161,2.0003691095856633,2.1190695429903235,1.9987457122983898,,0.0,0.5,0.5,nan,0.0016475489724420657,2.0,0,2.039048365210875,mass_ratio,stable,12,primary,1.992086697486764,2.1243978865378415,block,65536,80,student_t,3.0,dynamic,nan
1.5,0.9978852574731188,1.9390058675624047,1.8870542835017736,1.9427958059772046,1.8783953862343412,,0.0,0.5,0.5,nan,0.0021147425268811283,2.0,0,1.9189109030023306,mass_ratio,stable,12,primary,1.868235950262404,1.954881702393554,block,65536,80,student_t,3.0,dynamic,nan
1.5,0.9972855823834051,1.8112326756608172,1.7802463982696397,1.8198256629165295,1.7674084771416962,,0.0,0.5,0.5,nan,0.002714417616594907,2.0,0,1.7968089944745052,mass_ratio,stable,12,primary,1.7460051860897923,1.8284501131417472,block,65536,80,student_t,3.0,dynamic,nan
1.5,0.9965158581228575,1.7086668750493565,1.6609810825992564,1.7091140162879959,1.6589276499249461,,0.0,0.5,0.5,nan,0.0034841418771425405,2.0,0,1.6843326631190996,mass_ratio,stable,12,primary,1.6563846056270082,1.7160059049099035,block,65536,80,student_t,3.0,dynamic,nan
1.5,0.9955278640450004,1.5972403474246872,1.5681186126546867,1.597713321142395,1.5670460459265718,,0.0,0.5,0.5,nan,0.00447213595499958,2.0,0,1.5890430199744001,mass_ratio,stable,12,primary,1.564255133464564,1.5992038101661497,block,65536,80,student_t,3.0,dynamic,nan
1.5,0.9942597056304714,1.5017546347023885,1.487303411344468,1.502580031243888,1.486945992053202,,0.0,0.5,0.5,nan,0.005740294369528563,2.0,0,1.4960076702679355,mass_ratio,stable,12,primary,1.4859089672983183,1.5067793902920152,block,65536,80,student_t,3.0,dynamic,nan
1.5,0.9926319370027192,1.4275071025706907,1.4146829929300593,1.4299933557604427,1.412896495671716,,0.0,0.5,0.5,nan,0.0073680629972807735,2.0,0,1.4196550374552217,mass_ratio,stable,12,primary,1.4065255815362339,1.4349943205329427,block,65536,80,student_t,3.0,dynamic,nan
1.5,0.9905425839099682,1.36178222198512,1.3438436979432762,1.3630857489884467,1.3429665493249365,,0.0,0.5,0.5,nan,0.00945741609003176,2.0,0,1.349252006629714,mass_ratio,stable,12,primary,1.3375331740601752,1.3649890515095229,block,65536,80,student_t,3.0,dynamic,nan
1.5,0.9878607553799417,1.303865276631953,1.2840493196609883,1.3040379928225347,1.2826160716349642,,0.0,0.5,0.5,nan,0.012139244620058345,2.0,0,1.2956310312649524,mass_ratio,stable,12,primary,1.2806045792127274,1.3054185305068788,block,65536,80,student_t,3.0,dynamic,nan
1.5,0.9844184438389111,1.254804832560286,1.2399994645723504,1.2555055042051848,1.2383515946254644,,0.0,0.5,0.5,nan,0.015581556161088883,2.0,0,1.2525753476353678,mass_ratio,stable,12,primary,1.2365290479813036,1.2573741815120938,block,65536,80,student_t,3.0,dynamic,nan
1.5,0.98,1.2166734368871457,1.202775975458152,1.2167381319160906,1.2014767485533764,,0.0,0.5,0.5,nan,0.02,2.0,0,1.2107861720624806,mass_ratio,stable,12,primary,1.1996953960797039,1.217162580503122,block,65536,80,student_t,3.0,dynamic,nan
1.5,nan,0.7391310987565036,0.661980038251394,0.749167184395705,0.647359991609683,,0.0,0.5,0.5,0.6666666666666666,0.003,2.0,196,0.7040399391801258,pickands_xi,stable,12,primary,0.6262310171934449,0.7702613916302518,block,65536,80,student_t,3.0,dynamic,15.555422011740047
1.5,nan,0.7109713563386516,0.6229821470348724,0.7141556331857615,0.6109227779528068,,0.0,0.5,0.5,0.6666666666666666,0.004,2.0,262,0.6927655344286441,pickands_xi,stable,12,primary,0.5940178884235743,0.7247888276546076,block,65536,80,student_t,3.0,dynamic,13.113649868190116
1.5,nan,0.6829676370560932,0.6022026313474409,0.6958059529622411,0.5978473712320257,,0.0,0.5,0.5,0.6666666666666666,0.006,2.0,393,0.6496394744509935,pickands_xi,stable,12,primary,0.5878075724334573,0.710938520269382,block,65536,80,student_t,3.0,dynamic,10.345619325291906
1.5,nan,0.6422878368845856,0.6117226127990119,0.6489702051171623,0.6091701944095463,,0.0,0.5,0.5,0.6666666666666666,0.008,2.0,524,0.6227943053575598,pickands_xi,stable,12,primary,0.5975083769834079,0.6663261145961445,block,65536,80,student_t,3.0,dynamic,8.815503618325728
1.5,nan,0.590319825827829,0.5560324414479099,0.5973856090776989,0.5501369920098581,,0.0,0.5,0.5,0.6666666666666666,0.012,2.0,786,0.5690356828753764,pickands_xi,stable,12,primary,0.5421354458206646,0.6076918333587406,block,65536,80,student_t,3.0,dynamic,7.109435476251577
1.5,nan,0.5462142889366274,0.5067419999030796,0.5518720793366992,0.5061364974035004,,0.0,0.5,0.5,0.6666666666666666,0.018,2.0,1179,0.5255874213695132,pickands_xi,stable,12,primary,0.5052351195749496,0.5649902543561413,block,65536,80,student_t,3.0,dynamic,5.811723074669694
1.5,nan,0.4326047714657256,0.40239442740581105,0.4388759171976867,0.40190839634974385,,0.0,0.5,0.5,0.6666666666666666,0.03,2.0,1966,0.41527019491150385,pickands_xi,stable,12,primary,0.4005816520990439,0.4518385147678455,block,65536,80,student_t,3.0,dynamic,4.53582210964077
1.5,nan,0.18937902903692522,0.1796534880854444,0.1894866593648173,0.17904977747122136,,0.0,0.5,0.5,0.16675213385546725,0.003,2.0,196,0.183128000943625,tail_constant,stable,12,primary,0.17815652417223551,0.1897102739304085,block,65536,80,student_t,3.0,dynamic,15.53251664161163
1.5,nan,0.19166741646304325,0.18646358747456826,0.19238974318373744,0.18581577881587805,,0.0,0.5,0.5,0.16675213385546725,0.004,2.0,262,0.18964902031265682,tail_constant,stable,12,primary,0.18478327358097718,0.19345564710194782,block,65536,80,student_t,3.0,dynamic,13.10351111578631
1.5,nan,0.20168842607207232,0.1980030311827175,0.20177688991524834,0.197890333222017,,0.0,0.5,0.5,0.16675213385546725,0.006,2.0,393,0.1991797545233924,tail_constant,stable,12,primary,0.19773502818448888,0.20247303335477757,block,65536,80,student_t,3.0,dynamic,10.331490921092513
1.5,nan,0.21124393440309366,0.20769487930487662,0.2114933361928661,0.2074490180991007,,0.0,0.5,0.5,0.16675213385546725,0.008,2.0,524,0.20913929280394478,tail_constant,stable,12,primary,0.20629132474756012,0.21177554558739978,block,65536,80,student_t,3.0,dynamic,8.811415316767564
1.5,nan,0.22938901016484714,0.22469302023072033,0.2296790081731573,0.22425236147702715,,0.0,0.5,0.5,0.16675213385546725,0.012,2.0,786,0.2272353147643137,tail_constant,stable,12,primary,0.22356134476379388,0.23000188106549788,block,65536,80,student_t,3.0,dynamic,7.106960049246432
1.5,nan,0.25266240261540307,0.24819462840483503,0.25293488851917373,0.24817175037974848,,0.0,0.5,0.5,0.16675213385546725,0.018,2.0,1179,0.2518252090403782,tail_constant,stable,12,primary,0.24762637734220025,0.2534290615358631,block,65536,80,student_t,3.0,dynamic,5.808223571556317
1.5,nan,0.2913663716760959,0.2886714378960803,0.2914828166085451,0.28861516878800086,,0.0,0.5,0.5,0.16675213385546725,0.03,2.0,1966,0.2897394858712344,tail_constant,stable,12,primary,0.288043509703544,0.29190367400562595,block,65536,80,student_t,3.0,dynamic,4.53524088713021
1.5,nan,0.011080910692493286,0.006858289322765985,0.011080910692493286,0.006858289322765985,,0.0,0.5,0.5,0.0,nan,2.0,0,0.008679502509479893,control_ecf_rmse,stable,4,refinement,0.006960206691034841,0.010700499726000677,full,16384,80,student_t,3.0,dynamic,0.5
1.5,nan,0.00939697452872796,0.005865777393055405,0.00939697452872796,0.005189233359815955,,0.0,0.5,0.5,0.0,nan,2.0,0,0.007542877838607605,control_ecf_rmse,stable,4,refinement,0.0058387156317258266,0.00898727519538031,full,16384,80,student_t,3.0,dynamic,0.875
1.5,nan,0.006642538060103586,0.00372858931409498,0.006953247390532994,0.00372858931409498,,0.0,0.5,0.5,0.0,nan,2.0,0,0.006151078346816343,control_ecf_rmse,stable,4,refinement,0.004804623866029473,0.006654966433320762,full,16384,80,student_t,3.0,dynamic,1.25
1.5,nan,0.010298998072655123,0.00517648903549924,0.012350442687695948,0.00517648903549924,,0.0,0.5,0.5,0.0,nan,2.0,0,0.0071198612850661225,control_ecf_rmse,stable,4,refinement,0.005568015472468219,0.010381055857256757,full,16384,80,student_t,3.0,dynamic,1.625
1.5,nan,0.008420753729798608,0.006196009214091132,0.008420753729798608,0.005909008005832998,,0.0,0.5,0.5,0.0,nan,2.0,0,0.006785156432804801,control_ecf_rmse,stable,4,refinement,0.006199030279441254,0.00776619599857979,full,16384,80,student_t,3.0,dynamic,2.0
1.5,nan,0.11666656192992808,0.08123284003535684,0.11666656192992808,0.08123284003535684,,0.0,0.5,0.5,0.0,nan,2.0,0,0.08372320513703016,control_w1,stable,4,refinement,0.08184618821851763,0.10143577773497948,full,16384,80,student_t,3.0,dynamic,0.5
1.5,nan,0.1884056136051096,0.07828135935035277,0.1884056136051096,0.07828135935035277,,0.0,0.5,0.5,0.0,nan,2.0,0,0.09007210219605363,control_w1,stable,4,refinement,0.078947728736718,0.14619871530833392,full,16384,80,student_t,3.0,dynamic,0.875
1.5,nan,0.14441175314026025,0.07474974994931884,0.14441175314026025,0.07474974994931884,,0.0,0.5,0.5,0.0,nan,2.0,0,0.11714882338617771,control_w1,stable,4,refinement,0.09400064085417255,0.1324262112031392,full,16384,80,student_t,3.0,dynamic,1.25
1.5,nan,0.14330590583357203,0.08192708467097627,0.14330590583357203,0.08192708467097627,,0.0,0.5,0.5,0.0,nan,2.0,0,0.10876694456264885,control_w1,stable,4,refinement,0.09328366353362888,0.12825375830887914,full,16384,80,student_t,3.0,dynamic,1.625
1.5,nan,0.12595659761157096,0.09677047464495425,0.14433848949602707,0.09677047464495425,,0.0,0.5,0.5,0.0,nan,2.0,0,0.10456715042430183,control_w1,stable,4,refinement,0.09906925247369083,0.1266918732869492,full,16384,80,student_t,3.0,dynamic,2.0
1.5,nan,0.016551514966215042,0.014588143631803956,0.01697367208789327,0.014588143631803956,,1.0,0.5,0.5,0.0,nan,2.0,0,0.015484622781501693,pt_ecf_sup_exact_a,stable,4,refinement,0.014708980793402012,0.016568401251082172,full,16384,80,student_t,3.0,dynamic,0.5
1.5,nan,0.013709602605460261,0.010706655879026878,0.013709602605460261,0.010706655879026878,,1.0,0.5,0.5,0.0,nan,2.0,0,0.012194192025164243,pt_ecf_sup_exact_a,stable,4,refinement,0.011152265688338308,0.013250613067752678,full,16384,80,student_t,3.0,dynamic,0.875
1.5,nan,0.014612174948382017,0.010340749681944466,0.014612174948382017,0.010340749681944466,,1.0,0.5,0.5,0.0,nan,2.0,0,0.012518227113928887,pt_ecf_sup_exact_a,stable,4,refinement,0.011378968980048676,0.013614049857092827,full,16384,80,student_t,3.0,dynamic,1.25
1.5,nan,0.01145373156585649,0.007872008015367865,0.011468619800231743,0.007872008015367865,,1.0,0.5,0.5,0.0,nan,2.0,0,0.009949846995461576,pt_ecf_sup_exact_a,stable,4,refinement,0.008154652484523408,0.0114543270952315,full,16384,80,student_t,3.0,dynamic,1.625
1.5,nan,0.012265746932053043,0.006453063810511432,0.01249686710491847,0.006453063810511432,,1.0,0.5,0.5,0.0,nan,2.0,0,0.011203004615101767,pt_ecf_sup_exact_a,stable,4,refinement,0.008333856767553584,0.012274991738967662,full,16384,80,student_t,3.0,dynamic,2.0
1.5,nan,0.016473017484029222,0.012917329069398442,0.017046357035408164,0.012917329069398442,,1.0,0.5,0.5,0.0,nan,2.0,0,0.014968076580440057,pt_ecf_sup_exact_b,stable,4,refinement,0.01345451922563751,0.01649595106608438,full,16384,80,student_t,3.0,dynamic,0.5
1.5,nan,0.014670632850826155,0.008944386704969727,0.015603882906076307,0.008944386704969727,,1.0,0.5,0.5,0.0,nan,2.0,0,0.012828993233467697,pt_ecf_sup_exact_b,stable,4,refinement,0.010372970848836765,0.014707962853036162,full,16384,80,student_t,3.0,dynamic,0.875
1.5,nan,0.01443627851824535,0.012442237653905338,0.01443627851824535,0.012442237653905338,,1.0,0.5,0.5,0.0,nan,2.0,0,0.013772664274604968,pt_ecf_sup_exact_b,stable,4,refinement,0.012789929706672056,0.01440865640646707,full,16384,80,student_t,3.0,dynamic,1.25
1.5,nan,0.01468285454502459,0.01067258658287022,0.015948184917120464,0.009984277661120523,,1.0,0.5,0.5,0.0,nan,2.0,0,0.012389209838774317,pt_ecf_sup_exact_b,stable,4,refinement,0.010645054226000232,0.014733467759908424,full,16384,80,student_t,3.0,dynamic,1.625
1.5,nan,0.015839548119446694,0.011308891140996806,0.015839548119446694,0.011308891140996806,,1.0,0.5,0.5,0.0,nan,2.0,0,0.01383453255492957,pt_ecf_sup_exact_b,stable,4,refinement,0.011882400171736895,0.015515939496426111,full,16384,80,student_t,3.0,dynamic,2.0
1.5,nan,0.016463018526158824,0.008450498599676675,0.01839190588110521,0.008450498599676675,,1.0,0.5,0.5,0.0,nan,2.0,0,0.011612406437510093,pt_ecf_sup_exact_c,stable,4,refinement,0.008565786489659591,0.01654017402035668,full,16384,80,student_t,3.0,dynamic,0.5
1.5,nan,0.015482610344390219,0.01108726651759056,0.015482610344390219,0.01108726651759056,,1.0,0.5,0.5,0.0,nan,2.0,0,0.013107084502755446,pt_ecf_sup_exact_c,stable,4,refinement,0.011442052367537266,0.014957084723337968,full,16384,80,student_t,3.0,dynamic,0.875
1.5,nan,0.016818713711231045,0.009078585861785414,0.018688608006654464,0.00715674524352387,,1.0,0.5,0.5,0.0,nan,2.0,0,0.012876207458695988,pt_ecf_sup_exact_c,stable,4,refinement,0.009001712237054952,0.01679903061338593,full,16384,80,student_t,3.0,dynamic,1.25
1.5,nan,0.018405673587978472,0.008401347589974989,0.018405673587978472,0.008401347589974989,,1.0,0.5,0.5,0.0,nan,2.0,0,0.009861374994619847,pt_ecf_sup_exact_c,stable,4,refinement,0.00904923594042753,0.014357335066943321,full,16384,80,student_t,3.0,dynamic,1.625
1.5,nan,0.012433982137709895,0.011256955670215799,0.013263611458339914,0.011144313892488449,,1.0,0.5,0.5,0.0,nan,2.0,0,0.011492903647128757,pt_ecf_sup_exact_c,stable,4,refinement,0.01125814137313926,0.012467167310535095,full,16384,80,student_t,3.0,dynamic,2.0
1.5,nan,0.01272131823208132,0.00944207445251193,0.01272131823208132,0.00944207445251193,,1.0,0.5,0.5,0.0,nan,2.0,0,0.011337738089329178,pt_ecf_sup_numerical,stable,4,refinement,0.010191753607966614,0.012217439153777886,full,16384,80,student_t,3.0,dynamic,0.5
1.5,nan,0.012795136862152967,0.009802223020477271,0.012795136862152967,0.00925938073284698,,1.0,0.5,0.5,0.0,nan,2.0,0,0.011424638440594092,pt_ecf_sup_numerical,stable,4,refinement,0.009780509328972061,0.01265549272339824,full,16384,80,student_t,3.0,dynamic,0.875
1.5,nan,0.01240660248525749,0.009566142248144064,0.01426747484685868,0.00923452105887945,,1.0,0.5,0.5,0.0,nan,2.0,0,0.010221746780532488,pt_ecf_sup_numerical,stable,4,refinement,0.009552877400573478,0.012481037379721538,full,16384,80,student_t,3.0,dynamic,1.25
1.5,nan,0.016189613025238785,0.009120768145089374,0.016189613025238785,0.009120768145089374,,1.0,0.5,0.5,0.0,nan,2.0,0,0.01400054925763291,pt_ecf_sup_numerical,stable,4,refinement,0.010444367699733021,0.016157557796165217,full,16384,80,student_t,3.0,dynamic,1.625
1.5,nan,0.016109930995971595,0.009448552105265063,0.016109930995971595,0.009448552105265063,,1.0,0.5,0.5,0.0,nan,2.0,0,0.012113606564118709,pt_ecf_sup_numerical,stable,4,refinement,0.010144793154245,0.014774680359952023,full,16384,80,student_t,3.0,dynamic,2.0
1.5,nan,3.468796175317801e-05,3.4579799171221884e-05,3.472152846941885e-05,3.4579799171221884e-05,,1.0,0.5,0.5,0.0,nan,2.0,0,3.464030566872378e-05,score_table_ecf_rmse,stable,4,refinement,3.460207939328037e-05,3.4689304421827643e-05,full,16384,80,student_t,3.0,dynamic,nan
1.5,nan,2.392663972972109e-05,3.3006048638650753e-06,2.392663972972109e-05,3.3006048638650753e-06,,1.0,0.5,0.5,0.0,nan,2.0,0,1.1055582947006037e-05,score_table_hill_alpha_absdiff,stable,4,refinement,3.3276943353310885e-06,2.144383248245951e-05,full,16384,80,student_t,3.0,dynamic,nan
1.5,nan,1.4793382864926954e-05,3.788035035676383e-06,1.4793382864926954e-05,3.788035035676383e-06,,1.0,0.5,0.5,0.0,nan,2.0,0,8.423609290136016e-06,score_table_tail_constant_reldiff,stable,4,refinement,3.8911677551092335e-06,1.3857834471735077e-05,full,16384,80,student_t,3.0,dynamic,nan
1.5,nan,8.30479706320434e-05,8.2709983511243e-05,8.31502730833628e-05,8.2709983511243e-05,,0.0,0.5,0.5,0.0,nan,2.0,0,8.286972084199396e-05,score_table_trajectory_mean_abs,stable,4,refinement,8.275020270741304e-05,8.305206273009617e-05,full,16384,80,student_t,3.0,dynamic,0.5
1.5,nan,6.763667758617304e-05,6.741036454378148e-05,6.766521048809937e-05,6.741036454378148e-05,,0.0,0.5,0.5,0.0,nan,2.0,0,6.752624959936893e-05,score_table_trajectory_mean_abs,stable,4,refinement,6.742667972972212e-05,6.763781890225009e-05,full,16384,80,student_t,3.0,dynamic,0.875
1.5,nan,4.9114701397981136e-05,4.8958889532374485e-05,4.9122622345505806e-05,4.8958889532374485e-05,,0.0,0.5,0.5,0.0,nan,2.0,0,4.9060450530253005e-05,score_table_trajectory_mean_abs,stable,4,refinement,4.898540044965852e-05,4.911501823588212e-05,full,16384,80,student_t,3.0,dynamic,1.25
1.5,nan,2.6779812256740738e-05,2.6707158303377467e-05,2.6779812256740738e-05,2.667251369124152e-05,,0.0,0.5,0.5,0.0,nan,2.0,0,2.6746175002637535e-05,score_table_trajectory_mean_abs,stable,4,refinement,2.6705772518892025e-05,2.676576497659078e-05,full,16384,80,student_t,3.0,dynamic,1.625
1.5,nan,0.0,0.0,0.0,0.0,,0.0,0.5,0.5,0.0,nan,2.0,0,0.0,score_table_trajectory_mean_abs,stable,4,refinement,0.0,0.0,full,16384,80,student_t,3.0,dynamic,2.0
1.5,nan,7.819675702828413e-05,7.783707258969048e-05,7.824103589566318e-05,7.779725373802759e-05,,1.0,0.5,0.5,0.0,nan,2.0,0,7.801468480112922e-05,score_table_w1,stable,4,refinement,7.783547983562396e-05,7.819852818297929e-05,full,16384,80,student_t,3.0,dynamic,nan
1.5,nan,0.7141467951049502,0.6632342438312306,0.7169973845012751,0.6560559737455424,,0.0,0.5,0.5,0.6666666666666666,0.006,2.0,1572,0.6935194521081491,gpd_xi,stable,12,primary,0.6393108902340442,0.7206854712510974,full,262144,80,student_t,3.0,dynamic,10.326490895189366
1.5,nan,0.6934357167676071,0.6677881568437087,0.7032109476504496,0.6677336427953973,,0.0,0.5,0.5,0.6666666666666666,0.012,2.0,3145,0.6785205753144657,gpd_xi,stable,12,primary,0.6658792768353443,0.7131155038710579,full,262144,80,student_t,3.0,dynamic,7.101554606788511
1.5,nan,1.591907643372008,1.532626457387505,1.5950143102655692,1.5290595364682034,,0.0,0.5,0.5,1.5,0.003,2.0,786,1.576844423160459,hill_alpha,stable,12,primary,1.525080498216743,1.6226133075880584,full,262144,80,student_t,3.0,dynamic,15.577683711243207
1.5,nan,1.620931924431625,1.5697909586018262,1.6223137272752433,1.5690355721718592,,0.0,0.5,0.5,1.5,0.004,2.0,1048,1.5896541000295423,hill_alpha,stable,12,primary,1.5608568016053563,1.6273804025773688,full,262144,80,student_t,3.0,dynamic,13.110673766530772
1.5,nan,1.655550812718052,1.6226577201981431,1.6594908085999205,1.6211094128898837,,0.0,0.5,0.5,1.5,0.006,2.0,1572,1.6335562940155808,hill_alpha,stable,12,primary,1.609935784283213,1.6679457836465965,full,262144,80,student_t,3.0,dynamic,10.326490895189366
1.5,nan,1.6936283581598186,1.658381962986864,1.6945560524897836,1.6544146081817204,,0.0,0.5,0.5,1.5,0.008,2.0,2097,1.677022606241985,hill_alpha,stable,12,primary,1.645054174798919,1.710211998228547,full,262144,80,student_t,3.0,dynamic,8.79950469499936
1.5,nan,1.7536681975565915,1.730151235207121,1.755426961104053,1.7235104242765065,,0.0,0.5,0.5,1.5,0.012,2.0,3145,1.7475906909361973,hill_alpha,stable,12,primary,1.7123147044911404,1.7619933023420427,full,262144,80,student_t,3.0,dynamic,7.101554606788511
1.5,nan,1.8304000054686518,1.807097644529595,1.831919632933042,1.8006789442197324,,0.0,0.5,0.5,1.5,0.018,2.0,4718,1.8254556703406917,hill_alpha,stable,12,primary,1.7901383843012428,1.8369283393882871,full,262144,80,student_t,3.0,dynamic,5.798443811203384
1.5,nan,1.937006130348918,1.903799462168739,1.93801461886235,1.9017121333098972,,0.0,0.5,0.5,1.5,0.03,2.0,7864,1.9173090903909227,hill_alpha,stable,12,primary,1.8993587276675519,1.9411964862276845,full,262144,80,student_t,3.0,dynamic,4.541342721157671
1.5,nan,0.6524747078323226,0.6282202712856696,0.6540003302187967,0.6269786773094418,,0.0,0.5,0.5,0.6666666666666666,0.003,2.0,786,0.6341788684471631,hill_xi,stable,12,primary,0.6165120870189033,0.6557032448729576,full,262144,80,student_t,3.0,dynamic,15.577683711243207
1.5,nan,0.6370274937057067,0.6169290547785633,0.637334327859856,0.6164040337346602,,0.0,0.5,0.5,0.6666666666666666,0.004,2.0,1048,0.6290690646685484,hill_xi,stable,12,primary,0.6144944077261254,0.6407201336712723,full,262144,80,student_t,3.0,dynamic,13.110673766530772
1.5,nan,0.6162945680633627,0.6040285760593593,0.616876797933958,0.602597876269628,,0.0,0.5,0.5,0.6666666666666666,0.006,2.0,1572,0.6121617097606948,hill_xi,stable,12,primary,0.599553701538898,0.6211501262940798,full,262144,80,student_t,3.0,dynamic,10.326490895189366
1.5,nan,0.6029973928315819,0.5907442535586098,0.6044468815074818,0.5901712615940888,,0.0,0.5,0.5,0.6666666666666666,0.008,2.0,2097,0.5962949833820756,hill_xi,stable,12,primary,0.5847231087216535,0.6079035536728057,full,262144,80,student_t,3.0,dynamic,8.79950469499936
1.5,nan,0.5778903354188094,0.5702332980624915,0.5802320623453957,0.5696625527371049,,0.0,0.5,0.5,0.6666666666666666,0.012,2.0,3145,0.5722164082576463,hill_xi,stable,12,primary,0.5675523484610898,0.584005256370386,full,262144,80,student_t,3.0,dynamic,7.101554606788511
1.5,nan,0.5533735285567868,0.5462800996166159,0.5553531404058891,0.5458775841385803,,0.0,0.5,0.5,0.6666666666666666,0.018,2.0,4718,0.5478084324662181,hill_xi,stable,12,primary,0.5443880611405988,0.5586254570432236,full,262144,80,student_t,3.0,dynamic,5.798443811203384
1.5,nan,0.5252654073453915,0.5162606273320711,0.5258425748159017,0.5159921194888066,,0.0,0.5,0.5,0.6666666666666666,0.03,2.0,7864,0.5215646478299796,hill_xi,stable,12,primary,0.5151482433592502,0.5264935199425633,full,262144,80,student_t,3.0,dynamic,4.541342721157671
1.5,0.999,2.4375583904019003,2.3506873273011095,2.4526570059214823,2.3362821779009346,,0.0,0.5,0.5,nan,0.001,2.0,0,2.4028997863956887,mass_ratio,stable,12,primary,2.3033235910706367,2.479596644837455,full,262144,80,student_t,3.0,dynamic,nan
1.5,0.9987164311578874,2.2512971690293977,2.150617176997048,2.2550861659667385,2.147713481281753,,0.0,0.5,0.5,nan,0.0012835688421125163,2.0,0,2.2044930781392744,mass_ratio,stable,12,primary,2.143428622915426,2.2709998733795995,full,262144,80,student_t,3.0,dynamic,nan
1.5,0.998352451027558,2.0955238670853924,2.0247288022148844,2.1015285735729385,2.0194136416289465,,0.0,0.5,0.5,nan,0.0016475489724420657,2.0,0,2.05422660673148,mass_ratio,stable,12,primary,2.0014940856139516,2.1117078536145097,full,262144,80,student_t,3.0,dynamic,nan
1.5,0.9978852574731188,1.9397394913252248,1.8784779910792506,1.942004399710108,1.8783376456538114,,0.0,0.5,0.5,nan,0.0021147425268811283,2.0,0,1.9168573017171366,mass_ratio,stable,12,primary,1.8734533943524163,1.9540999657394054,full,262144,80,student_t,3.0,dynamic,nan
1.5,0.9972855823834051,1.8184585747843731,1.764975011560054,1.8191953422428329,1.7574694803938844,,0.0,0.5,0.5,nan,0.002714417616594907,2.0,0,1.8012479004876738,mass_ratio,stable,12,primary,1.746726281140384,1.8405510696862397,full,262144,80,student_t,3.0,dynamic,nan
1.5,0.9965158581228575,1.7066372346646204,1.6668951065824342,1.7084707374614387,1.6624808769283776,,0.0,0.5,0.5,nan,0.0034841418771425405,2.0,0,1.6804271879393524,mass_ratio,stable,12,primary,1.6554463780421291,1.7103173720580127,full,262144,80,student_t,3.0,dynamic,nan
1.5,0.9955278640450004,1.598302011584945,1.575570092522871,1.6008821590399522,1.5732156562197817,,0.0,0.5,0.5,nan,0.00447213595499958,2.0,0,1.5878374946070075,mass_ratio,stable,12,primary,1.5635013202853314,1.6042920495809798,full,262144,80,student_t,3.0,dynamic,nan
1.5,0.9942597056304714,1.5014015072762579,1.4872284916695844,1.501494375994698,1.4849830833122173,,0.0,0.5,0.5,nan,0.005740294369528563,2.0,0,1.4967780881613437,mass_ratio,stable,12,primary,1.4816215466164508,1.5021105103327166,full,262144,80,student_t,3.0,dynamic,nan
1.5,0.9926319370027192,1.421680814242144,1.406155021633125,1.422316363197122,1.4050706897457674,,0.0,0.5,0.5,nan,0.0073680629972807735,2.0,0,1.4191368732831515,mass_ratio,stable,12,primary,1.4020396891090512,1.4250665825303501,full,262144,80,student_t,3.0,dynamic,nan
1.5,0.9905425839099682,1.3565485729401845,1.3439789426583755,1.3578032349708757,1.3430016860529421,,0.0,0.5,0.5,nan,0.00945741609003176,2.0,0,1.3527488402252985,mass_ratio,stable,12,primary,1.3391569464508128,1.3592502453877648,full,262144,80,student_t,3.0,dynamic,nan
1.5,0.9878607553799417,1.3016716704036833,1.2895713089229257,1.3032479937020174,1.2894215738296193,,0.0,0.5,0.5,nan,0.012139244620058345,2.0,0,1.2946335775780546,mass_ratio,stable,12,primary,1.2879994632160374,1.3048691757492756,full,262144,80,student_t,3.0,dynamic,nan
1.5,0.9844184438389111,1.2559279859617214,1.2455000781075283,1.257554993340949,1.2441585746306485,,0.0,0.5,0.5,nan,0.015581556161088883,2.0,0,1.2506179033042115,mass_ratio,stable,12,primary,1.241578883812357,1.2597891975197895,full,262144,80,student_t,3.0,dynamic,nan
1.5,0.98,1.2154571193947528,1.2079508319068064,1.2166588195844594,1.207524853845194,,0.0,0.5,0.5,nan,0.02,2.0,0,1.211685998980319,mass_ratio,stable,12,primary,1.2046902776146258,1.2179097249669362,full,262144,80,student_t,3.0,dynamic,nan
1.5,nan,0.713865695066701,0.6376748539808756,0.7143856308364996,0.633394991385501,,0.0,0.5,0.5,0.6666666666666666,0.003,2.0,786,0.6750694608708591,pickands_xi,stable,12,primary,0.6284803721576773,0.7300831658820657,full,262144,80,student_t,3.0,dynamic,15.589799683829067
1.5,nan,0.71999299220106,0.6493932897505195,0.724013074159485,0.6455906873937302,,0.0,0.5,0.5,0.6666666666666666,0.004,2.0,1048,0.7093552455429095,pickands_xi,stable,12,primary,0.6387156263688374,0.7286724894099255,full,262144,80,student_t,3.0,dynamic,13.117376556865482
1.5,nan,0.6804817383440377,0.6308056232465026,0.6811764911750101,0.6116942720783367,,0.0,0.5,0.5,0.6666666666666666,0.006,2.0,1572,0.6709823188123119,pickands_xi,stable,12,primary,0.5904083160441669,0.6873322534792601,full,262144,80,student_t,3.0,dynamic,10.330106590250548
1.5,nan,0.6490967437057302,0.5962681826799952,0.6504956760128429,0.5961236064899295,,0.0,0.5,0.5,0.6666666666666666,0.008,2.0,2097,0.6211708248056342,pickands_xi,stable,12,primary,0.5906566955194908,0.6527918761141766,full,262144,80,student_t,3.0,dynamic,8.800732628968726
1.5,nan,0.5818921447777216,0.5667089934782896,0.5835053330913792,0.561419845296016,,0.0,0.5,0.5,0.6666666666666666,0.012,2.0,3145,0.5749686440280883,pickands_xi,stable,12,primary,0.5551549558323535,0.5900592403801345,full,262144,80,student_t,3.0,dynamic,7.102126785601114
1.5,nan,0.5443243201297783,0.5042510825658221,0.5520687070353192,0.5042481936281875,,0.0,0.5,0.5,0.6666666666666666,0.018,2.0,4718,0.5217934831849635,pickands_xi,stable,12,primary,0.501357428241237,0.5692764957260575,full,262144,80,student_t,3.0,dynamic,5.79904746591289
1.5,nan,0.42833217848378935,0.402870485951973,0.42934081526296247,0.39923710788225464,,0.0,0.5,0.5,0.6666666666666666,0.03,2.0,7864,0.4139979372594683,pickands_xi,stable,12,primary,0.39243133176581124,0.435217568956743,full,262144,80,student_t,3.0,dynamic,4.541635422324149
1.5,nan,0.18794763913173207,0.1790838812752431,0.1882059658003552,0.1786379607574332,,0.0,0.5,0.5,0.16675213385546725,0.003,2.0,786,0.1843491400198071,tail_constant,stable,12,primary,0.17780244898910258,0.18953882118874793,full,262144,80,student_t,3.0,dynamic,15.577683711243207
1.5,nan,0.1915448148878856,0.1881373572197203,0.19161455411394424,0.18710944367418936,,0.0,0.5,0.5,0.16675213385546725,0.004,2.0,1048,0.18978401104887238,tail_constant,stable,12,primary,0.18519392042603172,0.19261631108003616,full,262144,80,student_t,3.0,dynamic,13.110673766530772
1.5,nan,0.20096874523178979,0.19853910564473823,0.20119167633997875,0.19839078632678675,,0.0,0.5,0.5,0.16675213385546725,0.006,2.0,1572,0.19899482187116146,tail_constant,stable,12,primary,0.19780463361040526,0.20174276385328546,full,262144,80,student_t,3.0,dynamic,10.326490895189366
1.5,nan,0.20985395178412697,0.2064085502646935,0.21047317360384155,0.20629751181004796,,0.0,0.5,0.5,0.16675213385546725,0.008,2.0,2097,0.20880770299665635,tail_constant,stable,12,primary,0.2058789780461227,0.2112171898010265,full,262144,80,student_t,3.0,dynamic,8.79950469499936
1.5,nan,0.22850122789174274,0.22599618082853803,0.22887181301187004,0.22585597375289354,,0.0,0.5,0.5,0.16675213385546725,0.012,2.0,3145,0.22704456032513204,tail_constant,stable,12,primary,0.2252624407757285,0.2293703277544718,full,262144,80,student_t,3.0,dynamic,7.101554606788511
1.5,nan,0.25254767667778144,0.2500508631183197,0.25293229536665685,0.2496400034272344,,0.0,0.5,0.5,0.16675213385546725,0.018,2.0,4718,0.2512957953196407,tail_constant,stable,12,primary,0.2486089869328721,0.25336689068555024,full,262144,80,student_t,3.0,dynamic,5.798443811203384
1.5,nan,0.29128193185762735,0.2886206820011751,0.29131328716823723,0.28849106589268586,,0.0,0.5,0.5,0.16675213385546725,0.03,2.0,7864,0.29032212168725985,tail_constant,stable,12,primary,0.2883457922602878,0.29148044953365776,full,262144,80,student_t,3.0,dynamic,4.541342721157671
1.5,nan,0.004633978999526561,0.0034252932846984725,0.004828476334662041,0.003246364581526822,,0.0,0.5,0.5,0.0,nan,2.0,0,0.0038228793819085173,control_ecf_rmse,stable,12,primary,0.0030628783558824583,0.005070330466324503,full,65536,80,student_t,3.0,dynamic,0.5
1.5,nan,0.004651602494988754,0.0033410502222829892,0.0046910314877612914,0.003260896117085675,,0.0,0.5,0.5,0.0,nan,2.0,0,0.003935014142340671,control_ecf_rmse,stable,12,primary,0.003170575715939789,0.004765205960411766,full,65536,80,student_t,3.0,dynamic,0.875
1.5,nan,0.004098365805010471,0.003402819907275463,0.0041937609642542905,0.0033142910665749517,,0.0,0.5,0.5,0.0,nan,2.0,0,0.0038944823815737265,control_ecf_rmse,stable,12,primary,0.0031911603198833587,0.0043222039852234264,full,65536,80,student_t,3.0,dynamic,1.25
1.5,nan,0.004072759703728765,0.0026970450251541348,0.00410824285450289,0.0026871809573912144,,0.0,0.5,0.5,0.0,nan,2.0,0,0.0033763770772856395,control_ecf_rmse,stable,12,primary,0.0026554901171371675,0.004518359223421661,full,65536,80,student_t,3.0,dynamic,1.625
1.5,nan,0.004145943371451116,0.0030330538816970673,0.004392931920747638,0.003016338341579652,,0.0,0.5,0.5,0.0,nan,2.0,0,0.003607445725879643,control_ecf_rmse,stable,12,primary,0.002629607701627018,0.004897356255617715,full,65536,80,student_t,3.0,dynamic,2.0
1.5,nan,0.06228849423813543,0.045622635960221224,0.06564162503156315,0.045532733544044315,,0.0,0.5,0.5,0.0,nan,2.0,0,0.05298279195806731,control_w1,stable,12,primary,0.04519549862776068,0.07532930587002913,full,65536,80,student_t,3.0,dynamic,0.5
1.5,nan,0.0864341221674565,0.06303796671528485,0.08716517781373286,0.06146697736576953,,0.0,0.5,0.5,0.0,nan,2.0,0,0.07066492095556837,control_w1,stable,12,primary,0.05624000001281832,0.08993310380628061,full,65536,80,student_t,3.0,dynamic,0.875
1.5,nan,0.07881628499969659,0.05809507595168299,0.07968004943919539,0.05758025289080172,,0.0,0.5,0.5,0.0,nan,2.0,0,0.07420622401875279,control_w1,stable,12,primary,0.05652713470978218,0.08099588714858649,full,65536,80,student_t,3.0,dynamic,1.25
1.5,nan,0.08944098683376722,0.06730195607325438,0.09082516195901619,0.06707026305413036,,0.0,0.5,0.5,0.0,nan,2.0,0,0.07425005891074822,control_w1,stable,12,primary,0.06603827820139377,0.09306714228056794,full,65536,80,student_t,3.0,dynamic,1.625
1.5,nan,0.08915075102634788,0.06319558924136881,0.09095682065372765,0.0630754296726729,,0.0,0.5,0.5,0.0,nan,2.0,0,0.07728370568869253,control_w1,stable,12,primary,0.06247247398531814,0.09384154027406025,full,65536,80,student_t,3.0,dynamic,2.0
1.5,nan,1.640473883207571,1.4572922560358348,1.640473883207571,1.4572922560358348,,0.0,0.5,0.5,1.5,0.003,2.0,196,1.5855744729334544,hill_alpha,stable,4,refinement,1.5175916596926284,1.6153982267300586,full,65536,80,student_t,3.0,dynamic,16.20008471645719
1.5,nan,1.5986689352044188,1.5152154755839933,1.6113232003220304,1.5152154755839933,,0.0,0.5,0.5,1.5,0.004,2.0,262,1.5809800495285427,hill_alpha,stable,4,refinement,1.54436585320941,1.599175105809123,full,65536,80,student_t,3.0,dynamic,13.435648491405052
1.5,nan,1.6531516504633734,1.5233069502241943,1.6531516504633734,1.5233069502241943,,0.0,0.5,0.5,1.5,0.006,2.0,393,1.5661576107729784,hill_alpha,stable,4,refinement,1.540578463702686,1.6146913149969084,full,65536,80,student_t,3.0,dynamic,10.50796852337476
1.5,nan,1.644572069194124,1.579320178407035,1.6505747197360532,1.579320178407035,,0.0,0.5,0.5,1.5,0.008,2.0,524,1.6110950601576324,hill_alpha,stable,4,refinement,1.5813844295699317,1.6448121752158011,full,65536,80,student_t,3.0,dynamic,8.811974778456381
1.5,nan,1.7109397646345825,1.6299165498743673,1.7190081430632396,1.6299165498743673,,0.0,0.5,0.5,1.5,0.012,2.0,786,1.6891852052788505,hill_alpha,stable,4,refinement,1.6517961376235233,1.7112624997717287,full,65536,80,student_t,3.0,dynamic,7.097616691499751
1.5,nan,1.786186054945074,1.7424982082923617,1.7902679021120733,1.7424982082923617,,0.0,0.5,0.5,1.5,0.018,2.0,1179,1.775647452155754,hill_alpha,stable,4,refinement,1.755310602648076,1.786349328831754,full,65536,80,student_t,3.0,dynamic,5.773686481463042
1.5,nan,1.90570125589513,1.859048045391122,1.9262792075617226,1.859048045391122,,0.0,0.5,0.5,1.5,0.03,2.0,1966,1.8798020647738527,hill_alpha,stable,4,refinement,1.8664557797565842,1.9065243739617936,full,65536,80,student_t,3.0,dynamic,4.519826102971449
1.5,nan,0.686204154216963,0.6196052617329022,0.686204154216963,0.6095799574966284,,0.0,0.5,0.5,0.6666666666666666,0.003,2.0,196,0.630688011346058,hill_xi,stable,4,refinement,0.6192042495634512,0.6600639794198321,full,65536,80,student_t,3.0,dynamic,16.20008471645719
1.5,nan,0.6478917491763602,0.6206079573608482,0.6599721400116909,0.6206079573608482,,0.0,0.5,0.5,0.6666666666666666,0.004,2.0,262,0.6325254650742526,hill_xi,stable,4,refinement,0.6253615099374263,0.6477645871675765,full,65536,80,student_t,3.0,dynamic,13.435648491405052
1.5,nan,0.6488921673808223,0.6203113011508148,0.6564665117905646,0.6049051820017256,,0.0,0.5,0.5,0.6666666666666666,0.006,2.0,393,0.638517621635492,hill_xi,stable,4,refinement,0.6196950563848511,0.649195141157212,full,65536,80,student_t,3.0,dynamic,10.50796852337476
1.5,nan,0.6331838304052062,0.6058495795694193,0.6331838304052062,0.6058495795694193,,0.0,0.5,0.5,0.6666666666666666,0.008,2.0,524,0.6208763974552488,hill_xi,stable,4,refinement,0.6079802400926192,0.632358474651225,full,65536,80,student_t,3.0,dynamic,8.811974778456381
1.5,nan,0.6051827278200055,0.5844871102663646,0.613528342955398,0.5817308103136842,,0.0,0.5,0.5,0.6666666666666666,0.012,2.0,786,0.592040261451829,hill_xi,stable,4,refinement,0.5843768582682574,0.6055165524254212,full,65536,80,student_t,3.0,dynamic,7.097616691499751
1.5,nan,0.573888681917208,0.5598550159643187,0.573888681917208,0.5585756181073499,,0.0,0.5,0.5,0.6666666666666666,0.018,2.0,1179,0.5631823037341259,hill_xi,stable,4,refinement,0.55980384005004,0.569732607547491,full,65536,80,student_t,3.0,dynamic,5.773686481463042
1.5,nan,0.537909712704392,0.5248024103750086,0.537909712704392,0.5191355417607381,,0.0,0.5,0.5,0.6666666666666666,0.03,2.0,1966,0.5319751647890848,hill_xi,stable,4,refinement,0.5245757356304379,0.5357839548889511,full,65536,80,student_t,3.0,dynamic,4.519826102971449
1.5,0.999,2.6486055219311355,2.3969141521567012,2.6486055219311355,2.3969141521567012,,0.0,0.5,0.5,nan,0.001,2.0,0,2.4519215306909405,mass_ratio,stable,4,refinement,2.4206096411298588,2.5569052588591195,full,65536,80,student_t,3.0,dynamic,nan
1.5,0.9987164311578874,2.436513341889003,2.1852159752930724,2.436513341889003,2.1826308856142735,,0.0,0.5,0.5,nan,0.0012835688421125163,2.0,0,2.262150360726379,mass_ratio,stable,4,refinement,2.1851125717059205,2.388506772893107,full,65536,80,student_t,3.0,dynamic,nan
1.5,0.998352451027558,2.224547705382567,1.9790995489820349,2.3175341458222203,1.9790995489820349,,0.0,0.5,0.5,nan,0.0016475489724420657,2.0,0,2.1124136393161024,mass_ratio,stable,4,refinement,2.0385977142952387,2.223568900746432,full,65536,80,student_t,3.0,dynamic,nan
1.5,0.9978852574731188,2.1319749080491075,1.8767615277525747,2.1319749080491075,1.8767615277525747,,0.0,0.5,0.5,nan,0.0021147425268811283,2.0,0,1.9988049518647646,mass_ratio,stable,4,refinement,1.9228264285509535,2.0805692718560955,full,65536,80,student_t,3.0,dynamic,nan
1.5,0.9972855823834051,1.9151409577088239,1.748313090141071,1.957238874922518,1.748313090141071,,0.0,0.5,0.5,nan,0.002714417616594907,2.0,0,1.8650175926426087,mass_ratio,stable,4,refinement,1.800479036372599,1.9168248743973717,full,65536,80,student_t,3.0,dynamic,nan
1.5,0.9965158581228575,1.798963178993215,1.6592194052572218,1.798963178993215,1.6592194052572218,,0.0,0.5,0.5,nan,0.0034841418771425405,2.0,0,1.7480366981049267,mass_ratio,stable,4,refinement,1.7014685677871146,1.774901606203842,full,65536,80,student_t,3.0,dynamic,nan
1.5,0.9955278640450004,1.6861600683340414,1.5816600404267998,1.6861600683340414,1.5816600404267998,,0.0,0.5,0.5,nan,0.00447213595499958,2.0,0,1.6223617840190843,mass_ratio,stable,4,refinement,1.5949986064248283,1.6617351627891301,full,65536,80,student_t,3.0,dynamic,nan
1.5,0.9942597056304714,1.543709482959327,1.4975837033775068,1.543709482959327,1.4681040255531221,,0.0,0.5,0.5,nan,0.005740294369528563,2.0,0,1.527487845621955,mass_ratio,stable,4,refinement,1.4964045162645314,1.5361268399590189,full,65536,80,student_t,3.0,dynamic,nan
1.5,0.9926319370027192,1.444251777929467,1.401151207521171,1.4550813137081333,1.401151207521171,,0.0,0.5,0.5,nan,0.0073680629972807735,2.0,0,1.4246277242907532,mass_ratio,stable,4,refinement,1.4081985669977475,1.4446849593606137,full,65536,80,student_t,3.0,dynamic,nan
1.5,0.9905425839099682,1.370481489121608,1.3474574664470351,1.370481489121608,1.3474574664470351,,0.0,0.5,0.5,nan,0.00945741609003176,2.0,0,1.3574440373482588,mass_ratio,stable,4,refinement,1.3496446816482173,1.3668298511018055,full,65536,80,student_t,3.0,dynamic,nan
1.5,0.9878607553799417,1.3050817710419136,1.283231307425535,1.3066798459576787,1.279072739246039,,0.0,0.5,0.5,nan,0.012139244620058345,2.0,0,1.29543678586559,mass_ratio,stable,4,refinement,1.2830649646983554,1.3051456940385442,full,65536,80,student_t,3.0,dynamic,nan
1.5,0.9844184438389111,1.2554740876461477,1.2419091699598839,1.2570165646759035,1.2419091699598839,,0.0,0.5,0.5,nan,0.015581556161088883,2.0,0,1.24931967951052,mass_ratio,stable,4,refinement,1.2432524876133706,1.255535786727338,full,65536,80,student_t,3.0,dynamic,nan
1.5,0.98,1.2136902105257976,1.2042486906108965,1.2136902105257976,1.2042486906108965,,0.0,0.5,0.5,nan,0.02,2.0,0,1.2054663321080694,mass_ratio,stable,4,refinement,1.204265839234812,1.2103100681800159,full,65536,80,student_t,3.0,dynamic,nan
1.5,nan,0.80246258510173,0.7057210643293427,0.8616730621362656,0.7057210643293427,,0.0,0.5,0.5,0.6666666666666666,0.003,2.0,196,0.7350876469303972,pickands_xi,stable,4,refinement,0.7158980826321862,0.8048310041831114,full,65536,80,student_t,3.0,dynamic,16.224575347623063
1.5,nan,0.8457094858648235,0.6712234674847173,0.8457094858648235,0.6712234674847173,,0.0,0.5,0.5,0.6666666666666666,0.004,2.0,262,0.7711781590568539,pickands_xi,stable,4,refinement,0.6853683830954417,0.8437677853408994,full,65536,80,student_t,3.0,dynamic,13.45070303955102
1.5,nan,0.731350832209825,0.6618473180445545,0.74517318206572,0.6618473180445545,,0.0,0.5,0.5,0.6666666666666666,0.006,2.0,393,0.6937582171155046,pickands_xi,stable,4,refinement,0.6657548222841664,0.7319037262040607,full,65536,80,student_t,3.0,dynamic,10.546077300812918
1.5,nan,0.6636750313496111,0.6190083825075534,0.6830633201644138,0.6013648513090369,,0.0,0.5,0.5,0.6666666666666666,0.008,2.0,524,0.6404693281204392,pickands_xi,stable,4,refinement,0.6183026412596128,0.6644505629022033,full,65536,80,student_t,3.0,dynamic,8.82795713463916
1.5,nan,0.6985801866790127,0.5100143139252298,0.7426204018845345,0.5100143139252298,,0.0,0.5,0.5,0.6666666666666666,0.012,2.0,786,0.6139480024266382,pickands_xi,stable,4,refinement,0.5404183392634165,0.7003417952872335,full,65536,80,student_t,3.0,dynamic,7.103731631478892
1.5,nan,0.5723597374619084,0.4355836832385791,0.5723597374619084,0.4355836832385791,,0.0,0.5,0.5,0.6666666666666666,0.018,2.0,1179,0.546111493377444,pickands_xi,stable,4,refinement,0.4817534913149876,0.5666441210916121,full,65536,80,student_t,3.0,dynamic,5.777014860460213
1.5,nan,0.4160776617810824,0.32682623178864034,0.42931755678963396,0.32663431101541435,,0.0,0.5,0.5,0.6666666666666666,0.03,2.0,1966,0.3642311230878118,pickands_xi,stable,4,refinement,0.3268185549577113,0.4159382944652132,full,65536,80,student_t,3.0,dynamic,4.520494400919048
1.5,nan,0.006833535159924143,0.004462423296755532,0.006983773423179067,0.0044492254534352505,,1.0,0.5,0.5,0.0,nan,2.0,0,0.006363649227281422,pt_ecf_sup_exact_a,stable,12,primary,0.004430114372823708,0.007159081636624447,full,65536,80,student_t,3.0,dynamic,0.5
1.5,nan,0.007135812953266327,0.0053868645789522445,0.007199765264737408,0.005321664917230864,,1.0,0.5,0.5,0.0,nan,2.0,0,0.006249120536849561,pt_ecf_sup_exact_a,stable,12,primary,0.005207676023586891,0.007345932615207813,full,65536,80,student_t,3.0,dynamic,0.875
1.5,nan,0.007601017498392309,0.005790533778757135,0.0076026471514523825,0.005740190868775162,,1.0,0.5,0.5,0.0,nan,2.0,0,0.006885528156410038,pt_ecf_sup_exact_a,stable,12,primary,0.005685562604288613,0.007650500589458584,full,65536,80,student_t,3.0,dynamic,1.25
1.5,nan,0.0073576890811902235,0.005817056018249255,0.0074144118979026655,0.005753427461145256,,1.0,0.5,0.5,0.0,nan,2.0,0,0.0063217525239566315,pt_ecf_sup_exact_a,stable,12,primary,0.005549589062390541,0.007489160347549594,full,65536,80,student_t,3.0,dynamic,1.625
1.5,nan,0.006996985318157806,0.006252182601260466,0.007106737086309682,0.006218369715381696,,1.0,0.5,0.5,0.0,nan,2.0,0,0.006575632829506604,pt_ecf_sup_exact_a,stable,12,primary,0.005980122518935291,0.00812440658871568,full,65536,80,student_t,3.0,dynamic,2.0
1.5,nan,0.007436332491986559,0.0052237809949975105,0.007912097517389775,0.005199622486711616,,1.0,0.5,0.5,0.0,nan,2.0,0,0.006452996637727259,pt_ecf_sup_exact_b,stable,12,primary,0.0050701793971113275,0.008433128191070963,full,65536,80,student_t,3.0,dynamic,0.5
1.5,nan,0.007332098340141823,0.005255681375428891,0.00782478654433812,0.005151918584795304,,1.0,0.5,0.5,0.0,nan,2.0,0,0.0059846618491145006,pt_ecf_sup_exact_b,stable,12,primary,0.004939968146217804,0.008512189231144615,full,65536,80,student_t,3.0,dynamic,0.875
1.5,nan,0.007516901370762188,0.005637799346334901,0.007604843154508623,0.005483661360132428,,1.0,0.5,0.5,0.0,nan,2.0,0,0.006786086349781589,pt_ecf_sup_exact_b,stable,12,primary,0.005139784896144888,0.007928424527516695,full,65536,80,student_t,3.0,dynamic,1.25
1.5,nan,0.006558699232711392,0.005948013134131747,0.0066971157944755826,0.005883769148928139,,1.0,0.5,0.5,0.0,nan,2.0,0,0.0062033985102321115,pt_ecf_sup_exact_b,stable,12,primary,0.005695538483203375,0.006905680844767234,full,65536,80,student_t,3.0,dynamic,1.625
1.5,nan,0.007862606528856283,0.006235858018436787,0.007949133407407358,0.0061461256575883,,1.0,0.5,0.5,0.0,nan,2.0,0,0.007116273784397484,pt_ecf_sup_exact_b,stable,12,primary,0.006010099457961632,0.008068597990086189,full,65536,80,student_t,3.0,dynamic,2.0
1.5,nan,0.006984480988450041,0.004875051733341586,0.007011930509441798,0.004805934746821418,,1.0,0.5,0.5,0.0,nan,2.0,0,0.006360198399704243,pt_ecf_sup_exact_c,stable,12,primary,0.0046147550711381135,0.007168809914007186,full,65536,80,student_t,3.0,dynamic,0.5
1.5,nan,0.006964810275147019,0.005534145337409708,0.007033362878967868,0.005084872395260743,,1.0,0.5,0.5,0.0,nan,2.0,0,0.0065373756950845435,pt_ecf_sup_exact_c,stable,12,primary,0.0044874085331723206,0.007136945746125466,full,65536,80,student_t,3.0,dynamic,0.875
1.5,nan,0.006271302647002937,0.0048671551700685016,0.006435787006500278,0.0048481667248707555,,1.0,0.5,0.5,0.0,nan,2.0,0,0.0057034320354576945,pt_ecf_sup_exact_c,stable,12,primary,0.004813352521328798,0.0069596603204144574,full,65536,80,student_t,3.0,dynamic,1.25
1.5,nan,0.006360290822143333,0.005373630190410097,0.0064445945642080185,0.005179845251941907,,1.0,0.5,0.5,0.0,nan,2.0,0,0.0059254808553969186,pt_ecf_sup_exact_c,stable,12,primary,0.004977252955681619,0.0066693552852473996,full,65536,80,student_t,3.0,dynamic,1.625
1.5,nan,0.00712068920975736,0.005925164129938461,0.007142087740243408,0.00589054743137629,,1.0,0.5,0.5,0.0,nan,2.0,0,0.0065136538128121,pt_ecf_sup_exact_c,stable,12,primary,0.005687802912401494,0.0071919987196781094,full,65536,80,student_t,3.0,dynamic,2.0
1.5,nan,0.006794813117607768,0.005091745980017382,0.007080062201926279,0.005042413195736701,,1.0,0.5,0.5,0.0,nan,2.0,0,0.005672232757227013,pt_ecf_sup_numerical,stable,12,primary,0.00497421391359728,0.007887811983312452,full,65536,80,student_t,3.0,dynamic,0.5
1.5,nan,0.006964136009353588,0.00517014961667365,0.006984582778364935,0.004986192204454218,,1.0,0.5,0.5,0.0,nan,2.0,0,0.005983845859057894,pt_ecf_sup_numerical,stable,12,primary,0.004799796462069111,0.007125202851558257,full,65536,80,student_t,3.0,dynamic,0.875
1.5,nan,0.006946619192267089,0.004375764423907106,0.007180600025593145,0.004160157992507068,,1.0,0.5,0.5,0.0,nan,2.0,0,0.005289037470730674,pt_ecf_sup_numerical,stable,12,primary,0.003924546845180293,0.0074727735020328045,full,65536,80,student_t,3.0,dynamic,1.25
1.5,nan,0.007050721728914244,0.005303882577744612,0.007076740961805016,0.005260417330888306,,1.0,0.5,0.5,0.0,nan,2.0,0,0.006806840401420933,pt_ecf_sup_numerical,stable,12,primary,0.005183046541442275,0.007429888284729934,full,65536,80,student_t,3.0,dynamic,1.625
1.5,nan,0.007210364686591092,0.005462442573698375,0.007397720186380253,0.0053220044084718015,,1.0,0.5,0.5,0.0,nan,2.0,0,0.0064587635642583624,pt_ecf_sup_numerical,stable,12,primary,0.005096705764280849,0.0080224416627581,full,65536,80,student_t,3.0,dynamic,2.0
1.5,nan,3.479193809561072e-05,3.470271832155577e-05,3.479627945498654e-05,3.4695084895726766e-05,,1.0,0.5,0.5,0.0,nan,2.0,0,3.4744960131183697e-05,score_table_ecf_rmse,stable,12,primary,3.468359290847121e-05,3.481202066654447e-05,full,65536,80,student_t,3.0,dynamic,nan
1.5,nan,8.778261813446875e-06,3.460477205896595e-06,9.051250880687256e-06,3.207173851271783e-06,,1.0,0.5,0.5,0.0,nan,2.0,0,4.1555247830560305e-06,score_table_hill_alpha_absdiff,stable,12,primary,2.8754265962049887e-06,1.4531095912824204e-05,full,65536,80,student_t,3.0,dynamic,nan
1.5,nan,5.328966924727669e-06,3.3287108017986772e-06,5.828319410772797e-06,3.2711287830363053e-06,,1.0,0.5,0.5,0.0,nan,2.0,0,3.886129689294107e-06,score_table_tail_constant_reldiff,stable,12,primary,3.127296359816841e-06,9.084878551528847e-06,full,65536,80,student_t,3.0,dynamic,nan
1.5,nan,8.303623521223086e-05,8.297847771921693e-05,8.304302442050401e-05,8.297416477401596e-05,,0.0,0.5,0.5,0.0,nan,2.0,0,8.302171531101665e-05,score_table_trajectory_mean_abs,stable,12,primary,8.29692512214829e-05,8.305591298597359e-05,full,65536,80,student_t,3.0,dynamic,0.5
1.5,nan,6.766441698120648e-05,6.763468126442184e-05,6.767141096172443e-05,6.7629418301068e-05,,0.0,0.5,0.5,0.0,nan,2.0,0,6.764757911620819e-05,score_table_trajectory_mean_abs,stable,12,primary,6.762260754622036e-05,6.768806873841759e-05,full,65536,80,student_t,3.0,dynamic,0.875
1.5,nan,4.9156826179369114e-05,4.91313678897829e-05,4.916116836867814e-05,4.912889932280927e-05,,0.0,0.5,0.5,0.0,nan,2.0,0,4.914432731361954e-05,score_table_trajectory_mean_abs,stable,12,primary,4.912007430571584e-05,4.91684131378032e-05,full,65536,80,student_t,3.0,dynamic,1.25
1.5,nan,2.6812935688264107e-05,2.67938508502929e-05,2.6813996966391714e-05,2.678908312055137e-05,,0.0,0.5,0.5,0.0,nan,2.0,0,2.6806033106257157e-05,score_table_trajectory_mean_abs,stable,12,primary,2.6781685485351394e-05,2.681634460739447e-05,full,65536,80,student_t,3.0,dynamic,1.625
1.5,nan,0.0,0.0,0.0,0.0,,0.0,0.5,0.5,0.0,nan,2.0,0,0.0,score_table_trajectory_mean_abs,stable,12,primary,0.0,0.0,full,65536,80,student_t,3.0,dynamic,2.0
1.5,nan,7.475168468592848e-05,7.462141163265213e-05,7.475473880694242e-05,7.461228340905018e-05,,1.0,0.5,0.5,0.0,nan,2.0,0,7.46631344853093e-05,score_table_w1,stable,12,primary,7.459479320038436e-05,7.476567770091227e-05,full,65536,80,student_t,3.0,dynamic,nan
1.5,nan,0.2086821655336612,0.17866923217489072,0.2086821655336612,0.17866923217489072,,0.0,0.5,0.5,0.16675213385546725,0.003,2.0,196,0.19500796214704588,tail_constant,stable,4,refinement,0.18632946860539065,0.2023009018642204,full,65536,80,student_t,3.0,dynamic,16.20008471645719
1.5,nan,0.20458166949155565,0.18559454942003825,0.21150395264647298,0.18559454942003825,,0.0,0.5,0.5,0.16675213385546725,0.004,2.0,262,0.1968840040426256,tail_constant,stable,4,refinement,0.1906413041377541,0.20485856081775233,full,65536,80,student_t,3.0,dynamic,13.435648491405052
1.5,nan,0.20674853807399735,0.19357364997729862,0.20674853807399735,0.19357364997729862,,0.0,0.5,0.5,0.16675213385546725,0.006,2.0,393,0.20426812958247142,tail_constant,stable,4,refinement,0.19756337635651547,0.206701565829331,full,65536,80,student_t,3.0,dynamic,10.50796852337476
1.5,nan,0.21670534330841684,0.20653394990222557,0.21670534330841684,0.20648975189620483,,0.0,0.5,0.5,0.16675213385546725,0.008,2.0,524,0.20915691529318287,tail_constant,stable,4,refinement,0.20653218198198472,0.21431990620587407,full,65536,80,student_t,3.0,dynamic,8.811974778456381
1.5,nan,0.22903834209777651,0.22304420787321283,0.2295347961898055,0.22304420787321283,,0.0,0.5,0.5,0.16675213385546725,0.012,2.0,786,0.2267857529405633,tail_constant,stable,4,refinement,0.22399720467425263,0.22905820026145768,full,65536,80,student_t,3.0,dynamic,7.097616691499751
1.5,nan,0.2534156674451312,0.24675382178682664,0.2534156674451312,0.24675382178682664,,0.0,0.5,0.5,0.16675213385546725,0.018,2.0,1179,0.24958307121334944,tail_constant,stable,4,refinement,0.2475749397250716,0.2521129430403619,full,65536,80,student_t,3.0,dynamic,5.773686481463042
1.5,nan,0.2902607956390412,0.2861027891669543,0.29077637276073265,0.2861027891669543,,0.0,0.5,0.5,0.16675213385546725,0.03,2.0,1966,0.28826245896277236,tail_constant,stable,4,refinement,0.28642770608274976,0.2902814187239089,full,65536,80,student_t,3.0,dynamic,4.519826102971449
1.5,nan,0.7087596092400545,0.6587791950673578,0.716309313620562,0.6560738162724371,,0.0,0.5,0.5,0.6666666666666666,0.012,2.0,1572,0.6704032017745493,gpd_xi,stable,12,primary,0.6527579902647764,0.7243194458321243,nested,131072,80,student_t,3.0,dynamic,7.155971323874137
1.5,nan,1.6191442651425656,1.5383254669188169,1.63057449449677,1.5276061195355481,,0.0,0.5,0.5,1.5,0.003,2.0,393,1.5686056226167575,hill_alpha,stable,12,primary,1.5127528966255963,1.643547074778986,nested,131072,80,student_t,3.0,dynamic,15.760283915770236
1.5,nan,1.618216295219308,1.5488838017187705,1.629623026166544,1.5419185600877041,,0.0,0.5,0.5,1.5,0.004,2.0,524,1.5847148068848822,hill_alpha,stable,12,primary,1.5223634540289397,1.642928400170175,nested,131072,80,student_t,3.0,dynamic,13.254522281789281
1.5,nan,1.671357607773724,1.5809650185096067,1.6839934894081985,1.570296221424186,,0.0,0.5,0.5,1.5,0.006,2.0,786,1.6170215542449577,hill_alpha,stable,12,primary,1.5573878433489574,1.7006001689319914,nested,131072,80,student_t,3.0,dynamic,10.405334838385986
1.5,nan,1.7204794593765746,1.6076611089096122,1.7249001447478203,1.6059723058210769,,0.0,0.5,0.5,1.5,0.008,2.0,1048,1.6494449486569398,hill_alpha,stable,12,primary,1.5834823741278503,1.7296260115631492,nested,131072,80,student_t,3.0,dynamic,8.855637683548533
1.5,nan,1.7533793033224772,1.7012511511360355,1.765785466762734,1.6984837337205307,,0.0,0.5,0.5,1.5,0.012,2.0,1572,1.7281019827480781,hill_alpha,stable,12,primary,1.6775212381589777,1.7904274852732902,nested,131072,80,student_t,3.0,dynamic,7.155971323874137
1.5,nan,1.8266071490952998,1.774932489990765,1.838149869007418,1.7744046956088302,,0.0,0.5,0.5,1.5,0.018,2.0,2359,1.7927841488114011,hill_alpha,stable,12,primary,1.7718568842993443,1.8588910237278042,nested,131072,80,student_t,3.0,dynamic,5.817014979498072
1.5,nan,1.9185582924918556,1.887009395461392,1.922276315801098,1.8839471942414598,,0.0,0.5,0.5,1.5,0.03,2.0,3932,1.9059109148821056,hill_alpha,stable,12,primary,1.8799248557023085,1.9338180705192634,nested,131072,80,student_t,3.0,dynamic,4.547668847830642
1.5,nan,0.649814327801798,0.6176101917094768,0.6546547963700713,0.6133109189728083,,0.0,0.5,0.5,0.6666666666666666,0.003,2.0,393,0.637526574061822,hill_xi,stable,12,primary,0.6084418258604453,0.6610581359155622,nested,131072,80,student_t,3.0,dynamic,15.760283915770236
1.5,nan,0.6458055655864281,0.618094510858975,0.6486395818492703,0.6136725428438691,,0.0,0.5,0.5,0.6666666666666666,0.004,2.0,524,0.6310535968860955,hill_xi,stable,12,primary,0.6086703310134447,0.656873813622093,nested,131072,80,student_t,3.0,dynamic,13.254522281789281
1.5,nan,0.6345943744023561,0.5982210031134918,0.6368519192066489,0.5938599598499867,,0.0,0.5,0.5,0.6666666666666666,0.006,2.0,786,0.6185651585016922,hill_xi,stable,12,primary,0.5880377975619314,0.6421050307337772,nested,131072,80,student_t,3.0,dynamic,10.405334838385986
1.5,nan,0.6221575562149804,0.5812333268787502,0.6227933934665455,0.5797475125517254,,0.0,0.5,0.5,0.6666666666666666,0.008,2.0,1048,0.6063369348235412,hill_xi,stable,12,primary,0.5781597246241365,0.6315196405055786,nested,131072,80,student_t,3.0,dynamic,8.855637683548533
1.5,nan,0.5839315187421148,0.5705232019721627,0.5888184835563335,0.5663935175137522,,0.0,0.5,0.5,0.6666666666666666,0.012,2.0,1572,0.5786796456150785,hill_xi,stable,12,primary,0.5585372092077491,0.5961289556441465,nested,131072,80,student_t,3.0,dynamic,7.155971323874137
1.5,nan,0.5634017100026171,0.5486502628327358,0.563569342974841,0.5440639430422826,,0.0,0.5,0.5,0.6666666666666666,0.018,2.0,2359,0.5577996240153846,hill_xi,stable,12,primary,0.5379686356778667,0.5643819965809491,nested,131072,80,student_t,3.0,dynamic,5.817014979498072
1.5,nan,0.5299390678208522,0.5213453031318448,0.5308018425603986,0.520226911960408,,0.0,0.5,0.5,0.6666666666666666,0.03,2.0,3932,0.524683513769755,hill_xi,stable,12,primary,0.5171155827943605,0.5319365951770615,nested,131072,80,student_t,3.0,dynamic,4.547668847830642
1.5,0.999,2.5526159638402217,2.3864327850818303,2.556904660180811,2.3793892773551297,,0.0,0.5,0.5,nan,0.001,2.0,0,2.465903406823875,mass_ratio,stable,12,primary,2.3381499285997824,2.5738299488745535,nested,131072,80,student_t,3.0,dynamic,nan
1.5,0.9987164311578874,2.3354574090750844,2.197379636705003,2.3388849100092486,2.1805297342825267,,0.0,0.5,0.5,nan,0.0012835688421125163,2.0,0,2.2881109328777396,mass_ratio,stable,12,primary,2.1188098695329693,2.3511780130402937,nested,131072,80,student_t,3.0,dynamic,nan
1.5,0.998352451027558,2.1436777397321807,2.066594856040454,2.1464118832166257,2.0406276581247704,,0.0,0.5,0.5,nan,0.0016475489724420657,2.0,0,2.1091979647649644,mass_ratio,stable,12,primary,1.9863194114625857,2.1507280756319624,nested,131072,80,student_t,3.0,dynamic,nan
1.5,0.9978852574731188,1.9886347490885818,1.898421804017336,1.9907528259444263,1.881666768702099,,0.0,0.5,0.5,nan,0.0021147425268811283,2.0,0,1.9355188426340053,mass_ratio,stable,12,primary,1.8579057519223159,1.9978768108949505,nested,131072,80,student_t,3.0,dynamic,nan
1.5,0.9972855823834051,1.8664017185608883,1.7960126122364668,1.8726103943625856,1.7854489165229244,,0.0,0.5,0.5,nan,0.002714417616594907,2.0,0,1.821884890980488,mass_ratio,stable,12,primary,1.7568299040389215,1.8866664052607391,nested,131072,80,student_t,3.0,dynamic,nan
1.5,0.9965158581228575,1.7241568398638194,1.6824986187047235,1.7247119149944696,1.6670091483146283,,0.0,0.5,0.5,nan,0.0034841418771425405,2.0,0,1.7154559935145124,mass_ratio,stable,12,primary,1.647882139646709,1.731155365211446,nested,131072,80,student_t,3.0,dynamic,nan
1.5,0.9955278640450004,1.6203068908676963,1.5760006443321575,1.620626908596471,1.5724443448993348,,0.0,0.5,0.5,nan,0.00447213595499958,2.0,0,1.6006824618193143,mass_ratio,stable,12,primary,1.5570815667232436,1.6226029240761617,nested,131072,80,student_t,3.0,dynamic,nan
1.5,0.9942597056304714,1.5181835793370053,1.4873956239337622,1.5243470495595557,1.483316992709899,,0.0,0.5,0.5,nan,0.005740294369528563,2.0,0,1.5032457270887238,mass_ratio,stable,12,primary,1.4784114182575738,1.53112515969819,nested,131072,80,student_t,3.0,dynamic,nan
1.5,0.9926319370027192,1.4516965297058626,1.4077333284347628,1.452171617226908,1.4074544004311211,,0.0,0.5,0.5,nan,0.0073680629972807735,2.0,0,1.4228727847160132,mass_ratio,stable,12,primary,1.4058469094389798,1.4536413453026114,nested,131072,80,student_t,3.0,dynamic,nan
1.5,0.9905425839099682,1.3671732749624166,1.3494514402598181,1.3689575890162704,1.346764170593513,,0.0,0.5,0.5,nan,0.00945741609003176,2.0,0,1.3588782583333474,mass_ratio,stable,12,primary,1.3421993231103035,1.3723781486626634,nested,131072,80,student_t,3.0,dynamic,nan
1.5,0.9878607553799417,1.3135729604231379,1.293010991467439,1.3142380993464267,1.289217813587239,,0.0,0.5,0.5,nan,0.012139244620058345,2.0,0,1.3052588209529263,mass_ratio,stable,12,primary,1.2836469505546666,1.31617979834817,nested,131072,80,student_t,3.0,dynamic,nan
1.5,0.9844184438389111,1.258955198215459,1.2511311465628234,1.2597245515254252,1.248241463233307,,0.0,0.5,0.5,nan,0.015581556161088883,2.0,0,1.2552289102210366,mass_ratio,stable,12,primary,1.243497897580111,1.2614935184968228,nested,131072,80,student_t,3.0,dynamic,nan
1.5,0.98,1.2193375998287264,1.2107520931390443,1.2217271690368365,1.2077082256114497,,0.0,0.5,0.5,nan,0.02,2.0,0,1.2138316945892882,mass_ratio,stable,12,primary,1.2037953840572282,1.2249330201987896,nested,131072,80,student_t,3.0,dynamic,nan
1.5,nan,0.7864442951900872,0.6461283162940111,0.8139752334263468,0.633316939743741,,0.0,0.5,0.5,0.6666666666666666,0.003,2.0,393,0.7125881968998087,pickands_xi,stable,12,primary,0.5857989145445999,0.8431383360067839,nested,131072,80,student_t,3.0,dynamic,15.795410725018323
1.5,nan,0.7911011312265559,0.6172383732876123,0.7924258637229904,0.5848748465203387,,0.0,0.5,0.5,0.6666666666666666,0.004,2.0,524,0.714712713043532,pickands_xi,stable,12,primary,0.5497509020423241,0.7953241584298385,nested,131072,80,student_t,3.0,dynamic,13.264993199153018
1.5,nan,0.7042001570640196,0.5893041370096799,0.7086512505529043,0.5839160858766044,,0.0,0.5,0.5,0.6666666666666666,0.006,2.0,786,0.6292414105670318,pickands_xi,stable,12,primary,0.5760098663333334,0.7163789057262744,nested,131072,80,student_t,3.0,dynamic,10.410371527950314
1.5,nan,0.6600140468053912,0.6056539432995188,0.6658857269440828,0.5820409518006119,,0.0,0.5,0.5,0.6666666666666666,0.008,2.0,1048,0.6235623536618755,pickands_xi,stable,12,primary,0.5564672965971867,0.6957316456499604,nested,131072,80,student_t,3.0,dynamic,8.862938724000474
1.5,nan,0.5969892472532475,0.5754580840200528,0.597615992247978,0.5724158703549854,,0.0,0.5,0.5,0.6666666666666666,0.012,2.0,1572,0.5846324702776314,pickands_xi,stable,12,primary,0.5661529754645291,0.5994028469455223,nested,131072,80,student_t,3.0,dynamic,7.157838288090522
1.5,nan,0.5426161010945131,0.5049231071652949,0.5473358229026621,0.5024603160015888,,0.0,0.5,0.5,0.6666666666666666,0.018,2.0,2359,0.5143425866268039,pickands_xi,stable,12,primary,0.49954189463761334,0.5566325506718165,nested,131072,80,student_t,3.0,dynamic,5.817781485034664
1.5,nan,0.4331065075971131,0.4070366055235256,0.4389597041269684,0.4015369899536445,,0.0,0.5,0.5,0.6666666666666666,0.03,2.0,3932,0.4170220321691952,pickands_xi,stable,12,primary,0.39210795646285573,0.4456962404900869,nested,131072,80,student_t,3.0,dynamic,4.547799872787238
1.5,nan,0.1942177247323558,0.18301836104624755,0.1952370537889143,0.18164375532395308,,0.0,0.5,0.5,0.16675213385546725,0.003,2.0,393,0.18759962683269887,tail_constant,stable,12,primary,0.17891677747298743,0.19659343089994266,nested,131072,80,student_t,3.0,dynamic,15.760283915770236
1.5,nan,0.1963267666806505,0.1873093954954272,0.19674290821013316,0.186617753655561,,0.0,0.5,0.5,0.16675213385546725,0.004,2.0,524,0.1929164748227206,tail_constant,stable,12,primary,0.18155884122248844,0.19768268990925006,nested,131072,80,student_t,3.0,dynamic,13.254522281789281
1.5,nan,0.2064165894497649,0.1984301587515635,0.2067282553376431,0.19758675795292932,,0.0,0.5,0.5,0.16675213385546725,0.006,2.0,786,0.20127872870066327,tail_constant,stable,12,primary,0.19632086408215438,0.2076248912819334,nested,131072,80,student_t,3.0,dynamic,10.405334838385986
1.5,nan,0.2134627618822129,0.20621944587578458,0.21355939050957132,0.20621859917287283,,0.0,0.5,0.5,0.16675213385546725,0.008,2.0,1048,0.21070829768605748,tail_constant,stable,12,primary,0.20580453914291968,0.21445768749975241,nested,131072,80,student_t,3.0,dynamic,8.855637683548533
1.5,nan,0.2315010007445048,0.2260667120304511,0.23166425003639868,0.22541331585187935,,0.0,0.5,0.5,0.16675213385546725,0.012,2.0,1572,0.2295871768659094,tail_constant,stable,12,primary,0.22414595420905653,0.2325575032663244,nested,131072,80,student_t,3.0,dynamic,7.155971323874137
1.5,nan,0.25444476218798234,0.2509864645130614,0.2544811537365898,0.2507671310076416,,0.0,0.5,0.5,0.16675213385546725,0.018,2.0,2359,0.25250412577804204,tail_constant,stable,12,primary,0.24926518875650797,0.2547964837548973,nested,131072,80,student_t,3.0,dynamic,5.817014979498072
1.5,nan,0.2923706368437445,0.2883753327920298,0.2925120726142926,0.2881589793609002,,0.0,0.5,0.5,0.16675213385546725,0.03,2.0,3932,0.2909289400559333,tail_constant,stable,12,primary,0.28760649692156615,0.29278792560924866,nested,131072,80,student_t,3.0,dynamic,4.547668847830642
1.5,nan,1.5663713860480737,1.434533054978846,1.656945102872351,1.4052671709287843,,0.0,0.5,0.5,1.5,0.003,2.0,49,1.469798304126352,hill_alpha,stable,4,refinement,1.4333624196168435,1.5699943347210448,nested,16384,80,student_t,3.0,dynamic,15.991167274756869
1.5,nan,1.707833666201256,1.460927068519153,1.707833666201256,1.3878173465299826,,0.0,0.5,0.5,1.5,0.004,2.0,65,1.5423609416919017,hill_alpha,stable,4,refinement,1.4580026796395862,1.6324023510048833,nested,16384,80,student_t,3.0,dynamic,13.27695750312797
1.5,nan,1.7912361390622187,1.428301518571337,1.7912361390622187,1.428301518571337,,0.0,0.5,0.5,1.5,0.006,2.0,98,1.5596691764134991,hill_alpha,stable,4,refinement,1.4509239667213931,1.720518024605015,nested,16384,80,student_t,3.0,dynamic,10.19785829074107
1.5,nan,1.8002916804792577,1.5252440541573882,1.8002916804792577,1.4484048762432373,,0.0,0.5,0.5,1.5,0.008,2.0,131,1.6323165329177634,hill_alpha,stable,4,refinement,1.522170487040822,1.7341755940559282,nested,16384,80,student_t,3.0,dynamic,8.763511833356393
1.5,nan,1.7650627013600944,1.5743074563096489,1.844426437980092,1.5743074563096489,,0.0,0.5,0.5,1.5,0.012,2.0,196,1.684078733975693,hill_alpha,stable,4,refinement,1.6262199588224364,1.7682372508248942,nested,16384,80,student_t,3.0,dynamic,6.996061526303491
1.5,nan,1.8980083484435468,1.6372797627280438,1.9887123609723538,1.6372797627280438,,0.0,0.5,0.5,1.5,0.018,2.0,294,1.7772745327350103,hill_alpha,stable,4,refinement,1.6900629468051176,1.9016365089446992,nested,16384,80,student_t,3.0,dynamic,5.711755330911558
1.5,nan,2.047846524504978,1.7059681955547448,2.1689558736225893,1.7059681955547448,,0.0,0.5,0.5,1.5,0.03,2.0,491,1.8827118878734845,hill_alpha,stable,4,refinement,1.7696730298610763,2.052690898469683,nested,16384,80,student_t,3.0,dynamic,4.464626503478895
1.5,nan,0.7116084547389442,0.6405599786939111,0.7116084547389442,0.603520296638964,,0.0,0.5,0.5,0.6666666666666666,0.003,2.0,49,0.6803767960823717,hill_xi,stable,4,refinement,0.6390783914117132,0.6979502835438759,nested,16384,80,student_t,3.0,dynamic,15.991167274756869
1.5,nan,0.6862153823447754,0.5855371162838742,0.7205559164542378,0.5855371162838742,,0.0,0.5,0.5,0.6666666666666666,0.004,2.0,65,0.6483755531080085,hill_xi,stable,4,refinement,0.6140199042983525,0.6875890037091539,nested,16384,80,student_t,3.0,dynamic,13.27695750312797
1.5,nan,0.7001322808927999,0.5832903505116346,0.7001322808927999,0.5582736849668177,,0.0,0.5,0.5,0.6666666666666666,0.006,2.0,98,0.6430373936658468,hill_xi,stable,4,refinement,0.5822896838898419,0.6893973162763721,nested,16384,80,student_t,3.0,dynamic,10.19785829074107
1.5,nan,0.6904146874965819,0.555465545301964,0.6904146874965819,0.555465545301964,,0.0,0.5,0.5,0.6666666666666666,0.008,2.0,131,0.6128365126875306,hill_xi,stable,4,refinement,0.5775552338349214,0.6586255394003518,nested,16384,80,student_t,3.0,dynamic,8.763511833356393
1.5,nan,0.6351999388633468,0.5421739676943372,0.6351999388633468,0.5421739676943372,,0.0,0.5,0.5,0.6666666666666666,0.012,2.0,196,0.5937970152096614,hill_xi,stable,4,refinement,0.5666788139090995,0.6156007521021712,nested,16384,80,student_t,3.0,dynamic,6.996061526303491
1.5,nan,0.5915494196189349,0.5028379265018816,0.6107691689377477,0.5028379265018816,,0.0,0.5,0.5,0.6666666666666666,0.018,2.0,294,0.5628199562959596,hill_xi,stable,4,refinement,0.527064638081041,0.5923182095916875,nested,16384,80,student_t,3.0,dynamic,5.711755330911558
1.5,nan,0.5660797102170617,0.4610513344975527,0.5861773992069185,0.4610513344975527,,0.0,0.5,0.5,0.6666666666666666,0.03,2.0,491,0.5314393115012988,hill_xi,stable,4,refinement,0.48887252497144046,0.5658681555961314,nested,16384,80,student_t,3.0,dynamic,4.464626503478895
1.5,0.999,2.7152530748165176,1.7343189874950744,2.798769213008927,1.7343189874950744,,0.0,0.5,0.5,nan,0.001,2.0,0,2.57220214182566,mass_ratio,stable,4,refinement,2.1079262000705006,2.718593720344214,nested,16384,80,student_t,3.0,dynamic,nan
1.5,0.9987164311578874,2.591184514162258,1.9436983948493318,2.63740688454593,1.7278161621202888,,0.0,0.5,0.5,nan,0.0012835688421125163,2.0,0,2.3522713856784803,mass_ratio,stable,4,refinement,1.9350631055401701,2.593033408977605,nested,16384,80,student_t,3.0,dynamic,nan
1.5,0.998352451027558,2.3111534262807156,1.5456447134685583,2.3973421582535512,1.5456447134685583,,0.0,0.5,0.5,nan,0.0016475489724420657,2.0,0,2.1904328666318245,mass_ratio,stable,4,refinement,1.8385677497024198,2.314600975559629,nested,16384,80,student_t,3.0,dynamic,nan
1.5,0.9978852574731188,2.160671177343523,1.4091155205306634,2.160671177343523,1.4091155205306634,,0.0,0.5,0.5,nan,0.0021147425268811283,2.0,0,2.0600673861550325,mass_ratio,stable,4,refinement,1.7062407591981303,2.127713014405278,nested,16384,80,student_t,3.0,dynamic,nan
1.5,0.9972855823834051,2.0605447836117614,1.44631095221636,2.0605447836117614,1.44631095221636,,0.0,0.5,0.5,nan,0.002714417616594907,2.0,0,1.8640782370622135,mass_ratio,stable,4,refinement,1.6416655572203274,1.9714145329900208,nested,16384,80,student_t,3.0,dynamic,nan
1.5,0.9965158581228575,1.878393890744383,1.4112573123358008,1.878393890744383,1.4112573123358008,,0.0,0.5,0.5,nan,0.0034841418771425405,2.0,0,1.7315264017219336,mass_ratio,stable,4,refinement,1.5410717081829675,1.8318122630717844,nested,16384,80,student_t,3.0,dynamic,nan
1.5,0.9955278640450004,1.7270317548336651,1.4827150073732434,1.7270317548336651,1.3972730543458263,,0.0,0.5,0.5,nan,0.00447213595499958,2.0,0,1.571520066594405,mass_ratio,stable,4,refinement,1.4792973292521467,1.6540004354518176,nested,16384,80,student_t,3.0,dynamic,nan
1.5,0.9942597056304714,1.5615101080265967,1.3529308970999265,1.6328156336647133,1.3529308970999265,,0.0,0.5,0.5,nan,0.005740294369528563,2.0,0,1.4600707076273407,mass_ratio,stable,4,refinement,1.3898937462677383,1.5643623290521214,nested,16384,80,student_t,3.0,dynamic,nan
1.5,0.9926319370027192,1.498855614163452,1.266326916327748,1.498855614163452,1.266326916327748,,0.0,0.5,0.5,nan,0.0073680629972807735,2.0,0,1.4080775700380848,mass_ratio,stable,4,refinement,1.3098387226923527,1.4798106603996326,nested,16384,80,student_t,3.0,dynamic,nan
1.5,0.9905425839099682,1.3743090898578871,1.2020673618549413,1.4127439580989727,1.2020673618549413,,0.0,0.5,0.5,nan,0.00945741609003176,2.0,0,1.3274731716880235,mass_ratio,stable,4,refinement,1.2582296466090073,1.3758464845875304,nested,16384,80,student_t,3.0,dynamic,nan
1.5,0.9878607553799417,1.369524568630313,1.180300387469524,1.369524568630313,1.180300387469524,,0.0,0.5,0.5,nan,0.012139244620058345,2.0,0,1.2723201275581348,mass_ratio,stable,4,refinement,1.2213390875083487,1.325997212119376,nested,16384,80,student_t,3.0,dynamic,nan
1.5,0.9844184438389111,1.2726018977370745,1.1671978989427656,1.2974141683142575,1.1671978989427656,,0.0,0.5,0.5,nan,0.015581556161088883,2.0,0,1.2349130142427804,mass_ratio,stable,4,refinement,1.1935203800865595,1.273594388560162,nested,16384,80,student_t,3.0,dynamic,nan
1.5,0.98,1.2306396151401469,1.1626309491834759,1.2306396151401469,1.141683291077087,,0.0,0.5,0.5,nan,0.02,2.0,0,1.1924467986954697,mass_ratio,stable,4,refinement,1.1617930428592202,1.2165637951213921,nested,16384,80,student_t,3.0,dynamic,nan
1.5,nan,1.0875476855479966,0.3024496582012868,1.2328695265540688,-0.04210946269042374,,0.0,0.5,0.5,0.6666666666666666,0.003,2.0,49,0.7946173118174609,pickands_xi,stable,4,refinement,0.2886672933656183,1.0933605591882394,nested,16384,80,student_t,3.0,dynamic,16.406135542794164
1.5,nan,0.9670951868216474,0.652802232003183,0.9670951868216474,0.652802232003183,,0.0,0.5,0.5,0.6666666666666666,0.004,2.0,65,0.7738806723674174,pickands_xi,stable,4,refinement,0.6546450178283975,0.930627085433235,nested,16384,80,student_t,3.0,dynamic,13.422661081707302
1.5,nan,0.9152483260344474,0.5082103960276201,0.9152483260344474,0.49284418690841325,,0.0,0.5,0.5,0.6666666666666666,0.006,2.0,98,0.664040621745973,pickands_xi,stable,4,refinement,0.5075957476628518,0.8620913559435699,nested,16384,80,student_t,3.0,dynamic,10.228262372485208
1.5,nan,0.6606793119345108,0.5442132688123735,0.6606793119345108,0.5367583548899103,,0.0,0.5,0.5,0.6666666666666666,0.008,2.0,131,0.605982609651866,pickands_xi,stable,4,refinement,0.5439150722554751,0.6604958197590153,nested,16384,80,student_t,3.0,dynamic,8.768561214488237
1.5,nan,0.8058327848371314,0.4295504071793508,0.9232692873191085,0.3223600254788277,,0.0,0.5,0.5,0.6666666666666666,0.012,2.0,196,0.612568535617514,pickands_xi,stable,4,refinement,0.4252627919113299,0.8105302449364105,nested,16384,80,student_t,3.0,dynamic,7.024657439862533
1.5,nan,0.8058878204089238,0.37813316814391457,0.8058878204089238,0.21043824978275064,,0.0,0.5,0.5,0.6666666666666666,0.018,2.0,294,0.5537614440410599,pickands_xi,stable,4,refinement,0.371425371409468,0.6886751713696202,nested,16384,80,student_t,3.0,dynamic,5.727952162922016
1.5,nan,0.39888765416831695,0.1988736514827776,0.4312408969879643,0.1988736514827776,,0.0,0.5,0.5,0.6666666666666666,0.03,2.0,491,0.30459232495604066,pickands_xi,stable,4,refinement,0.21988641328148203,0.4001817838811028,nested,16384,80,student_t,3.0,dynamic,4.464987007963151
1.5,nan,0.22815042260141885,0.13086095433209616,0.22815042260141885,0.13086095433209616,,0.0,0.5,0.5,0.16675213385546725,0.003,2.0,49,0.1914088551265807,tail_constant,stable,4,refinement,0.15339917115814497,0.21703924576880032,nested,16384,80,student_t,3.0,dynamic,15.991167274756869
1.5,nan,0.22045382940489186,0.17092076288020674,0.22045382940489186,0.15371717401296367,,0.0,0.5,0.5,0.16675213385546725,0.004,2.0,65,0.19194194977334345,tail_constant,stable,4,refinement,0.17023261932551703,0.20860057423417755,nested,16384,80,student_t,3.0,dynamic,13.27695750312797
1.5,nan,0.21236955477206498,0.17063639906964767,0.22190386672292253,0.17063639906964767,,0.0,0.5,0.5,0.16675213385546725,0.006,2.0,98,0.19484593682040624,tail_constant,stable,4,refinement,0.17842211030962724,0.21275092725009928,nested,16384,80,student_t,3.0,dynamic,10.19785829074107
1.5,nan,0.22293746418889032,0.19099029169824105,0.22293746418889032,0.1796143106102893,,0.0,0.5,0.5,0.16675213385546725,0.008,2.0,131,0.20744067063552835,tail_constant,stable,4,refinement,0.19111003886758943,0.21735992783809116,nested,16384,80,student_t,3.0,dynamic,8.763511833356393
1.5,nan,0.24399874863582013,0.2084681791822166,0.24399874863582013,0.19632485977714464,,0.0,0.5,0.5,0.16675213385546725,0.012,2.0,196,0.22136930959574608,tail_constant,stable,4,refinement,0.20798244640601374,0.23350036718064415,nested,16384,80,student_t,3.0,dynamic,6.996061526303491
1.5,nan,0.26047951999190105,0.22857905801414863,0.26047951999190105,0.22857905801414863,,0.0,0.5,0.5,0.16675213385546725,0.018,2.0,294,0.244967870005258,tail_constant,stable,4,refinement,0.234160520558366,0.2553190952098275,nested,16384,80,student_t,3.0,dynamic,5.711755330911558
1.5,nan,0.2910727586077337,0.2730222536596289,0.2910727586077337,0.2730222536596289,,0.0,0.5,0.5,0.16675213385546725,0.03,2.0,491,0.28271016172950236,tail_constant,stable,4,refinement,0.27693001399281003,0.2878011476465408,nested,16384,80,student_t,3.0,dynamic,4.464626503478895
1.5,nan,1.6022951941862649,1.4371756274693295,1.6022951941862649,1.4371756274693295,,0.0,0.5,0.5,1.5,0.003,2.0,98,1.584979288445252,hill_alpha,stable,4,refinement,1.5062547876450298,1.5958501565233212,nested,32768,80,student_t,3.0,dynamic,16.532741057547035
1.5,nan,1.6048505988731154,1.529688993643818,1.6048505988731154,1.5199709931003083,,0.0,0.5,0.5,1.5,0.004,2.0,131,1.5430534199851085,hill_alpha,stable,4,refinement,1.5293002736220778,1.5769382373898067,nested,32768,80,student_t,3.0,dynamic,13.510550456069337
1.5,nan,1.577624256192688,1.5340798823154005,1.6039496677136351,1.5340798823154005,,0.0,0.5,0.5,1.5,0.006,2.0,196,1.5458744108747973,hill_alpha,stable,4,refinement,1.537137527801378,1.5786772726535259,nested,32768,80,student_t,3.0,dynamic,10.433632653872614
1.5,nan,1.6651341488655473,1.5759126726659078,1.6651341488655473,1.5539183815384028,,0.0,0.5,0.5,1.5,0.008,2.0,262,1.6128724983572647,hill_alpha,stable,4,refinement,1.5750329010208077,1.6472320132122205,nested,32768,80,student_t,3.0,dynamic,8.780720453724008
1.5,nan,1.7314502410812544,1.6230639939416396,1.766382554021363,1.6230639939416396,,0.0,0.5,0.5,1.5,0.012,2.0,393,1.6790047671935209,hill_alpha,stable,4,refinement,1.6415092478476825,1.732847533598859,nested,32768,80,student_t,3.0,dynamic,7.09278568581219
1.5,nan,1.9010392660786442,1.7394344673005577,1.9010392660786442,1.7394344673005577,,0.0,0.5,0.5,1.5,0.018,2.0,589,1.7512520048761067,hill_alpha,stable,4,refinement,1.7426503436825236,1.8315979223557237,nested,32768,80,student_t,3.0,dynamic,5.752133500575673
1.5,nan,2.060478503544537,1.8396445908302448,2.060478503544537,1.8389099137790987,,0.0,0.5,0.5,1.5,0.03,2.0,983,1.845860659090141,hill_alpha,stable,4,refinement,1.839615203748199,1.960093005986627,nested,32768,80,student_t,3.0,dynamic,4.49890565585124
1.5,nan,0.664142015214535,0.6267418074670514,0.6958091835726882,0.6241047240411003,,0.0,0.5,0.5,0.6666666666666666,0.003,2.0,98,0.6309268688746923,hill_xi,stable,4,refinement,0.6266363241300135,0.6654087019488611,nested,32768,80,student_t,3.0,dynamic,16.532741057547035
1.5,nan,0.6537540411478979,0.6231109616696869,0.6579072920071222,0.6231109616696869,,0.0,0.5,0.5,0.6666666666666666,0.004,2.0,131,0.6480693224434899,hill_xi,stable,4,refinement,0.6343558702754242,0.653920171182267,nested,32768,80,student_t,3.0,dynamic,13.510550456069337
1.5,nan,0.651856537281938,0.623460960234157,0.651856537281938,0.623460960234157,,0.0,0.5,0.5,0.6666666666666666,0.006,2.0,196,0.6468910449765057,hill_xi,stable,4,refinement,0.6336178373218381,0.6505626645639768,nested,32768,80,student_t,3.0,dynamic,10.433632653872614
1.5,nan,0.6435344429158402,0.6005522141752351,0.6435344429158402,0.6005522141752351,,0.0,0.5,0.5,0.6666666666666666,0.008,2.0,262,0.6200651971643323,hill_xi,stable,4,refinement,0.6071567823126303,0.6350308686524879,nested,32768,80,student_t,3.0,dynamic,8.780720453724008
1.5,nan,0.6161186519648448,0.5777857080313991,0.6161186519648448,0.5661287798180472,,0.0,0.5,0.5,0.6666666666666666,0.012,2.0,393,0.5956557303820553,hill_xi,stable,4,refinement,0.577319430902865,0.6092787347910119,nested,32768,80,student_t,3.0,dynamic,7.09278568581219
1.5,nan,0.5748994968185884,0.5476921207607639,0.5748994968185884,0.5260280615153958,,0.0,0.5,0.5,0.6666666666666666,0.018,2.0,589,0.5710249224540882,hill_xi,stable,4,refinement,0.5468255583909492,0.5738406974986473,nested,32768,80,student_t,3.0,dynamic,5.752133500575673
1.5,nan,0.5435833445609437,0.48532416051890404,0.5438004289970488,0.48532416051890404,,0.0,0.5,0.5,0.6666666666666666,0.03,2.0,983,0.5417574795967354,hill_xi,stable,4,refinement,0.5116399390227735,0.543592027938388,nested,32768,80,student_t,3.0,dynamic,4.49890565585124
1.5,0.999,2.875690068105779,2.1934167994219997,2.875690068105779,2.1934167994219997,,0.0,0.5,0.5,nan,0.001,2.0,0,2.4694276438194427,mass_ratio,stable,4,refinement,2.3151850477175007,2.6914010614636092,nested,32768,80,student_t,3.0,dynamic,nan
1.5,0.9987164311578874,2.4586554968908603,1.8985023136340782,2.6045521861882808,1.8985023136340782,,0.0,0.5,0.5,nan,0.0012835688421125163,2.0,0,2.2235953056235718,mass_ratio,stable,4,refinement,2.011748468843498,2.4644913644627575,nested,32768,80,student_t,3.0,dynamic,nan
1.5,0.998352451027558,2.269212548951449,1.9314659075919893,2.451223774928844,1.809758379716159,,0.0,0.5,0.5,nan,0.0016475489724420657,2.0,0,2.070187379220937,mass_ratio,stable,4,refinement,1.926597606476956,2.2764929979905446,nested,32768,80,student_t,3.0,dynamic,nan
1.5,0.9978852574731188,2.1011288402546415,1.7395421325721645,2.1702796452371556,1.6313838371156344,,0.0,0.5,0.5,nan,0.0021147425268811283,2.0,0,1.939839231650411,mass_ratio,stable,4,refinement,1.7352158007539031,2.103894872453942,nested,32768,80,student_t,3.0,dynamic,nan
1.5,0.9972855823834051,1.9821730058112021,1.5386216360513743,1.9821730058112021,1.5386216360513743,,0.0,0.5,0.5,nan,0.002714417616594907,2.0,0,1.8915499715944522,mass_ratio,stable,4,refinement,1.6741564391893207,1.9725447473098932,nested,32768,80,student_t,3.0,dynamic,nan
1.5,0.9965158581228575,1.8223240393615863,1.507984871909942,1.8223240393615863,1.507984871909942,,0.0,0.5,0.5,nan,0.0034841418771425405,2.0,0,1.763803091068401,mass_ratio,stable,4,refinement,1.6183856188919867,1.8066259823948732,nested,32768,80,student_t,3.0,dynamic,nan
1.5,0.9955278640450004,1.6708040524908818,1.4632488422907517,1.6882300787659588,1.4632488422907517,,0.0,0.5,0.5,nan,0.00447213595499958,2.0,0,1.6209107168218857,mass_ratio,stable,4,refinement,1.5233422335566147,1.671501093541885,nested,32768,80,student_t,3.0,dynamic,nan
1.5,0.9942597056304714,1.543126629947695,1.429830920934601,1.543126629947695,1.3634959654352987,,0.0,0.5,0.5,nan,0.005740294369528563,2.0,0,1.5195550660937267,mass_ratio,stable,4,refinement,1.4271775227146288,1.5430390903345055,nested,32768,80,student_t,3.0,dynamic,nan
1.5,0.9926319370027192,1.4843564484306448,1.2995025129347801,1.4843564484306448,1.2995025129347801,,0.0,0.5,0.5,nan,0.0073680629972807735,2.0,0,1.4048963980822657,mass_ratio,stable,4,refinement,1.3397068423519325,1.4566003597170638,nested,32768,80,student_t,3.0,dynamic,nan
1.5,0.9905425839099682,1.3798342354283883,1.2618757101731546,1.3798342354283883,1.2618757101731546,,0.0,0.5,0.5,nan,0.00945741609003176,2.0,0,1.3514186592101336,mass_ratio,stable,4,refinement,1.2981559221337646,1.372895162420766,nested,32768,80,student_t,3.0,dynamic,nan
1.5,0.9878607553799417,1.3074292915667252,1.216229876692866,1.3116900366239368,1.216229876692866,,0.0,0.5,0.5,nan,0.012139244620058345,2.0,0,1.292789313949188,mass_ratio,stable,4,refinement,1.2479963749469443,1.3075997213690136,nested,32768,80,student_t,3.0,dynamic,nan
1.5,0.9844184438389111,1.2663363650929238,1.2198629768420592,1.2663363650929238,1.2064212350274477,,0.0,0.5,0.5,nan,0.015581556161088883,2.0,0,1.2399280010677307,mass_ratio,stable,4,refinement,1.219325307169475,1.2568395259181397,nested,32768,80,student_t,3.0,dynamic,nan
1.5,0.98,1.2150468922022521,1.1808216691335587,1.2150468922022521,1.168194548013241,,0.0,0.5,0.5,nan,0.02,2.0,0,1.2035390094860832,mass_ratio,stable,4,refinement,1.180316584288746,1.2143664137299504,nested,32768,80,student_t,3.0,dynamic,nan
1.5,nan,0.8957666518829387,0.7504586334631175,0.8957666518829387,0.6182172059221859,,0.0,0.5,0.5,0.6666666666666666,0.003,2.0,98,0.8833368595570119,pickands_xi,stable,4,refinement,0.7451689763614802,0.890106014871916,nested,32768,80,student_t,3.0,dynamic,16.581580421913277
1.5,nan,0.8785028882313053,0.6830649556152923,0.9317599354574716,0.6830649556152923,,0.0,0.5,0.5,0.6666666666666666,0.004,2.0,131,0.7764799321478084,pickands_xi,stable,4,refinement,0.7044965080993812,0.880633170120352,nested,32768,80,student_t,3.0,dynamic,13.605314711981052
1.5,nan,0.7496026975414806,0.5960939035804955,0.7501325719576325,0.5960939035804955,,0.0,0.5,0.5,0.6666666666666666,0.006,2.0,196,0.702143322502724,pickands_xi,stable,4,refinement,0.6244714643643151,0.7496238925181267,nested,32768,80,student_t,3.0,dynamic,10.444800713773386
1.5,nan,0.6571731858615231,0.526257160559936,0.6571731858615231,0.526257160559936,,0.0,0.5,0.5,0.6666666666666666,0.008,2.0,262,0.6202687210179236,pickands_xi,stable,4,refinement,0.5556050035787592,0.6552367487376062,nested,32768,80,student_t,3.0,dynamic,8.791640675563137
1.5,nan,0.704753962363243,0.3858925086882513,0.7515989619445107,0.3858925086882513,,0.0,0.5,0.5,0.6666666666666666,0.012,2.0,393,0.6287084679847432,pickands_xi,stable,4,refinement,0.488427931647896,0.7066277623464936,nested,32768,80,student_t,3.0,dynamic,7.103669244365876
1.5,nan,0.6015495978299696,0.3524944633512958,0.6015495978299696,0.3524944633512958,,0.0,0.5,0.5,0.6666666666666666,0.018,2.0,589,0.5873829172022076,pickands_xi,stable,4,refinement,0.459785008656885,0.6002055036714924,nested,32768,80,student_t,3.0,dynamic,5.758933089074629
1.5,nan,0.4097849611958329,0.3095474519180145,0.4097849611958329,0.3065310495122433,,0.0,0.5,0.5,0.6666666666666666,0.03,2.0,983,0.33090472634174495,pickands_xi,stable,4,refinement,0.3094267958217837,0.3807260670344911,nested,32768,80,student_t,3.0,dynamic,4.505913701388243
1.5,nan,0.2077190081331412,0.15585455414649094,0.2086821655336612,0.15585455414649094,,0.0,0.5,0.5,0.16675213385546725,0.003,2.0,98,0.20107185847747366,tail_constant,stable,4,refinement,0.17483054394289185,0.20775753442916198,nested,32768,80,student_t,3.0,dynamic,16.532741057547035
1.5,nan,0.2083643127768613,0.17887221656471658,0.2126716522413285,0.16468625209320106,,0.0,0.5,0.5,0.16675213385546725,0.004,2.0,131,0.1985575771743131,tail_constant,stable,4,refinement,0.17830477798585598,0.20853660635544,nested,32768,80,student_t,3.0,dynamic,13.510550456069337
1.5,nan,0.20658417068372048,0.1866769050440661,0.20658417068372048,0.17659319269582607,,0.0,0.5,0.5,0.16675213385546725,0.006,2.0,196,0.20160497736754773,tail_constant,stable,4,refinement,0.1862735565501365,0.20651945068007355,nested,32768,80,student_t,3.0,dynamic,10.433632653872614
1.5,nan,0.2165403828637888,0.1959497279620478,0.2220435190964012,0.18684262724890444,,0.0,0.5,0.5,0.16675213385546725,0.008,2.0,262,0.20804703765318378,tail_constant,stable,4,refinement,0.19558544393352206,0.21676050831309326,nested,32768,80,student_t,3.0,dynamic,8.780720453724008
1.5,nan,0.23094660737576714,0.21586711851881868,0.23094660737576714,0.20680079426842912,,0.0,0.5,0.5,0.16675213385546725,0.012,2.0,393,0.22655391678074588,tail_constant,stable,4,refinement,0.2155044655488031,0.22961594341569502,nested,32768,80,student_t,3.0,dynamic,7.09278568581219
1.5,nan,0.2549039011857751,0.23708802575368215,0.2549039011857751,0.23708802575368215,,0.0,0.5,0.5,0.16675213385546725,0.018,2.0,589,0.24798467881799563,tail_constant,stable,4,refinement,0.240545732664452,0.2533553610093416,nested,32768,80,student_t,3.0,dynamic,5.752133500575673
1.5,nan,0.29113597318978146,0.27674461782163035,0.29113597318978146,0.27674461782163035,,0.0,0.5,0.5,0.16675213385546725,0.03,2.0,983,0.2862623020397098,tail_constant,stable,4,refinement,0.2810589195004596,0.289050797783596,nested,32768,80,student_t,3.0,dynamic,4.49890565585124
1.5,nan,1.6490104072549663,1.5363393347629994,1.659535472898379,1.5035622228186334,,0.0,0.5,0.5,1.5,0.003,2.0,196,1.5821000596413737,hill_alpha,stable,12,primary,1.4494861283341776,1.6806059206328627,nested,65536,80,student_t,3.0,dynamic,15.481409375701286
1.5,nan,1.6592808763081552,1.530660969331017,1.676505284334608,1.5272855346670302,,0.0,0.5,0.5,1.5,0.004,2.0,262,1.5958457247405662,hill_alpha,stable,12,primary,1.507115800142103,1.6944337426138263,nested,65536,80,student_t,3.0,dynamic,13.149414354544696
1.5,nan,1.7210332146411886,1.5464278824637998,1.7274472277996744,1.5450229684939991,,0.0,0.5,0.5,1.5,0.006,2.0,393,1.6502809620559438,hill_alpha,stable,12,primary,1.5400558574062693,1.739459789462474,nested,65536,80,student_t,3.0,dynamic,10.522059689292625
1.5,nan,1.7702545765582147,1.5763834261851695,1.778355904296593,1.5719998392540702,,0.0,0.5,0.5,1.5,0.008,2.0,524,1.6530402741072177,hill_alpha,stable,12,primary,1.5655979177006327,1.7868899814916466,nested,65536,80,student_t,3.0,dynamic,8.886733391629907
1.5,nan,1.774773163237496,1.6708636615196106,1.7854694903345911,1.6602335762018579,,0.0,0.5,0.5,1.5,0.012,2.0,786,1.6998665839442328,hill_alpha,stable,12,primary,1.6470607356184666,1.8000715767301665,nested,65536,80,student_t,3.0,dynamic,7.1001102492533175
1.5,nan,1.8091931776649046,1.7566940679131882,1.8098110207511888,1.7550317010909755,,0.0,0.5,0.5,1.5,0.018,2.0,1179,1.7824563210785245,hill_alpha,stable,12,primary,1.7477239326152754,1.8233386154691238,nested,65536,80,student_t,3.0,dynamic,5.772753434697357
1.5,nan,1.9282102421850071,1.8695704531639785,1.9317530867430914,1.859432265404565,,0.0,0.5,0.5,1.5,0.03,2.0,1966,1.9041275894800822,hill_alpha,stable,12,primary,1.845306211616767,1.9462567577013954,nested,65536,80,student_t,3.0,dynamic,4.518969770075488
1.5,nan,0.6524913982450521,0.6064243109688162,0.665635351454565,0.6026025000024418,,0.0,0.5,0.5,0.6666666666666666,0.003,2.0,196,0.6323011087851018,hill_xi,stable,12,primary,0.5950966910690001,0.6900259568488335,nested,65536,80,student_t,3.0,dynamic,15.481409375701286
1.5,nan,0.653312536241814,0.6026707197547932,0.6547596122742145,0.5965418513589267,,0.0,0.5,0.5,0.6666666666666666,0.004,2.0,262,0.6266367037040802,hill_xi,stable,12,primary,0.5901679841905892,0.6637864911221016,nested,65536,80,student_t,3.0,dynamic,13.149414354544696
1.5,nan,0.6466515583040187,0.5810463107235766,0.6472401040295575,0.5788968661229168,,0.0,0.5,0.5,0.6666666666666666,0.006,2.0,393,0.6059587048650574,hill_xi,stable,12,primary,0.5749098563631226,0.6493381540928083,nested,65536,80,student_t,3.0,dynamic,10.522059689292625
1.5,nan,0.634363431757202,0.5648905040224395,0.6361373271508595,0.5623288064752945,,0.0,0.5,0.5,0.6666666666666666,0.008,2.0,524,0.6050474480853483,hill_xi,stable,12,primary,0.5596316482769041,0.6387369748012056,nested,65536,80,student_t,3.0,dynamic,8.886733391629907
1.5,nan,0.5984928770852098,0.5634522882776892,0.6023495798508383,0.560096879817883,,0.0,0.5,0.5,0.6666666666666666,0.012,2.0,786,0.5882816575524888,hill_xi,stable,12,primary,0.5555417083859775,0.607146750009078,nested,65536,80,student_t,3.0,dynamic,7.1001102492533175
1.5,nan,0.5692510826247167,0.5527325729199816,0.5697907887178763,0.5525439424769059,,0.0,0.5,0.5,0.6666666666666666,0.018,2.0,1179,0.5610246763791403,hill_xi,stable,12,primary,0.5485302421279139,0.5721917837225625,nested,65536,80,student_t,3.0,dynamic,5.772753434697357
1.5,nan,0.5348822229767507,0.5186156458057297,0.5378145507613159,0.517666243397156,,0.0,0.5,0.5,0.6666666666666666,0.03,2.0,1966,0.5251759282091284,hill_xi,stable,12,primary,0.5138578098522267,0.5419235315875811,nested,65536,80,student_t,3.0,dynamic,4.518969770075488
1.5,0.999,2.556750976011374,2.3293122412163907,2.5708011341949586,2.265749550411077,,0.0,0.5,0.5,nan,0.001,2.0,0,2.4870693493370295,mass_ratio,stable,12,primary,2.1629599627069838,2.5933402271484702,nested,65536,80,student_t,3.0,dynamic,nan
1.5,0.9987164311578874,2.3815408739101316,2.170508912845956,2.403684240428696,2.1361056142194617,,0.0,0.5,0.5,nan,0.0012835688421125163,2.0,0,2.2912627101589536,mass_ratio,stable,12,primary,2.0943398503064405,2.446721603503339,nested,65536,80,student_t,3.0,dynamic,nan
1.5,0.998352451027558,2.1549571330169677,2.0010526503490818,2.169539214685298,1.963493145235617,,0.0,0.5,0.5,nan,0.0016475489724420657,2.0,0,2.0980817615577543,mass_ratio,stable,12,primary,1.9084828025952958,2.2057016145143034,nested,65536,80,student_t,3.0,dynamic,nan
1.5,0.9978852574731188,2.0127030813061015,1.883590759171647,2.040915061020786,1.8607645912835027,,0.0,0.5,0.5,nan,0.0021147425268811283,2.0,0,1.9282026231191978,mass_ratio,stable,12,primary,1.8242786023560686,2.073619472282497,nested,65536,80,student_t,3.0,dynamic,nan
1.5,0.9972855823834051,1.892007293939402,1.7684424741700502,1.921593576616801,1.7532093378970148,,0.0,0.5,0.5,nan,0.002714417616594907,2.0,0,1.8026075054150985,mass_ratio,stable,12,primary,1.7268703842100757,1.9537777220013486,nested,65536,80,student_t,3.0,dynamic,nan
1.5,0.9965158581228575,1.7366337096838376,1.6505568729718825,1.74775011550408,1.64101773109478,,0.0,0.5,0.5,nan,0.0034841418771425405,2.0,0,1.690414554228703,mass_ratio,stable,12,primary,1.6286226458506667,1.769642928851065,nested,65536,80,student_t,3.0,dynamic,nan
1.5,0.9955278640450004,1.6453705713741562,1.5639041741852702,1.6471181110626123,1.561128701376151,,0.0,0.5,0.5,nan,0.00447213595499958,2.0,0,1.5913930904465439,mass_ratio,stable,12,primary,1.5508586107551527,1.6525869506829556,nested,65536,80,student_t,3.0,dynamic,nan
1.5,0.9942597056304714,1.5421822022755214,1.4628395435404395,1.5466355307507724,1.4582976351669465,,0.0,0.5,0.5,nan,0.005740294369528563,2.0,0,1.511625731753039,mass_ratio,stable,12,primary,1.4533000041164208,1.554552175687174,nested,65536,80,student_t,3.0,dynamic,nan
1.5,0.9926319370027192,1.4515706602725946,1.404138281525959,1.4521192988816998,1.4015007242510662,,0.0,0.5,0.5,nan,0.0073680629972807735,2.0,0,1.4371916677621421,mass_ratio,stable,12,primary,1.3787824882331328,1.4625622298438519,nested,65536,80,student_t,3.0,dynamic,nan
1.5,0.9905425839099682,1.3723060371037736,1.3421019414241715,1.3764518207463066,1.3321122898514175,,0.0,0.5,0.5,nan,0.00945741609003176,2.0,0,1.3647023675838708,mass_ratio,stable,12,primary,1.321912108440753,1.3841617355726645,nested,65536,80,student_t,3.0,dynamic,nan
1.5,0.9878607553799417,1.318946468301912,1.2811335544378863,1.3236295756554983,1.280085265427052,,0.0,0.5,0.5,nan,0.012139244620058345,2.0,0,1.2900580705266713,mass_ratio,stable,12,primary,1.2735403247023858,1.3284056391862635,nested,65536,80,student_t,3.0,dynamic,nan
1.5,0.9844184438389111,1.2530869048401387,1.238536225165578,1.257096739673909,1.2322331942637255,,0.0,0.5,0.5,nan,0.015581556161088883,2.0,0,1.2431950296240644,mass_ratio,stable,12,primary,1.2241088911219384,1.2639276457093453,nested,65536,80,student_t,3.0,dynamic,nan
1.5,0.98,1.219874622712538,1.1938136642905146,1.221100916997368,1.1922618158766536,,0.0,0.5,0.5,nan,0.02,2.0,0,1.2055394994504511,mass_ratio,stable,12,primary,1.1891496019322256,1.2238266507007696,nested,65536,80,student_t,3.0,dynamic,nan
1.5,nan,0.7495454385727335,0.5882912012285846,0.7520328522098789,0.5819946630018622,,0.0,0.5,0.5,0.6666666666666666,0.003,2.0,196,0.6858041446655548,pickands_xi,stable,12,primary,0.5557271697816234,0.7713694120913474,nested,65536,80,student_t,3.0,dynamic,15.495973637155622
1.5,nan,0.7470581148881983,0.5495813838796669,0.7493105911106732,0.5323500412354036,,0.0,0.5,0.5,0.6666666666666666,0.004,2.0,262,0.718160886045276,pickands_xi,stable,12,primary,0.48993760910633366,0.802742627062943,nested,65536,80,student_t,3.0,dynamic,13.236823609114708
1.5,nan,0.7596371107772457,0.6023949137559078,0.7666596000204777,0.5762631273069847,,0.0,0.5,0.5,0.6666666666666666,0.006,2.0,393,0.6906593529739997,pickands_xi,stable,12,primary,0.538217111599382,0.7852984788365301,nested,65536,80,student_t,3.0,dynamic,10.531431122334109
1.5,nan,0.7092555727844949,0.6280302095339956,0.7123593770253821,0.6163946246574978,,0.0,0.5,0.5,0.6666666666666666,0.008,2.0,524,0.6724590784199647,pickands_xi,stable,12,primary,0.5875731068577034,0.7243259487359847,nested,65536,80,student_t,3.0,dynamic,8.897844059985449
1.5,nan,0.6455831979362753,0.5421358701461467,0.6510729903803348,0.5346264880518999,,0.0,0.5,0.5,0.6666666666666666,0.012,2.0,786,0.6230406529642878,pickands_xi,stable,12,primary,0.5259653464491137,0.6656110467644797,nested,65536,80,student_t,3.0,dynamic,7.101083426241429
1.5,nan,0.538529825307408,0.5015592492529158,0.5421348305807926,0.501063924558604,,0.0,0.5,0.5,0.6666666666666666,0.018,2.0,1179,0.5261132412136953,pickands_xi,stable,12,primary,0.49989088830908024,0.5571147049781296,nested,65536,80,student_t,3.0,dynamic,5.773225296071566
1.5,nan,0.4544412449830031,0.3681462043950343,0.47128368633598255,0.36273119908572204,,0.0,0.5,0.5,0.6666666666666666,0.03,2.0,1966,0.4000557184227874,pickands_xi,stable,12,primary,0.3566368194566662,0.49027432474512106,nested,65536,80,student_t,3.0,dynamic,4.52026241441464
1.5,nan,0.19927803359282875,0.17569226074798575,0.20101528908444297,0.17562640252227468,,0.0,0.5,0.5,0.16675213385546725,0.003,2.0,196,0.18218760360858416,tail_constant,stable,12,primary,0.17526151880144333,0.20402728840613227,nested,65536,80,student_t,3.0,dynamic,15.481409375701286
1.5,nan,0.19995249794007128,0.18580691050336406,0.2034561201043985,0.1846997173892658,,0.0,0.5,0.5,0.16675213385546725,0.004,2.0,262,0.19062706122020712,tail_constant,stable,12,primary,0.18225400008782716,0.20739293391809946,nested,65536,80,student_t,3.0,dynamic,13.149414354544696
1.5,nan,0.2100552194054713,0.19427722692194577,0.21028021290933754,0.19349828164092447,,0.0,0.5,0.5,0.16675213385546725,0.006,2.0,393,0.20467459891260087,tail_constant,stable,12,primary,0.19238519014795197,0.21124311449818536,nested,65536,80,student_t,3.0,dynamic,10.522059689292625
1.5,nan,0.2144639827579304,0.206515369589089,0.21503944301157502,0.20641817457106393,,0.0,0.5,0.5,0.16675213385546725,0.008,2.0,524,0.211819377928531,tail_constant,stable,12,primary,0.2025258453884948,0.21704952568461922,nested,65536,80,student_t,3.0,dynamic,8.886733391629907
1.5,nan,0.23295967320615807,0.22376250959973604,0.23462218888607922,0.222745005597655,,0.0,0.5,0.5,0.16675213385546725,0.012,2.0,786,0.22690307556197664,tail_constant,stable,12,primary,0.2214522677339639,0.2364302119779221,nested,65536,80,student_t,3.0,dynamic,7.1001102492533175
1.5,nan,0.25284722116965197,0.24555892406049584,0.2534429398417184,0.24429959825299752,,0.0,0.5,0.5,0.16675213385546725,0.018,2.0,1179,0.24952234217847644,tail_constant,stable,12,primary,0.2425338142541345,0.25476207607576096,nested,65536,80,student_t,3.0,dynamic,5.772753434697357
1.5,nan,0.2933019567020192,0.28441310675581216,0.2944949187097151,0.2843550670176037,,0.0,0.5,0.5,0.16675213385546725,0.03,2.0,1966,0.28818288831790845,tail_constant,stable,12,primary,0.2827372093584369,0.2960804960144514,nested,65536,80,student_t,3.0,dynamic,4.518969770075488
1.5,nan,7.30890060882709,6.862627391616154,7.30890060882709,6.59712558589646,,0.0,0.5,1.0,nan,0.003,2.0,49,7.188672279297865,hill_alpha,vp,4,refinement,6.852007319387367,7.28025168999483,block,16384,160,student_t,1.5,dynamic,6.232533667895064
1.5,nan,7.531969571623886,6.565941660867638,7.531969571623886,6.565941660867638,,0.0,0.5,1.0,nan,0.004,2.0,65,6.908719513728824,hill_alpha,vp,4,refinement,6.57334731653443,7.389937257540835,block,16384,160,student_t,1.5,dynamic,5.949579560561774
1.5,nan,6.58089093335065,5.9730145269289325,6.58089093335065,5.9730145269289325,,0.0,0.5,1.0,nan,0.006,2.0,98,6.158104003238098,hill_alpha,vp,4,refinement,6.031495461369905,6.4083152210840515,block,16384,160,student_t,1.5,dynamic,5.53969705759922
1.5,nan,5.847243342932606,5.6982261187937615,5.925091400787339,5.6982261187937615,,0.0,0.5,1.0,nan,0.008,2.0,131,5.753955746721129,hill_alpha,vp,4,refinement,5.717565361787661,5.850357265246795,block,16384,160,student_t,1.5,dynamic,5.21786732588935
1.5,nan,5.218992094759887,4.997158990254902,5.285100276019591,4.941548963031146,,0.0,0.5,1.0,nan,0.012,2.0,196,5.102826465489421,hill_alpha,vp,4,refinement,4.994934589165951,5.221636422010276,block,16384,160,student_t,1.5,dynamic,4.744715181997245
1.5,nan,4.638274219201289,4.487163116298246,4.638274219201289,4.487163116298246,,0.0,0.5,1.0,nan,0.018,2.0,294,4.580425685695596,hill_alpha,vp,4,refinement,4.51356058919462,4.6288754835329105,block,16384,160,student_t,1.5,dynamic,4.250930518091627
1.5,nan,4.1121594653066325,3.8457630053392107,4.1121594653066325,3.8457630053392107,,0.0,0.5,1.0,nan,0.03,2.0,491,3.9638961931234475,hill_alpha,vp,4,refinement,3.888579993706528,4.05488003642782,block,16384,160,student_t,1.5,dynamic,3.6423129728474297
1.5,nan,0.1515975206233547,0.13681954490606235,0.1515975206233547,0.13681954490606235,,0.0,0.5,1.0,nan,0.003,2.0,49,0.13974690156199976,hill_xi,vp,4,refinement,0.13783793593945143,0.1462959636353652,block,16384,160,student_t,1.5,dynamic,6.232533667895064
1.5,nan,0.15238705084165724,0.13286459772310644,0.15238705084165724,0.13286459772310644,,0.0,0.5,1.0,nan,0.004,2.0,65,0.14525673543831913,hill_xi,vp,4,refinement,0.1354808387240192,0.15229648455044428,block,16384,160,student_t,1.5,dynamic,5.949579560561774
1.5,nan,0.165811198557097,0.15661438357611807,0.16754944456345522,0.15200609888987662,,0.0,0.5,1.0,nan,0.006,2.0,98,0.16264781040654916,hill_xi,vp,4,refinement,0.15643005218866843,0.16588072839735132,block,16384,160,student_t,1.5,dynamic,5.53969705759922
1.5,nan,0.17549834128300257,0.17107709785916025,0.17549834128300257,0.16879202967235626,,0.0,0.5,1.0,nan,0.008,2.0,131,0.17381293255646166,hill_xi,vp,4,refinement,0.17098569513168807,0.1749057130193017,block,16384,160,student_t,1.5,dynamic,5.21786732588935
1.5,nan,0.20246910066928225,0.18939812638195447,0.20246910066928225,0.18939812638195447,,0.0,0.5,1.0,nan,0.012,2.0,196,0.1960488073313919,hill_xi,vp,4,refinement,0.19164870933216713,0.2003291037726122,block,16384,160,student_t,1.5,dynamic,4.744715181997245
1.5,nan,0.22174225324411984,0.21606369694165567,0.22286057459429295,0.21560064895511558,,0.0,0.5,1.0,nan,0.018,2.0,294,0.21857533841107127,hill_xi,vp,4,refinement,0.21604517502219409,0.22178698609812678,block,16384,160,student_t,1.5,dynamic,4.250930518091627
1.5,nan,0.260039241397771,0.24321831319283138,0.260039241397771,0.24321831319283138,,0.0,0.5,1.0,nan,0.03,2.0,491,0.2523322512435189,hill_xi,vp,4,refinement,0.24668909211459025,0.2572437974663011,block,16384,160,student_t,1.5,dynamic,3.6423129728474297
1.5,0.999,0.09145450726423147,0.08689326170634745,0.09145450726423147,0.08680059661573683,,0.0,0.5,1.0,nan,0.001,2.0,0,0.08792177103311646,mass_ratio,vp,4,refinement,0.08688955510272303,0.09020799910665231,block,16384,160,student_t,1.5,dynamic,nan
1.5,0.9987164311578874,0.1038349238308644,0.09864290774408474,0.1038349238308644,0.09864290774408474,,0.0,0.5,1.0,nan,0.0012835688421125163,2.0,0,0.1008252424815605,mass_ratio,vp,4,refinement,0.09942383972702554,0.10265686547424609,block,16384,160,student_t,1.5,dynamic,nan
1.5,0.998352451027558,0.11735727107877361,0.11367067221202107,0.11954992045831923,0.11367067221202107,,0.0,0.5,1.0,nan,0.0016475489724420657,2.0,0,0.11482888702572429,mass_ratio,vp,4,refinement,0.11406546267931685,0.11744497705395543,block,16384,160,student_t,1.5,dynamic,nan
1.5,0.9978852574731188,0.1349261492279502,0.12874018027141165,0.1349261492279502,0.12874018027141165,,0.0,0.5,1.0,nan,0.0021147425268811283,2.0,0,0.13013790303739659,mass_ratio,vp,4,refinement,0.12940576137415657,0.13263311688141233,block,16384,160,student_t,1.5,dynamic,nan
1.5,0.9972855823834051,0.15084091908253433,0.14697763974436417,0.15140564085013933,0.14697763974436417,,0.0,0.5,1.0,nan,0.002714417616594907,2.0,0,0.14928493398896264,mass_ratio,vp,4,refinement,0.14760933458530742,0.15086350795323855,block,16384,160,student_t,1.5,dynamic,nan
1.5,0.9965158581228575,0.17030634977907824,0.16789660919811594,0.17134323074378716,0.16742455264238407,,0.0,0.5,1.0,nan,0.0034841418771425405,2.0,0,0.16881906728410856,mass_ratio,vp,4,refinement,0.16787772693588665,0.1703478250176666,block,16384,160,student_t,1.5,dynamic,nan
1.5,0.9955278640450004,0.19499774680075388,0.18870256095909266,0.19499774680075388,0.18870256095909266,,0.0,0.5,1.0,nan,0.00447213595499958,2.0,0,0.19089881720163537,mass_ratio,vp,4,refinement,0.18927336557305946,0.19351365897563072,block,16384,160,student_t,1.5,dynamic,nan
1.5,0.9942597056304714,0.21894048385584897,0.21251807117166055,0.21894048385584897,0.21251807117166055,,0.0,0.5,1.0,nan,0.005740294369528563,2.0,0,0.21629090800594072,mass_ratio,vp,4,refinement,0.21424177689090362,0.2177559434091044,block,16384,160,student_t,1.5,dynamic,nan
1.5,0.9926319370027192,0.24452381769169662,0.24127451062652944,0.24545048648163592,0.2394563676068608,,0.0,0.5,1.0,nan,0.0073680629972807735,2.0,0,0.2433449012739777,mass_ratio,vp,4,refinement,0.24120178490574268,0.24456088444329419,block,16384,160,student_t,1.5,dynamic,nan
1.5,0.9905425839099682,0.2758324985897628,0.26660960626304275,0.2758324985897628,0.26660960626304275,,0.0,0.5,1.0,nan,0.00945741609003176,2.0,0,0.27213620966616137,mass_ratio,vp,4,refinement,0.26913653932541926,0.27418411647755453,block,16384,160,student_t,1.5,dynamic,nan
1.5,0.9878607553799417,0.30519958634371125,0.29982498543122443,0.30519958634371125,0.29787444650938766,,0.0,0.5,1.0,nan,0.012139244620058345,2.0,0,0.3019875701757786,mass_ratio,vp,4,refinement,0.29974696387435096,0.3037596005780079,block,16384,160,student_t,1.5,dynamic,nan
1.5,0.9844184438389111,0.3384604733222656,0.3301853265019853,0.3384604733222656,0.3301853265019853,,0.0,0.5,1.0,nan,0.015581556161088883,2.0,0,0.3351466151381862,mass_ratio,vp,4,refinement,0.33198247843621814,0.3374540880050511,block,16384,160,student_t,1.5,dynamic,nan
1.5,0.98,0.3767238326378005,0.36655541098963806,0.3767238326378005,0.36655541098963806,,0.0,0.5,1.0,nan,0.02,2.0,0,0.36909815139329016,mass_ratio,vp,4,refinement,0.367116527588005,0.37372290443582157,block,16384,160,student_t,1.5,dynamic,nan
1.5,nan,-0.06073384738808956,-0.22247656249822167,-0.009743171640507697,-0.22247656249822167,,0.0,0.5,1.0,nan,0.003,2.0,49,-0.15417340687276934,pickands_xi,vp,4,refinement,-0.21006651199181156,-0.058694220358186285,block,16384,160,student_t,1.5,dynamic,6.2511626801846445
1.5,nan,-0.020436942089617605,-0.13206810024321958,-0.020436942089617605,-0.1710160363902583,,0.0,0.5,1.0,nan,0.004,2.0,65,-0.08041265700377985,pickands_xi,vp,4,refinement,-0.13362601768910112,-0.043125681844063,block,16384,160,student_t,1.5,dynamic,5.9637561689789775
1.5,nan,0.0004218385143587716,-0.06480660486539538,0.0004218385143587716,-0.06480660486539538,,0.0,0.5,1.0,nan,0.006,2.0,98,-0.01912754242165462,pickands_xi,vp,4,refinement,-0.0433888646725733,-0.008453654554754168,block,16384,160,student_t,1.5,dynamic,5.560744660054865
1.5,nan,0.08941444064189903,-0.03250234461547657,0.08941444064189903,-0.03250234461547657,,0.0,0.5,1.0,nan,0.008,2.0,131,-0.004390190555140422,pickands_xi,vp,4,refinement,-0.0292143177709714,0.05459402477177628,block,16384,160,student_t,1.5,dynamic,5.225579819307185
1.5,nan,0.0687450516572285,-0.07345460603836332,0.0687450516572285,-0.07345460603836332,,0.0,0.5,1.0,nan,0.012,2.0,196,0.003942169483399606,pickands_xi,vp,4,refinement,-0.04709404984802061,0.04842956427389412,block,16384,160,student_t,1.5,dynamic,4.750099015909303
1.5,nan,0.15565609817773265,-0.01721777720866554,0.15565609817773265,-0.01721777720866554,,0.0,0.5,1.0,nan,0.018,2.0,294,0.12402626855271937,pickands_xi,vp,4,refinement,0.041665003845897,0.1493881408686285,block,16384,160,student_t,1.5,dynamic,4.253117278176882
1.5,nan,0.17078936052006582,0.08775516482374496,0.17078936052006582,0.07698443864109838,,0.0,0.5,1.0,nan,0.03,2.0,491,0.1209127670013636,pickands_xi,vp,4,refinement,0.0873243357764391,0.15759429610867534,block,16384,160,student_t,1.5,dynamic,3.643667994782696
1.5,nan,0.00800682054450931,0.006436852727001408,0.008169353306914859,0.006157229265247426,,0.0,0.5,1.0,0.0,nan,2.0,0,0.0072803819854295754,control_ecf_rmse,vp,4,refinement,0.0064256677885312485,0.008013321855005532,full,16384,160,student_t,1.5,dynamic,0.5
1.5,nan,0.012003301679556464,0.007026810103540911,0.012003301679556464,0.007026810103540911,,0.0,0.5,1.0,0.0,nan,2.0,0,0.007272237450556296,control_ecf_rmse,vp,4,refinement,0.0070520225474821575,0.009824983532262523,full,16384,160,student_t,1.5,dynamic,0.875
1.5,nan,0.009594210676027167,0.005434587050318892,0.011320869956639213,0.005434587050318892,,0.0,0.5,1.0,0.0,nan,2.0,0,0.006813712829124675,control_ecf_rmse,vp,4,refinement,0.005590724912326253,0.00966327704725165,full,16384,160,student_t,1.5,dynamic,1.25
1.5,nan,0.009204028574257825,0.006269797175785538,0.010991407271677944,0.00608268507049068,,0.0,0.5,1.0,0.0,nan,2.0,0,0.0069367795789590505,control_ecf_rmse,vp,4,refinement,0.0062623126915737435,0.00927552372215463,full,16384,160,student_t,1.5,dynamic,1.625
1.5,nan,0.008149225615805273,0.004897788878044466,0.008149225615805273,0.004897788878044466,,0.0,0.5,1.0,0.0,nan,2.0,0,0.006192587051920313,control_ecf_rmse,vp,4,refinement,0.005509713086043906,0.007219618020601459,full,16384,160,student_t,1.5,dynamic,2.0
1.5,nan,0.33493685754826785,0.10577131885398626,0.33493685754826785,0.10577131885398626,,0.0,0.5,1.0,0.0,nan,2.0,0,0.15619496642297181,control_w1,vp,4,refinement,0.12977708810607114,0.24933833138915396,full,16384,160,student_t,1.5,dynamic,0.5
1.5,nan,0.2437462400694369,0.09694395740348316,0.2708882186283439,0.09694395740348316,,0.0,0.5,1.0,0.0,nan,2.0,0,0.1758232464050959,control_w1,vp,4,refinement,0.11523112887364893,0.24483191921179318,full,16384,160,student_t,1.5,dynamic,0.875
1.5,nan,0.2046047128277126,0.07836206931842296,0.2046047128277126,0.07836206931842296,,0.0,0.5,1.0,0.0,nan,2.0,0,0.11501186304060076,control_w1,vp,4,refinement,0.08715379481180487,0.17040032042316233,full,16384,160,student_t,1.5,dynamic,1.25
1.5,nan,0.14595501124824306,0.07147658990042852,0.18770166457620688,0.07147658990042852,,0.0,0.5,1.0,0.0,nan,2.0,0,0.0897441531278477,control_w1,vp,4,refinement,0.0733022019492226,0.1476248773813616,full,16384,160,student_t,1.5,dynamic,1.625
1.5,nan,0.15156789900520426,0.050359754032940386,0.1799038920597317,0.050359754032940386,,0.0,0.5,1.0,0.0,nan,2.0,0,0.10824709063216617,control_w1,vp,4,refinement,0.07095296424768366,0.15270133872738537,full,16384,160,student_t,1.5,dynamic,2.0
1.5,nan,0.015974564796231175,0.00821155586834487,0.017010626300423052,0.00821155586834487,,1.0,0.5,1.0,0.0,nan,2.0,0,0.012407963197328235,pt_ecf_sup_exact_a,vp,4,refinement,0.009011172140795574,0.01601600725639885,full,16384,160,student_t,1.5,dynamic,0.5
1.5,nan,0.013452663227972003,0.012491713338765868,0.014084083123152652,0.01220417963944265,,1.0,0.5,1.0,0.0,nan,2.0,0,0.012800245185440219,pt_ecf_sup_exact_a,vp,4,refinement,0.012480211990792939,0.01347792002377923,full,16384,160,student_t,1.5,dynamic,0.875
1.5,nan,0.011667887697485205,0.009866415024620595,0.011667887697485205,0.009866415024620595,,1.0,0.5,1.0,0.0,nan,2.0,0,0.011597665201595463,pt_ecf_sup_exact_a,vp,4,refinement,0.010695485690259082,0.011636110318767576,full,16384,160,student_t,1.5,dynamic,1.25
1.5,nan,0.017173016954975116,0.010250402543764607,0.017173016954975116,0.008902038019638637,,1.0,0.5,1.0,0.0,nan,2.0,0,0.01354141103158141,pt_ecf_sup_exact_a,vp,4,refinement,0.010196467962799568,0.01636231521431774,full,16384,160,student_t,1.5,dynamic,1.625
1.5,nan,0.011908653820234347,0.01023248757464735,0.012224674513296369,0.00912048784388274,,1.0,0.5,1.0,0.0,nan,2.0,0,0.011468560216292143,pt_ecf_sup_exact_a,vp,4,refinement,0.010188007585416766,0.011921294647956828,full,16384,160,student_t,1.5,dynamic,2.0
1.5,nan,0.01638752568504195,0.007946168527983367,0.01638752568504195,0.007946168527983367,,1.0,0.5,1.0,0.0,nan,2.0,0,0.013586312598818678,pt_ecf_sup_exact_b,vp,4,refinement,0.009722067783557832,0.015974313302081263,full,16384,160,student_t,1.5,dynamic,0.5
1.5,nan,0.016889268051230696,0.008576672366598051,0.016889268051230696,0.008404301278815684,,1.0,0.5,1.0,0.0,nan,2.0,0,0.012552772260417625,pt_ecf_sup_exact_b,vp,4,refinement,0.008569777523086755,0.01663353989853828,full,16384,160,student_t,1.5,dynamic,0.875
1.5,nan,0.012919223493205307,0.009121287915130557,0.012919223493205307,0.009121287915130557,,1.0,0.5,1.0,0.0,nan,2.0,0,0.01216123607365466,pt_ecf_sup_exact_b,vp,4,refinement,0.010515783173237129,0.012620069389805994,full,16384,160,student_t,1.5,dynamic,1.25
1.5,nan,0.01979700074754445,0.006446779409620515,0.01979700074754445,0.006446779409620515,,1.0,0.5,1.0,0.0,nan,2.0,0,0.011546199647227539,pt_ecf_sup_exact_b,vp,4,refinement,0.007424174360345759,0.01730694298271846,full,16384,160,student_t,1.5,dynamic,1.625
1.5,nan,0.014515639053390716,0.011105689117844358,0.014515639053390716,0.011105689117844358,,1.0,0.5,1.0,0.0,nan,2.0,0,0.013253970541062698,pt_ecf_sup_exact_b,vp,4,refinement,0.012007247507040391,0.014039654861422038,full,16384,160,student_t,1.5,dynamic,2.0
1.5,nan,0.014209527925710841,0.011321641132979914,0.01504259595477318,0.011321641132979914,,1.0,0.5,1.0,0.0,nan,2.0,0,0.013279676612184037,pt_ecf_sup_exact_c,vp,4,refinement,0.01221504218645495,0.014242850646873334,full,16384,160,student_t,1.5,dynamic,0.5
1.5,nan,0.015878009872059652,0.008348975649576715,0.017063862148355972,0.008348975649576715,,1.0,0.5,1.0,0.0,nan,2.0,0,0.012170914400462658,pt_ecf_sup_exact_c,vp,4,refinement,0.008973309516257647,0.015925443963111505,full,16384,160,student_t,1.5,dynamic,0.875
1.5,nan,0.013139619057142048,0.010762240429131958,0.013139619057142048,0.00868543833311661,,1.0,0.5,1.0,0.0,nan,2.0,0,0.012928887280225324,pt_ecf_sup_exact_c,vp,4,refinement,0.010679168345291343,0.013081593286659468,full,16384,160,student_t,1.5,dynamic,1.25
1.5,nan,0.00987126217794313,0.007572422697917944,0.010676705801692441,0.00653738226343918,,1.0,0.5,1.0,0.0,nan,2.0,0,0.008836640843295263,pt_ecf_sup_exact_c,vp,4,refinement,0.007531021080538793,0.009903479922893102,full,16384,160,student_t,1.5,dynamic,1.625
1.5,nan,0.01048510295498279,0.009078542927684704,0.010520972084821787,0.009078542927684704,,1.0,0.5,1.0,0.0,nan,2.0,0,0.010438432936842199,pt_ecf_sup_exact_c,vp,4,refinement,0.009726105705695537,0.01048653772017635,full,16384,160,student_t,1.5,dynamic,2.0
1.5,nan,0.013109490978009068,0.009529048023152386,0.013109490978009068,0.009529048023152386,,1.0,0.5,1.0,0.0,nan,2.0,0,0.011768535957980098,pt_ecf_sup_numerical,vp,4,refinement,0.010020762739199237,0.013049072061065613,full,16384,160,student_t,1.5,dynamic,0.5
1.5,nan,0.016721281315186694,0.011874916572425868,0.01814871019026002,0.0115484314542096,,1.0,0.5,1.0,0.0,nan,2.0,0,0.013747627065377752,pt_ecf_sup_numerical,vp,4,refinement,0.011861857167697217,0.016778378470189627,full,16384,160,student_t,1.5,dynamic,0.875
1.5,nan,0.017061991482129155,0.010569407231424525,0.017061991482129155,0.00951304589017397,,1.0,0.5,1.0,0.0,nan,2.0,0,0.013186924320335722,pt_ecf_sup_numerical,vp,4,refinement,0.010527152777774502,0.015951314003345415,full,16384,160,student_t,1.5,dynamic,1.25
1.5,nan,0.01915496989343755,0.010002789731007475,0.01915496989343755,0.009052502786033144,,1.0,0.5,1.0,0.0,nan,2.0,0,0.012377946245420449,pt_ecf_sup_numerical,vp,4,refinement,0.0099647782532085,0.016585935935719893,full,16384,160,student_t,1.5,dynamic,1.625
1.5,nan,0.012103528573994566,0.009299140151784529,0.014163734642153552,0.008783697905896583,,1.0,0.5,1.0,0.0,nan,2.0,0,0.009928952451754028,pt_ecf_sup_numerical,vp,4,refinement,0.009278522461949011,0.012185936816720927,full,16384,160,student_t,1.5,dynamic,2.0
1.5,nan,1.923856914444771e-06,1.9139482209668437e-06,1.923856914444771e-06,1.9139482209668437e-06,,1.0,0.5,1.0,0.0,nan,2.0,0,1.9191335975392226e-06,score_table_ecf_rmse,vp,4,refinement,1.9162223132596964e-06,1.921804610791997e-06,full,16384,160,student_t,1.5,dynamic,nan
1.5,nan,4.1331043666659184e-05,1.5172018906994822e-05,4.1331043666659184e-05,1.5172018906994822e-05,,1.0,0.5,1.0,0.0,nan,2.0,0,2.8740915948954893e-05,score_table_hill_alpha_absdiff,vp,4,refinement,1.9364073713532548e-05,3.760879813576423e-05,full,16384,160,student_t,1.5,dynamic,nan
1.5,nan,1.690050679568544e-06,1.903517311858146e-07,1.690050679568544e-06,1.903517311858146e-07,,1.0,0.5,1.0,0.0,nan,2.0,0,8.811525523607773e-07,score_table_tail_constant_reldiff,vp,4,refinement,3.811763182692687e-07,1.442539385589344e-06,full,16384,160,student_t,1.5,dynamic,nan
1.5,nan,4.6801432065211325e-06,4.654831054918185e-06,4.6801432065211325e-06,4.654831054918185e-06,,0.0,0.5,1.0,0.0,nan,2.0,0,4.671143820948794e-06,score_table_trajectory_mean_abs,vp,4,refinement,4.662541776907543e-06,4.675942907151744e-06,full,16384,160,student_t,1.5,dynamic,0.5
1.5,nan,3.631706587039586e-06,3.6193063747041286e-06,3.6351484164493654e-06,3.6110701621067838e-06,,0.0,0.5,1.0,0.0,nan,2.0,0,3.6279036724656396e-06,score_table_trajectory_mean_abs,vp,4,refinement,3.6189769262002347e-06,3.6318442602159766e-06,full,16384,160,student_t,1.5,dynamic,0.875
1.5,nan,2.5644216121045912e-06,2.5485681420097666e-06,2.565863576275286e-06,2.5485681420097666e-06,,0.0,0.5,1.0,0.0,nan,2.0,0,2.56243205640386e-06,score_table_trajectory_mean_abs,vp,4,refinement,2.5549599769845138e-06,2.564479290671419e-06,full,16384,160,student_t,1.5,dynamic,1.25
1.5,nan,1.384020675182975e-06,1.3745844029627678e-06,1.3841176908390342e-06,1.3745844029627678e-06,,0.0,0.5,1.0,0.0,nan,2.0,0,1.3831442587292632e-06,score_table_trajectory_mean_abs,vp,4,refinement,1.3783190213478123e-06,1.3840245558092174e-06,full,16384,160,student_t,1.5,dynamic,1.625
1.5,nan,0.0,0.0,0.0,0.0,,0.0,0.5,1.0,0.0,nan,2.0,0,0.0,score_table_trajectory_mean_abs,vp,4,refinement,0.0,0.0,full,16384,160,student_t,1.5,dynamic,2.0
1.5,nan,4.642626184289427e-06,4.620533591234125e-06,4.642626184289427e-06,4.620533591234125e-06,,1.0,0.5,1.0,0.0,nan,2.0,0,4.633660858935427e-06,score_table_w1,vp,4,refinement,4.6263799792021594e-06,4.638777528648097e-06,full,16384,160,student_t,1.5,dynamic,nan
1.5,nan,7.656220150762763,6.623998828944947,7.656220150762763,6.623998828944947,,0.0,0.5,1.0,nan,0.003,2.0,196,6.952679057856271,hill_alpha,vp,4,refinement,6.669440359342947,7.430845405647082,full,65536,160,student_t,1.5,dynamic,6.279470714322663
1.5,nan,7.5741804974814695,6.461647095842197,7.5741804974814695,6.461647095842197,,0.0,0.5,1.0,nan,0.004,2.0,262,6.4993868547919735,hill_alpha,vp,4,refinement,6.463549214667762,7.0744925144608395,full,65536,160,student_t,1.5,dynamic,5.953385345604055
1.5,nan,6.492488039174832,6.160602276619593,6.492488039174832,6.061505742333394,,0.0,0.5,1.0,nan,0.006,2.0,393,6.287182003776037,hill_alpha,vp,4,refinement,6.156638415248145,6.407133074761129,full,65536,160,student_t,1.5,dynamic,5.558141853447907
1.5,nan,5.842243636183112,5.62956924329007,5.936067537385281,5.62956924329007,,0.0,0.5,1.0,nan,0.008,2.0,524,5.692824897444804,hill_alpha,vp,4,refinement,5.633246435266995,5.845996592231199,full,65536,160,student_t,1.5,dynamic,5.208300470084891
1.5,nan,5.326543870163539,5.022244692402564,5.326543870163539,5.022244692402564,,0.0,0.5,1.0,nan,0.012,2.0,786,5.119652553507722,hill_alpha,vp,4,refinement,5.051171837849197,5.245064666052589,full,65536,160,student_t,1.5,dynamic,4.737769667753284
1.5,nan,4.63032194143681,4.523325279087582,4.6933317946836715,4.515002953218551,,0.0,0.5,1.0,nan,0.018,2.0,1179,4.549479846573281,hill_alpha,vp,4,refinement,4.522992386052821,4.632842335566685,full,65536,160,student_t,1.5,dynamic,4.2446514637663775
1.5,nan,4.0442472142737556,3.8640215479338975,4.1367922476521795,3.8287422798207302,,0.0,0.5,1.0,nan,0.03,2.0,1966,3.9255014984711982,hill_alpha,vp,4,refinement,3.862610377209371,4.047949015608892,full,65536,160,student_t,1.5,dynamic,3.6425388021917486
1.5,nan,0.15096621026415208,0.13487944053073936,0.15096621026415208,0.1306127541147538,,0.0,0.5,1.0,nan,0.003,2.0,196,0.1439925688130318,hill_xi,vp,4,refinement,0.13470877307409995,0.14994515446344162,full,65536,160,student_t,1.5,dynamic,6.279470714322663
1.5,nan,0.15471187718606533,0.13202748473349893,0.15475930287858936,0.13202748473349893,,0.0,0.5,1.0,nan,0.004,2.0,262,0.15386482315913355,hill_xi,vp,4,refinement,0.14212558557728783,0.1547137742137663,full,65536,160,student_t,1.5,dynamic,5.953385345604055
1.5,nan,0.16497550980048187,0.15402415745183196,0.16497550980048187,0.15402415745183196,,0.0,0.5,1.0,nan,0.006,2.0,393,0.15905680924709115,hill_xi,vp,4,refinement,0.15610609308400672,0.16246827076440395,full,65536,160,student_t,1.5,dynamic,5.558141853447907
1.5,nan,0.17763348433664056,0.1684616951714266,0.17763348433664056,0.1684616951714266,,0.0,0.5,1.0,nan,0.008,2.0,524,0.175676469493014,hill_xi,vp,4,refinement,0.1711012908874481,0.17751761317004025,full,65536,160,student_t,1.5,dynamic,5.208300470084891
1.5,nan,0.1991141533810085,0.1908289368735414,0.1991141533810085,0.18773899631268737,,0.0,0.5,1.0,nan,0.012,2.0,786,0.1953360363906248,hill_xi,vp,4,refinement,0.19070533925110725,0.1979808935246144,full,65536,160,student_t,1.5,dynamic,4.737769667753284
1.5,nan,0.22107704474683249,0.21306825166989918,0.22148379754372988,0.21306825166989918,,0.0,0.5,1.0,nan,0.018,2.0,1179,0.21980872482080305,hill_xi,vp,4,refinement,0.21589012656034967,0.22109331485870837,full,65536,160,student_t,1.5,dynamic,4.2446514637663775
1.5,nan,0.25881930392833546,0.24173319328944937,0.26118237450205767,0.24173319328944937,,0.0,0.5,1.0,nan,0.03,2.0,1966,0.2547558703165538,hill_xi,vp,4,refinement,0.24716790400419092,0.2589138267512843,full,65536,160,student_t,1.5,dynamic,3.6425388021917486
1.5,0.999,0.09207621011344293,0.08693434948864878,0.09207621011344293,0.08693434948864878,,0.0,0.5,1.0,nan,0.001,2.0,0,0.08960602380172147,mass_ratio,vp,4,refinement,0.08773779580547589,0.09136947803726442,full,65536,160,student_t,1.5,dynamic,nan
1.5,0.9987164311578874,0.10389448420182007,0.09993794660711879,0.10429344476764925,0.0987276874765837,,0.0,0.5,1.0,nan,0.0012835688421125163,2.0,0,0.10232186468682239,mass_ratio,vp,4,refinement,0.09988953624189738,0.10391044262445323,full,65536,160,student_t,1.5,dynamic,nan
1.5,0.998352451027558,0.11849846184006567,0.11490642033855232,0.11953635533883825,0.1136019483864349,,0.0,0.5,1.0,nan,0.0016475489724420657,2.0,0,0.1168357303159814,mass_ratio,vp,4,refinement,0.11485424146046762,0.11853997758001657,full,65536,160,student_t,1.5,dynamic,nan
1.5,0.9978852574731188,0.13462254765872367,0.12872766333077398,0.13598681335991292,0.12872766333077398,,0.0,0.5,1.0,nan,0.0021147425268811283,2.0,0,0.13253876685605026,mass_ratio,vp,4,refinement,0.13021162577419418,0.13467711828677126,full,65536,160,student_t,1.5,dynamic,nan
1.5,0.9972855823834051,0.15258950594705809,0.14675141239288933,0.15258950594705809,0.14675141239288933,,0.0,0.5,1.0,nan,0.002714417616594907,2.0,0,0.15025388554097618,mass_ratio,vp,4,refinement,0.14805014800089714,0.15185085965521264,full,65536,160,student_t,1.5,dynamic,nan
1.5,0.9965158581228575,0.1711435940029125,0.16789270764560466,0.17238002692855858,0.16735278003722737,,0.0,0.5,1.0,nan,0.0034841418771425405,2.0,0,0.16916989816562417,mass_ratio,vp,4,refinement,0.16787111054126957,0.17119305131993834,full,65536,160,student_t,1.5,dynamic,nan
1.5,0.9955278640450004,0.19543377408736445,0.1895128027618927,0.19543377408736445,0.1895128027618927,,0.0,0.5,1.0,nan,0.00447213595499958,2.0,0,0.19158750201526425,mass_ratio,vp,4,refinement,0.1904509610513844,0.193645260844883,full,65536,160,student_t,1.5,dynamic,nan
1.5,0.9942597056304714,0.22042517200484882,0.21310009146512485,0.22042517200484882,0.21310009146512485,,0.0,0.5,1.0,nan,0.005740294369528563,2.0,0,0.21648424405795397,mass_ratio,vp,4,refinement,0.21460053592154474,0.21865747537847738,full,65536,160,student_t,1.5,dynamic,nan
1.5,0.9926319370027192,0.24633043785533168,0.23919126010934613,0.24633043785533168,0.23919126010934613,,0.0,0.5,1.0,nan,0.0073680629972807735,2.0,0,0.24294907136528732,mass_ratio,vp,4,refinement,0.24062300463307593,0.24507938681923236,full,65536,160,student_t,1.5,dynamic,nan
1.5,0.9905425839099682,0.2752192505841441,0.26895033410312497,0.2752192505841441,0.2680992965488481,,0.0,0.5,1.0,nan,0.00945741609003176,2.0,0,0.27096934775996406,mass_ratio,vp,4,refinement,0.2689162926009539,0.2737399257577675,full,65536,160,student_t,1.5,dynamic,nan
1.5,0.9878607553799417,0.3054621058315305,0.2992140247483369,0.3054621058315305,0.2992140247483369,,0.0,0.5,1.0,nan,0.012139244620058345,2.0,0,0.30173579147984714,mass_ratio,vp,4,refinement,0.2997938160407935,0.30430413168139075,full,65536,160,student_t,1.5,dynamic,nan
1.5,0.9844184438389111,0.33878953843186516,0.33066500123347164,0.33878953843186516,0.33066500123347164,,0.0,0.5,1.0,nan,0.015581556161088883,2.0,0,0.3343646140343581,mass_ratio,vp,4,refinement,0.3324299367056734,0.3366764533932855,full,65536,160,student_t,1.5,dynamic,nan
1.5,0.98,0.37480074070951713,0.36619117125115336,0.37480074070951713,0.36619117125115336,,0.0,0.5,1.0,nan,0.02,2.0,0,0.36804081528946186,mass_ratio,vp,4,refinement,0.3669985713186539,0.3716364055787782,full,65536,160,student_t,1.5,dynamic,nan
1.5,nan,-0.05874639262455045,-0.2843070281273151,-0.05874639262455045,-0.2843070281273151,,0.0,0.5,1.0,nan,0.003,2.0,196,-0.15549345897834696,pickands_xi,vp,4,refinement,-0.23130547375267432,-0.09635602565750885,full,65536,160,student_t,1.5,dynamic,6.289714193546123
1.5,nan,-0.02163245066333773,-0.16459463946456493,-0.02163245066333773,-0.16459463946456493,,0.0,0.5,1.0,nan,0.004,2.0,262,-0.1245838749989294,pickands_xi,vp,4,refinement,-0.14716252299315402,-0.06927608387232756,full,65536,160,student_t,1.5,dynamic,5.955137265896579
1.5,nan,0.013682984492992122,-0.08127348901602742,0.013682984492992122,-0.08127348901602742,,0.0,0.5,1.0,nan,0.006,2.0,393,-0.025932129010720686,pickands_xi,vp,4,refinement,-0.06202089947182562,0.001978993269555406,full,65536,160,student_t,1.5,dynamic,5.559655123591522
1.5,nan,0.011720185622729704,-0.04806105790056656,0.011720185622729704,-0.0499843865084988,,0.0,0.5,1.0,nan,0.008,2.0,524,-0.0406899986371964,pickands_xi,vp,4,refinement,-0.04813799104488385,-0.01082179210742462,full,65536,160,student_t,1.5,dynamic,5.214884267442253
1.5,nan,0.06797731094485254,-0.013554205186910353,0.06797731094485254,-0.013554205186910353,,0.0,0.5,1.0,nan,0.012,2.0,786,0.035017723825350344,pickands_xi,vp,4,refinement,-0.005273995863469948,0.06719102572993622,full,65536,160,student_t,1.5,dynamic,4.73951115977961
1.5,nan,0.11199081545232448,0.011822823901621836,0.11783715496979215,0.011822823901621836,,0.0,0.5,1.0,nan,0.018,2.0,1179,0.1019554529968609,pickands_xi,vp,4,refinement,0.053075754857098555,0.11222466903302318,full,65536,160,student_t,1.5,dynamic,4.245775512463748
1.5,nan,0.15760570409367913,0.06299390304834804,0.1787506386925597,0.06299390304834804,,0.0,0.5,1.0,nan,0.03,2.0,1966,0.1329201156960162,pickands_xi,vp,4,refinement,0.09485897129581321,0.15845150147763434,full,65536,160,student_t,1.5,dynamic,3.642876791094305
1.5,nan,7.932235348843134,6.910228770458063,8.001723623618345,6.910228770458063,,0.0,0.5,1.0,nan,0.003,2.0,49,7.578628311773983,hill_alpha,vp,4,refinement,7.094683544388612,7.935014879834143,nested,16384,160,student_t,1.5,dynamic,6.3185018301589215
1.5,nan,7.447884324569056,6.786150398278576,7.447884324569056,6.7218972520114875,,0.0,0.5,1.0,nan,0.004,2.0,65,7.050066339725236,hill_alpha,vp,4,refinement,6.783580272427892,7.352769833530217,nested,16384,160,student_t,1.5,dynamic,6.0239530647277
1.5,nan,6.562958487414802,5.806768697872799,6.562958487414802,5.806768697872799,,0.0,0.5,1.0,nan,0.006,2.0,98,6.110720008589297,hill_alpha,vp,4,refinement,5.945212867831813,6.353336476763465,nested,16384,160,student_t,1.5,dynamic,5.521630860898754
1.5,nan,5.844763217481958,5.7290341089925985,5.849924435878958,5.7290341089925985,,0.0,0.5,1.0,nan,0.008,2.0,131,5.800194412535744,hill_alpha,vp,4,refinement,5.744275413149685,5.844969666217838,nested,16384,160,student_t,1.5,dynamic,5.220133811064072
1.5,nan,5.04732541490413,4.823751207080157,5.099594857236164,4.707993263413552,,0.0,0.5,1.0,nan,0.012,2.0,196,4.967282561659427,hill_alpha,vp,4,refinement,4.819120889333493,5.049416192597411,nested,16384,160,student_t,1.5,dynamic,4.695856180493649
1.5,nan,4.704655030033603,4.286826478859247,4.704655030033603,4.286826478859247,,0.0,0.5,1.0,nan,0.018,2.0,294,4.561447924785243,hill_alpha,vp,4,refinement,4.39037113174517,4.664189260672946,nested,16384,160,student_t,1.5,dynamic,4.231286736897379
1.5,nan,4.061383789301905,3.8090186603895364,4.061383789301905,3.8090186603895364,,0.0,0.5,1.0,nan,0.03,2.0,491,3.9239842101750346,hill_alpha,vp,4,refinement,3.8308888636220204,4.028745251985562,nested,16384,160,student_t,1.5,dynamic,3.6243110950614943
1.5,nan,0.14471300925305144,0.1249730741822103,0.14471300925305144,0.1249730741822103,,0.0,0.5,1.0,nan,0.003,2.0,49,0.13213571075116437,hill_xi,vp,4,refinement,0.12603336477874247,0.14105368092871143,nested,16384,160,student_t,1.5,dynamic,6.3185018301589215
1.5,nan,0.14737216206485962,0.13426631730855476,0.14876752239864363,0.13426631730855476,,0.0,0.5,1.0,nan,0.004,2.0,65,0.1419564948033764,hill_xi,vp,4,refinement,0.13602785518077354,0.147427976478211,nested,16384,160,student_t,1.5,dynamic,6.0239530647277
1.5,nan,0.17221281783900422,0.1523703070677059,0.17221281783900422,0.1523703070677059,,0.0,0.5,1.0,nan,0.006,2.0,98,0.1636478932379501,hill_xi,vp,4,refinement,0.15758396814373873,0.1683012343161826,nested,16384,160,student_t,1.5,dynamic,5.521630860898754
1.5,nan,0.17406844596390528,0.17108590887832753,0.17454949315633267,0.17094237899326792,,0.0,0.5,1.0,nan,0.008,2.0,131,0.17241597297190936,hill_xi,vp,4,refinement,0.17108741971922292,0.17408768785160236,nested,16384,160,student_t,1.5,dynamic,5.220133811064072
1.5,nan,0.2124047219377169,0.19609400903309637,0.2124047219377169,0.19609400903309637,,0.0,0.5,1.0,nan,0.012,2.0,196,0.20132361121965398,hill_xi,vp,4,refinement,0.19806390397941337,0.20762610289627734,nested,16384,160,student_t,1.5,dynamic,4.695856180493649
1.5,nan,0.23327279630551007,0.21255543575802996,0.23327279630551007,0.21255543575802996,,0.0,0.5,1.0,nan,0.018,2.0,294,0.21926519781371917,hill_xi,vp,4,refinement,0.21441702995284337,0.22790824062136783,nested,16384,160,student_t,1.5,dynamic,4.231286736897379
1.5,nan,0.26098317156070144,0.24831775252636024,0.26253481254873484,0.24622149786338857,,0.0,0.5,1.0,nan,0.03,2.0,491,0.25492276888099996,hill_xi,vp,4,refinement,0.24823390233984136,0.26104523720022277,nested,16384,160,student_t,1.5,dynamic,3.6243110950614943
1.5,0.999,0.09147036311293004,0.08659597971241934,0.09147036311293004,0.08459218158366079,,0.0,0.5,1.0,nan,0.001,2.0,0,0.0898664739444331,mass_ratio,vp,4,refinement,0.08651582778726899,0.09130851044161402,nested,16384,160,student_t,1.5,dynamic,nan
1.5,0.9987164311578874,0.10341753334189875,0.09878662294271788,0.10341753334189875,0.09873052880179357,,0.0,0.5,1.0,nan,0.0012835688421125163,2.0,0,0.10103970327004173,mass_ratio,vp,4,refinement,0.09878437917708091,0.10333072827687917,nested,16384,160,student_t,1.5,dynamic,nan
1.5,0.998352451027558,0.11842627087144483,0.11329926472659982,0.11957058385937598,0.11329926472659982,,0.0,0.5,1.0,nan,0.0016475489724420657,2.0,0,0.11564622324753512,mass_ratio,vp,4,refinement,0.11364065219137905,0.11847204339096208,nested,16384,160,student_t,1.5,dynamic,nan
1.5,0.9978852574731188,0.13394271586131817,0.13039503094795668,0.1359153757972603,0.13026032897586468,,0.0,0.5,1.0,nan,0.0021147425268811283,2.0,0,0.13124989442271234,mass_ratio,vp,4,refinement,0.130389642869073,0.13402162225875586,nested,16384,160,student_t,1.5,dynamic,nan
1.5,0.9972855823834051,0.15242466461414889,0.14730517491830433,0.15344001175303323,0.14730517491830433,,0.0,0.5,1.0,nan,0.002714417616594907,2.0,0,0.15108582207340027,mass_ratio,vp,4,refinement,0.14896460775985554,0.15246527849970426,nested,16384,160,student_t,1.5,dynamic,nan
1.5,0.9965158581228575,0.17275021726020995,0.16710790448390186,0.1730844496277561,0.16588853040296875,,0.0,0.5,1.0,nan,0.0034841418771425405,2.0,0,0.17037163172874942,mass_ratio,vp,4,refinement,0.16705912952066454,0.1727635865549118,nested,16384,160,student_t,1.5,dynamic,nan
1.5,0.9955278640450004,0.19598854364689017,0.18655208995777942,0.19714318923307667,0.18655208995777942,,0.0,0.5,1.0,nan,0.00447213595499958,2.0,0,0.1918052368333139,mass_ratio,vp,4,refinement,0.18767818305640058,0.19597638948282592,nested,16384,160,student_t,1.5,dynamic,nan
1.5,0.9942597056304714,0.22112504480172326,0.211331835428138,0.22112504480172326,0.21058175717575534,,0.0,0.5,1.0,nan,0.005740294369528563,2.0,0,0.21589113492739725,mass_ratio,vp,4,refinement,0.2113397309886895,0.22040329556990074,nested,16384,160,student_t,1.5,dynamic,nan
1.5,0.9926319370027192,0.24746722512313965,0.2377676470531364,0.24746722512313965,0.23754323596594554,,0.0,0.5,1.0,nan,0.0073680629972807735,2.0,0,0.24129684257212664,mass_ratio,vp,4,refinement,0.23775867060964878,0.2460917380259171,nested,16384,160,student_t,1.5,dynamic,nan
1.5,0.9905425839099682,0.2747517554743057,0.2649974495772873,0.2747517554743057,0.2649974495772873,,0.0,0.5,1.0,nan,0.00945741609003176,2.0,0,0.27184635954575626,mass_ratio,vp,4,refinement,0.26705920135888317,0.2745828904318712,nested,16384,160,student_t,1.5,dynamic,nan
1.5,0.9878607553799417,0.3036109074117834,0.2952144825321314,0.3036109074117834,0.2952144825321314,,0.0,0.5,1.0,nan,0.012139244620058345,2.0,0,0.2986217303844624,mass_ratio,vp,4,refinement,0.2962205165938443,0.30184554734607527,nested,16384,160,student_t,1.5,dynamic,nan
1.5,0.9844184438389111,0.33651256790689843,0.3300012109637768,0.33651256790689843,0.328107489391306,,0.0,0.5,1.0,nan,0.015581556161088883,2.0,0,0.33218859112394383,mass_ratio,vp,4,refinement,0.329925462100878,0.33457801517317437,nested,16384,160,student_t,1.5,dynamic,nan
1.5,0.98,0.3710589658487256,0.3648989607795042,0.3710589658487256,0.3648989607795042,,0.0,0.5,1.0,nan,0.02,2.0,0,0.3673983597474619,mass_ratio,vp,4,refinement,0.3651182395340999,0.37028230767014303,nested,16384,160,student_t,1.5,dynamic,nan
1.5,nan,0.032209036375185886,-0.24998265336026065,0.14275765148166358,-0.24998265336026065,,0.0,0.5,1.0,nan,0.003,2.0,49,-0.127444364874063,pickands_xi,vp,4,refinement,-0.21473457223541592,0.03663098097944499,nested,16384,160,student_t,1.5,dynamic,6.33414125554903
1.5,nan,-0.008069779949750246,-0.2074248312179355,-0.008069779949750246,-0.2074248312179355,,0.0,0.5,1.0,nan,0.004,2.0,65,-0.07986722473644897,pickands_xi,vp,4,refinement,-0.15421698487120203,-0.03451274868298557,nested,16384,160,student_t,1.5,dynamic,6.047643756824797
1.5,nan,0.11505392176993826,0.0298929348752501,0.11505392176993826,-0.03321906385258932,,0.0,0.5,1.0,nan,0.006,2.0,98,0.1028754146516659,pickands_xi,vp,4,refinement,0.027368454926136522,0.11394606925648419,nested,16384,160,student_t,1.5,dynamic,5.532995090804648
1.5,nan,0.2223052416820605,-0.03941134697855124,0.2223052416820605,-0.15136022444519626,,0.0,0.5,1.0,nan,0.008,2.0,131,0.10063090249551974,pickands_xi,vp,4,refinement,-0.04388930207721704,0.1773863774360854,nested,16384,160,student_t,1.5,dynamic,5.229940048758847
1.5,nan,0.03885201451697103,-0.07734140130063998,0.03885201451697103,-0.0778076163577418,,0.0,0.5,1.0,nan,0.012,2.0,196,-0.02732537456363973,pickands_xi,vp,4,refinement,-0.07736004990292406,0.030870777364629103,nested,16384,160,student_t,1.5,dynamic,4.700326083522702
1.5,nan,0.2081520608843353,-0.02339136864865609,0.2081520608843353,-0.02339136864865609,,0.0,0.5,1.0,nan,0.018,2.0,294,0.1152725736102695,pickands_xi,vp,4,refinement,0.0028547609421462894,0.2038824696862656,nested,16384,160,student_t,1.5,dynamic,4.232919945401413
1.5,nan,0.1738862377228896,-0.012909182853016253,0.20392406659569884,-0.012909182853016253,,0.0,0.5,1.0,nan,0.03,2.0,491,0.13124904045110217,pickands_xi,vp,4,refinement,0.051756768328685525,0.1735700500505675,nested,16384,160,student_t,1.5,dynamic,3.625655237275062
1.5,nan,7.87963318426297,6.874331065577428,7.87963318426297,6.874331065577428,,0.0,0.5,1.0,nan,0.003,2.0,98,7.412723786879772,hill_alpha,vp,4,refinement,7.068343890453686,7.719932354867902,nested,32768,160,student_t,1.5,dynamic,6.331463475490407
1.5,nan,7.094806580398576,6.306633671401418,7.284226399655076,6.306633671401418,,0.0,0.5,1.0,nan,0.004,2.0,131,6.645206512989734,hill_alpha,vp,4,refinement,6.344262116250685,7.102383373168836,nested,32768,160,student_t,1.5,dynamic,5.971537377791867
1.5,nan,6.520083509811785,5.882275401803157,6.520083509811785,5.882275401803157,,0.0,0.5,1.0,nan,0.006,2.0,196,6.175757297856826,hill_alpha,vp,4,refinement,5.968412516940114,6.40954112304221,nested,32768,160,student_t,1.5,dynamic,5.553236000806316
1.5,nan,5.928352678941047,5.312025747720337,5.928352678941047,5.312025747720337,,0.0,0.5,1.0,nan,0.008,2.0,262,5.534889347178432,hill_alpha,vp,4,refinement,5.397730333386039,5.760760221769176,nested,32768,160,student_t,1.5,dynamic,5.170945301315026
1.5,nan,5.260859229856709,4.928810007868498,5.260859229856709,4.814671591975313,,0.0,0.5,1.0,nan,0.012,2.0,393,5.046524920389463,hill_alpha,vp,4,refinement,4.924244471232771,5.159695479693765,nested,32768,160,student_t,1.5,dynamic,4.722140716313909
1.5,nan,4.7213696657703865,4.3842104697391315,4.7213696657703865,4.363135180368147,,0.0,0.5,1.0,nan,0.018,2.0,589,4.459047311376588,hill_alpha,vp,4,refinement,4.383367458164292,4.621260480749269,nested,32768,160,student_t,1.5,dynamic,4.228291433108161
1.5,nan,4.0830060486105415,3.769261245877151,4.205140432393618,3.769261245877151,,0.0,0.5,1.0,nan,0.03,2.0,983,3.871983601304823,hill_alpha,vp,4,refinement,3.7759017059915654,4.087891423961865,nested,32768,160,student_t,1.5,dynamic,3.638813405881238
1.5,nan,0.14142959194667715,0.12690946096287553,0.14546869949389066,0.12690946096287553,,0.0,0.5,1.0,nan,0.003,2.0,98,0.13494740773122638,hill_xi,vp,4,refinement,0.12959499861093007,0.14159115624856566,nested,32768,160,student_t,1.5,dynamic,6.331463475490407
1.5,nan,0.15856319743680097,0.13728293783501186,0.15856319743680097,0.13728293783501186,,0.0,0.5,1.0,nan,0.004,2.0,131,0.15071545401369235,hill_xi,vp,4,refinement,0.14089807855983233,0.157628747634655,nested,32768,160,student_t,1.5,dynamic,5.971537377791867
1.5,nan,0.16748585462739934,0.15618008387030655,0.17000224091742785,0.15337226869796133,,0.0,0.5,1.0,nan,0.006,2.0,196,0.16197868369001128,hill_xi,vp,4,refinement,0.15606777126341273,0.1675865100790005,nested,32768,160,student_t,1.5,dynamic,5.553236000806316
1.5,nan,0.18825209957409397,0.17395901692883864,0.18825209957409397,0.168680922704252,,0.0,0.5,1.0,nan,0.008,2.0,262,0.1806836663887614,hill_xi,vp,4,refinement,0.1737478931598552,0.18531359815809567,nested,32768,160,student_t,1.5,dynamic,5.170945301315026
1.5,nan,0.2076984859500522,0.1900830180600056,0.2076984859500522,0.1900830180600056,,0.0,0.5,1.0,nan,0.012,2.0,393,0.1981562596119362,hill_xi,vp,4,refinement,0.19389076554096576,0.20318562577172306,nested,32768,160,student_t,1.5,dynamic,4.722140716313909
1.5,nan,0.22919299051275863,0.21669721308595985,0.22919299051275863,0.2118029450754371,,0.0,0.5,1.0,nan,0.018,2.0,589,0.2242957556076507,hill_xi,vp,4,refinement,0.21650144236553892,0.22814036952366754,nested,32768,160,student_t,1.5,dynamic,4.228291433108161
1.5,nan,0.265303977296296,0.24513693307271817,0.265303977296296,0.23780418658474806,,0.0,0.5,1.0,nan,0.03,2.0,983,0.25840173723414783,hill_xi,vp,4,refinement,0.24484362321319936,0.2648382897497255,nested,32768,160,student_t,1.5,dynamic,3.638813405881238
1.5,0.999,0.09314426791909045,0.08693273643225889,0.09314426791909045,0.08693273643225889,,0.0,0.5,1.0,nan,0.001,2.0,0,0.09085174684577094,mass_ratio,vp,4,refinement,0.08825848126328893,0.09259923797135283,nested,32768,160,student_t,1.5,dynamic,nan
1.5,0.9987164311578874,0.10433519690704397,0.09873892224964219,0.10586656731744098,0.09873892224964219,,0.0,0.5,1.0,nan,0.0012835688421125163,2.0,0,0.101912124841147,mass_ratio,vp,4,refinement,0.09983404269892451,0.10439645172345985,nested,32768,160,student_t,1.5,dynamic,nan
1.5,0.998352451027558,0.12016527483736826,0.11472257146850884,0.12016527483736826,0.11472257146850884,,0.0,0.5,1.0,nan,0.0016475489724420657,2.0,0,0.11657205295160125,mass_ratio,vp,4,refinement,0.1152001270817526,0.1188507238308407,nested,32768,160,student_t,1.5,dynamic,nan
1.5,0.9978852574731188,0.13570744202067303,0.1309816596618459,0.13745623014429786,0.1309816596618459,,0.0,0.5,1.0,nan,0.0021147425268811283,2.0,0,0.13252952647767816,mass_ratio,vp,4,refinement,0.13103865457214778,0.13577739354561802,nested,32768,160,student_t,1.5,dynamic,nan
1.5,0.9972855823834051,0.15425754644063466,0.14864718472428498,0.15477928800708843,0.1478391713406571,,0.0,0.5,1.0,nan,0.002714417616594907,2.0,0,0.1515955014910469,mass_ratio,vp,4,refinement,0.14861486418893988,0.15427841610329282,nested,32768,160,student_t,1.5,dynamic,nan
1.5,0.9965158581228575,0.17369721900075466,0.16830952866230975,0.17593414505531568,0.16830952866230975,,0.0,0.5,1.0,nan,0.0034841418771425405,2.0,0,0.17025901311114777,mass_ratio,vp,4,refinement,0.16866866687693,0.1737866960429371,nested,32768,160,student_t,1.5,dynamic,nan
1.5,0.9955278640450004,0.1973573065760377,0.19008998042488917,0.1973573065760377,0.18889236727249664,,0.0,0.5,1.0,nan,0.00447213595499958,2.0,0,0.19245349654162422,mass_ratio,vp,4,refinement,0.1900420758987935,0.19556311118240363,nested,32768,160,student_t,1.5,dynamic,nan
1.5,0.9942597056304714,0.222869179796658,0.21278814654129144,0.222869179796658,0.21278814654129144,,0.0,0.5,1.0,nan,0.005740294369528563,2.0,0,0.21649511355060008,mass_ratio,vp,4,refinement,0.21432306155184533,0.22005405715246446,nested,32768,160,student_t,1.5,dynamic,nan
1.5,0.9926319370027192,0.24975324787222622,0.2391148186589938,0.24975324787222622,0.2391148186589938,,0.0,0.5,1.0,nan,0.0073680629972807735,2.0,0,0.2423362390830924,mass_ratio,vp,4,refinement,0.24012323542251024,0.24673094869349288,nested,32768,160,student_t,1.5,dynamic,nan
1.5,0.9905425839099682,0.27919819999203327,0.26799486243905696,0.27919819999203327,0.26706766298331075,,0.0,0.5,1.0,nan,0.00945741609003176,2.0,0,0.2705568393076647,mass_ratio,vp,4,refinement,0.26795777446082714,0.27583504002170994,nested,32768,160,student_t,1.5,dynamic,nan
1.5,0.9878607553799417,0.30703161078561153,0.298163463552302,0.30703161078561153,0.298163463552302,,0.0,0.5,1.0,nan,0.012139244620058345,2.0,0,0.30073388752508934,mass_ratio,vp,4,refinement,0.29829162246127616,0.3051143482185246,nested,32768,160,student_t,1.5,dynamic,nan
1.5,0.9844184438389111,0.3364330768635251,0.328880025608782,0.33939502743965216,0.328880025608782,,0.0,0.5,1.0,nan,0.015581556161088883,2.0,0,0.3317936092286632,mass_ratio,vp,4,refinement,0.32947333755813224,0.3365515548865701,nested,32768,160,student_t,1.5,dynamic,nan
1.5,0.98,0.3760298833158816,0.3642686800555224,0.3760298833158816,0.3642686800555224,,0.0,0.5,1.0,nan,0.02,2.0,0,0.366335145504164,mass_ratio,vp,4,refinement,0.3650424857809499,0.3715945068561776,nested,32768,160,student_t,1.5,dynamic,nan
1.5,nan,0.12634403210884923,-0.29666851618314105,0.12634403210884923,-0.38042417822080743,,0.0,0.5,1.0,nan,0.003,2.0,98,-0.11375548986172333,pickands_xi,vp,4,refinement,-0.30001874266464773,0.058691796419175074,nested,32768,160,student_t,1.5,dynamic,6.335099093098854
1.5,nan,0.07770882507252928,-0.16824721342376744,0.07770882507252928,-0.16824721342376744,,0.0,0.5,1.0,nan,0.004,2.0,131,-0.04699016735571553,pickands_xi,vp,4,refinement,-0.111412336249396,0.019221813645265255,nested,32768,160,student_t,1.5,dynamic,5.980857002847506
1.5,nan,0.07976513560807363,-0.1298488309113727,0.09799599446549473,-0.1298488309113727,,0.0,0.5,1.0,nan,0.006,2.0,196,0.025127751778261966,pickands_xi,vp,4,refinement,-0.07293520320709554,0.08049436996237049,nested,32768,160,student_t,1.5,dynamic,5.562106539422325
1.5,nan,0.08245248733044908,-0.14229829409654524,0.08245248733044908,-0.14229829409654524,,0.0,0.5,1.0,nan,0.008,2.0,262,0.05005098324235693,pickands_xi,vp,4,refinement,-0.058298339422538176,0.07522746381683082,nested,32768,160,student_t,1.5,dynamic,5.173573777130662
1.5,nan,0.1355970960221437,-0.055583653428465433,0.1355970960221437,-0.055583653428465433,,0.0,0.5,1.0,nan,0.012,2.0,393,0.051132791858900545,pickands_xi,vp,4,refinement,-0.0072409288941630914,0.09793539922742031,nested,32768,160,student_t,1.5,dynamic,4.725883110977753
1.5,nan,0.17576875844734188,-0.03196466933357943,0.17576875844734188,-0.03196466933357943,,0.0,0.5,1.0,nan,0.018,2.0,589,0.07757674979335819,pickands_xi,vp,4,refinement,0.013380661639737904,0.13587114450104243,nested,32768,160,student_t,1.5,dynamic,4.232509636068652
1.5,nan,0.21006028065080715,0.07525712785533788,0.21006028065080715,0.07525712785533788,,0.0,0.5,1.0,nan,0.03,2.0,983,0.12339305764946659,pickands_xi,vp,4,refinement,0.08582443119058653,0.18099795657609682,nested,32768,160,student_t,1.5,dynamic,3.639609973457061
1.5,nan,7.36280604112187,6.88755694601956,7.36280604112187,6.673977291783384,,0.0,0.5,1.0,nan,0.003,2.0,49,7.160641883134092,hill_alpha,vp,4,refinement,6.879013759850113,7.294329781069347,block,16384,40,student_t,1.5,dynamic,6.168816920664833
1.5,nan,7.578607836904936,6.493904302234554,7.578607836904936,6.493904302234554,,0.0,0.5,1.0,nan,0.004,2.0,65,6.547974067814875,hill_alpha,vp,4,refinement,6.5020839785862545,7.101677438868561,block,16384,40,student_t,1.5,dynamic,5.87825028256006
1.5,nan,6.477545118447226,6.065379553152011,6.477545118447226,6.065379553152011,,0.0,0.5,1.0,nan,0.006,2.0,98,6.179046086150102,hill_alpha,vp,4,refinement,6.0971021167305395,6.357102955205161,block,16384,40,student_t,1.5,dynamic,5.426919947821202
1.5,nan,5.957735163722411,5.358560807445739,5.957735163722411,5.358560807445739,,0.0,0.5,1.0,nan,0.008,2.0,131,5.690436684409542,hill_alpha,vp,4,refinement,5.495466485282753,5.851826636757846,block,16384,40,student_t,1.5,dynamic,5.130859691903067
1.5,nan,5.277882754373071,4.961163504718853,5.465553034665304,4.961163504718853,,0.0,0.5,1.0,nan,0.012,2.0,196,5.073564536376386,hill_alpha,vp,4,refinement,5.007124989816332,5.28538956558476,block,16384,40,student_t,1.5,dynamic,4.6697201781591655
1.5,nan,4.795388148563373,4.52651885388644,4.795388148563373,4.52651885388644,,0.0,0.5,1.0,nan,0.018,2.0,294,4.599028997341717,hill_alpha,vp,4,refinement,4.5608518213959925,4.701607657325959,block,16384,40,student_t,1.5,dynamic,4.186237044425241
1.5,nan,4.055023919382916,3.8977073278726966,4.135385812606998,3.8977073278726966,,0.0,0.5,1.0,nan,0.03,2.0,491,3.952041922065371,hill_alpha,vp,4,refinement,3.912930283120318,4.0582383951118794,block,16384,40,student_t,1.5,dynamic,3.5836745968837453
1.5,nan,0.1460572301072298,0.13716922608030369,0.15088006267984366,0.1358183794239136,,0.0,0.5,1.0,nan,0.003,2.0,49,0.13987723513565486,hill_xi,vp,4,refinement,0.13711519221404808,0.14625014341013434,block,16384,40,student_t,1.5,dynamic,6.168816920664833
1.5,nan,0.15415612205465462,0.13211484025993078,0.15450106067294683,0.13211484025993078,,0.0,0.5,1.0,nan,0.004,2.0,65,0.15345251091227866,hill_xi,vp,4,refinement,0.14218475936149758,0.1541699195993863,block,16384,40,student_t,1.5,dynamic,5.87825028256006
1.5,nan,0.16530944610056117,0.15438339349440983,0.16530944610056117,0.15438339349440983,,0.0,0.5,1.0,nan,0.006,2.0,98,0.16276287942294138,hill_xi,vp,4,refinement,0.15737188035307623,0.1651207604823324,block,16384,40,student_t,1.5,dynamic,5.426919947821202
1.5,nan,0.18688430026484,0.16785821361691386,0.18688430026484,0.16785821361691386,,0.0,0.5,1.0,nan,0.008,2.0,131,0.17575452407333836,hill_xi,vp,4,refinement,0.170954673716579,0.18223577661233784,block,16384,40,student_t,1.5,dynamic,5.130859691903067
1.5,nan,0.20156781737715115,0.18972551348771982,0.20156781737715115,0.18297763714751952,,0.0,0.5,1.0,nan,0.012,2.0,196,0.1971178901209098,hill_xi,vp,4,refinement,0.1894555984341118,0.19974121243479034,block,16384,40,student_t,1.5,dynamic,4.6697201781591655
1.5,nan,0.22093097930124028,0.21279991830989398,0.22093097930124028,0.20856170320580975,,0.0,0.5,1.0,nan,0.018,2.0,294,0.2175506570919269,hill_xi,vp,4,refinement,0.21284453110046386,0.219340294611452,block,16384,40,student_t,1.5,dynamic,4.186237044425241
1.5,nan,0.2565728788871384,0.24675027090059581,0.2565728788871384,0.24181658794666416,,0.0,0.5,1.0,nan,0.03,2.0,491,0.2532101718165811,hill_xi,vp,4,refinement,0.24655292358243855,0.25569136411505666,block,16384,40,student_t,1.5,dynamic,3.5836745968837453
1.5,0.999,0.0904133734161959,0.08546546149872869,0.0904133734161959,0.0846201598374821,,0.0,0.5,1.0,nan,0.001,2.0,0,0.0876881504075214,mass_ratio,vp,4,refinement,0.08543164943227884,0.08976641225085427,block,16384,40,student_t,1.5,dynamic,nan
1.5,0.9987164311578874,0.10195622930889531,0.09793090738281558,0.10286076928210793,0.09712930148667803,,0.0,0.5,1.0,nan,0.0012835688421125163,2.0,0,0.0998921013073179,mass_ratio,vp,4,refinement,0.09789884314697007,0.10199241090782381,block,16384,40,student_t,1.5,dynamic,nan
1.5,0.998352451027558,0.1173914733245343,0.11172569439671942,0.1173914733245343,0.11172569439671942,,0.0,0.5,1.0,nan,0.0016475489724420657,2.0,0,0.11377596664564125,mass_ratio,vp,4,refinement,0.11262245390234407,0.11574340129252347,block,16384,40,student_t,1.5,dynamic,nan
1.5,0.9978852574731188,0.1332307876236028,0.12772021481668863,0.1332307876236028,0.12613348878108452,,0.0,0.5,1.0,nan,0.0021147425268811283,2.0,0,0.1299882992905098,mass_ratio,vp,4,refinement,0.12765674577526448,0.13200144527406238,block,16384,40,student_t,1.5,dynamic,nan
1.5,0.9972855823834051,0.15040521085885122,0.14512722376309245,0.15040521085885122,0.14324883964557686,,0.0,0.5,1.0,nan,0.002714417616594907,2.0,0,0.14809310255532243,mass_ratio,vp,4,refinement,0.14505208839839184,0.14981739631702032,block,16384,40,student_t,1.5,dynamic,nan
1.5,0.9965158581228575,0.1682924697969859,0.16376968218470164,0.1682924697969859,0.16376968218470164,,0.0,0.5,1.0,nan,0.0034841418771425405,2.0,0,0.1663753674950361,mass_ratio,vp,4,refinement,0.1645824082841222,0.16781026354158995,block,16384,40,student_t,1.5,dynamic,nan
1.5,0.9955278640450004,0.19032271169861248,0.18698784862269172,0.19122335995706585,0.18698784862269172,,0.0,0.5,1.0,nan,0.00447213595499958,2.0,0,0.18844905776992618,mass_ratio,vp,4,refinement,0.18722218629165246,0.19035873762895061,block,16384,40,student_t,1.5,dynamic,nan
1.5,0.9942597056304714,0.2159660401443239,0.20946769604413132,0.2159660401443239,0.20946769604413132,,0.0,0.5,1.0,nan,0.005740294369528563,2.0,0,0.21154521919333225,mass_ratio,vp,4,refinement,0.20994003722956162,0.21436891601403407,block,16384,40,student_t,1.5,dynamic,nan
1.5,0.9926319370027192,0.24080530869351713,0.23626152471980072,0.24149022225428762,0.23626152471980072,,0.0,0.5,1.0,nan,0.0073680629972807735,2.0,0,0.23859105335616365,mass_ratio,vp,4,refinement,0.2366456144124951,0.24083270523594794,block,16384,40,student_t,1.5,dynamic,nan
1.5,0.9905425839099682,0.2707930027405154,0.26419136677611205,0.2707930027405154,0.26419136677611205,,0.0,0.5,1.0,nan,0.00945741609003176,2.0,0,0.2668343874246869,mass_ratio,vp,4,refinement,0.264702387423144,0.2696504966532017,block,16384,40,student_t,1.5,dynamic,nan
1.5,0.9878607553799417,0.30025678441429854,0.29401002614967053,0.30025678441429854,0.29309286889975183,,0.0,0.5,1.0,nan,0.012139244620058345,2.0,0,0.2974895710654275,mass_ratio,vp,4,refinement,0.2939733398596738,0.3001584680864428,block,16384,40,student_t,1.5,dynamic,nan
1.5,0.9844184438389111,0.33260691321277713,0.32515875182395915,0.33466683071669656,0.32515875182395915,,0.0,0.5,1.0,nan,0.015581556161088883,2.0,0,0.3296444461521656,mass_ratio,vp,4,refinement,0.326878661314286,0.3326893099129339,block,16384,40,student_t,1.5,dynamic,nan
1.5,0.98,0.3675442802710596,0.3621542023607039,0.3675442802710596,0.36194978681627543,,0.0,0.5,1.0,nan,0.02,2.0,0,0.3630923206299849,mass_ratio,vp,4,refinement,0.36214602573892674,0.365759516951273,block,16384,40,student_t,1.5,dynamic,nan
1.5,nan,-0.010834436030287584,-0.13252142803055614,-0.010834436030287584,-0.13252142803055614,,0.0,0.5,1.0,nan,0.003,2.0,49,-0.09899453721254298,pickands_xi,vp,4,refinement,-0.12428276022888476,-0.04529704480679522,block,16384,40,student_t,1.5,dynamic,6.1935456642218565
1.5,nan,0.10052505686890109,-0.08484152544292807,0.10052505686890109,-0.11733927410956756,,0.0,0.5,1.0,nan,0.004,2.0,65,-0.042055689942900557,pickands_xi,vp,4,refinement,-0.08614143538959365,0.037024580079262556,block,16384,40,student_t,1.5,dynamic,5.891845249931328
1.5,nan,-0.0035332542939919345,-0.07009971181798111,-0.0035332542939919345,-0.07009971181798111,,0.0,0.5,1.0,nan,0.006,2.0,98,-0.05251496662440944,pickands_xi,vp,4,refinement,-0.06494687278331528,-0.02375663755434376,block,16384,40,student_t,1.5,dynamic,5.444150180698312
1.5,nan,0.026914019355265426,-0.11644947734579017,0.026914019355265426,-0.11644947734579017,,0.0,0.5,1.0,nan,0.008,2.0,131,-0.031307793601923685,pickands_xi,vp,4,refinement,-0.0759307644815483,-0.0006831555313713024,block,16384,40,student_t,1.5,dynamic,5.141261149452328
1.5,nan,0.10014874078747137,0.038848404033041385,0.10014874078747137,-0.00021608226692379148,,0.0,0.5,1.0,nan,0.012,2.0,196,0.08032568165319118,pickands_xi,vp,4,refinement,0.03728582458104278,0.09179181223670549,block,16384,40,student_t,1.5,dynamic,4.675700151056837
1.5,nan,0.13623245889508928,0.08336385673888375,0.13623245889508928,0.03487590903430042,,0.0,0.5,1.0,nan,0.018,2.0,294,0.13209494539933717,pickands_xi,vp,4,refinement,0.08142433883070041,0.13436316007594593,block,16384,40,student_t,1.5,dynamic,4.193683454759598
1.5,nan,0.1458079163356496,0.09093136771288532,0.1458079163356496,0.053345003111550285,,0.0,0.5,1.0,nan,0.03,2.0,491,0.13662853891913102,pickands_xi,vp,4,refinement,0.08942791312883192,0.14529500234607778,block,16384,40,student_t,1.5,dynamic,3.5852332027670126
1.5,nan,0.00838840639747335,0.0065639817823259965,0.009099964210530316,0.0065639817823259965,,0.0,0.5,1.0,0.0,nan,2.0,0,0.007180186937121869,control_ecf_rmse,vp,4,refinement,0.006621362665926647,0.00841686870999563,full,16384,40,student_t,1.5,dynamic,0.5
1.5,nan,0.012491426259315118,0.007077337701047582,0.012491426259315118,0.007022348315277589,,0.0,0.5,1.0,0.0,nan,2.0,0,0.007483606363267788,control_ecf_rmse,vp,4,refinement,0.007075138125616783,0.010256286761908501,full,16384,40,student_t,1.5,dynamic,0.875
1.5,nan,0.009731454874458678,0.005734751638494297,0.011662323468933377,0.005513917338071283,,0.0,0.5,1.0,0.0,nan,2.0,0,0.006878086109450646,control_ecf_rmse,vp,4,refinement,0.005725918266477377,0.009808689618237667,full,16384,40,student_t,1.5,dynamic,1.25
1.5,nan,0.010832746098370944,0.006116062551044502,0.010832746098370944,0.0059565682395533994,,0.0,0.5,1.0,0.0,nan,2.0,0,0.006934322778023428,control_ecf_rmse,vp,4,refinement,0.006109682778584858,0.009277710544038292,full,16384,40,student_t,1.5,dynamic,1.625
1.5,nan,0.008149225615805273,0.005535209928043882,0.008149225615805273,0.004897788878044466,,0.0,0.5,1.0,0.0,nan,2.0,0,0.006192587051920313,control_ecf_rmse,vp,4,refinement,0.005509713086043906,0.007219618020601459,full,16384,40,student_t,1.5,dynamic,2.0
1.5,nan,0.3399874069883261,0.1319580814257224,0.3399874069883261,0.11312666879962435,,0.0,0.5,1.0,0.0,nan,2.0,0,0.15340517680220073,control_w1,vp,4,refinement,0.13120482492067848,0.25168346421916843,full,16384,40,student_t,1.5,dynamic,0.5
1.5,nan,0.2743872821027273,0.1012703093680859,0.2743872821027273,0.1012703093680859,,0.0,0.5,1.0,0.0,nan,2.0,0,0.1772974184226604,control_w1,vp,4,refinement,0.11913676822667567,0.24641070102390117,full,16384,40,student_t,1.5,dynamic,0.875
1.5,nan,0.20556149268374016,0.08790510306095212,0.20556149268374016,0.07966266056283006,,0.0,0.5,1.0,0.0,nan,2.0,0,0.11497180856875115,control_w1,vp,4,refinement,0.08757540536102723,0.17111409055319038,full,16384,40,student_t,1.5,dynamic,1.25
1.5,nan,0.18860718122505662,0.070358405835642,0.18860718122505662,0.070358405835642,,0.0,0.5,1.0,0.0,nan,2.0,0,0.09005894392894695,control_w1,vp,4,refinement,0.07317541682175975,0.1479432746215926,full,16384,40,student_t,1.5,dynamic,1.625
1.5,nan,0.1799038920597317,0.050359754032940386,0.1799038920597317,0.050359754032940386,,0.0,0.5,1.0,0.0,nan,2.0,0,0.10824709063216617,control_w1,vp,4,refinement,0.07095296424768366,0.15270133872738537,full,16384,40,student_t,1.5,dynamic,2.0
1.5,nan,0.017010626300423052,0.009044489485481021,0.017010626300423052,0.00821155586834487,,1.0,0.5,1.0,0.0,nan,2.0,0,0.012407963197328235,pt_ecf_sup_exact_a,vp,4,refinement,0.009011172140795574,0.01601600725639885,full,16384,40,student_t,1.5,dynamic,0.5
1.5,nan,0.013452663227972003,0.012491713338765868,0.014084083123152652,0.01220417963944265,,1.0,0.5,1.0,0.0,nan,2.0,0,0.012800245185440219,pt_ecf_sup_exact_a,vp,4,refinement,0.012480211990792939,0.01347792002377923,full,16384,40,student_t,1.5,dynamic,0.875
1.5,nan,0.011667887697485205,0.009866415024620595,0.011667887697485205,0.009866415024620595,,1.0,0.5,1.0,0.0,nan,2.0,0,0.011597665201595463,pt_ecf_sup_exact_a,vp,4,refinement,0.010695485690259082,0.011636110318767576,full,16384,40,student_t,1.5,dynamic,1.25
1.5,nan,0.017173016954975116,0.010250402543764607,0.017173016954975116,0.008902038019638637,,1.0,0.5,1.0,0.0,nan,2.0,0,0.01354141103158141,pt_ecf_sup_exact_a,vp,4,refinement,0.010196467962799568,0.01636231521431774,full,16384,40,student_t,1.5,dynamic,1.625
1.5,nan,0.012224674513296369,0.01023248757464735,0.012224674513296369,0.00912048784388274,,1.0,0.5,1.0,0.0,nan,2.0,0,0.011468560216292143,pt_ecf_sup_exact_a,vp,4,refinement,0.010188007585416766,0.011921294647956828,full,16384,40,student_t,1.5,dynamic,2.0
1.5,nan,0.015957096119457902,0.007946168527983367,0.01638752568504195,0.007946168527983367,,1.0,0.5,1.0,0.0,nan,2.0,0,0.013586312598818678,pt_ecf_sup_exact_b,vp,4,refinement,0.009722067783557832,0.015974313302081263,full,16384,40,student_t,1.5,dynamic,0.5
1.5,nan,0.016622884558842765,0.008404301278815684,0.016889268051230696,0.008404301278815684,,1.0,0.5,1.0,0.0,nan,2.0,0,0.012552772260417625,pt_ecf_sup_exact_b,vp,4,refinement,0.008569777523086755,0.01663353989853828,full,16384,40,student_t,1.5,dynamic,0.875
1.5,nan,0.012919223493205307,0.010573887142324902,0.012919223493205307,0.009121287915130557,,1.0,0.5,1.0,0.0,nan,2.0,0,0.01216123607365466,pt_ecf_sup_exact_b,vp,4,refinement,0.010515783173237129,0.012620069389805994,full,16384,40,student_t,1.5,dynamic,1.25
1.5,nan,0.01979700074754445,0.006446779409620515,0.01979700074754445,0.006446779409620515,,1.0,0.5,1.0,0.0,nan,2.0,0,0.011546199647227539,pt_ecf_sup_exact_b,vp,4,refinement,0.007424174360345759,0.01730694298271846,full,16384,40,student_t,1.5,dynamic,1.625
1.5,nan,0.014019822186756677,0.011105689117844358,0.014515639053390716,0.011105689117844358,,1.0,0.5,1.0,0.0,nan,2.0,0,0.013253970541062698,pt_ecf_sup_exact_b,vp,4,refinement,0.012007247507040391,0.014039654861422038,full,16384,40,student_t,1.5,dynamic,2.0
1.5,nan,0.01504259595477318,0.011321641132979914,0.01504259595477318,0.011321641132979914,,1.0,0.5,1.0,0.0,nan,2.0,0,0.013279676612184037,pt_ecf_sup_exact_c,vp,4,refinement,0.01221504218645495,0.014242850646873334,full,16384,40,student_t,1.5,dynamic,0.5
1.5,nan,0.017063862148355972,0.008348975649576715,0.017063862148355972,0.008348975649576715,,1.0,0.5,1.0,0.0,nan,2.0,0,0.012170914400462658,pt_ecf_sup_exact_c,vp,4,refinement,0.008973309516257647,0.015925443963111505,full,16384,40,student_t,1.5,dynamic,0.875
1.5,nan,0.013079175546222694,0.00868543833311661,0.013139619057142048,0.00868543833311661,,1.0,0.5,1.0,0.0,nan,2.0,0,0.012928887280225324,pt_ecf_sup_exact_c,vp,4,refinement,0.010679168345291343,0.013081593286659468,full,16384,40,student_t,1.5,dynamic,1.25
1.5,nan,0.010676705801692441,0.007572422697917944,0.010676705801692441,0.00653738226343918,,1.0,0.5,1.0,0.0,nan,2.0,0,0.008836640843295263,pt_ecf_sup_exact_c,vp,4,refinement,0.007531021080538793,0.009903479922893102,full,16384,40,student_t,1.5,dynamic,1.625
1.5,nan,0.01048510295498279,0.009078542927684704,0.010520972084821787,0.009078542927684704,,1.0,0.5,1.0,0.0,nan,2.0,0,0.010438432936842199,pt_ecf_sup_exact_c,vp,4,refinement,0.009726105705695537,0.01048653772017635,full,16384,40,student_t,1.5,dynamic,2.0
1.5,nan,0.012693764877528773,0.009876083212530142,0.012809933658357388,0.009876083212530142,,1.0,0.5,1.0,0.0,nan,2.0,0,0.011728371493313872,pt_ecf_sup_numerical,vp,4,refinement,0.010357553777680915,0.012698411628761917,full,16384,40,student_t,1.5,dynamic,0.5
1.5,nan,0.01837485074587147,0.011146985113821815,0.01837485074587147,0.010929629275627408,,1.0,0.5,1.0,0.0,nan,2.0,0,0.01326000849595746,pt_ecf_sup_numerical,vp,4,refinement,0.01113829088029404,0.016829646887004536,full,16384,40,student_t,1.5,dynamic,0.875
1.5,nan,0.016760757516731173,0.009895818217631039,0.016760757516731173,0.009895818217631039,,1.0,0.5,1.0,0.0,nan,2.0,0,0.013331953665256966,pt_ecf_sup_numerical,vp,4,refinement,0.010845855538388042,0.015814239362126996,full,16384,40,student_t,1.5,dynamic,1.25
1.5,nan,0.01895674947927026,0.009087125140192068,0.01895674947927026,0.009087125140192068,,1.0,0.5,1.0,0.0,nan,2.0,0,0.01230193302617955,pt_ecf_sup_numerical,vp,4,refinement,0.009958869028514736,0.016433801478738044,full,16384,40,student_t,1.5,dynamic,1.625
1.5,nan,0.012103528573994566,0.008783697905896583,0.014163734642153552,0.008783697905896583,,1.0,0.5,1.0,0.0,nan,2.0,0,0.009928952451754028,pt_ecf_sup_numerical,vp,4,refinement,0.009278522461949011,0.012185936816720927,full,16384,40,student_t,1.5,dynamic,2.0
1.5,nan,1.9023006953631165e-06,1.8945202869843865e-06,1.9023006953631165e-06,1.8945202869843865e-06,,1.0,0.5,1.0,0.0,nan,2.0,0,1.8991777085992792e-06,score_table_ecf_rmse,vp,4,refinement,1.8966084183745995e-06,1.90094909270141e-06,full,16384,40,student_t,1.5,dynamic,nan
1.5,nan,3.3802519874726045e-05,3.1639867259514176e-06,3.3802519874726045e-05,3.1639867259514176e-06,,1.0,0.5,1.0,0.0,nan,2.0,0,2.5538035429928385e-05,score_table_hill_alpha_absdiff,vp,4,refinement,1.1265743319341937e-05,3.2473354125741594e-05,full,16384,40,student_t,1.5,dynamic,nan
1.5,nan,1.0677016212125608e-06,4.208744608132295e-07,1.1570308460353742e-06,4.208744608132295e-07,,1.0,0.5,1.0,0.0,nan,2.0,0,8.825558439064136e-07,score_table_tail_constant_reldiff,vp,4,refinement,5.964895795059577e-07,1.0712747902054733e-06,full,16384,40,student_t,1.5,dynamic,nan
1.5,nan,4.657984816864224e-06,4.6432340808733314e-06,4.657984816864224e-06,4.638816651346175e-06,,0.0,0.5,1.0,0.0,nan,2.0,0,4.6512365413709885e-06,score_table_trajectory_mean_abs,vp,4,refinement,4.643057383692246e-06,4.656466459493311e-06,full,16384,40,student_t,1.5,dynamic,0.5
1.5,nan,3.620644489881778e-06,3.6082306186307375e-06,3.621867933591578e-06,3.603815051538178e-06,,0.0,0.5,1.0,0.0,nan,2.0,0,3.6160336159476374e-06,score_table_trajectory_mean_abs,vp,4,refinement,3.608053995947035e-06,3.62069342763017e-06,full,16384,40,student_t,1.5,dynamic,0.875
1.5,nan,2.5600293432229106e-06,2.549195230555661e-06,2.5613412874759905e-06,2.5440715968400087e-06,,0.0,0.5,1.0,0.0,nan,2.0,0,2.5565181316205717e-06,score_table_trajectory_mean_abs,vp,4,refinement,2.548990285207035e-06,2.560081820993034e-06,full,16384,40,student_t,1.5,dynamic,1.25
1.5,nan,1.3825162827772686e-06,1.3755400494138657e-06,1.3843245946503967e-06,1.3720886924451633e-06,,0.0,0.5,1.0,0.0,nan,2.0,0,1.3798496886433543e-06,score_table_trajectory_mean_abs,vp,4,refinement,1.3754019951351176e-06,1.3825886152521937e-06,full,16384,40,student_t,1.5,dynamic,1.625
1.5,nan,0.0,0.0,0.0,0.0,,0.0,0.5,1.0,0.0,nan,2.0,0,0.0,score_table_trajectory_mean_abs,vp,4,refinement,0.0,0.0,full,16384,40,student_t,1.5,dynamic,2.0
1.5,nan,4.617806970989267e-06,4.600940510353544e-06,4.617806970989267e-06,4.600940510353544e-06,,1.0,0.5,1.0,0.0,nan,2.0,0,4.611967998771602e-06,score_table_w1,vp,4,refinement,4.605323406532702e-06,4.6159145625862995e-06,full,16384,40,student_t,1.5,dynamic,nan
1.5,nan,7.6578992023485455,6.586050617393214,7.6578992023485455,6.586050617393214,,0.0,0.5,1.0,nan,0.003,2.0,196,6.957370322794029,hill_alpha,vp,4,refinement,6.672134992912747,7.4137944232352355,full,65536,40,student_t,1.5,dynamic,6.1677073508924956
1.5,nan,7.530277858127205,6.439932454539681,7.530277858127205,6.385538022541936,,0.0,0.5,1.0,nan,0.004,2.0,262,6.572321436171272,hill_alpha,vp,4,refinement,6.437756677259771,7.107896159412602,full,65536,40,student_t,1.5,dynamic,5.8567958110241385
1.5,nan,6.475699454195298,6.099840728530604,6.475699454195298,6.099840728530604,,0.0,0.5,1.0,nan,0.006,2.0,393,6.205868935005186,hill_alpha,vp,4,refinement,6.1280183511325035,6.368896721489944,full,65536,40,student_t,1.5,dynamic,5.445937051978435
1.5,nan,5.934131754982838,5.6103534693828845,5.934131754982838,5.6103534693828845,,0.0,0.5,1.0,nan,0.008,2.0,524,5.728542510125706,hill_alpha,vp,4,refinement,5.651135011873922,5.851398114516932,full,65536,40,student_t,1.5,dynamic,5.118841640715543
1.5,nan,5.239439064009557,5.008944343669379,5.289127365297934,5.008944343669379,,0.0,0.5,1.0,nan,0.012,2.0,786,5.139100715544404,hill_alpha,vp,4,refinement,5.0471073795245385,5.241426596061092,full,65536,40,student_t,1.5,dynamic,4.656175280179554
1.5,nan,4.701482792846864,4.548049007049313,4.701482792846864,4.538896776097323,,0.0,0.5,1.0,nan,0.018,2.0,1179,4.5705792951860875,hill_alpha,vp,4,refinement,4.547682917811234,4.645070581418388,full,65536,40,student_t,1.5,dynamic,4.1748462168012646
1.5,nan,4.145200328677082,3.8970768545746823,4.145200328677082,3.8490103585062183,,0.0,0.5,1.0,nan,0.03,2.0,1966,3.9577063771135848,hill_alpha,vp,4,refinement,3.8951541947319437,4.061233484632414,full,65536,40,student_t,1.5,dynamic,3.586972759173764
1.5,nan,0.15183606353693713,0.1305841162930582,0.15183606353693713,0.1305841162930582,,0.0,0.5,1.0,nan,0.003,2.0,196,0.14384198734639908,hill_xi,vp,4,refinement,0.1350427338816311,0.14990406748250956,full,65536,40,student_t,1.5,dynamic,6.1677073508924956
1.5,nan,0.15660387526780759,0.13279722459653062,0.15660387526780759,0.13279722459653062,,0.0,0.5,1.0,nan,0.004,2.0,262,0.15217467042153307,hill_xi,vp,4,refinement,0.14123157830684932,0.1553446772272783,full,65536,40,student_t,1.5,dynamic,5.8567958110241385
1.5,nan,0.16393870668175475,0.15442347302763526,0.16393870668175475,0.15442347302763526,,0.0,0.5,1.0,nan,0.006,2.0,393,0.16114716036601467,hill_xi,vp,4,refinement,0.15706098108246475,0.16318862631779213,full,65536,40,student_t,1.5,dynamic,5.445937051978435
1.5,nan,0.17691240088151763,0.1685166493245299,0.17824188893930704,0.1685166493245299,,0.0,0.5,1.0,nan,0.008,2.0,524,0.17457034547752026,hill_xi,vp,4,refinement,0.17093639115178547,0.1769655804038292,full,65536,40,student_t,1.5,dynamic,5.118841640715543
1.5,nan,0.1996428651206443,0.18906710520170478,0.1996428651206443,0.18906710520170478,,0.0,0.5,1.0,nan,0.012,2.0,786,0.19460547709881854,hill_xi,vp,4,refinement,0.19080488544739338,0.19814555713509394,full,65536,40,student_t,1.5,dynamic,4.656175280179554
1.5,nan,0.21987539008211315,0.21269885354498452,0.2203178546086764,0.21269885354498452,,0.0,0.5,1.0,nan,0.018,2.0,1179,0.21879252120606613,hill_xi,vp,4,refinement,0.21531641993455147,0.2198930886631757,full,65536,40,student_t,1.5,dynamic,4.1748462168012646
1.5,nan,0.2566416285099904,0.241242864206552,0.25980704307277963,0.241242864206552,,0.0,0.5,1.0,nan,0.03,2.0,1966,0.2526741453564474,hill_xi,vp,4,refinement,0.24634488623494,0.25676824509250196,full,65536,40,student_t,1.5,dynamic,3.586972759173764
1.5,0.999,0.0904630369387248,0.0862203599266265,0.0904630369387248,0.08527414747842418,,0.0,0.5,1.0,nan,0.001,2.0,0,0.0880733439721984,mass_ratio,vp,4,refinement,0.08618251142869841,0.08975123468152954,full,65536,40,student_t,1.5,dynamic,nan
1.5,0.9987164311578874,0.1024640024109183,0.0971508391535346,0.1024640024109183,0.0971508391535346,,0.0,0.5,1.0,nan,0.0012835688421125163,2.0,0,0.10014915617371711,mass_ratio,vp,4,refinement,0.09803741137560491,0.10190549616467902,full,65536,40,student_t,1.5,dynamic,nan
1.5,0.998352451027558,0.11640443904271956,0.11294079011505861,0.11751206391932492,0.11165690997109232,,0.0,0.5,1.0,nan,0.0016475489724420657,2.0,0,0.11476074221256954,mass_ratio,vp,4,refinement,0.11288943490929995,0.11644874403778378,full,65536,40,student_t,1.5,dynamic,nan
1.5,0.9978852574731188,0.13204663878206505,0.1266178236679254,0.1336714452010405,0.1266178236679254,,0.0,0.5,1.0,nan,0.0021147425268811283,2.0,0,0.13000807826101846,mass_ratio,vp,4,refinement,0.12804654390361592,0.13211163103882406,full,65536,40,student_t,1.5,dynamic,nan
1.5,0.9972855823834051,0.14908568441030606,0.1455166335973445,0.14997045862451863,0.14435460401697817,,0.0,0.5,1.0,nan,0.002714417616594907,2.0,0,0.1474397866869022,mass_ratio,vp,4,refinement,0.14547015241412986,0.14912107537887456,full,65536,40,student_t,1.5,dynamic,nan
1.5,0.9965158581228575,0.16902423571075223,0.1651364572266559,0.16902423571075223,0.16448137918727698,,0.0,0.5,1.0,nan,0.0034841418771425405,2.0,0,0.16630494980540084,mass_ratio,vp,4,refinement,0.16511025410508073,0.16796541745507923,full,65536,40,student_t,1.5,dynamic,nan
1.5,0.9955278640450004,0.18978651917584938,0.18677620992230642,0.19130725466155485,0.18586621446841306,,0.0,0.5,1.0,nan,0.00447213595499958,2.0,0,0.18797599453317182,mass_ratio,vp,4,refinement,0.18673981010415067,0.18984734859527758,full,65536,40,student_t,1.5,dynamic,nan
1.5,0.9942597056304714,0.21459226690310915,0.2091150449630639,0.21638637230865274,0.2091150449630639,,0.0,0.5,1.0,nan,0.005740294369528563,2.0,0,0.212375223478562,mass_ratio,vp,4,refinement,0.21047692040138127,0.21466403111933088,full,65536,40,student_t,1.5,dynamic,nan
1.5,0.9926319370027192,0.24027662055418925,0.23489667022180916,0.2415884292480255,0.23489667022180916,,0.0,0.5,1.0,nan,0.0073680629972807735,2.0,0,0.23832714656831533,mass_ratio,vp,4,refinement,0.23623721952795407,0.24032909290194268,full,65536,40,student_t,1.5,dynamic,nan
1.5,0.9905425839099682,0.2702372589170634,0.2647298210748845,0.2702372589170634,0.26377359684134366,,0.0,0.5,1.0,nan,0.00945741609003176,2.0,0,0.2662003043770247,mass_ratio,vp,4,refinement,0.2646915721055429,0.26854636509077245,full,65536,40,student_t,1.5,dynamic,nan
1.5,0.9878607553799417,0.29886643947486696,0.2935348167903777,0.3003336393844908,0.2935348167903777,,0.0,0.5,1.0,nan,0.012139244620058345,2.0,0,0.2963181904616847,mass_ratio,vp,4,refinement,0.294351932582897,0.29892512747125194,full,65536,40,student_t,1.5,dynamic,nan
1.5,0.9844184438389111,0.3333328185979975,0.3246413323778083,0.3333328185979975,0.3246413323778083,,0.0,0.5,1.0,nan,0.015581556161088883,2.0,0,0.3288874672973589,mass_ratio,vp,4,refinement,0.3266778319723232,0.3312006951405604,full,65536,40,student_t,1.5,dynamic,nan
1.5,0.98,0.3686188520302043,0.3603258383294274,0.3686188520302043,0.3603258383294274,,0.0,0.5,1.0,nan,0.02,2.0,0,0.36195397225900144,mass_ratio,vp,4,refinement,0.36092188630229505,0.3656051660533548,full,65536,40,student_t,1.5,dynamic,nan
1.5,nan,-0.10085808906218674,-0.19072347718046154,-0.08142091311588594,-0.19932140409475702,,0.0,0.5,1.0,nan,0.003,2.0,196,-0.1512104076373268,pickands_xi,vp,4,refinement,-0.19106739425703337,-0.1000806020243347,full,65536,40,student_t,1.5,dynamic,6.1691714244749605
1.5,nan,-0.051354343674004335,-0.15493320543164463,-0.027342692388019365,-0.15493320543164463,,0.0,0.5,1.0,nan,0.004,2.0,262,-0.09428606564937586,pickands_xi,vp,4,refinement,-0.13490421226706117,-0.050393877622564934,full,65536,40,student_t,1.5,dynamic,5.859089862365735
1.5,nan,0.02650547549847195,-0.0862682307071571,0.02650547549847195,-0.0862682307071571,,0.0,0.5,1.0,nan,0.006,2.0,393,-0.030466760259661267,pickands_xi,vp,4,refinement,-0.06385824083296095,0.0035335182751698585,full,65536,40,student_t,1.5,dynamic,5.447538117774398
1.5,nan,0.027542270772251402,-0.03783937155953471,0.027542270772251402,-0.04109370052171366,,0.0,0.5,1.0,nan,0.008,2.0,524,-0.02477724073935124,pickands_xi,vp,4,refinement,-0.037969544718021865,0.0071366501385242975,full,65536,40,student_t,1.5,dynamic,5.1202819048564745
1.5,nan,0.0942643791486465,-0.0092402949273402,0.0942643791486465,-0.009429342770304057,,0.0,0.5,1.0,nan,0.012,2.0,786,0.039109485411097863,pickands_xi,vp,4,refinement,-0.009247856841058754,0.09090718175245077,full,65536,40,student_t,1.5,dynamic,4.65752906609005
1.5,nan,0.12143557051708556,0.04465472198609608,0.13286618845056664,-0.011827758311708694,,0.0,0.5,1.0,nan,0.018,2.0,1179,0.10557107743375266,pickands_xi,vp,4,refinement,0.042395422774183886,0.1218927952344248,full,65536,40,student_t,1.5,dynamic,4.175712746303075
1.5,nan,0.17260397988228415,0.09730448820929666,0.17260397988228415,0.07033930643188195,,0.0,0.5,1.0,nan,0.03,2.0,1966,0.12871220115879162,pickands_xi,vp,4,refinement,0.09622588093820007,0.15366834105760627,full,65536,40,student_t,1.5,dynamic,3.5874441594786415
1.5,nan,8.775695799520955,5.6105102490933545,8.775695799520955,5.6105102490933545,,0.0,0.5,1.0,nan,0.003,2.0,49,7.1417949837486265,hill_alpha,vp,4,refinement,6.246841833025276,8.090108496652846,nested,16384,40,student_t,1.5,dynamic,6.145763514123332
1.5,nan,8.14405168372942,5.630590915430974,8.14405168372942,5.630590915430974,,0.0,0.5,1.0,nan,0.004,2.0,65,6.8016571149129135,hill_alpha,vp,4,refinement,6.012964798289342,7.67944018359046,nested,16384,40,student_t,1.5,dynamic,5.8695946021750505
1.5,nan,6.699412507101965,5.521482689972883,6.953923287589929,5.521482689972883,,0.0,0.5,1.0,nan,0.006,2.0,98,6.305904024981884,hill_alpha,vp,4,refinement,5.831286033993789,6.7095929383214825,nested,16384,40,student_t,1.5,dynamic,5.435281516195799
1.5,nan,6.29471124300144,5.338549050854226,6.29471124300144,4.983702567516845,,0.0,0.5,1.0,nan,0.008,2.0,131,5.803517948381341,hill_alpha,vp,4,refinement,5.324355191520731,6.111797220394864,nested,16384,40,student_t,1.5,dynamic,5.079760261762587
1.5,nan,5.418544666477303,5.038065829227291,5.418544666477303,4.977542242278966,,0.0,0.5,1.0,nan,0.012,2.0,196,5.199888632232992,hill_alpha,vp,4,refinement,5.035644885749358,5.362213393747575,nested,16384,40,student_t,1.5,dynamic,4.668826515544163
1.5,nan,4.850961247396605,4.518207966363492,4.850961247396605,4.376839172611623,,0.0,0.5,1.0,nan,0.018,2.0,294,4.717092828321891,hill_alpha,vp,4,refinement,4.512553214613417,4.814312118979878,nested,16384,40,student_t,1.5,dynamic,4.2009349265498015
1.5,nan,4.341149447064435,3.775150679050548,4.341149447064435,3.775150679050548,,0.0,0.5,1.0,nan,0.03,2.0,491,3.9878383965516444,hill_alpha,vp,4,refinement,3.8466652810092725,4.202135645260097,nested,16384,40,student_t,1.5,dynamic,3.5612111435335567
1.5,nan,0.16120402317932342,0.1250269252795374,0.17823690816028678,0.11395107839250623,,0.0,0.5,1.0,nan,0.003,2.0,49,0.1401369551824643,hill_xi,vp,4,refinement,0.12458389140405615,0.16188533857856194,nested,16384,40,student_t,1.5,dynamic,6.145763514123332
1.5,nan,0.1776012526961317,0.12278900464222842,0.1776012526961317,0.12278900464222842,,0.0,0.5,1.0,nan,0.004,2.0,65,0.1474699573103617,hill_xi,vp,4,refinement,0.13073887932822556,0.16703521350566894,nested,16384,40,student_t,1.5,dynamic,5.8695946021750505
1.5,nan,0.18111077334644532,0.14380371462892239,0.18111077334644532,0.14380371462892239,,0.0,0.5,1.0,nan,0.006,2.0,98,0.1586586320873833,hill_xi,vp,4,refinement,0.14925540548656469,0.17201241506451448,nested,16384,40,student_t,1.5,dynamic,5.435281516195799
1.5,nan,0.18814806913729037,0.16398204986894793,0.20065402909834062,0.15886352231197515,,0.0,0.5,1.0,nan,0.008,2.0,131,0.17237134330108045,hill_xi,vp,4,refinement,0.16377730876666904,0.1886483075357324,nested,16384,40,student_t,1.5,dynamic,5.079760261762587
1.5,nan,0.20090236332020564,0.1845513992320965,0.20090236332020564,0.1845513992320965,,0.0,0.5,1.0,nan,0.012,2.0,196,0.19238482313519645,hill_xi,vp,4,refinement,0.18651247201433133,0.19861291472265438,nested,16384,40,student_t,1.5,dynamic,4.668826515544163
1.5,nan,0.2284753815624686,0.2061447100895057,0.2284753815624686,0.2061447100895057,,0.0,0.5,1.0,nan,0.018,2.0,294,0.2120265024723937,hill_xi,vp,4,refinement,0.20772704366199843,0.22182084637052618,nested,16384,40,student_t,1.5,dynamic,4.2009349265498015
1.5,nan,0.2601129446797347,0.23858681304844967,0.2648900891689707,0.23035373745914653,,0.0,0.5,1.0,nan,0.03,2.0,491,0.2508264157568014,hill_xi,vp,4,refinement,0.23825749002487753,0.2600626589482728,nested,16384,40,student_t,1.5,dynamic,3.5612111435335567
1.5,0.999,0.09326807162868986,0.08377430600487405,0.09326807162868986,0.08377430600487405,,0.0,0.5,1.0,nan,0.001,2.0,0,0.08757424187751182,mass_ratio,vp,4,refinement,0.0854875799979158,0.09064572857394879,nested,16384,40,student_t,1.5,dynamic,nan
1.5,0.9987164311578874,0.10392585326217108,0.09562330931894276,0.10392585326217108,0.09337202610855948,,0.0,0.5,1.0,nan,0.0012835688421125163,2.0,0,0.09869637488064315,mass_ratio,vp,4,refinement,0.09553325799052743,0.10181015916766988,nested,16384,40,student_t,1.5,dynamic,nan
1.5,0.998352451027558,0.1160290626694806,0.10583267540687705,0.1160290626694806,0.10583267540687705,,0.0,0.5,1.0,nan,0.0016475489724420657,2.0,0,0.11280283555627757,mass_ratio,vp,4,refinement,0.1088675131432588,0.11479131279047364,nested,16384,40,student_t,1.5,dynamic,nan
1.5,0.9978852574731188,0.1318729294224208,0.1223010780945884,0.1318729294224208,0.1223010780945884,,0.0,0.5,1.0,nan,0.0021147425268811283,2.0,0,0.1297509834556116,mass_ratio,vp,4,refinement,0.1255987923302431,0.13113263569598882,nested,16384,40,student_t,1.5,dynamic,nan
1.5,0.9972855823834051,0.1504903399094613,0.1393870593329786,0.15060316387229247,0.1393870593329786,,0.0,0.5,1.0,nan,0.002714417616594907,2.0,0,0.14834947796479275,mass_ratio,vp,4,refinement,0.14271556204496744,0.15049485286797457,nested,16384,40,student_t,1.5,dynamic,nan
1.5,0.9965158581228575,0.16840732203593917,0.15554691366093673,0.1692292984114171,0.15554691366093673,,0.0,0.5,1.0,nan,0.0034841418771425405,2.0,0,0.1661704865091977,mass_ratio,vp,4,refinement,0.15996709623549552,0.16844020109095828,nested,16384,40,student_t,1.5,dynamic,nan
1.5,0.9955278640450004,0.1907609017441722,0.176405664481117,0.19158874575559862,0.176405664481117,,0.0,0.5,1.0,nan,0.00447213595499958,2.0,0,0.18887181636706304,mass_ratio,vp,4,refinement,0.18188002153084337,0.19079401550462927,nested,16384,40,student_t,1.5,dynamic,nan
1.5,0.9942597056304714,0.21671983090283115,0.20637899395272846,0.21671983090283115,0.20184274874334063,,0.0,0.5,1.0,nan,0.005740294369528563,2.0,0,0.211638524883164,mass_ratio,vp,4,refinement,0.20619754414435293,0.21462798115949383,nested,16384,40,student_t,1.5,dynamic,nan
1.5,0.9926319370027192,0.242623946369617,0.22399031514361697,0.242623946369617,0.22399031514361697,,0.0,0.5,1.0,nan,0.0073680629972807735,2.0,0,0.2377760024669364,mass_ratio,vp,4,refinement,0.22996336137750595,0.24094101697763465,nested,16384,40,student_t,1.5,dynamic,nan
1.5,0.9905425839099682,0.27297053671764804,0.2563963500631569,0.27297053671764804,0.2563963500631569,,0.0,0.5,1.0,nan,0.00945741609003176,2.0,0,0.2644698972917512,mass_ratio,vp,4,refinement,0.2592115183150876,0.26995036421101215,nested,16384,40,student_t,1.5,dynamic,nan
1.5,0.9878607553799417,0.30001684076694213,0.28465026585050013,0.30001684076694213,0.28465026585050013,,0.0,0.5,1.0,nan,0.012139244620058345,2.0,0,0.29668762154499295,mass_ratio,vp,4,refinement,0.2894798224195677,0.29936718970469556,nested,16384,40,student_t,1.5,dynamic,nan
1.5,0.9844184438389111,0.3305829803607985,0.31694154412191056,0.3309249751776168,0.31694154412191056,,0.0,0.5,1.0,nan,0.015581556161088883,2.0,0,0.3288682585156334,mass_ratio,vp,4,refinement,0.32200745805729103,0.3305966601534712,nested,16384,40,student_t,1.5,dynamic,nan
1.5,0.98,0.36514153063091687,0.3527211745076349,0.36514153063091687,0.3527211745076349,,0.0,0.5,1.0,nan,0.02,2.0,0,0.3627396603103895,mass_ratio,vp,4,refinement,0.35685394558998856,0.36466473498003227,nested,16384,40,student_t,1.5,dynamic,nan
1.5,nan,0.1938361560132291,-0.5186944728826853,0.1938361560132291,-0.5186944728826853,,0.0,0.5,1.0,nan,0.003,2.0,49,-0.03429477960640523,pickands_xi,vp,4,refinement,-0.29331472393800895,0.09146541074374272,nested,16384,40,student_t,1.5,dynamic,6.1670893689744215
1.5,nan,0.10824209475001223,-0.21182814304843944,0.13197182386876216,-0.37797602148166465,,0.0,0.5,1.0,nan,0.004,2.0,65,0.019416050508024033,pickands_xi,vp,4,refinement,-0.21847405818576845,0.10919128391476224,nested,16384,40,student_t,1.5,dynamic,5.88684528118354
1.5,nan,-0.032556837127405897,-0.09329526363074706,-0.006388195070706939,-0.1264643370705807,,0.0,0.5,1.0,nan,0.006,2.0,98,-0.059425834687509144,pickands_xi,vp,4,refinement,-0.0946220265683404,-0.03151009144513794,nested,16384,40,student_t,1.5,dynamic,5.443459998798703
1.5,nan,0.04965261271123116,-0.18618728762341433,0.04965261271123116,-0.18618728762341433,,0.0,0.5,1.0,nan,0.008,2.0,131,-0.014571459269013688,pickands_xi,vp,4,refinement,-0.10875373337808684,0.023767101525498446,nested,16384,40,student_t,1.5,dynamic,5.10111406516682
1.5,nan,0.15043532207595278,-0.06547194312869373,0.18384295817495264,-0.12792977248327192,,0.0,0.5,1.0,nan,0.012,2.0,196,0.05700678610141868,pickands_xi,vp,4,refinement,-0.06797025630287686,0.15177162751991277,nested,16384,40,student_t,1.5,dynamic,4.678360911373511
1.5,nan,0.18371370183767272,-0.026344856531341165,0.18690786323414543,-0.14103322021414985,,0.0,0.5,1.0,nan,0.018,2.0,294,0.13443152379633375,pickands_xi,vp,4,refinement,-0.030932391078653518,0.18384146829353162,nested,16384,40,student_t,1.5,dynamic,4.202789119092742
1.5,nan,0.1562120517957641,0.0032353050110720326,0.1889865280469518,0.0032353050110720326,,0.0,0.5,1.0,nan,0.03,2.0,491,0.11613639367966916,pickands_xi,vp,4,refinement,0.05392326027684316,0.15752303084581162,nested,16384,40,student_t,1.5,dynamic,3.5631268547931834
1.5,nan,7.118058018441744,6.58443190394767,7.34261409790994,6.58443190394767,,0.0,0.5,1.0,nan,0.003,2.0,98,6.841944446412418,hill_alpha,vp,4,refinement,6.683290327901407,7.127040261620471,nested,32768,40,student_t,1.5,dynamic,6.130150337771417
1.5,nan,6.725582657306091,6.242934327671295,6.725582657306091,6.242934327671295,,0.0,0.5,1.0,nan,0.004,2.0,131,6.335979647583979,hill_alpha,vp,4,refinement,6.264483595803589,6.561685698065271,nested,32768,40,student_t,1.5,dynamic,5.810512343499719
1.5,nan,6.38524012105205,5.976617743739424,6.545349089501112,5.976617743739424,,0.0,0.5,1.0,nan,0.006,2.0,196,6.1383499931121674,hill_alpha,vp,4,refinement,6.012594266882747,6.3916444797900125,nested,32768,40,student_t,1.5,dynamic,5.423058989223633
1.5,nan,5.727261161235277,5.16275518456868,5.765552346683727,5.16275518456868,,0.0,0.5,1.0,nan,0.008,2.0,262,5.591872031026355,hill_alpha,vp,4,refinement,5.322124257383337,5.728792808653215,nested,32768,40,student_t,1.5,dynamic,5.074626129190641
1.5,nan,5.320446176955516,5.004321049457134,5.464256878615101,5.002616696684873,,0.0,0.5,1.0,nan,0.012,2.0,393,5.091330438762663,hill_alpha,vp,4,refinement,5.004252875346244,5.326198605021899,nested,32768,40,student_t,1.5,dynamic,4.626658013054095
1.5,nan,4.9640791196390746,4.529235815459048,4.9640791196390746,4.515932960001537,,0.0,0.5,1.0,nan,0.018,2.0,589,4.568871203057235,hill_alpha,vp,4,refinement,4.5287037012407465,4.787018935107316,nested,32768,40,student_t,1.5,dynamic,4.156562810683259
1.5,nan,4.269562391004835,3.882150464532935,4.269562391004835,3.882150464532935,,0.0,0.5,1.0,nan,0.03,2.0,983,3.9903998743602225,hill_alpha,vp,4,refinement,3.883129503743558,4.186545060521896,nested,32768,40,student_t,1.5,dynamic,3.575290908605265
1.5,nan,0.15187339083884427,0.14062771419678605,0.15187339083884427,0.1361912782921069,,0.0,0.5,1.0,nan,0.003,2.0,98,0.1461655812703474,hill_xi,vp,4,refinement,0.14045025676059888,0.1496623292070292,nested,32768,40,student_t,1.5,dynamic,6.130150337771417
1.5,nan,0.1601810859306307,0.15266220034090722,0.1601810859306307,0.1486860025300093,,0.0,0.5,1.0,nan,0.004,2.0,131,0.1578379055996526,hill_xi,vp,4,refinement,0.1525031524284713,0.15963212294672802,nested,32768,40,student_t,1.5,dynamic,5.810512343499719
1.5,nan,0.1673187148446145,0.15278023927005246,0.1673187148446145,0.15278023927005246,,0.0,0.5,1.0,nan,0.006,2.0,196,0.16294279587735996,hill_xi,vp,4,refinement,0.15655253361581137,0.166324006566081,nested,32768,40,student_t,1.5,dynamic,5.423058989223633
1.5,nan,0.19369502605681746,0.1734439200045053,0.19369502605681746,0.1734439200045053,,0.0,0.5,1.0,nan,0.008,2.0,262,0.17888492406459508,hill_xi,vp,4,refinement,0.17456463577567347,0.18807714327822564,nested,32768,40,student_t,1.5,dynamic,5.074626129190641
1.5,nan,0.19989538688076555,0.18300750169956265,0.19989538688076555,0.18300750169956265,,0.0,0.5,1.0,nan,0.012,2.0,393,0.19646746946359325,hill_xi,vp,4,refinement,0.18788822004641562,0.19983005270040458,nested,32768,40,student_t,1.5,dynamic,4.626658013054095
1.5,nan,0.2214381853887529,0.2095327199486839,0.2214381853887529,0.20144723238672058,,0.0,0.5,1.0,nan,0.018,2.0,589,0.21887971321457428,hill_xi,vp,4,refinement,0.20920930044620534,0.22081564148303215,nested,32768,40,student_t,1.5,dynamic,4.156562810683259
1.5,nan,0.25758919164414995,0.23421604099446158,0.25758919164414995,0.23421604099446158,,0.0,0.5,1.0,nan,0.03,2.0,983,0.2507791103704183,hill_xi,vp,4,refinement,0.2389624025683536,0.25752426435932596,nested,32768,40,student_t,1.5,dynamic,3.575290908605265
1.5,0.999,0.09058362089366795,0.084069427696752,0.09058362089366795,0.084069427696752,,0.0,0.5,1.0,nan,0.001,2.0,0,0.08836135218683491,mass_ratio,vp,4,refinement,0.0859013865662223,0.0897450968001576,nested,32768,40,student_t,1.5,dynamic,nan
1.5,0.9987164311578874,0.10346659885230647,0.09562269969733313,0.10346659885230647,0.09562269969733313,,0.0,0.5,1.0,nan,0.0012835688421125163,2.0,0,0.10129050994256292,mass_ratio,vp,4,refinement,0.09792795143910318,0.10283737335156981,nested,32768,40,student_t,1.5,dynamic,nan
1.5,0.998352451027558,0.11716721892020666,0.10935173109862377,0.11716721892020666,0.10935173109862377,,0.0,0.5,1.0,nan,0.0016475489724420657,2.0,0,0.11439984626910238,mass_ratio,vp,4,refinement,0.11129125570962285,0.11632245071850725,nested,32768,40,student_t,1.5,dynamic,nan
1.5,0.9978852574731188,0.13208596500208275,0.12574361008527016,0.13377149593372353,0.12256315915389907,,0.0,0.5,1.0,nan,0.0021147425268811283,2.0,0,0.1296622475435416,mass_ratio,vp,4,refinement,0.1256163920480153,0.13215338623934839,nested,32768,40,student_t,1.5,dynamic,nan
1.5,0.9972855823834051,0.15144924722412514,0.13985773142255906,0.15144924722412514,0.13985773142255906,,0.0,0.5,1.0,nan,0.002714417616594907,2.0,0,0.14648776978867512,mass_ratio,vp,4,refinement,0.14298058379797435,0.14912730409542954,nested,32768,40,student_t,1.5,dynamic,nan
1.5,0.9965158581228575,0.1691366120167083,0.1622863967219524,0.1691366120167083,0.15965618314474034,,0.0,0.5,1.0,nan,0.0034841418771425405,2.0,0,0.16531236676674715,mass_ratio,vp,4,refinement,0.16231408318066023,0.16735804239937033,nested,32768,40,student_t,1.5,dynamic,nan
1.5,0.9955278640450004,0.190004305207327,0.18043129288006898,0.19123998769101713,0.18043129288006898,,0.0,0.5,1.0,nan,0.00447213595499958,2.0,0,0.18776594660135626,mass_ratio,vp,4,refinement,0.1835330766109777,0.1899912980232891,nested,32768,40,student_t,1.5,dynamic,nan
1.5,0.9942597056304714,0.21518077731886004,0.20453575199382623,0.21710089994308382,0.20453575199382623,,0.0,0.5,1.0,nan,0.005740294369528563,2.0,0,0.2115435427121599,mass_ratio,vp,4,refinement,0.20707527778703771,0.215257582223829,nested,32768,40,student_t,1.5,dynamic,nan
1.5,0.9926319370027192,0.24044463669927485,0.23208940101356326,0.24044463669927485,0.2298814079048387,,0.0,0.5,1.0,nan,0.0073680629972807735,2.0,0,0.23642684258908944,mass_ratio,vp,4,refinement,0.2320010812892143,0.23953823079045064,nested,32768,40,student_t,1.5,dynamic,nan
1.5,0.9905425839099682,0.2674441348467796,0.25980564546560136,0.2674441348467796,0.2573844459713293,,0.0,0.5,1.0,nan,0.00945741609003176,2.0,0,0.2645864522281447,mass_ratio,vp,4,refinement,0.2597087974858305,0.26720505867860506,nested,32768,40,student_t,1.5,dynamic,nan
1.5,0.9878607553799417,0.29785911256923137,0.2913215113598049,0.2993704659902023,0.2886438239351561,,0.0,0.5,1.0,nan,0.012139244620058345,2.0,0,0.29517347896635704,mass_ratio,vp,4,refinement,0.2912144038628189,0.29791956670607017,nested,32768,40,student_t,1.5,dynamic,nan
1.5,0.9844184438389111,0.3307603145144299,0.32378909878505274,0.330923068245803,0.32006421347873243,,0.0,0.5,1.0,nan,0.015581556161088883,2.0,0,0.3290557724372149,mass_ratio,vp,4,refinement,0.3236401033727999,0.3307668246636848,nested,32768,40,student_t,1.5,dynamic,nan
1.5,0.98,0.3675466641095316,0.3576021151849889,0.3675466641095316,0.3559126472167613,,0.0,0.5,1.0,nan,0.02,2.0,0,0.3611774884324481,mass_ratio,vp,4,refinement,0.3575345364662598,0.36539469431856264,nested,32768,40,student_t,1.5,dynamic,nan
1.5,nan,0.0001187939748232988,-0.18308797644710184,0.0001187939748232988,-0.2491590540865637,,0.0,0.5,1.0,nan,0.003,2.0,98,-0.10846674267305662,pickands_xi,vp,4,refinement,-0.18573081955268034,-0.04789818867155903,nested,32768,40,student_t,1.5,dynamic,6.152510231643856
1.5,nan,0.1315575713674662,-0.1896514105213318,0.1315575713674662,-0.1896514105213318,,0.0,0.5,1.0,nan,0.004,2.0,131,0.0389402416466489,pickands_xi,vp,4,refinement,-0.09920650571083157,0.1063803413316044,nested,32768,40,student_t,1.5,dynamic,5.816562777715049
1.5,nan,0.028192711115982358,-0.03549710882849326,0.04423166356057163,-0.03549710882849326,,0.0,0.5,1.0,nan,0.006,2.0,196,0.005405639630335316,pickands_xi,vp,4,refinement,-0.019102886707963274,0.02883426921376593,nested,32768,40,student_t,1.5,dynamic,5.4240740895152175
1.5,nan,-0.07193140563347543,-0.12192369407923714,-0.07193140563347543,-0.1459377247637735,,0.0,0.5,1.0,nan,0.008,2.0,262,-0.09577113620686939,pickands_xi,vp,4,refinement,-0.1228842553066186,-0.08234798325854545,nested,32768,40,student_t,1.5,dynamic,5.076801293134107
1.5,nan,0.07245303642294613,-0.0926682383713106,0.07245303642294613,-0.0926682383713106,,0.0,0.5,1.0,nan,0.012,2.0,393,0.03618844055212828,pickands_xi,vp,4,refinement,-0.045180463093422836,0.06940946101031646,nested,32768,40,student_t,1.5,dynamic,4.6279393239969675
1.5,nan,0.16179388636217235,0.02528775246004206,0.16179388636217235,0.007421599240657188,,0.0,0.5,1.0,nan,0.018,2.0,589,0.04737512783352846,pickands_xi,vp,4,refinement,0.0254758172307748,0.10799635800288387,nested,32768,40,student_t,1.5,dynamic,4.157362929634139
1.5,nan,0.17332096300407496,0.07981421198327995,0.17641209360862678,0.07981421198327995,,0.0,0.5,1.0,nan,0.03,2.0,983,0.1249128844666429,pickands_xi,vp,4,refinement,0.07986562320858136,0.17328842478718734,nested,32768,40,student_t,1.5,dynamic,3.576579740760328
1.5,nan,7.427264718867221,6.675798422525103,7.855639399881843,6.675798422525103,,0.0,0.5,1.0,nan,0.003,2.0,49,6.960818673147677,hill_alpha,vp,4,refinement,6.794333887765577,7.444399706107806,block,16384,80,student_t,1.5,dynamic,6.225360407560683
1.5,nan,7.424584828877155,6.256204068018638,7.424584828877155,6.256204068018638,,0.0,0.5,1.0,nan,0.004,2.0,65,6.755792015291981,hill_alpha,vp,4,refinement,6.433239625149954,7.16633093591616,block,16384,80,student_t,1.5,dynamic,5.942052595189769
1.5,nan,6.389283652547896,5.976366287951624,6.455871814221279,5.759052020963738,,0.0,0.5,1.0,nan,0.006,2.0,98,6.258188022907012,hill_alpha,vp,4,refinement,5.967673717272109,6.3919471790148314,block,16384,80,student_t,1.5,dynamic,5.522796461838037
1.5,nan,6.145140560189855,5.647760957805229,6.145140560189855,5.566505946680662,,0.0,0.5,1.0,nan,0.008,2.0,131,5.799329794033568,hill_alpha,vp,4,refinement,5.644510757360246,6.012902028484648,block,16384,80,student_t,1.5,dynamic,5.186529116047742
1.5,nan,5.279363634633584,5.078747268071145,5.279363634633584,5.078747268071145,,0.0,0.5,1.0,nan,0.012,2.0,196,5.105506534940193,hill_alpha,vp,4,refinement,5.085921975623393,5.201581967325652,block,16384,80,student_t,1.5,dynamic,4.702508108378387
1.5,nan,4.700746899182677,4.560515093436665,4.7041864550286565,4.560515093436665,,0.0,0.5,1.0,nan,0.018,2.0,294,4.642902088089704,hill_alpha,vp,4,refinement,4.573946328351567,4.700884481416517,block,16384,80,student_t,1.5,dynamic,4.216877061372296
1.5,nan,4.01326086886761,3.8776520087577344,4.110728209185535,3.858615420954407,,0.0,0.5,1.0,nan,0.03,2.0,491,3.906241062555374,hill_alpha,vp,4,refinement,3.8768905452456015,4.017159562480327,block,16384,80,student_t,1.5,dynamic,3.610308618049915
1.5,nan,0.1498913010421587,0.1273160104520778,0.1498913010421587,0.1273160104520778,,0.0,0.5,1.0,nan,0.003,2.0,49,0.14372834035687976,hill_xi,vp,4,refinement,0.13479193022021646,0.1473350784993911,block,16384,80,student_t,1.5,dynamic,6.225360407560683
1.5,nan,0.15984850146580148,0.13519521865012837,0.15984850146580148,0.13519521865012837,,0.0,0.5,1.0,nan,0.004,2.0,65,0.14807899489602164,hill_xi,vp,4,refinement,0.14000482553189592,0.15557374402856836,block,16384,80,student_t,1.5,dynamic,5.942052595189769
1.5,nan,0.16755224492320905,0.15537682002140663,0.17364051712603945,0.15537682002140663,,0.0,0.5,1.0,nan,0.006,2.0,98,0.1599264293435239,hill_xi,vp,4,refinement,0.15682261167513264,0.16779577581132227,block,16384,80,student_t,1.5,dynamic,5.522796461838037
1.5,nan,0.17711931956028654,0.16672959156887784,0.17965202294283916,0.16284997653201844,,0.0,0.5,1.0,nan,0.008,2.0,131,0.17259791139173558,hill_xi,vp,4,refinement,0.16657440696740347,0.17722062769558863,block,16384,80,student_t,1.5,dynamic,5.186529116047742
1.5,nan,0.19661074215133467,0.1924465199625065,0.19689945369243314,0.18946521021852453,,0.0,0.5,1.0,nan,0.012,2.0,196,0.19587493015836233,hill_xi,vp,4,refinement,0.19232726757274723,0.1966222906129786,block,16384,80,student_t,1.5,dynamic,4.702508108378387
1.5,nan,0.21861459462744892,0.21257733431755685,0.21928088152498923,0.21257733431755685,,0.0,0.5,1.0,nan,0.018,2.0,294,0.21542978289393316,hill_xi,vp,4,refinement,0.21273761771294925,0.21864124610335053,block,16384,80,student_t,1.5,dynamic,4.216877061372296
1.5,nan,0.25927332734637887,0.24932710304382785,0.25927332734637887,0.24326885452393482,,0.0,0.5,1.0,nan,0.03,2.0,491,0.25605787142922354,hill_xi,vp,4,refinement,0.24908477310303212,0.2580527180415856,block,16384,80,student_t,1.5,dynamic,3.610308618049915
1.5,0.999,0.08911654683597858,0.08632819881591701,0.08999872428260879,0.08632819881591701,,0.0,0.5,1.0,nan,0.001,2.0,0,0.0879814814239195,mass_ratio,vp,4,refinement,0.08700038824435233,0.0891518339338438,block,16384,80,student_t,1.5,dynamic,nan
1.5,0.9987164311578874,0.10334292097952295,0.09852845216691039,0.10334292097952295,0.09852845216691039,,0.0,0.5,1.0,nan,0.0012835688421125163,2.0,0,0.09954228181021539,mass_ratio,vp,4,refinement,0.09888982210281164,0.10164388247114046,block,16384,80,student_t,1.5,dynamic,nan
1.5,0.998352451027558,0.1185634009640392,0.11347061137362349,0.1185634009640392,0.1128055026708072,,0.0,0.5,1.0,nan,0.0016475489724420657,2.0,0,0.11450142111407824,mass_ratio,vp,4,refinement,0.11344400702551084,0.11678918713412438,block,16384,80,student_t,1.5,dynamic,nan
1.5,0.9978852574731188,0.13310127157907034,0.12737421496800405,0.13310127157907034,0.12737421496800405,,0.0,0.5,1.0,nan,0.0021147425268811283,2.0,0,0.13036057517829655,mass_ratio,vp,4,refinement,0.12842043766713127,0.13217296750851212,block,16384,80,student_t,1.5,dynamic,nan
1.5,0.9972855823834051,0.1508813358047311,0.14626686364325653,0.1508813358047311,0.14626686364325653,,0.0,0.5,1.0,nan,0.002714417616594907,2.0,0,0.14841079567858673,mass_ratio,vp,4,refinement,0.14658863681096201,0.1504027907534348,block,16384,80,student_t,1.5,dynamic,nan
1.5,0.9965158581228575,0.16920965338699417,0.16672299862342865,0.16967082064139538,0.16672299862342865,,0.0,0.5,1.0,nan,0.0034841418771425405,2.0,0,0.16802412655343146,mass_ratio,vp,4,refinement,0.1669998474318325,0.16922810007717023,block,16384,80,student_t,1.5,dynamic,nan
1.5,0.9955278640450004,0.192386820535251,0.18741994117106237,0.192386820535251,0.18741994117106237,,0.0,0.5,1.0,nan,0.00447213595499958,2.0,0,0.19020400381092306,mass_ratio,vp,4,refinement,0.18872752923229485,0.19136783051347422,block,16384,80,student_t,1.5,dynamic,nan
1.5,0.9942597056304714,0.21813604266489797,0.2122300341712502,0.21813604266489797,0.21004148771379033,,0.0,0.5,1.0,nan,0.005740294369528563,2.0,0,0.2150134575574242,mass_ratio,vp,4,refinement,0.2121424923129518,0.21692274273909337,block,16384,80,student_t,1.5,dynamic,nan
1.5,0.9926319370027192,0.24409860499776237,0.23829695951406368,0.2455935347212022,0.2354390028332431,,0.0,0.5,1.0,nan,0.0073680629972807735,2.0,0,0.2418792957346034,mass_ratio,vp,4,refinement,0.23818264124683086,0.24415840218669996,block,16384,80,student_t,1.5,dynamic,nan
1.5,0.9905425839099682,0.2721012418508606,0.2662396200110449,0.2746450008653699,0.2662396200110449,,0.0,0.5,1.0,nan,0.00945741609003176,2.0,0,0.26923443880345044,mass_ratio,vp,4,refinement,0.26752207189560717,0.27220299221144095,block,16384,80,student_t,1.5,dynamic,nan
1.5,0.9878607553799417,0.3014443002109206,0.29762502352266657,0.3034861962647486,0.29618222163209884,,0.0,0.5,1.0,nan,0.012139244620058345,2.0,0,0.29923511478516346,mass_ratio,vp,4,refinement,0.29756731144704385,0.30152597605307374,block,16384,80,student_t,1.5,dynamic,nan
1.5,0.9844184438389111,0.33813374353710357,0.3302849742603762,0.33813374353710357,0.32924914608885036,,0.0,0.5,1.0,nan,0.015581556161088883,2.0,0,0.3318110413802525,mass_ratio,vp,4,refinement,0.3302435411335151,0.33533416119702336,block,16384,80,student_t,1.5,dynamic,nan
1.5,0.98,0.36968200238806315,0.3628960593797155,0.3732107724258544,0.3628960593797155,,0.0,0.5,1.0,nan,0.02,2.0,0,0.3656547687908955,mass_ratio,vp,4,refinement,0.36398097738858115,0.3698231531895748,block,16384,80,student_t,1.5,dynamic,nan
1.5,nan,0.10722510719774289,-0.22293623150628544,0.24924631853719492,-0.26494318308209686,,0.0,0.5,1.0,nan,0.003,2.0,49,-0.10786269203609161,pickands_xi,vp,4,refinement,-0.22461650956931792,0.11290595565132097,block,16384,80,student_t,1.5,dynamic,6.246470936730982
1.5,nan,-0.024951943481433057,-0.12989500063214215,0.021453972031134656,-0.12989500063214215,,0.0,0.5,1.0,nan,0.004,2.0,65,-0.08320794505726925,pickands_xi,vp,4,refinement,-0.11317325526657203,-0.023095706860930345,block,16384,80,student_t,1.5,dynamic,5.955851602452668
1.5,nan,0.0344336698663925,-0.13675642345948863,0.07689180095439511,-0.13675642345948863,,0.0,0.5,1.0,nan,0.006,2.0,98,-0.011834490476559635,pickands_xi,vp,4,refinement,-0.0786227096700585,0.03613199510991261,block,16384,80,student_t,1.5,dynamic,5.530481318332459
1.5,nan,0.03160346568845971,-0.05289506284475097,0.03160346568845971,-0.05289506284475097,,0.0,0.5,1.0,nan,0.008,2.0,131,0.012115189919675338,pickands_xi,vp,4,refinement,-0.02606734424732263,0.0266262960489395,block,16384,80,student_t,1.5,dynamic,5.204064928793295
1.5,nan,0.1350088054483355,-0.046514261067394494,0.1350088054483355,-0.046514261067394494,,0.0,0.5,1.0,nan,0.012,2.0,196,0.07227217491796883,pickands_xi,vp,4,refinement,0.00750384354697832,0.10789460745236107,block,16384,80,student_t,1.5,dynamic,4.7083535181389715
1.5,nan,0.13951307741133823,0.06280340067638787,0.13951307741133823,0.03230295391607404,,0.0,0.5,1.0,nan,0.018,2.0,294,0.09932113388832314,pickands_xi,vp,4,refinement,0.06158338280597531,0.12310924201706928,block,16384,80,student_t,1.5,dynamic,4.222841495054531
1.5,nan,0.1412103160731398,0.08605173460673582,0.16486168350188524,0.08605173460673582,,0.0,0.5,1.0,nan,0.03,2.0,491,0.1098161200028861,pickands_xi,vp,4,refinement,0.09493709830850333,0.14096135431075027,block,16384,80,student_t,1.5,dynamic,3.6135212214747434
1.5,nan,7.094375139782248,6.857985908514191,7.11921560457749,6.834275458895101,,0.0,0.5,1.0,nan,0.003,2.0,196,7.005323678209393,hill_alpha,vp,12,primary,6.728619941266753,7.210651767028521,block,65536,80,student_t,1.5,dynamic,6.269835040336961
1.5,nan,6.765934286148026,6.48397325477464,6.7688094257807485,6.450062637953801,,0.0,0.5,1.0,nan,0.004,2.0,262,6.692902932497905,hill_alpha,vp,12,primary,6.390256095873369,6.781471980497691,block,65536,80,student_t,1.5,dynamic,5.975888301554683
1.5,nan,6.101724652237088,5.865556274343782,6.1124620080605805,5.857016093102601,,0.0,0.5,1.0,nan,0.006,2.0,393,6.01145783819464,hill_alpha,vp,12,primary,5.842671845021109,6.136075840737868,block,65536,80,student_t,1.5,dynamic,5.51681684641985
1.5,nan,5.6843027944588105,5.551447171626942,5.684662988832743,5.547483139118894,,0.0,0.5,1.0,nan,0.008,2.0,524,5.638933176349818,hill_alpha,vp,12,primary,5.539766559434391,5.687330087069538,block,65536,80,student_t,1.5,dynamic,5.186207275921623
1.5,nan,5.079752447405998,5.014671158296753,5.09238617591812,5.00647453392719,,0.0,0.5,1.0,nan,0.012,2.0,786,5.047045502149107,hill_alpha,vp,12,primary,4.9787660006114,5.110426527364164,block,65536,80,student_t,1.5,dynamic,4.710278349485053
1.5,nan,4.578034856187211,4.525121953453368,4.580420937527949,4.521128400151422,,0.0,0.5,1.0,nan,0.018,2.0,1179,4.542626277825862,hill_alpha,vp,12,primary,4.513702773701607,4.589603154726357,block,65536,80,student_t,1.5,dynamic,4.231344302628684
1.5,nan,3.9813304535681406,3.9294071819816723,3.9836062866976567,3.919354642315423,,0.0,0.5,1.0,nan,0.03,2.0,1966,3.939946942682257,hill_alpha,vp,12,primary,3.9043550674810104,3.990714376582764,block,65536,80,student_t,1.5,dynamic,3.6289315518358705
1.5,nan,0.1459017911183609,0.14104699305209956,0.14650841870701226,0.14054895647727783,,0.0,0.5,1.0,nan,0.003,2.0,196,0.14278557692981725,hill_xi,vp,12,primary,0.1388315320452444,0.1486557991065873,block,65536,80,student_t,1.5,dynamic,6.269835040336961
1.5,nan,0.15423019447085073,0.14780330273392878,0.1551447543056664,0.1477583509150542,,0.0,0.5,1.0,nan,0.004,2.0,262,0.1494165257086803,hill_xi,vp,12,primary,0.14749604299211205,0.15665086369667391,block,65536,80,student_t,1.5,dynamic,5.975888301554683
1.5,nan,0.17053981259766465,0.16388932681104101,0.1707853427277275,0.163623136206126,,0.0,0.5,1.0,nan,0.006,2.0,393,0.1663796544118211,hill_xi,vp,12,primary,0.1630061074896609,0.17119948859866355,block,65536,80,student_t,1.5,dynamic,5.51681684641985
1.5,nan,0.18013322573941104,0.17594846500423986,0.18028446116000055,0.17592708096111553,,0.0,0.5,1.0,nan,0.008,2.0,524,0.17750753108227,hill_xi,vp,12,primary,0.17583519577848955,0.18054790455603265,block,65536,80,student_t,1.5,dynamic,5.186207275921623
1.5,nan,0.19949370828828586,0.19703236050437611,0.19978651220875043,0.19641657731186452,,0.0,0.5,1.0,nan,0.012,2.0,786,0.1982448007117833,hill_xi,vp,12,primary,0.19568254814195302,0.20086463462215803,block,65536,80,student_t,1.5,dynamic,4.710278349485053
1.5,nan,0.22099206830755713,0.2184345874098434,0.2211867589172915,0.2183208203525765,,0.0,0.5,1.0,nan,0.018,2.0,1179,0.22014211746155218,hill_xi,vp,12,primary,0.21788806187985812,0.2215510982680468,block,65536,80,student_t,1.5,dynamic,4.231344302628684
1.5,nan,0.2548676776163237,0.2512407209910439,0.25515042844134217,0.251063543691955,,0.0,0.5,1.0,nan,0.03,2.0,1966,0.25386435531452134,hill_xi,vp,12,primary,0.2505837661656616,0.25612885415698894,block,65536,80,student_t,1.5,dynamic,3.6289315518358705
1.5,0.999,0.08994105197641518,0.08933554603747834,0.08999811352471024,0.08923274524574429,,0.0,0.5,1.0,nan,0.001,2.0,0,0.0898143850840869,mass_ratio,vp,12,primary,0.08904855308721703,0.09011762214322762,block,65536,80,student_t,1.5,dynamic,nan
1.5,0.9987164311578874,0.10239829518855587,0.10183288796069379,0.10241123798704616,0.1017447218644392,,0.0,0.5,1.0,nan,0.0012835688421125163,2.0,0,0.10220553345569784,mass_ratio,vp,12,primary,0.10159300157288395,0.10244708217295728,block,65536,80,student_t,1.5,dynamic,nan
1.5,0.998352451027558,0.11700463660412658,0.11638624886649178,0.11719967890705307,0.11623325660713035,,0.0,0.5,1.0,nan,0.0016475489724420657,2.0,0,0.11674047424757641,mass_ratio,vp,12,primary,0.11594242071032461,0.11739746707041322,block,65536,80,student_t,1.5,dynamic,nan
1.5,0.9978852574731188,0.13299697087996004,0.13200474460118694,0.13311341651003297,0.1319455501939995,,0.0,0.5,1.0,nan,0.0021147425268811283,2.0,0,0.13253844505215442,mass_ratio,vp,12,primary,0.1318558511236914,0.13334657529329136,block,65536,80,student_t,1.5,dynamic,nan
1.5,0.9972855823834051,0.15049141242282532,0.149647616232215,0.15051967780098294,0.1496079203293499,,0.0,0.5,1.0,nan,0.002714417616594907,2.0,0,0.1500369181723627,mass_ratio,vp,12,primary,0.14947616148236503,0.15068192878015474,block,65536,80,student_t,1.5,dynamic,nan
1.5,0.9965158581228575,0.170082784334734,0.16934507953887395,0.17018429107546135,0.16932407304332114,,0.0,0.5,1.0,nan,0.0034841418771425405,2.0,0,0.16959881898183396,mass_ratio,vp,12,primary,0.16921312505349306,0.17032022189554374,block,65536,80,student_t,1.5,dynamic,nan
1.5,0.9955278640450004,0.19217219212081987,0.19118979066017916,0.19224356292337136,0.1908769167436607,,0.0,0.5,1.0,nan,0.00447213595499958,2.0,0,0.19190989537242725,mass_ratio,vp,12,primary,0.19037146037794378,0.1925031733567678,block,65536,80,student_t,1.5,dynamic,nan
1.5,0.9942597056304714,0.21584584279155375,0.2148006862886508,0.2158952836603168,0.21457799589619184,,0.0,0.5,1.0,nan,0.005740294369528563,2.0,0,0.21567138507517192,mass_ratio,vp,12,primary,0.2139208562797682,0.2159643784803843,block,65536,80,student_t,1.5,dynamic,nan
1.5,0.9926319370027192,0.2423533408252913,0.24085103858080925,0.24254760860841923,0.24070040602912357,,0.0,0.5,1.0,nan,0.0073680629972807735,2.0,0,0.2418543205392017,mass_ratio,vp,12,primary,0.24041542354753329,0.24277749127163445,block,65536,80,student_t,1.5,dynamic,nan
1.5,0.9905425839099682,0.2700400498447584,0.26926985120282565,0.27010414898662505,0.26914755224451314,,0.0,0.5,1.0,nan,0.00945741609003176,2.0,0,0.26968657630709236,mass_ratio,vp,12,primary,0.2688849997827398,0.2703892144738733,block,65536,80,student_t,1.5,dynamic,nan
1.5,0.9878607553799417,0.3006975019932511,0.29903300745952727,0.3009456567361929,0.29874769564519765,,0.0,0.5,1.0,nan,0.012139244620058345,2.0,0,0.29992393646624016,mass_ratio,vp,12,primary,0.2983581396388458,0.3015430114333473,block,65536,80,student_t,1.5,dynamic,nan
1.5,0.9844184438389111,0.333004265348097,0.3316796105043337,0.3330906340343408,0.3315830042766508,,0.0,0.5,1.0,nan,0.015581556161088883,2.0,0,0.3322268911534551,mass_ratio,vp,12,primary,0.33143436200569365,0.3334146543376289,block,65536,80,student_t,1.5,dynamic,nan
1.5,0.98,0.3686725324689503,0.3664184521770459,0.3688255503250095,0.3662626395686849,,0.0,0.5,1.0,nan,0.02,2.0,0,0.36673543215677523,mass_ratio,vp,12,primary,0.3660265072496873,0.3690044728126726,block,65536,80,student_t,1.5,dynamic,nan
1.5,nan,0.022512220060876532,-0.09628406405222807,0.023276329188306466,-0.09629830709090861,,0.0,0.5,1.0,nan,0.003,2.0,196,-0.03068195852054679,pickands_xi,vp,12,primary,-0.10681715288467004,0.024041598815223865,block,65536,80,student_t,1.5,dynamic,6.275834632841926
1.5,nan,-0.014460189641533176,-0.07755455861923505,-0.010158507419779278,-0.08029427208647312,,0.0,0.5,1.0,nan,0.004,2.0,262,-0.03845275743070465,pickands_xi,vp,12,primary,-0.08308433465986109,0.0022641968419170296,block,65536,80,student_t,1.5,dynamic,5.980169287193331
1.5,nan,0.009202942331597193,-0.02765685987039432,0.00980381003743552,-0.03039332006859003,,0.0,0.5,1.0,nan,0.006,2.0,393,-0.014980945595850259,pickands_xi,vp,12,primary,-0.039561266146075864,0.015469059917769184,block,65536,80,student_t,1.5,dynamic,5.521861744326463
1.5,nan,0.015898365379921446,-0.02264831137917348,0.01780965318147466,-0.03682918473028604,,0.0,0.5,1.0,nan,0.008,2.0,524,0.0021384122404901453,pickands_xi,vp,12,primary,-0.05554733234894016,0.024958056304987045,block,65536,80,student_t,1.5,dynamic,5.1884946508164695
1.5,nan,0.04600745505406883,0.0014557983076885078,0.04868040444712031,-0.004003455081383028,,0.0,0.5,1.0,nan,0.012,2.0,786,0.018257086784344755,pickands_xi,vp,12,primary,-0.016748193663155792,0.05338947207543813,block,65536,80,student_t,1.5,dynamic,4.710955494742581
1.5,nan,0.07606502686897104,0.062319793670109175,0.07831583079932339,0.061624577493875746,,0.0,0.5,1.0,nan,0.018,2.0,1179,0.06943077151521812,pickands_xi,vp,12,primary,0.060548644521908876,0.08825625820133788,block,65536,80,student_t,1.5,dynamic,4.232982197564498
1.5,nan,0.14428074693402992,0.12172289906937526,0.14487385301304984,0.12169685899352227,,0.0,0.5,1.0,nan,0.03,2.0,1966,0.13030417581887171,pickands_xi,vp,12,primary,0.11875089488198232,0.14558016636265445,block,65536,80,student_t,1.5,dynamic,3.629505328593469
1.5,nan,0.008453088819850282,0.006260288839923575,0.008453088819850282,0.006260288839923575,,0.0,0.5,1.0,0.0,nan,2.0,0,0.007124264957487491,control_ecf_rmse,vp,4,refinement,0.006371546801423977,0.008118703940846421,full,16384,80,student_t,1.5,dynamic,0.5
1.5,nan,0.012193584592425543,0.007000722780500908,0.012193584592425543,0.007000722780500908,,0.0,0.5,1.0,0.0,nan,2.0,0,0.007338705046349852,control_ecf_rmse,vp,4,refinement,0.007048062096676109,0.009978134581741504,full,16384,80,student_t,1.5,dynamic,0.875
1.5,nan,0.011421654563629292,0.0054512321455785166,0.011421654563629292,0.0054512321455785166,,0.0,0.5,1.0,0.0,nan,2.0,0,0.006824320697116131,control_ecf_rmse,vp,4,refinement,0.005626854921112562,0.009698394036906985,full,16384,80,student_t,1.5,dynamic,1.25
1.5,nan,0.009203098022588532,0.006043921861668325,0.010937098206068196,0.006043921861668325,,0.0,0.5,1.0,0.0,nan,2.0,0,0.006929393750554593,control_ecf_rmse,vp,4,refinement,0.006209890405827682,0.009272458029927717,full,16384,80,student_t,1.5,dynamic,1.625
1.5,nan,0.008149225615805273,0.005535209928043882,0.008149225615805273,0.004897788878044466,,0.0,0.5,1.0,0.0,nan,2.0,0,0.006192587051920313,control_ecf_rmse,vp,4,refinement,0.005509713086043906,0.007219618020601459,full,16384,80,student_t,1.5,dynamic,2.0
1.5,nan,0.24645595340111656,0.10791949241054849,0.33661549248555633,0.10791949241054849,,0.0,0.5,1.0,0.0,nan,2.0,0,0.15510059129108872,control_w1,vp,4,refinement,0.12999242482092555,0.25006233496449415,full,16384,80,student_t,1.5,dynamic,0.5
1.5,nan,0.2442357238745268,0.09736606169670917,0.2720392078170709,0.09736606169670917,,0.0,0.5,1.0,0.0,nan,2.0,0,0.17625924529431392,control_w1,vp,4,refinement,0.11595175239747843,0.24534786323222854,full,16384,80,student_t,1.5,dynamic,0.875
1.5,nan,0.16918638141691725,0.08762921649973664,0.2049153449732688,0.07876234928323655,,0.0,0.5,1.0,0.0,nan,2.0,0,0.11497675078840121,control_w1,vp,4,refinement,0.08727454181107663,0.1706155399591713,full,16384,80,student_t,1.5,dynamic,1.25
1.5,nan,0.1460539857715738,0.07335784704576567,0.18801114886899392,0.0711052245425192,,0.0,0.5,1.0,0.0,nan,2.0,0,0.08985364611158292,control_w1,vp,4,refinement,0.07326774214563582,0.14773227229547062,full,16384,80,student_t,1.5,dynamic,1.625
1.5,nan,0.1799038920597317,0.07181101467329797,0.1799038920597317,0.050359754032940386,,0.0,0.5,1.0,0.0,nan,2.0,0,0.10824709063216617,control_w1,vp,4,refinement,0.07095296424768366,0.15270133872738537,full,16384,80,student_t,1.5,dynamic,2.0
1.5,nan,0.017010626300423052,0.009044489485481021,0.017010626300423052,0.00821155586834487,,1.0,0.5,1.0,0.0,nan,2.0,0,0.012407963197328235,pt_ecf_sup_exact_a,vp,4,refinement,0.009011172140795574,0.01601600725639885,full,16384,80,student_t,1.5,dynamic,0.5
1.5,nan,0.013452663227972003,0.012491713338765868,0.014084083123152652,0.01220417963944265,,1.0,0.5,1.0,0.0,nan,2.0,0,0.012800245185440219,pt_ecf_sup_exact_a,vp,4,refinement,0.012480211990792939,0.01347792002377923,full,16384,80,student_t,1.5,dynamic,0.875
1.5,nan,0.011667887697485205,0.009866415024620595,0.011667887697485205,0.009866415024620595,,1.0,0.5,1.0,0.0,nan,2.0,0,0.011597665201595463,pt_ecf_sup_exact_a,vp,4,refinement,0.010695485690259082,0.011636110318767576,full,16384,80,student_t,1.5,dynamic,1.25
1.5,nan,0.017173016954975116,0.010250402543764607,0.017173016954975116,0.008902038019638637,,1.0,0.5,1.0,0.0,nan,2.0,0,0.01354141103158141,pt_ecf_sup_exact_a,vp,4,refinement,0.010196467962799568,0.01636231521431774,full,16384,80,student_t,1.5,dynamic,1.625
1.5,nan,0.011908653820234347,0.00912048784388274,0.012224674513296369,0.00912048784388274,,1.0,0.5,1.0,0.0,nan,2.0,0,0.011468560216292143,pt_ecf_sup_exact_a,vp,4,refinement,0.010188007585416766,0.011921294647956828,full,16384,80,student_t,1.5,dynamic,2.0
1.5,nan,0.015957096119457902,0.009796063585873434,0.01638752568504195,0.007946168527983367,,1.0,0.5,1.0,0.0,nan,2.0,0,0.013586312598818678,pt_ecf_sup_exact_b,vp,4,refinement,0.009722067783557832,0.015974313302081263,full,16384,80,student_t,1.5,dynamic,0.5
1.5,nan,0.016889268051230696,0.008404301278815684,0.016889268051230696,0.008404301278815684,,1.0,0.5,1.0,0.0,nan,2.0,0,0.012552772260417625,pt_ecf_sup_exact_b,vp,4,refinement,0.008569777523086755,0.01663353989853828,full,16384,80,student_t,1.5,dynamic,0.875
1.5,nan,0.012607604635497689,0.010501257180965003,0.012919223493205307,0.009121287915130557,,1.0,0.5,1.0,0.0,nan,2.0,0,0.01216123607365466,pt_ecf_sup_exact_b,vp,4,refinement,0.010515783173237129,0.012620069389805994,full,16384,80,student_t,1.5,dynamic,1.25
1.5,nan,0.01979700074754445,0.007464899149959311,0.01979700074754445,0.006446779409620515,,1.0,0.5,1.0,0.0,nan,2.0,0,0.011546199647227539,pt_ecf_sup_exact_b,vp,4,refinement,0.007424174360345759,0.01730694298271846,full,16384,80,student_t,1.5,dynamic,1.625
1.5,nan,0.014044613030088018,0.011105689117844358,0.014515639053390716,0.011105689117844358,,1.0,0.5,1.0,0.0,nan,2.0,0,0.013253970541062698,pt_ecf_sup_exact_b,vp,4,refinement,0.012007247507040391,0.014039654861422038,full,16384,80,student_t,1.5,dynamic,2.0
1.5,nan,0.014209527925710841,0.012252267230349742,0.01504259595477318,0.011321641132979914,,1.0,0.5,1.0,0.0,nan,2.0,0,0.013279676612184037,pt_ecf_sup_exact_c,vp,4,refinement,0.01221504218645495,0.014242850646873334,full,16384,80,student_t,1.5,dynamic,0.5
1.5,nan,0.015878009872059652,0.008348975649576715,0.017063862148355972,0.008348975649576715,,1.0,0.5,1.0,0.0,nan,2.0,0,0.012170914400462658,pt_ecf_sup_exact_c,vp,4,refinement,0.008973309516257647,0.015925443963111505,full,16384,80,student_t,1.5,dynamic,0.875
1.5,nan,0.013079175546222694,0.00868543833311661,0.013139619057142048,0.00868543833311661,,1.0,0.5,1.0,0.0,nan,2.0,0,0.012928887280225324,pt_ecf_sup_exact_c,vp,4,refinement,0.010679168345291343,0.013081593286659468,full,16384,80,student_t,1.5,dynamic,1.25
1.5,nan,0.010676705801692441,0.00653738226343918,0.010676705801692441,0.00653738226343918,,1.0,0.5,1.0,0.0,nan,2.0,0,0.008836640843295263,pt_ecf_sup_exact_c,vp,4,refinement,0.007531021080538793,0.009903479922893102,full,16384,80,student_t,1.5,dynamic,1.625
1.5,nan,0.010520972084821787,0.009753087488112655,0.010520972084821787,0.009078542927684704,,1.0,0.5,1.0,0.0,nan,2.0,0,0.010438432936842199,pt_ecf_sup_exact_c,vp,4,refinement,0.009726105705695537,0.01048653772017635,full,16384,80,student_t,1.5,dynamic,2.0
1.5,nan,0.012930904436420924,0.010440828288256793,0.012930904436420924,0.00981372175993219,,1.0,0.5,1.0,0.0,nan,2.0,0,0.011956858315521809,pt_ecf_sup_numerical,vp,4,refinement,0.01041574402712381,0.012890045577880746,full,16384,80,student_t,1.5,dynamic,0.5
1.5,nan,0.01845384302564863,0.01171377615916457,0.01845384302564863,0.01171377615916457,,1.0,0.5,1.0,0.0,nan,2.0,0,0.01373886838869198,pt_ecf_sup_numerical,vp,4,refinement,0.011864264739331453,0.017012210889915714,full,16384,80,student_t,1.5,dynamic,0.875
1.5,nan,0.01685197112173055,0.009790181721987524,0.01685197112173055,0.009790181721987524,,1.0,0.5,1.0,0.0,nan,2.0,0,0.01336121908452867,pt_ecf_sup_numerical,vp,4,refinement,0.010718198604319641,0.015962491195561278,full,16384,80,student_t,1.5,dynamic,1.25
1.5,nan,0.016418042889439665,0.00903079150129517,0.019085669164334712,0.00903079150129517,,1.0,0.5,1.0,0.0,nan,2.0,0,0.012327092400613398,pt_ecf_sup_numerical,vp,4,refinement,0.009929820310280934,0.01652474794043547,full,16384,80,student_t,1.5,dynamic,1.625
1.5,nan,0.012103528573994566,0.008783697905896583,0.014163734642153552,0.008783697905896583,,1.0,0.5,1.0,0.0,nan,2.0,0,0.009928952451754028,pt_ecf_sup_numerical,vp,4,refinement,0.009278522461949011,0.012185936816720927,full,16384,80,student_t,1.5,dynamic,2.0
1.5,nan,1.914767054901864e-06,1.910103512944677e-06,1.9159727977804314e-06,1.9070347010162532e-06,,1.0,0.5,1.0,0.0,nan,2.0,0,1.913366818448199e-06,score_table_ecf_rmse,vp,4,refinement,1.90998076046754e-06,1.9148152846170066e-06,full,16384,80,student_t,1.5,dynamic,nan
1.5,nan,5.174811870459721e-05,7.319873099653762e-06,6.676422888496347e-05,2.6599229752122255e-06,,1.0,0.5,1.0,0.0,nan,2.0,0,2.3565594285734903e-05,score_table_hill_alpha_absdiff,vp,4,refinement,7.1334750946761e-06,5.159005438692077e-05,full,16384,80,student_t,1.5,dynamic,nan
1.5,nan,2.2490485980924777e-06,1.4513878718969952e-07,2.2490485980924777e-06,8.173416193261726e-08,,1.0,0.5,1.0,0.0,nan,2.0,0,9.073028251240282e-07,score_table_tail_constant_reldiff,vp,4,refinement,1.4260260217941622e-07,1.9404151451527e-06,full,16384,80,student_t,1.5,dynamic,nan
1.5,nan,4.66876940936194e-06,4.653609399562009e-06,4.670663445931196e-06,4.653609399562009e-06,,0.0,0.5,1.0,0.0,nan,2.0,0,4.665943385672275e-06,score_table_trajectory_mean_abs,vp,4,refinement,4.659082359077139e-06,4.6688451708247105e-06,full,16384,80,student_t,1.5,dynamic,0.5
1.5,nan,3.628592789965016e-06,3.612079657989488e-06,3.628592789965016e-06,3.612079657989488e-06,,0.0,0.5,1.0,0.0,nan,2.0,0,3.6250331271410374e-06,score_table_trajectory_mean_abs,vp,4,refinement,3.6180311457813143e-06,3.627150329210424e-06,full,16384,80,student_t,1.5,dynamic,0.875
1.5,nan,2.561914383835471e-06,2.5495465678319214e-06,2.5622038995642163e-06,2.5495465678319214e-06,,0.0,0.5,1.0,0.0,nan,2.0,0,2.5611688271051408e-06,score_table_trajectory_mean_abs,vp,4,refinement,2.5549063526023057e-06,2.561925964464621e-06,full,16384,80,student_t,1.5,dynamic,1.25
1.5,nan,1.3841480333300532e-06,1.377974172352034e-06,1.3841480333300532e-06,1.3755344579399306e-06,,0.0,0.5,1.0,0.0,nan,2.0,0,1.3815848959558925e-06,score_table_trajectory_mean_abs,vp,4,refinement,1.3778765837755498e-06,1.3834798118024986e-06,full,16384,80,student_t,1.5,dynamic,1.625
1.5,nan,0.0,0.0,0.0,0.0,,0.0,0.5,1.0,0.0,nan,2.0,0,0.0,score_table_trajectory_mean_abs,vp,4,refinement,0.0,0.0,full,16384,80,student_t,1.5,dynamic,2.0
1.5,nan,4.633414627949586e-06,4.612153795448828e-06,4.633414627949586e-06,4.612153795448828e-06,,1.0,0.5,1.0,0.0,nan,2.0,0,4.62926432583791e-06,score_table_w1,vp,4,refinement,4.620270999785932e-06,4.6315183331856365e-06,full,16384,80,student_t,1.5,dynamic,nan
1.5,nan,-0.07045896206029978,-0.113151376934388,-0.06788269509217755,-0.11410415532034315,,0.0,0.5,1.0,nan,0.006,2.0,1572,-0.0798015787814243,gpd_xi,vp,12,primary,-0.11539595088386817,-0.061737828611241566,full,262144,80,student_t,1.5,dynamic,5.5231626275975945
1.5,nan,-0.05956609648340476,-0.09992535970575803,-0.05924006414366256,-0.10156696215124696,,0.0,0.5,1.0,nan,0.012,2.0,3145,-0.07386555517656854,gpd_xi,vp,12,primary,-0.10424456721189006,-0.057797885874450436,full,262144,80,student_t,1.5,dynamic,4.7057907490235085
1.5,nan,7.2035248735474315,6.94927996647745,7.222757846223511,6.930853025609751,,0.0,0.5,1.0,nan,0.003,2.0,786,7.075594651939886,hill_alpha,vp,12,primary,6.8829399397165805,7.2647341536066286,full,262144,80,student_t,1.5,dynamic,6.290875356421621
1.5,nan,6.789570738792495,6.449571823754413,6.809119645042139,6.439784126484847,,0.0,0.5,1.0,nan,0.004,2.0,1048,6.681648740966839,hill_alpha,vp,12,primary,6.427342750462857,6.836611510249488,full,262144,80,student_t,1.5,dynamic,5.9852729645635305
1.5,nan,6.109772128698786,5.937236532258865,6.1388120259213625,5.9074729022533035,,0.0,0.5,1.0,nan,0.006,2.0,1572,6.009478296033535,hill_alpha,vp,12,primary,5.865113635168494,6.1691835323983195,full,262144,80,student_t,1.5,dynamic,5.5231626275975945
1.5,nan,5.673811837000429,5.572903023962151,5.683645277535123,5.565826083817299,,0.0,0.5,1.0,nan,0.008,2.0,2097,5.611696239451357,hill_alpha,vp,12,primary,5.553814809738372,5.693937598433826,full,262144,80,student_t,1.5,dynamic,5.188680547719764
1.5,nan,5.068755025107125,5.000805699066678,5.078762285806369,4.997309824941694,,0.0,0.5,1.0,nan,0.012,2.0,3145,5.034670635487929,hill_alpha,vp,12,primary,4.986515310278827,5.093943820590245,full,262144,80,student_t,1.5,dynamic,4.7057907490235085
1.5,nan,4.58746361209795,4.517648706886909,4.588899330789543,4.515331480367668,,0.0,0.5,1.0,nan,0.018,2.0,4718,4.559890013663234,hill_alpha,vp,12,primary,4.509233682520299,4.597511564684111,full,262144,80,student_t,1.5,dynamic,4.2320253597884925
1.5,nan,3.9822927243191026,3.9132720239740473,3.982784924216602,3.912785926144551,,0.0,0.5,1.0,nan,0.03,2.0,7864,3.9464424887194314,hill_alpha,vp,12,primary,3.9088151154211674,3.9892461979352944,full,262144,80,student_t,1.5,dynamic,3.6261032660038697
1.5,nan,0.14417543828789622,0.13882092691484554,0.14428340421446081,0.13845225217319115,,0.0,0.5,1.0,nan,0.003,2.0,786,0.14134081365159834,hill_xi,vp,12,primary,0.13765552972629091,0.1452952767218521,full,262144,80,student_t,1.5,dynamic,6.290875356421621
1.5,nan,0.1550490524528932,0.1472847162908928,0.15528506707654782,0.1468630740499275,,0.0,0.5,1.0,nan,0.004,2.0,1048,0.1496663079230221,hill_xi,vp,12,primary,0.14627191588764002,0.15558537627632035,full,262144,80,student_t,1.5,dynamic,5.9852729645635305
1.5,nan,0.16837024077643717,0.16367222523779665,0.1692820312111992,0.16290161260663716,,0.0,0.5,1.0,nan,0.006,2.0,1572,0.1664043194532277,hill_xi,vp,12,primary,0.16209602813991358,0.1705014309151723,full,262144,80,student_t,1.5,dynamic,5.5231626275975945
1.5,nan,0.17943969161139878,0.17624835449754173,0.17966813940141824,0.17594394873805608,,0.0,0.5,1.0,nan,0.008,2.0,2097,0.17820166454736663,hill_xi,vp,12,primary,0.17562539161628743,0.1800568687866764,full,262144,80,student_t,1.5,dynamic,5.188680547719764
1.5,nan,0.19996777722970407,0.1972903395976468,0.20010776285694867,0.19689921165952515,,0.0,0.5,1.0,nan,0.012,2.0,3145,0.19862416507232872,hill_xi,vp,12,primary,0.19631206826862913,0.20054221104341907,full,262144,80,student_t,1.5,dynamic,4.7057907490235085
1.5,nan,0.22135408591543526,0.21798538027916425,0.2214677411199559,0.21791720101085654,,0.0,0.5,1.0,nan,0.018,2.0,4718,0.21930430475686052,hill_xi,vp,12,primary,0.21751064153605468,0.22176766616985993,full,262144,80,student_t,1.5,dynamic,4.2320253597884925
1.5,nan,0.25554063041711816,0.2511116256957181,0.25557238098615553,0.251080596693071,,0.0,0.5,1.0,nan,0.03,2.0,7864,0.25339348777402093,hill_xi,vp,12,primary,0.25067569594136835,0.25583264803617844,full,262144,80,student_t,1.5,dynamic,3.6261032660038697
1.5,0.999,0.09014361134800847,0.08971533445845734,0.09024392821898758,0.08968399010253675,,0.0,0.5,1.0,nan,0.001,2.0,0,0.08990537752641126,mass_ratio,vp,12,primary,0.08959533096254059,0.09036985042819094,full,262144,80,student_t,1.5,dynamic,nan
1.5,0.9987164311578874,0.10306820359106801,0.10195680121405812,0.1030991176090336,0.10187968771093567,,0.0,0.5,1.0,nan,0.0012835688421125163,2.0,0,0.10231545673510403,mass_ratio,vp,12,primary,0.1017754497646443,0.10318383094252104,full,262144,80,student_t,1.5,dynamic,nan
1.5,0.998352451027558,0.11727302263056928,0.11638568243963127,0.1172832289056355,0.1162729940351882,,0.0,0.5,1.0,nan,0.0016475489724420657,2.0,0,0.11668762539738134,mass_ratio,vp,12,primary,0.11612549962872996,0.11731237969840393,full,262144,80,student_t,1.5,dynamic,nan
1.5,0.9978852574731188,0.13340100115140446,0.1322834561046859,0.1335186878141202,0.13228026598189402,,0.0,0.5,1.0,nan,0.0021147425268811283,2.0,0,0.13244043407794176,mass_ratio,vp,12,primary,0.13221093996672215,0.1336811198706598,full,262144,80,student_t,1.5,dynamic,nan
1.5,0.9972855823834051,0.1508965390370452,0.15002395734102117,0.15094409704765355,0.14998398887611558,,0.0,0.5,1.0,nan,0.002714417616594907,2.0,0,0.15031639356206986,mass_ratio,vp,12,primary,0.1498077011244596,0.15100982934131957,full,262144,80,student_t,1.5,dynamic,nan
1.5,0.9965158581228575,0.17009676760190762,0.16964186067852985,0.17016016387201682,0.16959118806813248,,0.0,0.5,1.0,nan,0.0034841418771425405,2.0,0,0.16988735179956432,mass_ratio,vp,12,primary,0.1695013749395619,0.17028386005324614,full,262144,80,student_t,1.5,dynamic,nan
1.5,0.9955278640450004,0.19225457653904515,0.1915627993422242,0.19229456248743076,0.19153982379277396,,0.0,0.5,1.0,nan,0.00447213595499958,2.0,0,0.19203642992003658,mass_ratio,vp,12,primary,0.19119504850625685,0.1924132349796623,full,262144,80,student_t,1.5,dynamic,nan
1.5,0.9942597056304714,0.21627970327477558,0.21548386967787536,0.2163663754832354,0.2154238233347764,,0.0,0.5,1.0,nan,0.005740294369528563,2.0,0,0.2157801201823925,mass_ratio,vp,12,primary,0.2148538466421226,0.21649193546363196,full,262144,80,student_t,1.5,dynamic,nan
1.5,0.9926319370027192,0.24257028577648307,0.24152834832961184,0.24263498679156137,0.2414687888953798,,0.0,0.5,1.0,nan,0.0073680629972807735,2.0,0,0.2417857227626748,mass_ratio,vp,12,primary,0.24128915649106647,0.24274018733090838,full,262144,80,student_t,1.5,dynamic,nan
1.5,0.9905425839099682,0.2703598670687817,0.26932826936786985,0.2703810988340526,0.2691863407913229,,0.0,0.5,1.0,nan,0.00945741609003176,2.0,0,0.2699476247359608,mass_ratio,vp,12,primary,0.26900396486667505,0.27058451798361144,full,262144,80,student_t,1.5,dynamic,nan
1.5,0.9878607553799417,0.30082908675161746,0.2993248753369328,0.3010260299225802,0.29927420495655604,,0.0,0.5,1.0,nan,0.012139244620058345,2.0,0,0.29996761259682786,mass_ratio,vp,12,primary,0.29920722093164165,0.30168258660978925,full,262144,80,student_t,1.5,dynamic,nan
1.5,0.9844184438389111,0.3334045226783515,0.3323844573976714,0.3334377284694259,0.332354382887188,,0.0,0.5,1.0,nan,0.015581556161088883,2.0,0,0.3327756840541383,mass_ratio,vp,12,primary,0.3322024650706499,0.3336814113662915,full,262144,80,student_t,1.5,dynamic,nan
1.5,0.98,0.3684582385623174,0.3663837933057764,0.3686828499006311,0.3663297292462984,,0.0,0.5,1.0,nan,0.02,2.0,0,0.3668126462648808,mass_ratio,vp,12,primary,0.3660833736590241,0.3689406099308155,full,262144,80,student_t,1.5,dynamic,nan
1.5,nan,-0.041803193715800095,-0.0992145915388891,-0.033194673471360195,-0.10090148199832988,,0.0,0.5,1.0,nan,0.003,2.0,786,-0.06942175087823613,pickands_xi,vp,12,primary,-0.10900847891993225,-0.009793554203556857,full,262144,80,student_t,1.5,dynamic,6.292282011402332
1.5,nan,-0.03486486570560877,-0.0657635370067768,-0.03449745958911944,-0.06611243800910457,,0.0,0.5,1.0,nan,0.004,2.0,1048,-0.04611145522372967,pickands_xi,vp,12,primary,-0.06861415942336338,-0.03303073351704935,full,262144,80,student_t,1.5,dynamic,5.986161656471872
1.5,nan,0.016927623822894755,-0.04540011746477291,0.019767302370918827,-0.04810316767982632,,0.0,0.5,1.0,nan,0.006,2.0,1572,-0.005513672493262117,pickands_xi,vp,12,primary,-0.050816136631712444,0.023464374320684954,full,262144,80,student_t,1.5,dynamic,5.5235387613391715
1.5,nan,0.006891678357447165,-0.022938443480804753,0.00993323974574853,-0.027124891459721003,,0.0,0.5,1.0,nan,0.008,2.0,2097,-0.000598447729683353,pickands_xi,vp,12,primary,-0.03164425040688318,0.014685148777909846,full,262144,80,student_t,1.5,dynamic,5.18963374575038
1.5,nan,0.032187932077877145,0.010833964209859277,0.038067665495465065,0.009582583269147908,,0.0,0.5,1.0,nan,0.012,2.0,3145,0.014482405257803706,pickands_xi,vp,12,primary,0.001432407485700937,0.047637760056802834,full,262144,80,student_t,1.5,dynamic,4.70612546653635
1.5,nan,0.08651729620700269,0.06399933136172886,0.08748796538024495,0.06340173865389523,,0.0,0.5,1.0,nan,0.018,2.0,4718,0.06766363681029716,pickands_xi,vp,12,primary,0.061081759682402655,0.08963019993772627,full,262144,80,student_t,1.5,dynamic,4.232202154151947
1.5,nan,0.14171368069930007,0.12479632788452617,0.14277328323460886,0.12295731343894803,,0.0,0.5,1.0,nan,0.03,2.0,7864,0.12976715871354694,pickands_xi,vp,12,primary,0.12005578170700601,0.14843789939145888,full,262144,80,student_t,1.5,dynamic,3.626168464484084
1.5,nan,0.004797643778841457,0.0032040927433506297,0.004874544415246893,0.0031996309016387066,,0.0,0.5,1.0,0.0,nan,2.0,0,0.0041767175339737245,control_ecf_rmse,vp,12,primary,0.0031389799326530707,0.005060338788137954,full,65536,80,student_t,1.5,dynamic,0.5
1.5,nan,0.004584728078159732,0.0034200143779497846,0.004629946845911533,0.0033756156889449287,,0.0,0.5,1.0,0.0,nan,2.0,0,0.004028772974015885,control_ecf_rmse,vp,12,primary,0.0033278022109030536,0.004798109585890956,full,65536,80,student_t,1.5,dynamic,0.875
1.5,nan,0.004342302253422938,0.0038572502073054528,0.00441136646613002,0.0038469412635153263,,0.0,0.5,1.0,0.0,nan,2.0,0,0.004108215034629383,control_ecf_rmse,vp,12,primary,0.0037087704592312907,0.004619599878228645,full,65536,80,student_t,1.5,dynamic,1.25
1.5,nan,0.0036177570501670954,0.0025443910494921513,0.0037887603821038203,0.002476342196613249,,0.0,0.5,1.0,0.0,nan,2.0,0,0.0029889549194315494,control_ecf_rmse,vp,12,primary,0.0023799002659704842,0.004192807148853119,full,65536,80,student_t,1.5,dynamic,1.625
1.5,nan,0.004460356193064194,0.0034169993807191584,0.004680536306330171,0.0033110701698349206,,0.0,0.5,1.0,0.0,nan,2.0,0,0.003984961914646744,control_ecf_rmse,vp,12,primary,0.0031888050010200953,0.004973950525963923,full,65536,80,student_t,1.5,dynamic,2.0
1.5,nan,0.10453268587046526,0.09056200756583932,0.10556288838750702,0.08923797606977873,,0.0,0.5,1.0,0.0,nan,2.0,0,0.09750101113170072,control_w1,vp,12,primary,0.08335183401037763,0.11093806241986279,full,65536,80,student_t,1.5,dynamic,0.5
1.5,nan,0.09888833070283849,0.07386581311876467,0.10383833555889191,0.06956438179017241,,0.0,0.5,1.0,0.0,nan,2.0,0,0.08528061265982306,control_w1,vp,12,primary,0.0651579035648818,0.11379367387671466,full,65536,80,student_t,1.5,dynamic,0.875
1.5,nan,0.0845652223074652,0.06101185369306926,0.08649663861765,0.060532749760661336,,0.0,0.5,1.0,0.0,nan,2.0,0,0.06675438529688225,control_w1,vp,12,primary,0.058045545277489986,0.0895918001508242,full,65536,80,student_t,1.5,dynamic,1.25
1.5,nan,0.06544507089702223,0.0494148750929016,0.06609513543708731,0.04721402159775351,,0.0,0.5,1.0,0.0,nan,2.0,0,0.061966825759338776,control_w1,vp,12,primary,0.04443927385680339,0.06735105020321769,full,65536,80,student_t,1.5,dynamic,1.625
1.5,nan,0.057773370293481195,0.042300119570624226,0.059456137057758485,0.04093698300275061,,0.0,0.5,1.0,0.0,nan,2.0,0,0.04938868908179322,control_w1,vp,12,primary,0.03873811921629304,0.06379565101743755,full,65536,80,student_t,1.5,dynamic,2.0
1.5,nan,7.621287780384378,6.609624259528936,7.621287780384378,6.609624259528936,,0.0,0.5,1.0,nan,0.003,2.0,196,6.955463032975583,hill_alpha,vp,4,refinement,6.680209073225499,7.397109699185984,full,65536,80,student_t,1.5,dynamic,6.242340355379179
1.5,nan,7.627964842886936,6.423994035191017,7.627964842886936,6.417342075974742,,0.0,0.5,1.0,nan,0.004,2.0,262,6.507144507241048,hill_alpha,vp,4,refinement,6.423727956822366,7.126690367937112,full,65536,80,student_t,1.5,dynamic,5.918579403528401
1.5,nan,6.388896668930721,6.152211908691079,6.474285292681907,6.069461289657321,,0.0,0.5,1.0,nan,0.006,2.0,393,6.2692352864521865,hill_alpha,vp,4,refinement,6.148901883929729,6.392312213880769,full,65536,80,student_t,1.5,dynamic,5.521968857793304
1.5,nan,5.942444511167287,5.622073474314634,5.942444511167287,5.621703036729938,,0.0,0.5,1.0,nan,0.008,2.0,524,5.701507308993206,hill_alpha,vp,4,refinement,5.622058656811246,5.864745084728788,full,65536,80,student_t,1.5,dynamic,5.17769208883518
1.5,nan,5.355189580579438,5.052371560031659,5.355189580579438,5.030909187772968,,0.0,0.5,1.0,nan,0.012,2.0,786,5.124076589018038,hill_alpha,vp,4,refinement,5.051513065141312,5.268371819859257,full,65536,80,student_t,1.5,dynamic,4.709854871736057
1.5,nan,4.713454228257347,4.539369635470156,4.713454228257347,4.539369635470156,,0.0,0.5,1.0,nan,0.018,2.0,1179,4.570778008322719,hill_alpha,vp,4,refinement,4.54741620807649,4.651999089051621,full,65536,80,student_t,1.5,dynamic,4.224192407121334
1.5,nan,4.131723026899379,3.879351549743241,4.131723026899379,3.8414773919341187,,0.0,0.5,1.0,nan,0.03,2.0,1966,3.933239576407918,hill_alpha,vp,4,refinement,3.8778365834308763,4.044137627714144,full,65536,80,student_t,1.5,dynamic,3.6230778308696845
1.5,nan,0.15129453063210424,0.13549423724353749,0.15129453063210424,0.13121142106374642,,0.0,0.5,1.0,nan,0.003,2.0,196,0.14388941166604302,hill_xi,vp,4,refinement,0.13532292459634584,0.1497140054848978,full,65536,80,student_t,1.5,dynamic,6.242340355379179
1.5,nan,0.15566656300666132,0.14149407775196962,0.15582775363398532,0.13109656646261267,,0.0,0.5,1.0,nan,0.004,2.0,262,0.15369848071033193,hill_xi,vp,4,refinement,0.14107817730039535,0.1556730106317543,full,65536,80,student_t,1.5,dynamic,5.918579403528401
1.5,nan,0.16475926812550107,0.15445720335035779,0.16475926812550107,0.15445720335035779,,0.0,0.5,1.0,nan,0.006,2.0,393,0.15951385476576402,hill_xi,vp,4,refinement,0.15646582020479724,0.16266004553778282,full,65536,80,student_t,1.5,dynamic,5.521968857793304
1.5,nan,0.17788203920883114,0.16828091505452994,0.17788203920883114,0.16828091505452994,,0.0,0.5,1.0,nan,0.008,2.0,524,0.17542594955405927,hill_xi,vp,4,refinement,0.17054285963493515,0.1778707881539095,full,65536,80,student_t,1.5,dynamic,5.17769208883518
1.5,nan,0.1979304241138663,0.18999844515178696,0.19877122855454876,0.18673475232818906,,0.0,0.5,1.0,nan,0.012,2.0,786,0.19517587882428436,hill_xi,vp,4,refinement,0.18986789743884305,0.1979640562914936,full,65536,80,student_t,1.5,dynamic,4.709854871736057
1.5,nan,0.22029490442595936,0.21215863177475236,0.22029490442595936,0.21215863177475236,,0.0,0.5,1.0,nan,0.018,2.0,1179,0.21878338080965337,hill_xi,vp,4,refinement,0.2150020421069856,0.21990584229465174,full,65536,80,student_t,1.5,dynamic,4.224192407121334
1.5,nan,0.26031651314665605,0.2420297763159702,0.26031651314665605,0.2420297763159702,,0.0,0.5,1.0,nan,0.03,2.0,1966,0.25424756293282724,hill_xi,vp,4,refinement,0.2473974426020556,0.2579002883340242,full,65536,80,student_t,1.5,dynamic,3.6230778308696845
1.5,0.999,0.09147507127017206,0.08722035129118733,0.09147507127017206,0.08641967003968663,,0.0,0.5,1.0,nan,0.001,2.0,0,0.08910405899850812,mass_ratio,vp,4,refinement,0.08722877951488744,0.09081638260480689,full,65536,80,student_t,1.5,dynamic,nan
1.5,0.9987164311578874,0.10371600633041375,0.09821531281280298,0.10371600633041375,0.09821531281280298,,0.0,0.5,1.0,nan,0.0012835688421125163,2.0,0,0.1015213711735361,mass_ratio,vp,4,refinement,0.09925131930478698,0.10321348297628037,full,65536,80,student_t,1.5,dynamic,nan
1.5,0.998352451027558,0.11782264206523707,0.113239196743276,0.11878683108114504,0.113239196743276,,0.0,0.5,1.0,nan,0.0016475489724420657,2.0,0,0.11620476606141711,mass_ratio,vp,4,refinement,0.11434890026178597,0.11786120962587339,full,65536,80,student_t,1.5,dynamic,nan
1.5,0.9978852574731188,0.13531369825383147,0.12816305808229392,0.13531369825383147,0.12816305808229392,,0.0,0.5,1.0,nan,0.0021147425268811283,2.0,0,0.1318054888637148,mass_ratio,vp,4,refinement,0.1295775382454205,0.1339636443585309,full,65536,80,student_t,1.5,dynamic,nan
1.5,0.9972855823834051,0.15142166444893915,0.14568136823421365,0.15142166444893915,0.14568136823421365,,0.0,0.5,1.0,nan,0.002714417616594907,2.0,0,0.1492951893431755,mass_ratio,vp,4,refinement,0.1470652281538024,0.15075173061088554,full,65536,80,student_t,1.5,dynamic,nan
1.5,0.9965158581228575,0.16994897792869917,0.1665704311011564,0.1712651059214269,0.1665704311011564,,0.0,0.5,1.0,nan,0.0034841418771425405,2.0,0,0.16815986404161204,mass_ratio,vp,4,refinement,0.1671063256832826,0.17000162304840827,full,65536,80,student_t,1.5,dynamic,nan
1.5,0.9955278640450004,0.19399160770849785,0.18865310509496072,0.19399160770849785,0.18865310509496072,,0.0,0.5,1.0,nan,0.00447213595499958,2.0,0,0.1903519622260495,mass_ratio,vp,4,refinement,0.18939642643037372,0.19231670796443226,full,65536,80,student_t,1.5,dynamic,nan
1.5,0.9942597056304714,0.21866754821408368,0.21325904412364738,0.21866754821408368,0.21156371579039968,,0.0,0.5,1.0,nan,0.005740294369528563,2.0,0,0.21508728903785526,mass_ratio,vp,4,refinement,0.21319123099031748,0.21701282376835493,full,65536,80,student_t,1.5,dynamic,nan
1.5,0.9926319370027192,0.24470825643465968,0.2376119146808396,0.24470825643465968,0.2376119146808396,,0.0,0.5,1.0,nan,0.0073680629972807735,2.0,0,0.24148442352516006,mass_ratio,vp,4,refinement,0.23910354375844833,0.24352799180576493,full,65536,80,student_t,1.5,dynamic,nan
1.5,0.9905425839099682,0.2719862917094063,0.26742620102946635,0.27362271285892453,0.2662209798099876,,0.0,0.5,1.0,nan,0.00945741609003176,2.0,0,0.26949064640441656,mass_ratio,vp,4,refinement,0.2673779921806872,0.27205174855538705,full,65536,80,student_t,1.5,dynamic,nan
1.5,0.9878607553799417,0.3037457519119738,0.2974415421160016,0.3037457519119738,0.2974415421160016,,0.0,0.5,1.0,nan,0.012139244620058345,2.0,0,0.2998522240097177,mass_ratio,vp,4,refinement,0.2980221425498992,0.302453385393977,full,65536,80,student_t,1.5,dynamic,nan
1.5,0.9844184438389111,0.3348081756679672,0.3288655936038661,0.33674326922796055,0.3288655936038661,,0.0,0.5,1.0,nan,0.015581556161088883,2.0,0,0.3325062194444893,mass_ratio,vp,4,refinement,0.3305347730771856,0.33478780626207405,full,65536,80,student_t,1.5,dynamic,nan
1.5,0.98,0.37257522336313104,0.36494461878477624,0.37257522336313104,0.36397855182526656,,0.0,0.5,1.0,nan,0.02,2.0,0,0.3661891728516887,mass_ratio,vp,4,refinement,0.3649059761063958,0.3696435929291921,full,65536,80,student_t,1.5,dynamic,nan
1.5,nan,-0.11554291551654211,-0.24134239911789115,-0.07475601252487278,-0.2853009293132502,,0.0,0.5,1.0,nan,0.003,2.0,196,-0.17685684371537178,pickands_xi,vp,4,refinement,-0.2431007403257055,-0.11391143939687533,full,65536,80,student_t,1.5,dynamic,6.245314990384408
1.5,nan,-0.008253556738607464,-0.1679286736594148,-0.008253556738607464,-0.1679286736594148,,0.0,0.5,1.0,nan,0.004,2.0,262,-0.08364668898963798,pickands_xi,vp,4,refinement,-0.1386345400408161,-0.03328104119620795,full,65536,80,student_t,1.5,dynamic,5.92515858215268
1.5,nan,0.008439621002741888,-0.09211795078836653,0.012734363660420831,-0.09211795078836653,,0.0,0.5,1.0,nan,0.006,2.0,393,-0.01592584539494219,pickands_xi,vp,4,refinement,-0.06496269007097222,0.008394413185295959,full,65536,80,student_t,1.5,dynamic,5.523759328701558
1.5,nan,-0.004701971765793163,-0.06842350557852742,0.008675059776802016,-0.06842350557852742,,0.0,0.5,1.0,nan,0.008,2.0,524,-0.03212027689404784,pickands_xi,vp,4,refinement,-0.05773776713109378,-0.004166890504089355,full,65536,80,student_t,1.5,dynamic,5.179014422898723
1.5,nan,0.07965390228495126,-0.015682353093597754,0.07965390228495126,-0.015682353093597754,,0.0,0.5,1.0,nan,0.012,2.0,786,0.034421747990177706,pickands_xi,vp,4,refinement,-0.010888959200278589,0.077199042850353,full,65536,80,student_t,1.5,dynamic,4.711200673591604
1.5,nan,0.11735950963603947,0.0077715828505230825,0.12949376546879127,0.0077715828505230825,,0.0,0.5,1.0,nan,0.018,2.0,1179,0.10417417448990193,pickands_xi,vp,4,refinement,0.05354030876699978,0.11784487986934954,full,65536,80,student_t,1.5,dynamic,4.225012416489192
1.5,nan,0.18562998361531988,0.0604702989988504,0.18562998361531988,0.0604702989988504,,0.0,0.5,1.0,nan,0.03,2.0,1966,0.1301456089321411,pickands_xi,vp,4,refinement,0.09287601620541029,0.16003591532881373,full,65536,80,student_t,1.5,dynamic,3.624373320307611
1.5,nan,0.007100612953405926,0.00576180185532419,0.0071026515295992045,0.005736165307513403,,1.0,0.5,1.0,0.0,nan,2.0,0,0.006562080159922038,pt_ecf_sup_exact_a,vp,12,primary,0.005509868501163088,0.0071067026568974,full,65536,80,student_t,1.5,dynamic,0.5
1.5,nan,0.0078020716897991465,0.0063244846833964445,0.007904919986611024,0.0061952348982515365,,1.0,0.5,1.0,0.0,nan,2.0,0,0.007055645540728171,pt_ecf_sup_exact_a,vp,12,primary,0.005982671003570927,0.008394687341678427,full,65536,80,student_t,1.5,dynamic,0.875
1.5,nan,0.007923938930086617,0.006459360276928946,0.008255999453243049,0.00642339131197711,,1.0,0.5,1.0,0.0,nan,2.0,0,0.007036559032375022,pt_ecf_sup_exact_a,vp,12,primary,0.006038142329912116,0.008789664050804905,full,65536,80,student_t,1.5,dynamic,1.25
1.5,nan,0.007390110133064704,0.004807513109951398,0.007650624216311153,0.0045729590566353645,,1.0,0.5,1.0,0.0,nan,2.0,0,0.005540566794774755,pt_ecf_sup_exact_a,vp,12,primary,0.004304244156614851,0.007922956586585041,full,65536,80,student_t,1.5,dynamic,1.625
1.5,nan,0.006558296412388365,0.005450133328231862,0.00699001897956558,0.00541557148811867,,1.0,0.5,1.0,0.0,nan,2.0,0,0.006153391186662994,pt_ecf_sup_exact_a,vp,12,primary,0.005111912410990284,0.007801574693360724,full,65536,80,student_t,1.5,dynamic,2.0
1.5,nan,0.00705124922963153,0.004684859630587995,0.00739237964088851,0.004614223580834263,,1.0,0.5,1.0,0.0,nan,2.0,0,0.00592598115048539,pt_ecf_sup_exact_b,vp,12,primary,0.004514709742143432,0.008056038533540897,full,65536,80,student_t,1.5,dynamic,0.5
1.5,nan,0.008095179305256224,0.005036979083191273,0.008287666638789925,0.004912503719104847,,1.0,0.5,1.0,0.0,nan,2.0,0,0.006082090437524064,pt_ecf_sup_exact_b,vp,12,primary,0.004785583137571989,0.008675189474890424,full,65536,80,student_t,1.5,dynamic,0.875
1.5,nan,0.0068536104005339086,0.0053855466077819495,0.007142192318579001,0.005312122643493968,,1.0,0.5,1.0,0.0,nan,2.0,0,0.006011373071915105,pt_ecf_sup_exact_b,vp,12,primary,0.005199551573920766,0.007715003577330419,full,65536,80,student_t,1.5,dynamic,1.25
1.5,nan,0.006822907440952344,0.0049234986674619495,0.007149392178902523,0.0047689560065522895,,1.0,0.5,1.0,0.0,nan,2.0,0,0.005744322193924923,pt_ecf_sup_exact_b,vp,12,primary,0.004585010611013621,0.007935679505810148,full,65536,80,student_t,1.5,dynamic,1.625
1.5,nan,0.005910555183672485,0.004526514506333081,0.006322054419777983,0.004494465916291107,,1.0,0.5,1.0,0.0,nan,2.0,0,0.00490120090590347,pt_ecf_sup_exact_b,vp,12,primary,0.004276775300184333,0.006997611506865521,full,65536,80,student_t,1.5,dynamic,2.0
1.5,nan,0.00685458032649996,0.005724469409238031,0.006897766715112396,0.005707157821286957,,1.0,0.5,1.0,0.0,nan,2.0,0,0.006472062471467217,pt_ecf_sup_exact_c,vp,12,primary,0.005618366604650972,0.007098695261215017,full,65536,80,student_t,1.5,dynamic,0.5
1.5,nan,0.008229855136404911,0.006378842530684369,0.008274195214769626,0.006342384503987902,,1.0,0.5,1.0,0.0,nan,2.0,0,0.007004496055694611,pt_ecf_sup_exact_c,vp,12,primary,0.006053413090962423,0.008340078724587204,full,65536,80,student_t,1.5,dynamic,0.875
1.5,nan,0.007171097017618668,0.006126878075999598,0.007385155640168674,0.006077166576813502,,1.0,0.5,1.0,0.0,nan,2.0,0,0.00655567963847095,pt_ecf_sup_exact_c,vp,12,primary,0.005790468703066914,0.0077046258477937385,full,65536,80,student_t,1.5,dynamic,1.25
1.5,nan,0.007199866020243705,0.00468264685846862,0.007221028764800186,0.004678307806331302,,1.0,0.5,1.0,0.0,nan,2.0,0,0.006116721361981457,pt_ecf_sup_exact_c,vp,12,primary,0.0045860361835452865,0.00724892455878635,full,65536,80,student_t,1.5,dynamic,1.625
1.5,nan,0.007519167058735882,0.005048962120758714,0.007673885582343552,0.005047151229084399,,1.0,0.5,1.0,0.0,nan,2.0,0,0.005840691382412248,pt_ecf_sup_exact_c,vp,12,primary,0.0049265049535665885,0.00816647502657292,full,65536,80,student_t,1.5,dynamic,2.0
1.5,nan,0.007467287754396503,0.0049366486270595155,0.007478010295197957,0.004827225384370396,,1.0,0.5,1.0,0.0,nan,2.0,0,0.00604492375726284,pt_ecf_sup_numerical,vp,12,primary,0.00468370474239013,0.007649417633209127,full,65536,80,student_t,1.5,dynamic,0.5
1.5,nan,0.006844606671826359,0.00453138913005764,0.007498175732694505,0.004511462075237541,,1.0,0.5,1.0,0.0,nan,2.0,0,0.005435291590478656,pt_ecf_sup_numerical,vp,12,primary,0.004334541201482166,0.008500183729153041,full,65536,80,student_t,1.5,dynamic,0.875
1.5,nan,0.007447790629067305,0.005463149410700065,0.007515570998132088,0.005196148002920035,,1.0,0.5,1.0,0.0,nan,2.0,0,0.006044637108400405,pt_ecf_sup_numerical,vp,12,primary,0.004915043534518516,0.008067955014104662,full,65536,80,student_t,1.5,dynamic,1.25
1.5,nan,0.006406147370983581,0.005533606097599441,0.006448656198079092,0.005386557163419729,,1.0,0.5,1.0,0.0,nan,2.0,0,0.006182332091857412,pt_ecf_sup_numerical,vp,12,primary,0.004888025424012447,0.006544972230096484,full,65536,80,student_t,1.5,dynamic,1.625
1.5,nan,0.006821819829427103,0.0043978537148623145,0.007281399722196836,0.004330218485606312,,1.0,0.5,1.0,0.0,nan,2.0,0,0.0050272699012830855,pt_ecf_sup_numerical,vp,12,primary,0.0042466465127473894,0.007902852099471964,full,65536,80,student_t,1.5,dynamic,2.0
1.5,nan,1.9172054404980866e-06,1.9133840380093636e-06,1.9176435973205225e-06,1.9131905930837443e-06,,1.0,0.5,1.0,0.0,nan,2.0,0,1.9141533317525316e-06,score_table_ecf_rmse,vp,12,primary,1.9126385785685515e-06,1.9184576143713423e-06,full,65536,80,student_t,1.5,dynamic,nan
1.5,nan,3.862216609995528e-05,1.474808082768675e-05,3.9100639988909336e-05,1.313291396742855e-05,,1.0,0.5,1.0,0.0,nan,2.0,0,3.5609003163905584e-05,score_table_hill_alpha_absdiff,vp,12,primary,1.064373486538983e-05,4.1724981876782864e-05,full,65536,80,student_t,1.5,dynamic,nan
1.5,nan,1.3920960587318154e-06,4.990718347827138e-07,1.469275630204191e-06,3.855090268942853e-07,,1.0,0.5,1.0,0.0,nan,2.0,0,1.0875732033532342e-06,score_table_tail_constant_reldiff,vp,12,primary,2.2684383849394804e-07,1.6627642356314967e-06,full,65536,80,student_t,1.5,dynamic,nan
1.5,nan,4.6724819540666955e-06,4.664723673188904e-06,4.673060306804917e-06,4.664704337220601e-06,,0.0,0.5,1.0,0.0,nan,2.0,0,4.6664497142242465e-06,score_table_trajectory_mean_abs,vp,12,primary,4.66258212250292e-06,4.674040499264408e-06,full,65536,80,student_t,1.5,dynamic,0.5
1.5,nan,3.6284632492504715e-06,3.6224607939778335e-06,3.6290541359320135e-06,3.621965582716539e-06,,0.0,0.5,1.0,0.0,nan,2.0,0,3.6249710065770083e-06,score_table_trajectory_mean_abs,vp,12,primary,3.621280652513112e-06,3.630025905326763e-06,full,65536,80,student_t,1.5,dynamic,0.875
1.5,nan,2.561814330794655e-06,2.5588042771468274e-06,2.5621563626349983e-06,2.5579583052903084e-06,,0.0,0.5,1.0,0.0,nan,2.0,0,2.560806642423022e-06,score_table_trajectory_mean_abs,vp,12,primary,2.5568535760528694e-06,2.563152512568816e-06,full,65536,80,student_t,1.5,dynamic,1.25
1.5,nan,1.3823280015549342e-06,1.3806504466437685e-06,1.3824955309089117e-06,1.3805098584043457e-06,,0.0,0.5,1.0,0.0,nan,2.0,0,1.3814346541502087e-06,score_table_trajectory_mean_abs,vp,12,primary,1.3802989016679377e-06,1.3827467338644648e-06,full,65536,80,student_t,1.5,dynamic,1.625
1.5,nan,0.0,0.0,0.0,0.0,,0.0,0.5,1.0,0.0,nan,2.0,0,0.0,score_table_trajectory_mean_abs,vp,12,primary,0.0,0.0,full,65536,80,student_t,1.5,dynamic,2.0
1.5,nan,4.538087692069704e-06,4.530298654828139e-06,4.5381444754250076e-06,4.530078239688456e-06,,1.0,0.5,1.0,0.0,nan,2.0,0,4.533018444802351e-06,score_table_w1,vp,12,primary,4.528197718612382e-06,4.5385704513029495e-06,full,65536,80,student_t,1.5,dynamic,nan
1.5,nan,-0.0508023614884265,-0.10368394405390999,-0.04751227113844392,-0.10655894846831734,,0.0,0.5,1.0,nan,0.012,2.0,1572,-0.07394117993074452,gpd_xi,vp,12,primary,-0.11387932818729299,-0.04274925563136452,nested,131072,80,student_t,1.5,dynamic,4.724728101298571
1.5,nan,7.167977258687309,6.672395367266546,7.212556976877446,6.631460427572964,,0.0,0.5,1.0,nan,0.003,2.0,393,6.927093662959982,hill_alpha,vp,12,primary,6.551502602007606,7.268417759600593,nested,131072,80,student_t,1.5,dynamic,6.271950631843019
1.5,nan,6.774351822829866,6.468643920893045,6.824456877503689,6.457360071703764,,0.0,0.5,1.0,nan,0.004,2.0,524,6.605258318912993,hill_alpha,vp,12,primary,6.409204392581121,6.8878076497001315,nested,131072,80,student_t,1.5,dynamic,5.9646620178970995
1.5,nan,6.13454828591128,5.931776892071043,6.151173077784119,5.8829683147208955,,0.0,0.5,1.0,nan,0.006,2.0,786,6.0931622116764785,hill_alpha,vp,12,primary,5.831099363614721,6.182486852399283,nested,131072,80,student_t,1.5,dynamic,5.522252572512755
1.5,nan,5.72940189364303,5.5661548229915585,5.748252609117593,5.562750517078941,,0.0,0.5,1.0,nan,0.008,2.0,1048,5.6168074443502904,hill_alpha,vp,12,primary,5.552927825822825,5.7686218538844445,nested,131072,80,student_t,1.5,dynamic,5.202205415990488
1.5,nan,5.138573136198461,4.9333139366420315,5.160685654387461,4.904099695774814,,0.0,0.5,1.0,nan,0.012,2.0,1572,5.069546861115944,hill_alpha,vp,12,primary,4.871790054774814,5.201242817681133,nested,131072,80,student_t,1.5,dynamic,4.724728101298571
1.5,nan,4.615692396844096,4.469651643747914,4.628845643126025,4.46314349572039,,0.0,0.5,1.0,nan,0.018,2.0,2359,4.565288343671744,hill_alpha,vp,12,primary,4.448075113935793,4.652313203571675,nested,131072,80,student_t,1.5,dynamic,4.241223539077701
1.5,nan,3.9922359686702973,3.9066153908517727,4.003585860369923,3.8989776629350317,,0.0,0.5,1.0,nan,0.03,2.0,3932,3.9467349069958146,hill_alpha,vp,12,primary,3.884948657036241,4.019036344408781,nested,131072,80,student_t,1.5,dynamic,3.6348601967193956
1.5,nan,0.14987121490219277,0.13950937118111514,0.15080209198553127,0.13865238188720197,,0.0,0.5,1.0,nan,0.003,2.0,393,0.1443613385544744,hill_xi,vp,12,primary,0.1375825710324239,0.15265411447884425,nested,131072,80,student_t,1.5,dynamic,6.271950631843019
1.5,nan,0.15434485795327643,0.14761559868059343,0.15486378602660295,0.14653970646875944,,0.0,0.5,1.0,nan,0.004,2.0,524,0.15139515279384624,hill_xi,vp,12,primary,0.14518577076040262,0.15603414110258756,nested,131072,80,student_t,1.5,dynamic,5.9646620178970995
1.5,nan,0.16858354894242428,0.16299114560484781,0.16999391882582188,0.16257180411111033,,0.0,0.5,1.0,nan,0.006,2.0,786,0.1641188353556957,hill_xi,vp,12,primary,0.16175008668703122,0.17149439769498578,nested,131072,80,student_t,1.5,dynamic,5.522252572512755
1.5,nan,0.17965723768038216,0.17453828838740298,0.1797672520909349,0.17396778159592968,,0.0,0.5,1.0,nan,0.008,2.0,1048,0.17803748100216568,hill_xi,vp,12,primary,0.1733516678053548,0.18008594253041854,nested,131072,80,student_t,1.5,dynamic,5.202205415990488
1.5,nan,0.20270349968456944,0.19497744126940036,0.20391826235318788,0.19378324567556862,,0.0,0.5,1.0,nan,0.012,2.0,1572,0.1972568894382749,hill_xi,vp,12,primary,0.19226188040429834,0.20526362361621917,nested,131072,80,student_t,1.5,dynamic,4.724728101298571
1.5,nan,0.2237310823537637,0.21666502930192322,0.2240578030496964,0.21604161520597553,,0.0,0.5,1.0,nan,0.018,2.0,2359,0.21904655197492628,hill_xi,vp,12,primary,0.21494687541338026,0.22481899513334686,nested,131072,80,student_t,1.5,dynamic,4.241223539077701
1.5,nan,0.2559760559848628,0.2504861956677055,0.2564784730189592,0.24977809188506983,,0.0,0.5,1.0,nan,0.03,2.0,3932,0.25337400923556996,hill_xi,vp,12,primary,0.2488166822925326,0.2574058731617772,nested,131072,80,student_t,1.5,dynamic,3.6348601967193956
1.5,0.999,0.09074975682685119,0.08948762842710943,0.09084837586681493,0.08937839700580702,,0.0,0.5,1.0,nan,0.001,2.0,0,0.08974936553650838,mass_ratio,vp,12,primary,0.08917079744080228,0.09109751703292257,nested,131072,80,student_t,1.5,dynamic,nan
1.5,0.9987164311578874,0.1039042097821938,0.10165502946956259,0.10397929205692509,0.10156910658269708,,0.0,0.5,1.0,nan,0.0012835688421125163,2.0,0,0.10206989466262055,mass_ratio,vp,12,primary,0.10148230111837542,0.10407993361337699,nested,131072,80,student_t,1.5,dynamic,nan
1.5,0.998352451027558,0.1177490244918469,0.11610369079290771,0.1179288715448557,0.11592958094375928,,0.0,0.5,1.0,nan,0.0016475489724420657,2.0,0,0.116959308749846,mass_ratio,vp,12,primary,0.1157162288219696,0.11812137186553778,nested,131072,80,student_t,1.5,dynamic,nan
1.5,0.9978852574731188,0.13370489438333638,0.13147253076908652,0.1338471684260073,0.13143611688066614,,0.0,0.5,1.0,nan,0.0021147425268811283,2.0,0,0.1329985820357052,mass_ratio,vp,12,primary,0.13134373043365155,0.13408194422525768,nested,131072,80,student_t,1.5,dynamic,nan
1.5,0.9972855823834051,0.15118051520553705,0.14927404636793876,0.1512246385406693,0.14896441859058074,,0.0,0.5,1.0,nan,0.002714417616594907,2.0,0,0.15045049809452404,mass_ratio,vp,12,primary,0.14856964270576634,0.15139698255423242,nested,131072,80,student_t,1.5,dynamic,nan
1.5,0.9965158581228575,0.17029200407167083,0.16910504282046898,0.170380686409289,0.16900429233281383,,0.0,0.5,1.0,nan,0.0034841418771425405,2.0,0,0.1697203227591124,mass_ratio,vp,12,primary,0.168809435996802,0.17086335231925553,nested,131072,80,student_t,1.5,dynamic,nan
1.5,0.9955278640450004,0.19241946852930905,0.19101961480175603,0.19246907390436865,0.19093442825356857,,0.0,0.5,1.0,nan,0.00447213595499958,2.0,0,0.1917526511382927,mass_ratio,vp,12,primary,0.1907591861588675,0.19285076972180873,nested,131072,80,student_t,1.5,dynamic,nan
1.5,0.9942597056304714,0.2162612383904907,0.21492005777533119,0.21655966677279823,0.21479481123349659,,0.0,0.5,1.0,nan,0.005740294369528563,2.0,0,0.2155930359196775,mass_ratio,vp,12,primary,0.21465335263541943,0.2168640260762541,nested,131072,80,student_t,1.5,dynamic,nan
1.5,0.9926319370027192,0.2434943108689798,0.24140485699486403,0.243558986204376,0.24131616129514455,,0.0,0.5,1.0,nan,0.0073680629972807735,2.0,0,0.24226134074080494,mass_ratio,vp,12,primary,0.24100533135114344,0.2437282963907773,nested,131072,80,student_t,1.5,dynamic,nan
1.5,0.9905425839099682,0.27106864251468177,0.2695763585096621,0.27121563510046054,0.26950541281948637,,0.0,0.5,1.0,nan,0.00945741609003176,2.0,0,0.2701747742569819,mass_ratio,vp,12,primary,0.26942313111886995,0.2714633117985009,nested,131072,80,student_t,1.5,dynamic,nan
1.5,0.9878607553799417,0.3010970365943232,0.3001619752690192,0.30123383383243,0.29992951387489963,,0.0,0.5,1.0,nan,0.012139244620058345,2.0,0,0.3008441243402973,mass_ratio,vp,12,primary,0.29965364645299025,0.3014250127470753,nested,131072,80,student_t,1.5,dynamic,nan
1.5,0.9844184438389111,0.3342087902322718,0.3324557699212499,0.3342585553478361,0.3322351762775315,,0.0,0.5,1.0,nan,0.015581556161088883,2.0,0,0.3331816201634893,mass_ratio,vp,12,primary,0.3316204415931797,0.33433805561038343,nested,131072,80,student_t,1.5,dynamic,nan
1.5,0.98,0.36848678445951105,0.3664628052883456,0.3686995246695739,0.3663688854426411,,0.0,0.5,1.0,nan,0.02,2.0,0,0.3669149642365236,mass_ratio,vp,12,primary,0.3662105628107792,0.36891512073129595,nested,131072,80,student_t,1.5,dynamic,nan
1.5,nan,-0.05450982309858253,-0.14909516350269314,-0.046066561958419516,-0.15169466093000958,,0.0,0.5,1.0,nan,0.003,2.0,393,-0.12573452378216166,pickands_xi,vp,12,primary,-0.15781130958365258,-0.02342743838025894,nested,131072,80,student_t,1.5,dynamic,6.274525517351715
1.5,nan,-0.044337596092590775,-0.11260236163630895,-0.043295965705731146,-0.12622010834530928,,0.0,0.5,1.0,nan,0.004,2.0,524,-0.06657425459872017,pickands_xi,vp,12,primary,-0.17496410920944921,-0.03862670261702141,nested,131072,80,student_t,1.5,dynamic,5.966757426051141
1.5,nan,0.01933648536809781,-0.07871215763076794,0.029398743066201324,-0.07935833510189318,,0.0,0.5,1.0,nan,0.006,2.0,786,-0.015381200283123599,pickands_xi,vp,12,primary,-0.08027308258829705,0.04156842586803879,nested,131072,80,student_t,1.5,dynamic,5.524580092701084
1.5,nan,0.031745967721790745,-0.028554948606060806,0.04003472337226409,-0.032978691697968146,,0.0,0.5,1.0,nan,0.008,2.0,1048,-0.0020987474041916274,pickands_xi,vp,12,primary,-0.057184472801492706,0.06586669107952416,nested,131072,80,student_t,1.5,dynamic,5.20271387280495
1.5,nan,0.0487600391395382,0.022500622596811105,0.05230174914960467,0.020040286248643454,,0.0,0.5,1.0,nan,0.012,2.0,1572,0.029187223577820033,pickands_xi,vp,12,primary,0.012798973374581323,0.056285515794823854,nested,131072,80,student_t,1.5,dynamic,4.7258103996388945
1.5,nan,0.07879855753312622,0.05119391472881928,0.08537895342977189,0.04945897269239018,,0.0,0.5,1.0,nan,0.018,2.0,2359,0.05989025137862056,pickands_xi,vp,12,primary,0.03792000684672931,0.09701670915394309,nested,131072,80,student_t,1.5,dynamic,4.2417687370031025
1.5,nan,0.14960652340643824,0.12252313576021268,0.15038872333707815,0.12193875761364104,,0.0,0.5,1.0,nan,0.03,2.0,3932,0.14209427705850755,pickands_xi,vp,12,primary,0.12075164214532562,0.15684242262587492,nested,131072,80,student_t,1.5,dynamic,3.6350591055580743
1.5,nan,8.450347750710058,6.359080202374464,8.450347750710058,6.211734821032622,,0.0,0.5,1.0,nan,0.003,2.0,49,6.797350430517001,hill_alpha,vp,4,refinement,6.3531863871207905,7.796552963481725,nested,16384,80,student_t,1.5,dynamic,6.2152116362831435
1.5,nan,6.847105913015853,6.39233862999924,6.847105913015853,6.214309391038095,,0.0,0.5,1.0,nan,0.004,2.0,65,6.678883486080501,hill_alpha,vp,4,refinement,6.394212621988329,6.809451482757005,nested,16384,80,student_t,1.5,dynamic,5.893836727620134
1.5,nan,6.562842333906044,5.611389031737682,6.562842333906044,5.476305390416749,,0.0,0.5,1.0,nan,0.006,2.0,98,5.921933219127489,hill_alpha,vp,4,refinement,5.6059856860848445,6.339427020925396,nested,16384,80,student_t,1.5,dynamic,5.4155820154236505
1.5,nan,6.382355695386152,5.345996391613093,6.382355695386152,5.345996391613093,,0.0,0.5,1.0,nan,0.008,2.0,131,5.756255764279468,hill_alpha,vp,4,refinement,5.436249012375824,6.188499606572072,nested,16384,80,student_t,1.5,dynamic,5.131088502197363
1.5,nan,5.482486484690706,4.847642231917076,5.601193074697519,4.847642231917076,,0.0,0.5,1.0,nan,0.012,2.0,196,5.188027389972275,hill_alpha,vp,4,refinement,4.926665905521995,5.4872347482909785,nested,16384,80,student_t,1.5,dynamic,4.680135594662467
1.5,nan,4.845138884155881,4.407594762655757,4.845138884155881,4.260757979765229,,0.0,0.5,1.0,nan,0.018,2.0,294,4.598310978481593,hill_alpha,vp,4,refinement,4.401721291340135,4.747723617241172,nested,16384,80,student_t,1.5,dynamic,4.2182302015762705
1.5,nan,4.066072237224106,3.7780572634499796,4.157694774522055,3.7780572634499796,,0.0,0.5,1.0,nan,0.03,2.0,491,3.9621102213122525,hill_alpha,vp,4,refinement,3.860479733489196,4.069737138716024,nested,16384,80,student_t,1.5,dynamic,3.6138182314689677
1.5,nan,0.1609856229879695,0.1297081837813463,0.1609856229879695,0.11833832517909962,,0.0,0.5,1.0,nan,0.003,2.0,49,0.14738613080161894,hill_xi,vp,4,refinement,0.12925338943725642,0.1574857491791737,nested,16384,80,student_t,1.5,dynamic,6.2152116362831435
1.5,nan,0.1609189271203877,0.14604710555142317,0.1609189271203877,0.14604710555142317,,0.0,0.5,1.0,nan,0.004,2.0,65,0.14975268166221842,hill_xi,vp,4,refinement,0.14685957378206668,0.15652533760300466,nested,16384,80,student_t,1.5,dynamic,5.893836727620134
1.5,nan,0.1826048638101791,0.1581887506162133,0.1826048638101791,0.15237300381781752,,0.0,0.5,1.0,nan,0.006,2.0,98,0.16901214650846647,hill_xi,vp,4,refinement,0.15795612074427745,0.1784840310704086,nested,16384,80,student_t,1.5,dynamic,5.4155820154236505
1.5,nan,0.18705586886830305,0.1566819600359953,0.18705586886830305,0.1566819600359953,,0.0,0.5,1.0,nan,0.008,2.0,131,0.1739833641928068,hill_xi,vp,4,refinement,0.16176246662460578,0.18400523403072389,nested,16384,80,student_t,1.5,dynamic,5.131088502197363
1.5,nan,0.20628585034926028,0.1785333922012683,0.20628585034926028,0.1785333922012683,,0.0,0.5,1.0,nan,0.012,2.0,196,0.19297294798117665,hill_xi,vp,4,refinement,0.18232649463694123,0.20303354155126319,nested,16384,80,student_t,1.5,dynamic,4.680135594662467
1.5,nan,0.22713319678200386,0.20639243247909903,0.2347000239743964,0.20639243247909903,,0.0,0.5,1.0,nan,0.018,2.0,294,0.21749095972155377,hill_xi,vp,4,refinement,0.21072352881880968,0.22743586986969958,nested,16384,80,student_t,1.5,dynamic,4.2182302015762705
1.5,nan,0.26468630046301567,0.24051789614954464,0.26468630046301567,0.24051789614954464,,0.0,0.5,1.0,nan,0.03,2.0,491,0.25239320552409517,hill_xi,vp,4,refinement,0.24584074260920605,0.25916291693245663,nested,16384,80,student_t,1.5,dynamic,3.6138182314689677
1.5,0.999,0.09404840746374923,0.08411658196114263,0.09404840746374923,0.08411658196114263,,0.0,0.5,1.0,nan,0.001,2.0,0,0.08958093168131037,mass_ratio,vp,4,refinement,0.08662632599587136,0.09201716291913037,nested,16384,80,student_t,1.5,dynamic,nan
1.5,0.9987164311578874,0.1081490319775532,0.09774899666589403,0.1081490319775532,0.09644234293443715,,0.0,0.5,1.0,nan,0.0012835688421125163,2.0,0,0.09943056598927844,mass_ratio,vp,4,refinement,0.09769673051663574,0.10414412778730653,nested,16384,80,student_t,1.5,dynamic,nan
1.5,0.998352451027558,0.11877508474375106,0.1116500549155631,0.12442674244213518,0.11156199618180362,,0.0,0.5,1.0,nan,0.0016475489724420657,2.0,0,0.11243077034734475,mass_ratio,vp,4,refinement,0.11164653256621272,0.11900115105168643,nested,16384,80,student_t,1.5,dynamic,nan
1.5,0.9978852574731188,0.13839936088103844,0.1269649906419182,0.13839936088103844,0.1269649906419182,,0.0,0.5,1.0,nan,0.0021147425268811283,2.0,0,0.12929993717687993,mass_ratio,vp,4,refinement,0.12735227673161453,0.13476512575012767,nested,16384,80,student_t,1.5,dynamic,nan
1.5,0.9972855823834051,0.15450107842789218,0.1447027526975319,0.15923991815582952,0.14195285380006312,,0.0,0.5,1.0,nan,0.002714417616594907,2.0,0,0.14860744514747776,mass_ratio,vp,4,refinement,0.14459275674163316,0.15469063201700967,nested,16384,80,student_t,1.5,dynamic,nan
1.5,0.9965158581228575,0.17502870607956567,0.1626127349809772,0.17502870607956567,0.1626127349809772,,0.0,0.5,1.0,nan,0.0034841418771425405,2.0,0,0.168084812623088,mass_ratio,vp,4,refinement,0.1649329450389642,0.17200202443068258,nested,16384,80,student_t,1.5,dynamic,nan
1.5,0.9955278640450004,0.19582716605794823,0.18416250861370942,0.19582716605794823,0.18220971816372908,,0.0,0.5,1.0,nan,0.00447213595499958,2.0,0,0.18942589223842735,mass_ratio,vp,4,refinement,0.1840843969957102,0.19434363934845225,nested,16384,80,student_t,1.5,dynamic,nan
1.5,0.9942597056304714,0.22335527827420118,0.20870080569369492,0.22335527827420118,0.20870080569369492,,0.0,0.5,1.0,nan,0.005740294369528563,2.0,0,0.21121942848226605,mass_ratio,vp,4,refinement,0.2097547726432875,0.21768504236299388,nested,16384,80,student_t,1.5,dynamic,nan
1.5,0.9926319370027192,0.24530456253483474,0.23467084006983163,0.2511093883862388,0.23467084006983163,,0.0,0.5,1.0,nan,0.0073680629972807735,2.0,0,0.2378956201840441,mass_ratio,vp,4,refinement,0.23544875860494802,0.2455367555688909,nested,16384,80,student_t,1.5,dynamic,nan
1.5,0.9905425839099682,0.2801803477749288,0.2650054920262185,0.2801803477749288,0.2650054920262185,,0.0,0.5,1.0,nan,0.00945741609003176,2.0,0,0.2669013119770899,mass_ratio,vp,4,refinement,0.26518438869835814,0.2745375074962448,nested,16384,80,student_t,1.5,dynamic,nan
1.5,0.9878607553799417,0.3101193699541237,0.2957391931862624,0.3101193699541237,0.29510684677089216,,0.0,0.5,1.0,nan,0.012139244620058345,2.0,0,0.2983758731920739,mass_ratio,vp,4,refinement,0.2957138993296476,0.30544457163175165,nested,16384,80,student_t,1.5,dynamic,nan
1.5,0.9844184438389111,0.34156577685314615,0.3266146203626968,0.34156577685314615,0.3266146203626968,,0.0,0.5,1.0,nan,0.015581556161088883,2.0,0,0.33191974284598436,mass_ratio,vp,4,refinement,0.3277480971014158,0.3383486625829675,nested,16384,80,student_t,1.5,dynamic,nan
1.5,0.98,0.3727750485047888,0.36258595692898676,0.3767350743657673,0.36258595692898676,,0.0,0.5,1.0,nan,0.02,2.0,0,0.36611551372906487,mass_ratio,vp,4,refinement,0.36298437991394644,0.3729334495392279,nested,16384,80,student_t,1.5,dynamic,nan
1.5,nan,0.2836705685677374,-0.11504579115826141,0.3141289376883739,-0.3360667540525175,,0.0,0.5,1.0,nan,0.003,2.0,49,0.1795936855915478,pickands_xi,vp,4,refinement,-0.12388662967403166,0.2848889033325629,nested,16384,80,student_t,1.5,dynamic,6.237088746417025
1.5,nan,0.08182243851576837,-0.2772313080448773,0.08528931801170582,-0.2772313080448773,,0.0,0.5,1.0,nan,0.004,2.0,65,-0.0268262448100713,pickands_xi,vp,4,refinement,-0.20734897488231036,0.08178594504739276,nested,16384,80,student_t,1.5,dynamic,5.938294903063262
1.5,nan,0.04176701846922705,-0.2768019651049599,0.04176701846922705,-0.2768019651049599,,0.0,0.5,1.0,nan,0.006,2.0,98,-0.15048628855750823,pickands_xi,vp,4,refinement,-0.22031755313896578,-0.04636745612682318,nested,16384,80,student_t,1.5,dynamic,5.419918174595579
1.5,nan,0.08482732035535681,-0.18944807408961217,0.0853326558323931,-0.18944807408961217,,0.0,0.5,1.0,nan,0.008,2.0,131,0.008350813703972546,pickands_xi,vp,4,refinement,-0.13097077011237854,0.08484753377443827,nested,16384,80,student_t,1.5,dynamic,5.140735367663211
1.5,nan,0.10998974002168692,-0.030092403719884517,0.13664177969687993,-0.030092403719884517,,0.0,0.5,1.0,nan,0.012,2.0,196,0.032138178837398834,pickands_xi,vp,4,refinement,-0.024797494416754145,0.11105582160869464,nested,16384,80,student_t,1.5,dynamic,4.689890673761203
1.5,nan,0.22432616921625081,-0.039510570559671984,0.22432616921625081,-0.11256072797855059,,0.0,0.5,1.0,nan,0.018,2.0,294,0.0389017243920311,pickands_xi,vp,4,refinement,-0.04243257685642714,0.1378962617163811,nested,16384,80,student_t,1.5,dynamic,4.228697946531497
1.5,nan,0.1453497667178064,0.0627188407275891,0.1453497667178064,0.049554671512376074,,0.0,0.5,1.0,nan,0.03,2.0,491,0.10423052572242103,pickands_xi,vp,4,refinement,0.06219227395898058,0.1392193386142385,nested,16384,80,student_t,1.5,dynamic,3.6192407872057055
1.5,nan,8.15953138533739,6.10754240449727,8.15953138533739,5.921846825460761,,0.0,0.5,1.0,nan,0.003,2.0,98,6.503692379164169,hill_alpha,vp,4,refinement,6.100114581335809,7.465746772276831,nested,32768,80,student_t,1.5,dynamic,6.216896453501086
1.5,nan,7.725475263262198,5.867658561625065,7.725475263262198,5.867658561625065,,0.0,0.5,1.0,nan,0.004,2.0,131,6.29898289255291,hill_alpha,vp,4,refinement,5.936477790584943,7.178975375207228,nested,32768,80,student_t,1.5,dynamic,5.944338184625798
1.5,nan,6.217744452051382,5.906871630638494,6.419939507804646,5.906871630638494,,0.0,0.5,1.0,nan,0.006,2.0,196,5.963788066345083,hill_alpha,vp,4,refinement,5.909346081400201,6.225832254281513,nested,32768,80,student_t,1.5,dynamic,5.503925150863072
1.5,nan,6.235081726712434,5.495018298652783,6.235081726712434,5.477598955591091,,0.0,0.5,1.0,nan,0.008,2.0,262,5.552020865628803,hill_alpha,vp,4,refinement,5.4943215249303154,5.926212460871169,nested,32768,80,student_t,1.5,dynamic,5.1834577877792745
1.5,nan,5.160231573653505,4.962013088080301,5.27606503325219,4.94507869010554,,0.0,0.5,1.0,nan,0.012,2.0,393,5.011672800054941,hill_alpha,vp,4,refinement,4.961335712161311,5.164864912037452,nested,32768,80,student_t,1.5,dynamic,4.694936013637742
1.5,nan,4.6798685388595604,4.453129150435973,4.7710314257676245,4.453129150435973,,0.0,0.5,1.0,nan,0.018,2.0,589,4.538670044250832,hill_alpha,vp,4,refinement,4.470171687770787,4.683515054335883,nested,32768,80,student_t,1.5,dynamic,4.228324422526468
1.5,nan,4.090300641494884,3.8616631605112333,4.090300641494884,3.8296354637040526,,0.0,0.5,1.0,nan,0.03,2.0,983,3.9020512608676814,hill_alpha,vp,4,refinement,3.860382052638946,4.003953932497475,nested,32768,80,student_t,1.5,dynamic,3.62591006475775
1.5,nan,0.16886623877209,0.1225560577899108,0.16886623877209,0.1225560577899108,,0.0,0.5,1.0,nan,0.003,2.0,98,0.1539199824034599,hill_xi,vp,4,refinement,0.13521999112112731,0.16408278619843458,nested,32768,80,student_t,1.5,dynamic,6.216896453501086
1.5,nan,0.16849488209916252,0.14062878954366093,0.1704257310641891,0.1294418745673046,,0.0,0.5,1.0,nan,0.004,2.0,131,0.15908824519733994,hill_xi,vp,4,refinement,0.14018131294460667,0.16847455737321637,nested,32768,80,student_t,1.5,dynamic,5.944338184625798
1.5,nan,0.16929435114402622,0.1557647075621681,0.16929435114402622,0.1557647075621681,,0.0,0.5,1.0,nan,0.006,2.0,196,0.1676912935681595,hill_xi,vp,4,refinement,0.16079085855667788,0.1692234937959763,nested,32768,80,student_t,1.5,dynamic,5.503925150863072
1.5,nan,0.1825617406654572,0.16038282156203093,0.1825617406654572,0.16038282156203093,,0.0,0.5,1.0,nan,0.008,2.0,262,0.18012375255634278,hill_xi,vp,4,refinement,0.16924205471876586,0.18200792009361702,nested,32768,80,student_t,1.5,dynamic,5.1834577877792745
1.5,nan,0.20153345620879942,0.18953519217400464,0.20222125120088988,0.18953519217400464,,0.0,0.5,1.0,nan,0.012,2.0,393,0.19954268369982409,hill_xi,vp,4,refinement,0.19371335889829322,0.20156096800848305,nested,32768,80,student_t,1.5,dynamic,4.694936013637742
1.5,nan,0.2236730499926715,0.20959828405219677,0.2245611942115125,0.20959828405219677,,0.0,0.5,1.0,nan,0.018,2.0,589,0.2203556416212719,hill_xi,vp,4,refinement,0.2135957688921247,0.22370857576142517,nested,32768,80,student_t,1.5,dynamic,4.228324422526468
1.5,nan,0.261121459072972,0.24448080658309007,0.261121459072972,0.24448080658309007,,0.0,0.5,1.0,nan,0.03,2.0,983,0.25627664111954174,hill_xi,vp,4,refinement,0.2498792441065802,0.25905950950933215,nested,32768,80,student_t,1.5,dynamic,3.62591006475775
1.5,0.999,0.09333636167650493,0.08762119787686719,0.09333636167650493,0.08762119787686719,,0.0,0.5,1.0,nan,0.001,2.0,0,0.09049317498727089,mass_ratio,vp,4,refinement,0.08798440147191777,0.09298697748361578,nested,32768,80,student_t,1.5,dynamic,nan
1.5,0.9987164311578874,0.10537034403797663,0.09825299830870127,0.10609903439276128,0.09727779679323233,,0.0,0.5,1.0,nan,0.0012835688421125163,2.0,0,0.10189657462974563,mass_ratio,vp,4,refinement,0.0982139902480825,0.10536267361318997,nested,32768,80,student_t,1.5,dynamic,nan
1.5,0.998352451027558,0.11995760990206611,0.11197288103189307,0.11995760990206611,0.11197288103189307,,0.0,0.5,1.0,nan,0.0016475489724420657,2.0,0,0.11661579871858524,mass_ratio,vp,4,refinement,0.11333381396188155,0.11922120809361905,nested,32768,80,student_t,1.5,dynamic,nan
1.5,0.9978852574731188,0.13458329174922917,0.1291856686836873,0.13647009598623355,0.12751941070698858,,0.0,0.5,1.0,nan,0.0021147425268811283,2.0,0,0.13177420708630544,mass_ratio,vp,4,refinement,0.12911901836461936,0.13465876391870937,nested,32768,80,student_t,1.5,dynamic,nan
1.5,0.9972855823834051,0.15140972236613037,0.14703657864904562,0.15140972236613037,0.14703657864904562,,0.0,0.5,1.0,nan,0.002714417616594907,2.0,0,0.14989356375018537,mass_ratio,vp,4,refinement,0.1482254858016187,0.15086441192645075,nested,32768,80,student_t,1.5,dynamic,nan
1.5,0.9965158581228575,0.17227141542905827,0.167496960196804,0.17227141542905827,0.167496960196804,,0.0,0.5,1.0,nan,0.0034841418771425405,2.0,0,0.16843129240824287,mass_ratio,vp,4,refinement,0.1677722186689173,0.17060137736844422,nested,32768,80,student_t,1.5,dynamic,nan
1.5,0.9955278640450004,0.1922296558764406,0.1896250856232257,0.1930011717177949,0.1896250856232257,,0.0,0.5,1.0,nan,0.00447213595499958,2.0,0,0.1908158370518171,mass_ratio,vp,4,refinement,0.18988834087698034,0.1922605165100948,nested,32768,80,student_t,1.5,dynamic,nan
1.5,0.9942597056304714,0.21838490871268698,0.21237100138651782,0.21838490871268698,0.21237100138651782,,0.0,0.5,1.0,nan,0.005740294369528563,2.0,0,0.21413432868494436,mass_ratio,vp,4,refinement,0.21282410395525114,0.21673792483388196,nested,32768,80,student_t,1.5,dynamic,nan
1.5,0.9926319370027192,0.2452178248871796,0.24012391584695353,0.2452178248871796,0.24012391584695353,,0.0,0.5,1.0,nan,0.0073680629972807735,2.0,0,0.24085962558438162,mass_ratio,vp,4,refinement,0.2404357192973032,0.24316722644545238,nested,32768,80,student_t,1.5,dynamic,nan
1.5,0.9905425839099682,0.27385241808158867,0.2660703839419222,0.27385241808158867,0.2660703839419222,,0.0,0.5,1.0,nan,0.00945741609003176,2.0,0,0.27063185753273167,mass_ratio,vp,4,refinement,0.2680344791013191,0.2725319611823289,nested,32768,80,student_t,1.5,dynamic,nan
1.5,0.9878607553799417,0.30201142646296103,0.2979938616572173,0.3046922046040827,0.29672825512600454,,0.0,0.5,1.0,nan,0.012139244620058345,2.0,0,0.2992950582551347,mass_ratio,vp,4,refinement,0.2979432373959688,0.3021186575886059,nested,32768,80,student_t,1.5,dynamic,nan
1.5,0.9844184438389111,0.3341658112854128,0.3297545952046109,0.3354324528764643,0.3297545952046109,,0.0,0.5,1.0,nan,0.015581556161088883,2.0,0,0.33186133958622,mass_ratio,vp,4,refinement,0.3302676740558755,0.3342164769490548,nested,32768,80,student_t,1.5,dynamic,nan
1.5,0.98,0.37115247232488735,0.3654365349929058,0.37115247232488735,0.3654365349929058,,0.0,0.5,1.0,nan,0.02,2.0,0,0.367215331104802,mass_ratio,vp,4,refinement,0.3658439990459333,0.36970900261992906,nested,32768,80,student_t,1.5,dynamic,nan
1.5,nan,-0.008691578412663778,-0.29282301270780947,-0.008691578412663778,-0.29282301270780947,,0.0,0.5,1.0,nan,0.003,2.0,98,-0.1106587943285238,pickands_xi,vp,4,refinement,-0.2069668759489085,-0.056053153989120426,nested,32768,80,student_t,1.5,dynamic,6.229045770858152
1.5,nan,0.04904637457799973,-0.20457453094932865,0.04904637457799973,-0.25327045617746957,,0.0,0.5,1.0,nan,0.004,2.0,131,-0.14435691964705152,pickands_xi,vp,4,refinement,-0.2065223679584543,-0.03825679733443949,nested,32768,80,student_t,1.5,dynamic,5.9568044812913925
1.5,nan,0.027121313994694234,-0.08373058554880455,0.027121313994694234,-0.08373058554880455,,0.0,0.5,1.0,nan,0.006,2.0,196,-0.05073249161635598,pickands_xi,vp,4,refinement,-0.08075144499445171,0.002611431834612602,nested,32768,80,student_t,1.5,dynamic,5.509202103011264
1.5,nan,0.07814409622734407,-0.08489393307698796,0.07814409622734407,-0.08489393307698796,,0.0,0.5,1.0,nan,0.008,2.0,262,0.019246596571567097,pickands_xi,vp,4,refinement,-0.05607070877469045,0.07103752632158003,nested,32768,80,student_t,1.5,dynamic,5.185685984667432
1.5,nan,0.11060581502693703,0.014544671269949211,0.13404481347698644,0.014544671269949211,,0.0,0.5,1.0,nan,0.012,2.0,393,0.06781366248503487,pickands_xi,vp,4,refinement,0.030824273089101004,0.11154337496493902,nested,32768,80,student_t,1.5,dynamic,4.698826682093692
1.5,nan,0.1443522593177966,-0.03675533856774546,0.1551028616918423,-0.03675533856774546,,0.0,0.5,1.0,nan,0.018,2.0,589,0.1316909079291927,pickands_xi,vp,4,refinement,0.0431817002237969,0.14478228341275842,nested,32768,80,student_t,1.5,dynamic,4.229465941833376
1.5,nan,0.12214540982656061,0.077435098938395,0.14543337275204402,0.077435098938395,,0.0,0.5,1.0,nan,0.03,2.0,983,0.09026915934283578,pickands_xi,vp,4,refinement,0.07947306990457069,0.12307692834357994,nested,32768,80,student_t,1.5,dynamic,3.62886564870817
1.5,nan,7.397808991099425,6.617380450919296,7.483988753752332,6.606746606527349,,0.0,0.5,1.0,nan,0.003,2.0,196,7.0607921191638345,hill_alpha,vp,12,primary,6.523158756391016,7.6062990649154925,nested,65536,80,student_t,1.5,dynamic,6.281887487337273
1.5,nan,6.888105126744195,6.516038078961494,6.928739003923576,6.390669938080668,,0.0,0.5,1.0,nan,0.004,2.0,262,6.752943314129446,hill_alpha,vp,12,primary,6.246014819183318,6.982029675089205,nested,65536,80,student_t,1.5,dynamic,5.975230626292898
1.5,nan,6.185784312530625,5.965576799330194,6.21272392870048,5.921408614478825,,0.0,0.5,1.0,nan,0.006,2.0,393,6.0878902084310695,hill_alpha,vp,12,primary,5.841444267856607,6.289615516143522,nested,65536,80,student_t,1.5,dynamic,5.530745490452507
1.5,nan,5.733241307015658,5.494078081339082,5.750209455226747,5.4747477716240756,,0.0,0.5,1.0,nan,0.008,2.0,524,5.61103698541998,hill_alpha,vp,12,primary,5.4352339525338405,5.772416519075358,nested,65536,80,student_t,1.5,dynamic,5.211804266428201
1.5,nan,5.15133847157662,4.891845190953512,5.164896530046392,4.857060168691803,,0.0,0.5,1.0,nan,0.012,2.0,786,5.115183442751551,hill_alpha,vp,12,primary,4.812805596710254,5.188936217048358,nested,65536,80,student_t,1.5,dynamic,4.730422956400533
1.5,nan,4.629053803250424,4.433598084494885,4.634371201616945,4.421310038565866,,0.0,0.5,1.0,nan,0.018,2.0,1179,4.540580614613376,hill_alpha,vp,12,primary,4.390197533042884,4.708992789798149,nested,65536,80,student_t,1.5,dynamic,4.248745328752809
1.5,nan,3.9811966952700555,3.88474428565205,4.016183880418849,3.879471718041885,,0.0,0.5,1.0,nan,0.03,2.0,1966,3.9078535087207698,hill_alpha,vp,12,primary,3.860489483275833,4.057104346668098,nested,65536,80,student_t,1.5,dynamic,3.6288274781302663
1.5,nan,0.15111719923267802,0.1351751581046681,0.15136082102016657,0.13363630688665568,,0.0,0.5,1.0,nan,0.003,2.0,196,0.14165274400301275,hill_xi,vp,12,primary,0.13147928039666285,0.15336221605605618,nested,65536,80,student_t,1.5,dynamic,6.281887487337273
1.5,nan,0.15645859163517184,0.14520082941307544,0.15653835968431853,0.14433279543864208,,0.0,0.5,1.0,nan,0.004,2.0,262,0.14809119312448976,hill_xi,vp,12,primary,0.14322530815740628,0.1601069525975633,nested,65536,80,student_t,1.5,dynamic,5.975230626292898
1.5,nan,0.16766801702719641,0.16166098743117938,0.1688896262052217,0.160963019516769,,0.0,0.5,1.0,nan,0.006,2.0,393,0.16426466694295266,hill_xi,vp,12,primary,0.15902345613128974,0.17120743753520087,nested,65536,80,student_t,1.5,dynamic,5.530745490452507
1.5,nan,0.18201415873512086,0.17442140430690037,0.1826590938084553,0.17390822291333596,,0.0,0.5,1.0,nan,0.008,2.0,524,0.1782391923459029,hill_xi,vp,12,primary,0.17323812305591063,0.18399282026372052,nested,65536,80,student_t,1.5,dynamic,5.211804266428201
1.5,nan,0.20442184103644567,0.19421293335752668,0.2058964185077242,0.1936165578216404,,0.0,0.5,1.0,nan,0.012,2.0,786,0.19549674430197844,hill_xi,vp,12,primary,0.19271922166582084,0.20778157185161192,nested,65536,80,student_t,1.5,dynamic,4.730422956400533
1.5,nan,0.22555044028397286,0.21606441314528996,0.22617905456036985,0.21581018089005158,,0.0,0.5,1.0,nan,0.018,2.0,1179,0.22024420287985488,hill_xi,vp,12,primary,0.21237039875550986,0.2277935702976278,nested,65536,80,student_t,1.5,dynamic,4.248745328752809
1.5,nan,0.25746718224243914,0.25130498369495236,0.2577728873761205,0.24901457149580852,,0.0,0.5,1.0,nan,0.03,2.0,1966,0.2558949619446874,hill_xi,vp,12,primary,0.24648169188636207,0.25903452497307905,nested,65536,80,student_t,1.5,dynamic,3.6288274781302663
1.5,0.999,0.09066061149892844,0.08903926749976664,0.09125793516759775,0.08888103286905402,,0.0,0.5,1.0,nan,0.001,2.0,0,0.08959079491034844,mass_ratio,vp,12,primary,0.08859605387845446,0.09192699417163791,nested,65536,80,student_t,1.5,dynamic,nan
1.5,0.9987164311578874,0.10350872828515838,0.10163023986101456,0.10385232106442152,0.10127692983134562,,0.0,0.5,1.0,nan,0.0012835688421125163,2.0,0,0.10188674718921029,mass_ratio,vp,12,primary,0.10062536099252355,0.10449444677340226,nested,65536,80,student_t,1.5,dynamic,nan
1.5,0.998352451027558,0.1185582895620438,0.11594705602375041,0.11875710437773394,0.11548697057800827,,0.0,0.5,1.0,nan,0.0016475489724420657,2.0,0,0.11715126280797586,mass_ratio,vp,12,primary,0.11479254543085873,0.11901024406461491,nested,65536,80,student_t,1.5,dynamic,nan
1.5,0.9978852574731188,0.13378098015753023,0.13099173527946423,0.13425731255121592,0.13075971662835129,,0.0,0.5,1.0,nan,0.0021147425268811283,2.0,0,0.13259212674773876,mass_ratio,vp,12,primary,0.1304220154355215,0.13507615216056088,nested,65536,80,student_t,1.5,dynamic,nan
1.5,0.9972855823834051,0.15178995928967798,0.14866197429896633,0.15200678725548689,0.14834609823045297,,0.0,0.5,1.0,nan,0.002714417616594907,2.0,0,0.15067938130285685,mass_ratio,vp,12,primary,0.1480053435296517,0.15267317113194911,nested,65536,80,student_t,1.5,dynamic,nan
1.5,0.9965158581228575,0.17175440622570265,0.16834177422490126,0.17177621963814776,0.1680244679207171,,0.0,0.5,1.0,nan,0.0034841418771425405,2.0,0,0.17052916453002329,mass_ratio,vp,12,primary,0.16770197766454725,0.17265071610468435,nested,65536,80,student_t,1.5,dynamic,nan
1.5,0.9955278640450004,0.19369999180257733,0.1911684192209749,0.1937580365854366,0.19079197677858248,,0.0,0.5,1.0,nan,0.00447213595499958,2.0,0,0.1921660549731153,mass_ratio,vp,12,primary,0.19035045106541626,0.19389151696441306,nested,65536,80,student_t,1.5,dynamic,nan
1.5,0.9942597056304714,0.21738764968291702,0.21549457669593952,0.21772674352208748,0.21531125546326912,,0.0,0.5,1.0,nan,0.005740294369528563,2.0,0,0.21579059668468917,mass_ratio,vp,12,primary,0.21503006373656317,0.21832613002620926,nested,65536,80,student_t,1.5,dynamic,nan
1.5,0.9926319370027192,0.24412459179418095,0.24107780974539822,0.24422778806241557,0.24087738968168593,,0.0,0.5,1.0,nan,0.0073680629972807735,2.0,0,0.24307578838907445,mass_ratio,vp,12,primary,0.24050338303412427,0.24449116492409093,nested,65536,80,student_t,1.5,dynamic,nan
1.5,0.9905425839099682,0.2713875223261821,0.2695907510346363,0.2715717125863275,0.2688137667331728,,0.0,0.5,1.0,nan,0.00945741609003176,2.0,0,0.2705871633034231,mass_ratio,vp,12,primary,0.2675007936647619,0.27201958895013084,nested,65536,80,student_t,1.5,dynamic,nan
1.5,0.9878607553799417,0.3020559510183109,0.29948853368366,0.30211099715496137,0.2993027865477531,,0.0,0.5,1.0,nan,0.012139244620058345,2.0,0,0.30133829843432103,mass_ratio,vp,12,primary,0.2979466517480206,0.30222546393507993,nested,65536,80,student_t,1.5,dynamic,nan
1.5,0.9844184438389111,0.3347977569136658,0.3319113041874582,0.3348614041119048,0.3313743463187425,,0.0,0.5,1.0,nan,0.015581556161088883,2.0,0,0.3337223048959025,mass_ratio,vp,12,primary,0.330559700134682,0.33504999247791767,nested,65536,80,student_t,1.5,dynamic,nan
1.5,0.98,0.3686215583992747,0.36495413428333695,0.36929674427034165,0.3647104971734378,,0.0,0.5,1.0,nan,0.02,2.0,0,0.3671537753894967,mass_ratio,vp,12,primary,0.36440686428322067,0.37007537610910285,nested,65536,80,student_t,1.5,dynamic,nan
1.5,nan,-0.004188620961947188,-0.238176750848529,0.012540872991727778,-0.27312799461283616,,0.0,0.5,1.0,nan,0.003,2.0,196,-0.11754351216879957,pickands_xi,vp,12,primary,-0.30825571825087883,0.034693283247026155,nested,65536,80,student_t,1.5,dynamic,6.286863920000661
1.5,nan,0.03907667088316806,-0.13065389234495597,0.04134169992012854,-0.14343422413950427,,0.0,0.5,1.0,nan,0.004,2.0,262,-0.005125097413607736,pickands_xi,vp,12,primary,-0.17206759110432623,0.04363729769221789,nested,65536,80,student_t,1.5,dynamic,5.983381398232156
1.5,nan,0.017613729246468753,-0.056991403466749746,0.026336170173881727,-0.0825070296522328,,0.0,0.5,1.0,nan,0.006,2.0,393,-0.013717210241151462,pickands_xi,vp,12,primary,-0.1188351733417621,0.04743495536680914,nested,65536,80,student_t,1.5,dynamic,5.5349920174379506
1.5,nan,0.03603026848214848,-0.056801966159634856,0.04798120706936495,-0.06608079555942471,,0.0,0.5,1.0,nan,0.008,2.0,524,-0.012945105655103725,pickands_xi,vp,12,primary,-0.07561806240416125,0.07123955781839085,nested,65536,80,student_t,1.5,dynamic,5.212537163745571
1.5,nan,0.08642439055256448,0.02523965132448434,0.09671877359279596,0.02461465553732088,,0.0,0.5,1.0,nan,0.012,2.0,786,0.057716153593125076,pickands_xi,vp,12,primary,0.006456318734212003,0.1076400171070239,nested,65536,80,student_t,1.5,dynamic,4.7309050897894815
1.5,nan,0.09513880470493259,0.04271189061413581,0.10421950990508791,0.0415830204729616,,0.0,0.5,1.0,nan,0.018,2.0,1179,0.06286086673701792,pickands_xi,vp,12,primary,0.03010431760360215,0.11629049945805524,nested,65536,80,student_t,1.5,dynamic,4.249415274041863
1.5,nan,0.16839704949572581,0.1072590874961186,0.17435306379392945,0.10514575302482299,,0.0,0.5,1.0,nan,0.03,2.0,1966,0.14362220534630107,pickands_xi,vp,12,primary,0.10247718591414566,0.19364520290060191,nested,65536,80,student_t,1.5,dynamic,3.629227884908919
