section,method,valid_method,steps,seed,eta,noise_eta,lag,forward_time,pair_later_time,pair_earlier_time,metric,value,analytic_value,floor_value,hoeffding_radius
nonstationary_joint,hybrid_ei_invalid,False,1760,101,0.5,1,,,0.5,0.25,joint_ecf_rmse_to_true_reverse,0.1250747841035105,,0.00252629199931401,
nonstationary_joint,hybrid_ei_invalid,False,1760,101,0.5,1,,,0.5,0.25,joint_probe_real,-0.073638722722869476,0.010121106338732092,,
nonstationary_joint,hybrid_ei_invalid,False,1760,101,0.5,1,,,0.5,0.25,rff_mmd2_to_true_reverse,0.015487335524111745,,1.5364518912819314e-05,
nonstationary_joint,hybrid_ei_invalid,False,1760,101,0.5,1,,,1.5,0.5,joint_ecf_rmse_to_true_reverse,0.10915708993585208,,0.0027773952454666338,
nonstationary_joint,hybrid_ei_invalid,False,1760,101,0.5,1,,,1.5,0.5,joint_probe_real,0.015529554946557049,0.12601614378469431,,
nonstationary_joint,hybrid_ei_invalid,False,1760,101,0.5,1,,,1.5,0.5,rff_mmd2_to_true_reverse,0.01535580808919268,,7.9894278899317328e-06,
nonstationary_joint,hybrid_ei_invalid,False,1760,101,0.5,1,,,2.5,1.5,joint_ecf_rmse_to_true_reverse,0.079560783466068347,,0.0031538418866256905,
nonstationary_joint,hybrid_ei_invalid,False,1760,101,0.5,1,,,2.5,1.5,joint_probe_real,0.10502047503647254,0.18868518144529622,,
nonstationary_joint,hybrid_ei_invalid,False,1760,101,0.5,1,,,2.5,1.5,rff_mmd2_to_true_reverse,0.008315505622174868,,1.8912947541416258e-08,
nonstationary_joint,hybrid_ei_invalid,False,1760,1010,0.5,1,,,0.5,0.25,joint_ecf_rmse_to_true_reverse,0.12788161924516536,,0.0040408451293653851,
nonstationary_joint,hybrid_ei_invalid,False,1760,1010,0.5,1,,,0.5,0.25,joint_probe_real,-0.078033094243059403,0.010121106338732092,,
nonstationary_joint,hybrid_ei_invalid,False,1760,1010,0.5,1,,,0.5,0.25,rff_mmd2_to_true_reverse,0.016932252925110802,,2.920346448032074e-05,
nonstationary_joint,hybrid_ei_invalid,False,1760,1010,0.5,1,,,1.5,0.5,joint_ecf_rmse_to_true_reverse,0.11086731771212638,,0.0043133878727569987,
nonstationary_joint,hybrid_ei_invalid,False,1760,1010,0.5,1,,,1.5,0.5,joint_probe_real,0.015900700833328313,0.12601614378469431,,
nonstationary_joint,hybrid_ei_invalid,False,1760,1010,0.5,1,,,1.5,0.5,rff_mmd2_to_true_reverse,0.01687918174087899,,2.4033439220527697e-05,
nonstationary_joint,hybrid_ei_invalid,False,1760,1010,0.5,1,,,2.5,1.5,joint_ecf_rmse_to_true_reverse,0.078855666408799818,,0.0042067772659099426,
nonstationary_joint,hybrid_ei_invalid,False,1760,1010,0.5,1,,,2.5,1.5,joint_probe_real,0.10792643948290084,0.18868518144529622,,
nonstationary_joint,hybrid_ei_invalid,False,1760,1010,0.5,1,,,2.5,1.5,rff_mmd2_to_true_reverse,0.0088737217746239772,,1.4754362123059472e-05,
nonstationary_joint,hybrid_ei_invalid,False,1760,1111,0.5,1,,,0.5,0.25,joint_ecf_rmse_to_true_reverse,0.12561332824570809,,0.0039718545977329356,
nonstationary_joint,hybrid_ei_invalid,False,1760,1111,0.5,1,,,0.5,0.25,joint_probe_real,-0.077666498140697371,0.010121106338732092,,
nonstationary_joint,hybrid_ei_invalid,False,1760,1111,0.5,1,,,0.5,0.25,rff_mmd2_to_true_reverse,0.015552848283360454,,-1.0217119871036573e-05,
nonstationary_joint,hybrid_ei_invalid,False,1760,1111,0.5,1,,,1.5,0.5,joint_ecf_rmse_to_true_reverse,0.10811544816607643,,0.0032851192794648106,
nonstationary_joint,hybrid_ei_invalid,False,1760,1111,0.5,1,,,1.5,0.5,joint_probe_real,0.016998092008023744,0.12601614378469431,,
nonstationary_joint,hybrid_ei_invalid,False,1760,1111,0.5,1,,,1.5,0.5,rff_mmd2_to_true_reverse,0.015614825088248407,,-3.5373175633068854e-07,
nonstationary_joint,hybrid_ei_invalid,False,1760,1111,0.5,1,,,2.5,1.5,joint_ecf_rmse_to_true_reverse,0.075946840886142217,,0.0036870955987938635,
nonstationary_joint,hybrid_ei_invalid,False,1760,1111,0.5,1,,,2.5,1.5,joint_probe_real,0.10941825343397316,0.18868518144529622,,
nonstationary_joint,hybrid_ei_invalid,False,1760,1111,0.5,1,,,2.5,1.5,rff_mmd2_to_true_reverse,0.0082193788919998623,,-1.6164293793474727e-06,
nonstationary_joint,hybrid_ei_invalid,False,1760,1212,0.5,1,,,0.5,0.25,joint_ecf_rmse_to_true_reverse,0.12575372359946918,,0.00385167055324871,
nonstationary_joint,hybrid_ei_invalid,False,1760,1212,0.5,1,,,0.5,0.25,joint_probe_real,-0.078715230565186228,0.010121106338732092,,
nonstationary_joint,hybrid_ei_invalid,False,1760,1212,0.5,1,,,0.5,0.25,rff_mmd2_to_true_reverse,0.01663411358429201,,2.3310457317515798e-05,
nonstationary_joint,hybrid_ei_invalid,False,1760,1212,0.5,1,,,1.5,0.5,joint_ecf_rmse_to_true_reverse,0.10962074099965732,,0.0039181721471297348,
nonstationary_joint,hybrid_ei_invalid,False,1760,1212,0.5,1,,,1.5,0.5,joint_probe_real,0.018136806632686211,0.12601614378469431,,
nonstationary_joint,hybrid_ei_invalid,False,1760,1212,0.5,1,,,1.5,0.5,rff_mmd2_to_true_reverse,0.016251452127391097,,1.5267276571861998e-05,
nonstationary_joint,hybrid_ei_invalid,False,1760,1212,0.5,1,,,2.5,1.5,joint_ecf_rmse_to_true_reverse,0.078461413848723502,,0.0038290303256898789,
nonstationary_joint,hybrid_ei_invalid,False,1760,1212,0.5,1,,,2.5,1.5,joint_probe_real,0.10976183556594696,0.18868518144529622,,
nonstationary_joint,hybrid_ei_invalid,False,1760,1212,0.5,1,,,2.5,1.5,rff_mmd2_to_true_reverse,0.0084329421887532341,,7.2981819809747606e-06,
nonstationary_joint,hybrid_ei_invalid,False,1760,202,0.5,1,,,0.5,0.25,joint_ecf_rmse_to_true_reverse,0.12750288039135521,,0.0029958968640268363,
nonstationary_joint,hybrid_ei_invalid,False,1760,202,0.5,1,,,0.5,0.25,joint_probe_real,-0.073873173778928616,0.010121106338732092,,
nonstationary_joint,hybrid_ei_invalid,False,1760,202,0.5,1,,,0.5,0.25,rff_mmd2_to_true_reverse,0.016034157793616499,,-1.4256020561598248e-05,
nonstationary_joint,hybrid_ei_invalid,False,1760,202,0.5,1,,,1.5,0.5,joint_ecf_rmse_to_true_reverse,0.11037705087579405,,0.0035615643068631266,
nonstationary_joint,hybrid_ei_invalid,False,1760,202,0.5,1,,,1.5,0.5,joint_probe_real,0.015194340423409364,0.12601614378469431,,
nonstationary_joint,hybrid_ei_invalid,False,1760,202,0.5,1,,,1.5,0.5,rff_mmd2_to_true_reverse,0.01575609122032251,,-6.5858270734686641e-06,
nonstationary_joint,hybrid_ei_invalid,False,1760,202,0.5,1,,,2.5,1.5,joint_ecf_rmse_to_true_reverse,0.079412752882324467,,0.0031792632198934276,
nonstationary_joint,hybrid_ei_invalid,False,1760,202,0.5,1,,,2.5,1.5,joint_probe_real,0.10692139856969202,0.18868518144529622,,
nonstationary_joint,hybrid_ei_invalid,False,1760,202,0.5,1,,,2.5,1.5,rff_mmd2_to_true_reverse,0.0084201069841238763,,7.1728543882265683e-08,
nonstationary_joint,hybrid_ei_invalid,False,1760,303,0.5,1,,,0.5,0.25,joint_ecf_rmse_to_true_reverse,0.1262395370673598,,0.0045099261388012284,
nonstationary_joint,hybrid_ei_invalid,False,1760,303,0.5,1,,,0.5,0.25,joint_probe_real,-0.075783380462499217,0.010121106338732092,,
nonstationary_joint,hybrid_ei_invalid,False,1760,303,0.5,1,,,0.5,0.25,rff_mmd2_to_true_reverse,0.015946114161131009,,-8.6476638099242109e-06,
nonstationary_joint,hybrid_ei_invalid,False,1760,303,0.5,1,,,1.5,0.5,joint_ecf_rmse_to_true_reverse,0.10769938616539537,,0.0029218737180437136,
nonstationary_joint,hybrid_ei_invalid,False,1760,303,0.5,1,,,1.5,0.5,joint_probe_real,0.02164108257082804,0.12601614378469431,,
nonstationary_joint,hybrid_ei_invalid,False,1760,303,0.5,1,,,1.5,0.5,rff_mmd2_to_true_reverse,0.015800998209464456,,-9.0583740122163192e-06,
nonstationary_joint,hybrid_ei_invalid,False,1760,303,0.5,1,,,2.5,1.5,joint_ecf_rmse_to_true_reverse,0.077016272993348137,,0.003833197038711586,
nonstationary_joint,hybrid_ei_invalid,False,1760,303,0.5,1,,,2.5,1.5,joint_probe_real,0.1088246283322393,0.18868518144529622,,
nonstationary_joint,hybrid_ei_invalid,False,1760,303,0.5,1,,,2.5,1.5,rff_mmd2_to_true_reverse,0.0078688908883891573,,-6.6135727501137609e-06,
nonstationary_joint,hybrid_ei_invalid,False,1760,404,0.5,1,,,0.5,0.25,joint_ecf_rmse_to_true_reverse,0.12903830991620002,,0.0040334817625583882,
nonstationary_joint,hybrid_ei_invalid,False,1760,404,0.5,1,,,0.5,0.25,joint_probe_real,-0.082267276370256687,0.010121106338732092,,
nonstationary_joint,hybrid_ei_invalid,False,1760,404,0.5,1,,,0.5,0.25,rff_mmd2_to_true_reverse,0.017407828667782677,,8.0545117377983644e-06,
nonstationary_joint,hybrid_ei_invalid,False,1760,404,0.5,1,,,1.5,0.5,joint_ecf_rmse_to_true_reverse,0.10927575246136345,,0.0041564064037144929,
nonstationary_joint,hybrid_ei_invalid,False,1760,404,0.5,1,,,1.5,0.5,joint_probe_real,0.016827757433700383,0.12601614378469431,,
nonstationary_joint,hybrid_ei_invalid,False,1760,404,0.5,1,,,1.5,0.5,rff_mmd2_to_true_reverse,0.016348097859597455,,8.2152123933587617e-06,
nonstationary_joint,hybrid_ei_invalid,False,1760,404,0.5,1,,,2.5,1.5,joint_ecf_rmse_to_true_reverse,0.078316253750162851,,0.003253173898310288,
nonstationary_joint,hybrid_ei_invalid,False,1760,404,0.5,1,,,2.5,1.5,joint_probe_real,0.10909738759543403,0.18868518144529622,,
nonstationary_joint,hybrid_ei_invalid,False,1760,404,0.5,1,,,2.5,1.5,rff_mmd2_to_true_reverse,0.0083430691797380385,,-3.9161123367437156e-06,
nonstationary_joint,hybrid_ei_invalid,False,1760,505,0.5,1,,,0.5,0.25,joint_ecf_rmse_to_true_reverse,0.12641870219760826,,0.0023108806140676409,
nonstationary_joint,hybrid_ei_invalid,False,1760,505,0.5,1,,,0.5,0.25,joint_probe_real,-0.075042659604185713,0.010121106338732092,,
nonstationary_joint,hybrid_ei_invalid,False,1760,505,0.5,1,,,0.5,0.25,rff_mmd2_to_true_reverse,0.016534800574063979,,-1.2818851568452416e-05,
nonstationary_joint,hybrid_ei_invalid,False,1760,505,0.5,1,,,1.5,0.5,joint_ecf_rmse_to_true_reverse,0.10956865496209436,,0.002911467993588776,
nonstationary_joint,hybrid_ei_invalid,False,1760,505,0.5,1,,,1.5,0.5,joint_probe_real,0.016055821820463442,0.12601614378469431,,
nonstationary_joint,hybrid_ei_invalid,False,1760,505,0.5,1,,,1.5,0.5,rff_mmd2_to_true_reverse,0.016080855323079568,,-2.039536711295753e-06,
nonstationary_joint,hybrid_ei_invalid,False,1760,505,0.5,1,,,2.5,1.5,joint_ecf_rmse_to_true_reverse,0.079952614576004402,,0.0027976774342714063,
nonstationary_joint,hybrid_ei_invalid,False,1760,505,0.5,1,,,2.5,1.5,joint_probe_real,0.10437871313199312,0.18868518144529622,,
nonstationary_joint,hybrid_ei_invalid,False,1760,505,0.5,1,,,2.5,1.5,rff_mmd2_to_true_reverse,0.0085012251257962079,,8.6312094293994335e-06,
nonstationary_joint,hybrid_ei_invalid,False,1760,606,0.5,1,,,0.5,0.25,joint_ecf_rmse_to_true_reverse,0.12755022184385212,,0.0033314248463237137,
nonstationary_joint,hybrid_ei_invalid,False,1760,606,0.5,1,,,0.5,0.25,joint_probe_real,-0.078594157566275386,0.010121106338732092,,
nonstationary_joint,hybrid_ei_invalid,False,1760,606,0.5,1,,,0.5,0.25,rff_mmd2_to_true_reverse,0.016111526652365038,,-1.5040480466299577e-05,
nonstationary_joint,hybrid_ei_invalid,False,1760,606,0.5,1,,,1.5,0.5,joint_ecf_rmse_to_true_reverse,0.10932042141665187,,0.0033521308528540981,
nonstationary_joint,hybrid_ei_invalid,False,1760,606,0.5,1,,,1.5,0.5,joint_probe_real,0.019267499734301283,0.12601614378469431,,
nonstationary_joint,hybrid_ei_invalid,False,1760,606,0.5,1,,,1.5,0.5,rff_mmd2_to_true_reverse,0.015532289544756828,,-9.0591694953401358e-06,
nonstationary_joint,hybrid_ei_invalid,False,1760,606,0.5,1,,,2.5,1.5,joint_ecf_rmse_to_true_reverse,0.079154013493643788,,0.0033097064391645007,
nonstationary_joint,hybrid_ei_invalid,False,1760,606,0.5,1,,,2.5,1.5,joint_probe_real,0.10514890870448976,0.18868518144529622,,
nonstationary_joint,hybrid_ei_invalid,False,1760,606,0.5,1,,,2.5,1.5,rff_mmd2_to_true_reverse,0.0084398002961728613,,-1.1835161463080723e-05,
nonstationary_joint,hybrid_ei_invalid,False,1760,707,0.5,1,,,0.5,0.25,joint_ecf_rmse_to_true_reverse,0.12959363925036163,,0.0028969732847592103,
nonstationary_joint,hybrid_ei_invalid,False,1760,707,0.5,1,,,0.5,0.25,joint_probe_real,-0.078393089383517064,0.010121106338732092,,
nonstationary_joint,hybrid_ei_invalid,False,1760,707,0.5,1,,,0.5,0.25,rff_mmd2_to_true_reverse,0.017047792904028469,,7.819062242453434e-06,
nonstationary_joint,hybrid_ei_invalid,False,1760,707,0.5,1,,,1.5,0.5,joint_ecf_rmse_to_true_reverse,0.10976037373424152,,0.0028202995267702521,
nonstationary_joint,hybrid_ei_invalid,False,1760,707,0.5,1,,,1.5,0.5,joint_probe_real,0.017195207906680294,0.12601614378469431,,
nonstationary_joint,hybrid_ei_invalid,False,1760,707,0.5,1,,,1.5,0.5,rff_mmd2_to_true_reverse,0.016058896517229693,,7.8742342880522287e-06,
nonstationary_joint,hybrid_ei_invalid,False,1760,707,0.5,1,,,2.5,1.5,joint_ecf_rmse_to_true_reverse,0.079048642096658669,,0.0031431844243213478,
nonstationary_joint,hybrid_ei_invalid,False,1760,707,0.5,1,,,2.5,1.5,joint_probe_real,0.10911439798551648,0.18868518144529622,,
nonstationary_joint,hybrid_ei_invalid,False,1760,707,0.5,1,,,2.5,1.5,rff_mmd2_to_true_reverse,0.0087076104041279301,,-3.6836136838580558e-06,
nonstationary_joint,hybrid_ei_invalid,False,1760,808,0.5,1,,,0.5,0.25,joint_ecf_rmse_to_true_reverse,0.1251961018238946,,0.0036615267500288576,
nonstationary_joint,hybrid_ei_invalid,False,1760,808,0.5,1,,,0.5,0.25,joint_probe_real,-0.077195391680361797,0.010121106338732092,,
nonstationary_joint,hybrid_ei_invalid,False,1760,808,0.5,1,,,0.5,0.25,rff_mmd2_to_true_reverse,0.016459323738655662,,-1.3404454852761205e-05,
nonstationary_joint,hybrid_ei_invalid,False,1760,808,0.5,1,,,1.5,0.5,joint_ecf_rmse_to_true_reverse,0.10877168219973914,,0.0034824086410239941,
nonstationary_joint,hybrid_ei_invalid,False,1760,808,0.5,1,,,1.5,0.5,joint_probe_real,0.017187716748469268,0.12601614378469431,,
nonstationary_joint,hybrid_ei_invalid,False,1760,808,0.5,1,,,1.5,0.5,rff_mmd2_to_true_reverse,0.016060200303925631,,8.6888897202763715e-06,
nonstationary_joint,hybrid_ei_invalid,False,1760,808,0.5,1,,,2.5,1.5,joint_ecf_rmse_to_true_reverse,0.079252809471291,,0.0031601192219620363,
nonstationary_joint,hybrid_ei_invalid,False,1760,808,0.5,1,,,2.5,1.5,joint_probe_real,0.1023657424532215,0.18868518144529622,,
nonstationary_joint,hybrid_ei_invalid,False,1760,808,0.5,1,,,2.5,1.5,rff_mmd2_to_true_reverse,0.0083049290935213183,,3.7761168918404309e-06,
nonstationary_joint,hybrid_ei_invalid,False,1760,909,0.5,1,,,0.5,0.25,joint_ecf_rmse_to_true_reverse,0.12797627779618131,,0.0024187667295153511,
nonstationary_joint,hybrid_ei_invalid,False,1760,909,0.5,1,,,0.5,0.25,joint_probe_real,-0.079186125248161127,0.010121106338732092,,
nonstationary_joint,hybrid_ei_invalid,False,1760,909,0.5,1,,,0.5,0.25,rff_mmd2_to_true_reverse,0.016584680509786009,,5.7790688721137684e-06,
nonstationary_joint,hybrid_ei_invalid,False,1760,909,0.5,1,,,1.5,0.5,joint_ecf_rmse_to_true_reverse,0.11195491327660058,,0.0029950941007171501,
nonstationary_joint,hybrid_ei_invalid,False,1760,909,0.5,1,,,1.5,0.5,joint_probe_real,0.011397809514059085,0.12601614378469431,,
nonstationary_joint,hybrid_ei_invalid,False,1760,909,0.5,1,,,1.5,0.5,rff_mmd2_to_true_reverse,0.016294840445661762,,-5.1566894361254612e-06,
nonstationary_joint,hybrid_ei_invalid,False,1760,909,0.5,1,,,2.5,1.5,joint_ecf_rmse_to_true_reverse,0.079618487415326261,,0.0028994508505123646,
nonstationary_joint,hybrid_ei_invalid,False,1760,909,0.5,1,,,2.5,1.5,joint_probe_real,0.10490491974601387,0.18868518144529622,,
nonstationary_joint,hybrid_ei_invalid,False,1760,909,0.5,1,,,2.5,1.5,rff_mmd2_to_true_reverse,0.0082742176478014517,,-6.372836086621092e-07,
nonstationary_joint,hybrid_ei_invalid,False,3520,101,0.5,1,,,0.5,0.25,joint_ecf_rmse_to_true_reverse,0.12508222437650138,,0.00252629199931401,
nonstationary_joint,hybrid_ei_invalid,False,3520,101,0.5,1,,,0.5,0.25,joint_probe_real,-0.073684342577992945,0.010121106338732092,,
nonstationary_joint,hybrid_ei_invalid,False,3520,101,0.5,1,,,0.5,0.25,rff_mmd2_to_true_reverse,0.015500127541244857,,1.5364518912819314e-05,
nonstationary_joint,hybrid_ei_invalid,False,3520,101,0.5,1,,,1.5,0.5,joint_ecf_rmse_to_true_reverse,0.10916774081410056,,0.0027773952454666338,
nonstationary_joint,hybrid_ei_invalid,False,3520,101,0.5,1,,,1.5,0.5,joint_probe_real,0.015497141880913565,0.12601614378469431,,
nonstationary_joint,hybrid_ei_invalid,False,3520,101,0.5,1,,,1.5,0.5,rff_mmd2_to_true_reverse,0.01536310906848759,,7.9894278899317328e-06,
nonstationary_joint,hybrid_ei_invalid,False,3520,101,0.5,1,,,2.5,1.5,joint_ecf_rmse_to_true_reverse,0.079567250534997302,,0.0031538418866256905,
nonstationary_joint,hybrid_ei_invalid,False,3520,101,0.5,1,,,2.5,1.5,joint_probe_real,0.10501524218181424,0.18868518144529622,,
nonstationary_joint,hybrid_ei_invalid,False,3520,101,0.5,1,,,2.5,1.5,rff_mmd2_to_true_reverse,0.0083162410484003413,,1.8912947541416258e-08,
nonstationary_joint,hybrid_ei_invalid,False,3520,1010,0.5,1,,,0.5,0.25,joint_ecf_rmse_to_true_reverse,0.12789011724948865,,0.0040408451293653851,
nonstationary_joint,hybrid_ei_invalid,False,3520,1010,0.5,1,,,0.5,0.25,joint_probe_real,-0.078082594244825942,0.010121106338732092,,
nonstationary_joint,hybrid_ei_invalid,False,3520,1010,0.5,1,,,0.5,0.25,rff_mmd2_to_true_reverse,0.016946581849191733,,2.920346448032074e-05,
nonstationary_joint,hybrid_ei_invalid,False,3520,1010,0.5,1,,,1.5,0.5,joint_ecf_rmse_to_true_reverse,0.11087990193838103,,0.0043133878727569987,
nonstationary_joint,hybrid_ei_invalid,False,3520,1010,0.5,1,,,1.5,0.5,joint_probe_real,0.015852946320146943,0.12601614378469431,,
nonstationary_joint,hybrid_ei_invalid,False,3520,1010,0.5,1,,,1.5,0.5,rff_mmd2_to_true_reverse,0.016887042066397351,,2.4033439220527697e-05,
nonstationary_joint,hybrid_ei_invalid,False,3520,1010,0.5,1,,,2.5,1.5,joint_ecf_rmse_to_true_reverse,0.07886355256848307,,0.0042067772659099426,
nonstationary_joint,hybrid_ei_invalid,False,3520,1010,0.5,1,,,2.5,1.5,joint_probe_real,0.10792387943405683,0.18868518144529622,,
nonstationary_joint,hybrid_ei_invalid,False,3520,1010,0.5,1,,,2.5,1.5,rff_mmd2_to_true_reverse,0.008874496019128153,,1.4754362123059472e-05,
nonstationary_joint,hybrid_ei_invalid,False,3520,1111,0.5,1,,,0.5,0.25,joint_ecf_rmse_to_true_reverse,0.12562216086064715,,0.0039718545977329356,
nonstationary_joint,hybrid_ei_invalid,False,3520,1111,0.5,1,,,0.5,0.25,joint_probe_real,-0.077718014535573865,0.010121106338732092,,
nonstationary_joint,hybrid_ei_invalid,False,3520,1111,0.5,1,,,0.5,0.25,rff_mmd2_to_true_reverse,0.015565831761624405,,-1.0217119871036573e-05,
nonstationary_joint,hybrid_ei_invalid,False,3520,1111,0.5,1,,,1.5,0.5,joint_ecf_rmse_to_true_reverse,0.10813010053700994,,0.0032851192794648106,
nonstationary_joint,hybrid_ei_invalid,False,3520,1111,0.5,1,,,1.5,0.5,joint_probe_real,0.016958458879160147,0.12601614378469431,,
nonstationary_joint,hybrid_ei_invalid,False,3520,1111,0.5,1,,,1.5,0.5,rff_mmd2_to_true_reverse,0.01562250504506002,,-3.5373175633068854e-07,
nonstationary_joint,hybrid_ei_invalid,False,3520,1111,0.5,1,,,2.5,1.5,joint_ecf_rmse_to_true_reverse,0.075952920333378166,,0.0036870955987938635,
nonstationary_joint,hybrid_ei_invalid,False,3520,1111,0.5,1,,,2.5,1.5,joint_probe_real,0.10941035943727936,0.18868518144529622,,
nonstationary_joint,hybrid_ei_invalid,False,3520,1111,0.5,1,,,2.5,1.5,rff_mmd2_to_true_reverse,0.0082200815662388793,,-1.6164293793474727e-06,
nonstationary_joint,hybrid_ei_invalid,False,3520,1212,0.5,1,,,0.5,0.25,joint_ecf_rmse_to_true_reverse,0.12575968822567202,,0.00385167055324871,
nonstationary_joint,hybrid_ei_invalid,False,3520,1212,0.5,1,,,0.5,0.25,joint_probe_real,-0.078765528579644487,0.010121106338732092,,
nonstationary_joint,hybrid_ei_invalid,False,3520,1212,0.5,1,,,0.5,0.25,rff_mmd2_to_true_reverse,0.01664766086677838,,2.3310457317515798e-05,
nonstationary_joint,hybrid_ei_invalid,False,3520,1212,0.5,1,,,1.5,0.5,joint_ecf_rmse_to_true_reverse,0.10963313782412186,,0.0039181721471297348,
nonstationary_joint,hybrid_ei_invalid,False,3520,1212,0.5,1,,,1.5,0.5,joint_probe_real,0.018101296799891833,0.12601614378469431,,
nonstationary_joint,hybrid_ei_invalid,False,3520,1212,0.5,1,,,1.5,0.5,rff_mmd2_to_true_reverse,0.016258975371450712,,1.5267276571861998e-05,
nonstationary_joint,hybrid_ei_invalid,False,3520,1212,0.5,1,,,2.5,1.5,joint_ecf_rmse_to_true_reverse,0.078467945195934488,,0.0038290303256898789,
nonstationary_joint,hybrid_ei_invalid,False,3520,1212,0.5,1,,,2.5,1.5,joint_probe_real,0.10975632583881173,0.18868518144529622,,
nonstationary_joint,hybrid_ei_invalid,False,3520,1212,0.5,1,,,2.5,1.5,rff_mmd2_to_true_reverse,0.008433591905799509,,7.2981819809747606e-06,
nonstationary_joint,hybrid_ei_invalid,False,3520,202,0.5,1,,,0.5,0.25,joint_ecf_rmse_to_true_reverse,0.12750683736933199,,0.0029958968640268363,
nonstationary_joint,hybrid_ei_invalid,False,3520,202,0.5,1,,,0.5,0.25,joint_probe_real,-0.073928920348284605,0.010121106338732092,,
nonstationary_joint,hybrid_ei_invalid,False,3520,202,0.5,1,,,0.5,0.25,rff_mmd2_to_true_reverse,0.016047134242114014,,-1.4256020561598248e-05,
nonstationary_joint,hybrid_ei_invalid,False,3520,202,0.5,1,,,1.5,0.5,joint_ecf_rmse_to_true_reverse,0.11038798090659853,,0.0035615643068631266,
nonstationary_joint,hybrid_ei_invalid,False,3520,202,0.5,1,,,1.5,0.5,joint_probe_real,0.015158557473420301,0.12601614378469431,,
nonstationary_joint,hybrid_ei_invalid,False,3520,202,0.5,1,,,1.5,0.5,rff_mmd2_to_true_reverse,0.015763341556559562,,-6.5858270734686641e-06,
nonstationary_joint,hybrid_ei_invalid,False,3520,202,0.5,1,,,2.5,1.5,joint_ecf_rmse_to_true_reverse,0.079419337814991789,,0.0031792632198934276,
nonstationary_joint,hybrid_ei_invalid,False,3520,202,0.5,1,,,2.5,1.5,joint_probe_real,0.10691469989638586,0.18868518144529622,,
nonstationary_joint,hybrid_ei_invalid,False,3520,202,0.5,1,,,2.5,1.5,rff_mmd2_to_true_reverse,0.0084208412295253554,,7.1728543882265683e-08,
nonstationary_joint,hybrid_ei_invalid,False,3520,303,0.5,1,,,0.5,0.25,joint_ecf_rmse_to_true_reverse,0.12624552251178703,,0.0045099261388012284,
nonstationary_joint,hybrid_ei_invalid,False,3520,303,0.5,1,,,0.5,0.25,joint_probe_real,-0.075842783353734206,0.010121106338732092,,
nonstationary_joint,hybrid_ei_invalid,False,3520,303,0.5,1,,,0.5,0.25,rff_mmd2_to_true_reverse,0.01595869313636511,,-8.6476638099242109e-06,
nonstationary_joint,hybrid_ei_invalid,False,3520,303,0.5,1,,,1.5,0.5,joint_ecf_rmse_to_true_reverse,0.10770901527473493,,0.0029218737180437136,
nonstationary_joint,hybrid_ei_invalid,False,3520,303,0.5,1,,,1.5,0.5,joint_probe_real,0.021610620089650104,0.12601614378469431,,
nonstationary_joint,hybrid_ei_invalid,False,3520,303,0.5,1,,,1.5,0.5,rff_mmd2_to_true_reverse,0.015808663085923103,,-9.0583740122163192e-06,
nonstationary_joint,hybrid_ei_invalid,False,3520,303,0.5,1,,,2.5,1.5,joint_ecf_rmse_to_true_reverse,0.077022865500391377,,0.003833197038711586,
nonstationary_joint,hybrid_ei_invalid,False,3520,303,0.5,1,,,2.5,1.5,joint_probe_real,0.1088190688301941,0.18868518144529622,,
nonstationary_joint,hybrid_ei_invalid,False,3520,303,0.5,1,,,2.5,1.5,rff_mmd2_to_true_reverse,0.0078695781943881604,,-6.6135727501137609e-06,
nonstationary_joint,hybrid_ei_invalid,False,3520,404,0.5,1,,,0.5,0.25,joint_ecf_rmse_to_true_reverse,0.12905032362122626,,0.0040334817625583882,
nonstationary_joint,hybrid_ei_invalid,False,3520,404,0.5,1,,,0.5,0.25,joint_probe_real,-0.082341562051719663,0.010121106338732092,,
nonstationary_joint,hybrid_ei_invalid,False,3520,404,0.5,1,,,0.5,0.25,rff_mmd2_to_true_reverse,0.017422488253111434,,8.0545117377983644e-06,
nonstationary_joint,hybrid_ei_invalid,False,3520,404,0.5,1,,,1.5,0.5,joint_ecf_rmse_to_true_reverse,0.10928981191038634,,0.0041564064037144929,
nonstationary_joint,hybrid_ei_invalid,False,3520,404,0.5,1,,,1.5,0.5,joint_probe_real,0.01679444174051389,0.12601614378469431,,
nonstationary_joint,hybrid_ei_invalid,False,3520,404,0.5,1,,,1.5,0.5,rff_mmd2_to_true_reverse,0.016356200461053128,,8.2152123933587617e-06,
nonstationary_joint,hybrid_ei_invalid,False,3520,404,0.5,1,,,2.5,1.5,joint_ecf_rmse_to_true_reverse,0.078322668130224191,,0.003253173898310288,
nonstationary_joint,hybrid_ei_invalid,False,3520,404,0.5,1,,,2.5,1.5,joint_probe_real,0.10908076121087101,0.18868518144529622,,
nonstationary_joint,hybrid_ei_invalid,False,3520,404,0.5,1,,,2.5,1.5,rff_mmd2_to_true_reverse,0.008343696497110642,,-3.9161123367437156e-06,
nonstationary_joint,hybrid_ei_invalid,False,3520,505,0.5,1,,,0.5,0.25,joint_ecf_rmse_to_true_reverse,0.12643220912458339,,0.0023108806140676409,
nonstationary_joint,hybrid_ei_invalid,False,3520,505,0.5,1,,,0.5,0.25,joint_probe_real,-0.075088231603317124,0.010121106338732092,,
nonstationary_joint,hybrid_ei_invalid,False,3520,505,0.5,1,,,0.5,0.25,rff_mmd2_to_true_reverse,0.016549453337577069,,-1.2818851568452416e-05,
nonstationary_joint,hybrid_ei_invalid,False,3520,505,0.5,1,,,1.5,0.5,joint_ecf_rmse_to_true_reverse,0.10958394385318397,,0.002911467993588776,
nonstationary_joint,hybrid_ei_invalid,False,3520,505,0.5,1,,,1.5,0.5,joint_probe_real,0.016013149571586324,0.12601614378469431,,
nonstationary_joint,hybrid_ei_invalid,False,3520,505,0.5,1,,,1.5,0.5,rff_mmd2_to_true_reverse,0.016088777494789763,,-2.039536711295753e-06,
nonstationary_joint,hybrid_ei_invalid,False,3520,505,0.5,1,,,2.5,1.5,joint_ecf_rmse_to_true_reverse,0.079957800384315575,,0.0027976774342714063,
nonstationary_joint,hybrid_ei_invalid,False,3520,505,0.5,1,,,2.5,1.5,joint_probe_real,0.10437323567252438,0.18868518144529622,,
nonstationary_joint,hybrid_ei_invalid,False,3520,505,0.5,1,,,2.5,1.5,rff_mmd2_to_true_reverse,0.0085019037222573424,,8.6312094293994335e-06,
nonstationary_joint,hybrid_ei_invalid,False,3520,606,0.5,1,,,0.5,0.25,joint_ecf_rmse_to_true_reverse,0.12756130900264848,,0.0033314248463237137,
nonstationary_joint,hybrid_ei_invalid,False,3520,606,0.5,1,,,0.5,0.25,joint_probe_real,-0.078642771575703457,0.010121106338732092,,
nonstationary_joint,hybrid_ei_invalid,False,3520,606,0.5,1,,,0.5,0.25,rff_mmd2_to_true_reverse,0.016126053598432888,,-1.5040480466299577e-05,
nonstationary_joint,hybrid_ei_invalid,False,3520,606,0.5,1,,,1.5,0.5,joint_ecf_rmse_to_true_reverse,0.10933287375776568,,0.0033521308528540981,
nonstationary_joint,hybrid_ei_invalid,False,3520,606,0.5,1,,,1.5,0.5,joint_probe_real,0.019224584072217062,0.12601614378469431,,
nonstationary_joint,hybrid_ei_invalid,False,3520,606,0.5,1,,,1.5,0.5,rff_mmd2_to_true_reverse,0.015539693735291404,,-9.0591694953401358e-06,
nonstationary_joint,hybrid_ei_invalid,False,3520,606,0.5,1,,,2.5,1.5,joint_ecf_rmse_to_true_reverse,0.079160429643651359,,0.0033097064391645007,
nonstationary_joint,hybrid_ei_invalid,False,3520,606,0.5,1,,,2.5,1.5,joint_probe_real,0.10514149090976055,0.18868518144529622,,
nonstationary_joint,hybrid_ei_invalid,False,3520,606,0.5,1,,,2.5,1.5,rff_mmd2_to_true_reverse,0.008440519501528243,,-1.1835161463080723e-05,
nonstationary_joint,hybrid_ei_invalid,False,3520,707,0.5,1,,,0.5,0.25,joint_ecf_rmse_to_true_reverse,0.1295950658689842,,0.0028969732847592103,
nonstationary_joint,hybrid_ei_invalid,False,3520,707,0.5,1,,,0.5,0.25,joint_probe_real,-0.078447845396486374,0.010121106338732092,,
nonstationary_joint,hybrid_ei_invalid,False,3520,707,0.5,1,,,0.5,0.25,rff_mmd2_to_true_reverse,0.017062144931291989,,7.819062242453434e-06,
nonstationary_joint,hybrid_ei_invalid,False,3520,707,0.5,1,,,1.5,0.5,joint_ecf_rmse_to_true_reverse,0.10977093113959968,,0.0028202995267702521,
nonstationary_joint,hybrid_ei_invalid,False,3520,707,0.5,1,,,1.5,0.5,joint_probe_real,0.017131305645807966,0.12601614378469431,,
nonstationary_joint,hybrid_ei_invalid,False,3520,707,0.5,1,,,1.5,0.5,rff_mmd2_to_true_reverse,0.016066060585967934,,7.8742342880522287e-06,
nonstationary_joint,hybrid_ei_invalid,False,3520,707,0.5,1,,,2.5,1.5,joint_ecf_rmse_to_true_reverse,0.079056862300203645,,0.0031431844243213478,
nonstationary_joint,hybrid_ei_invalid,False,3520,707,0.5,1,,,2.5,1.5,joint_probe_real,0.10911327866857003,0.18868518144529622,,
nonstationary_joint,hybrid_ei_invalid,False,3520,707,0.5,1,,,2.5,1.5,rff_mmd2_to_true_reverse,0.0087083145903420478,,-3.6836136838580558e-06,
nonstationary_joint,hybrid_ei_invalid,False,3520,808,0.5,1,,,0.5,0.25,joint_ecf_rmse_to_true_reverse,0.12520326342721097,,0.0036615267500288576,
nonstationary_joint,hybrid_ei_invalid,False,3520,808,0.5,1,,,0.5,0.25,joint_probe_real,-0.077209020126943237,0.010121106338732092,,
nonstationary_joint,hybrid_ei_invalid,False,3520,808,0.5,1,,,0.5,0.25,rff_mmd2_to_true_reverse,0.016473447359436566,,-1.3404454852761205e-05,
nonstationary_joint,hybrid_ei_invalid,False,3520,808,0.5,1,,,1.5,0.5,joint_ecf_rmse_to_true_reverse,0.10878626913314916,,0.0034824086410239941,
nonstationary_joint,hybrid_ei_invalid,False,3520,808,0.5,1,,,1.5,0.5,joint_probe_real,0.017152147375194264,0.12601614378469431,,
nonstationary_joint,hybrid_ei_invalid,False,3520,808,0.5,1,,,1.5,0.5,rff_mmd2_to_true_reverse,0.016067717162023376,,8.6888897202763715e-06,
nonstationary_joint,hybrid_ei_invalid,False,3520,808,0.5,1,,,2.5,1.5,joint_ecf_rmse_to_true_reverse,0.079259440059453554,,0.0031601192219620363,
nonstationary_joint,hybrid_ei_invalid,False,3520,808,0.5,1,,,2.5,1.5,joint_probe_real,0.10236001251742205,0.18868518144529622,,
nonstationary_joint,hybrid_ei_invalid,False,3520,808,0.5,1,,,2.5,1.5,rff_mmd2_to_true_reverse,0.0083056192753185876,,3.7761168918404309e-06,
nonstationary_joint,hybrid_ei_invalid,False,3520,909,0.5,1,,,0.5,0.25,joint_ecf_rmse_to_true_reverse,0.12798747671870825,,0.0024187667295153511,
nonstationary_joint,hybrid_ei_invalid,False,3520,909,0.5,1,,,0.5,0.25,joint_probe_real,-0.079233506450516134,0.010121106338732092,,
nonstationary_joint,hybrid_ei_invalid,False,3520,909,0.5,1,,,0.5,0.25,rff_mmd2_to_true_reverse,0.016597484839246612,,5.7790688721137684e-06,
nonstationary_joint,hybrid_ei_invalid,False,3520,909,0.5,1,,,1.5,0.5,joint_ecf_rmse_to_true_reverse,0.11196848305730703,,0.0029950941007171501,
nonstationary_joint,hybrid_ei_invalid,False,3520,909,0.5,1,,,1.5,0.5,joint_probe_real,0.011356407506685824,0.12601614378469431,,
nonstationary_joint,hybrid_ei_invalid,False,3520,909,0.5,1,,,1.5,0.5,rff_mmd2_to_true_reverse,0.016302128779374203,,-5.1566894361254612e-06,
nonstationary_joint,hybrid_ei_invalid,False,3520,909,0.5,1,,,2.5,1.5,joint_ecf_rmse_to_true_reverse,0.079625136313240405,,0.0028994508505123646,
nonstationary_joint,hybrid_ei_invalid,False,3520,909,0.5,1,,,2.5,1.5,joint_probe_real,0.10490004211511411,0.18868518144529622,,
nonstationary_joint,hybrid_ei_invalid,False,3520,909,0.5,1,,,2.5,1.5,rff_mmd2_to_true_reverse,0.0082750308902856951,,-6.372836086621092e-07,
nonstationary_joint,popov_ei,True,1760,101,0.25,0.25,,,0.5,0.25,joint_ecf_rmse_to_true_reverse,0.055229755510635116,,0.00252629199931401,
nonstationary_joint,popov_ei,True,1760,101,0.25,0.25,,,0.5,0.25,joint_probe_real,0.017895438581482577,0.010121106338732092,,
nonstationary_joint,popov_ei,True,1760,101,0.25,0.25,,,0.5,0.25,rff_mmd2_to_true_reverse,0.00053352279822926896,,1.5364518912819314e-05,
nonstationary_joint,popov_ei,True,1760,101,0.25,0.25,,,1.5,0.5,joint_ecf_rmse_to_true_reverse,0.12377169717684258,,0.0027773952454666338,
nonstationary_joint,popov_ei,True,1760,101,0.25,0.25,,,1.5,0.5,joint_probe_real,0.11033696458327266,0.12601614378469431,,
nonstationary_joint,popov_ei,True,1760,101,0.25,0.25,,,1.5,0.5,rff_mmd2_to_true_reverse,0.0048493604644885835,,7.9894278899317328e-06,
nonstationary_joint,popov_ei,True,1760,101,0.25,0.25,,,2.5,1.5,joint_ecf_rmse_to_true_reverse,0.12593552145905645,,0.0031538418866256905,
nonstationary_joint,popov_ei,True,1760,101,0.25,0.25,,,2.5,1.5,joint_probe_real,0.16347038332989186,0.18868518144529622,,
nonstationary_joint,popov_ei,True,1760,101,0.25,0.25,,,2.5,1.5,rff_mmd2_to_true_reverse,0.00500888962928836,,1.8912947541416258e-08,
nonstationary_joint,popov_ei,True,1760,1010,0.25,0.25,,,0.5,0.25,joint_ecf_rmse_to_true_reverse,0.054462742953057655,,0.0040408451293653851,
nonstationary_joint,popov_ei,True,1760,1010,0.25,0.25,,,0.5,0.25,joint_probe_real,0.011402176661800146,0.010121106338732092,,
nonstationary_joint,popov_ei,True,1760,1010,0.25,0.25,,,0.5,0.25,rff_mmd2_to_true_reverse,0.00050483771661591348,,2.920346448032074e-05,
nonstationary_joint,popov_ei,True,1760,1010,0.25,0.25,,,1.5,0.5,joint_ecf_rmse_to_true_reverse,0.12303053705509928,,0.0043133878727569987,
nonstationary_joint,popov_ei,True,1760,1010,0.25,0.25,,,1.5,0.5,joint_probe_real,0.10835266925111825,0.12601614378469431,,
nonstationary_joint,popov_ei,True,1760,1010,0.25,0.25,,,1.5,0.5,rff_mmd2_to_true_reverse,0.004907524348591652,,2.4033439220527697e-05,
nonstationary_joint,popov_ei,True,1760,1010,0.25,0.25,,,2.5,1.5,joint_ecf_rmse_to_true_reverse,0.12664827842149592,,0.0042067772659099426,
nonstationary_joint,popov_ei,True,1760,1010,0.25,0.25,,,2.5,1.5,joint_probe_real,0.16491177584385067,0.18868518144529622,,
nonstationary_joint,popov_ei,True,1760,1010,0.25,0.25,,,2.5,1.5,rff_mmd2_to_true_reverse,0.0051920426781474349,,1.4754362123059472e-05,
nonstationary_joint,popov_ei,True,1760,1111,0.25,0.25,,,0.5,0.25,joint_ecf_rmse_to_true_reverse,0.054176351422624815,,0.0039718545977329356,
nonstationary_joint,popov_ei,True,1760,1111,0.25,0.25,,,0.5,0.25,joint_probe_real,0.011889977414272487,0.010121106338732092,,
nonstationary_joint,popov_ei,True,1760,1111,0.25,0.25,,,0.5,0.25,rff_mmd2_to_true_reverse,0.00051201430836744777,,-1.0217119871036573e-05,
nonstationary_joint,popov_ei,True,1760,1111,0.25,0.25,,,1.5,0.5,joint_ecf_rmse_to_true_reverse,0.12317533930197661,,0.0032851192794648106,
nonstationary_joint,popov_ei,True,1760,1111,0.25,0.25,,,1.5,0.5,joint_probe_real,0.11064589671261042,0.12601614378469431,,
nonstationary_joint,popov_ei,True,1760,1111,0.25,0.25,,,1.5,0.5,rff_mmd2_to_true_reverse,0.004774926539542812,,-3.5373175633068854e-07,
nonstationary_joint,popov_ei,True,1760,1111,0.25,0.25,,,2.5,1.5,joint_ecf_rmse_to_true_reverse,0.12735871699903856,,0.0036870955987938635,
nonstationary_joint,popov_ei,True,1760,1111,0.25,0.25,,,2.5,1.5,joint_probe_real,0.17089086994518346,0.18868518144529622,,
nonstationary_joint,popov_ei,True,1760,1111,0.25,0.25,,,2.5,1.5,rff_mmd2_to_true_reverse,0.0052238532638638757,,-1.6164293793474727e-06,
nonstationary_joint,popov_ei,True,1760,1212,0.25,0.25,,,0.5,0.25,joint_ecf_rmse_to_true_reverse,0.055182466250987439,,0.00385167055324871,
nonstationary_joint,popov_ei,True,1760,1212,0.25,0.25,,,0.5,0.25,joint_probe_real,0.0161502564237367,0.010121106338732092,,
nonstationary_joint,popov_ei,True,1760,1212,0.25,0.25,,,0.5,0.25,rff_mmd2_to_true_reverse,0.00048084168532003257,,2.3310457317515798e-05,
nonstationary_joint,popov_ei,True,1760,1212,0.25,0.25,,,1.5,0.5,joint_ecf_rmse_to_true_reverse,0.12406158573714007,,0.0039181721471297348,
nonstationary_joint,popov_ei,True,1760,1212,0.25,0.25,,,1.5,0.5,joint_probe_real,0.10959939762299734,0.12601614378469431,,
nonstationary_joint,popov_ei,True,1760,1212,0.25,0.25,,,1.5,0.5,rff_mmd2_to_true_reverse,0.0047328336044709651,,1.5267276571861998e-05,
nonstationary_joint,popov_ei,True,1760,1212,0.25,0.25,,,2.5,1.5,joint_ecf_rmse_to_true_reverse,0.12620799014121745,,0.0038290303256898789,
nonstationary_joint,popov_ei,True,1760,1212,0.25,0.25,,,2.5,1.5,joint_probe_real,0.16721332666792688,0.18868518144529622,,
nonstationary_joint,popov_ei,True,1760,1212,0.25,0.25,,,2.5,1.5,rff_mmd2_to_true_reverse,0.0051076575358133258,,7.2981819809747606e-06,
nonstationary_joint,popov_ei,True,1760,202,0.25,0.25,,,0.5,0.25,joint_ecf_rmse_to_true_reverse,0.05364534830264208,,0.0029958968640268363,
nonstationary_joint,popov_ei,True,1760,202,0.25,0.25,,,0.5,0.25,joint_probe_real,0.014793011703676242,0.010121106338732092,,
nonstationary_joint,popov_ei,True,1760,202,0.25,0.25,,,0.5,0.25,rff_mmd2_to_true_reverse,0.00050091917557304466,,-1.4256020561598248e-05,
nonstationary_joint,popov_ei,True,1760,202,0.25,0.25,,,1.5,0.5,joint_ecf_rmse_to_true_reverse,0.1231354009500661,,0.0035615643068631266,
nonstationary_joint,popov_ei,True,1760,202,0.25,0.25,,,1.5,0.5,joint_probe_real,0.11018502826970315,0.12601614378469431,,
nonstationary_joint,popov_ei,True,1760,202,0.25,0.25,,,1.5,0.5,rff_mmd2_to_true_reverse,0.0049345832257408073,,-6.5858270734686641e-06,
nonstationary_joint,popov_ei,True,1760,202,0.25,0.25,,,2.5,1.5,joint_ecf_rmse_to_true_reverse,0.12621650648476895,,0.0031792632198934276,
nonstationary_joint,popov_ei,True,1760,202,0.25,0.25,,,2.5,1.5,joint_probe_real,0.16646094208442877,0.18868518144529622,,
nonstationary_joint,popov_ei,True,1760,202,0.25,0.25,,,2.5,1.5,rff_mmd2_to_true_reverse,0.0051921592729504695,,7.1728543882265683e-08,
nonstationary_joint,popov_ei,True,1760,303,0.25,0.25,,,0.5,0.25,joint_ecf_rmse_to_true_reverse,0.05429083285225763,,0.0045099261388012284,
nonstationary_joint,popov_ei,True,1760,303,0.25,0.25,,,0.5,0.25,joint_probe_real,0.01467199296395193,0.010121106338732092,,
nonstationary_joint,popov_ei,True,1760,303,0.25,0.25,,,0.5,0.25,rff_mmd2_to_true_reverse,0.00055183379702150592,,-8.6476638099242109e-06,
nonstationary_joint,popov_ei,True,1760,303,0.25,0.25,,,1.5,0.5,joint_ecf_rmse_to_true_reverse,0.12330328688437729,,0.0029218737180437136,
nonstationary_joint,popov_ei,True,1760,303,0.25,0.25,,,1.5,0.5,joint_probe_real,0.10918108581012355,0.12601614378469431,,
nonstationary_joint,popov_ei,True,1760,303,0.25,0.25,,,1.5,0.5,rff_mmd2_to_true_reverse,0.0047720228144717547,,-9.0583740122163192e-06,
nonstationary_joint,popov_ei,True,1760,303,0.25,0.25,,,2.5,1.5,joint_ecf_rmse_to_true_reverse,0.12752841291310504,,0.003833197038711586,
nonstationary_joint,popov_ei,True,1760,303,0.25,0.25,,,2.5,1.5,joint_probe_real,0.16565896090424098,0.18868518144529622,,
nonstationary_joint,popov_ei,True,1760,303,0.25,0.25,,,2.5,1.5,rff_mmd2_to_true_reverse,0.0052480062885954526,,-6.6135727501137609e-06,
nonstationary_joint,popov_ei,True,1760,404,0.25,0.25,,,0.5,0.25,joint_ecf_rmse_to_true_reverse,0.05388105037344839,,0.0040334817625583882,
nonstationary_joint,popov_ei,True,1760,404,0.25,0.25,,,0.5,0.25,joint_probe_real,0.010922131666886175,0.010121106338732092,,
nonstationary_joint,popov_ei,True,1760,404,0.25,0.25,,,0.5,0.25,rff_mmd2_to_true_reverse,0.00047176743763444051,,8.0545117377983644e-06,
nonstationary_joint,popov_ei,True,1760,404,0.25,0.25,,,1.5,0.5,joint_ecf_rmse_to_true_reverse,0.12326817580891426,,0.0041564064037144929,
nonstationary_joint,popov_ei,True,1760,404,0.25,0.25,,,1.5,0.5,joint_probe_real,0.11309291356265722,0.12601614378469431,,
nonstationary_joint,popov_ei,True,1760,404,0.25,0.25,,,1.5,0.5,rff_mmd2_to_true_reverse,0.0047456128604552728,,8.2152123933587617e-06,
nonstationary_joint,popov_ei,True,1760,404,0.25,0.25,,,2.5,1.5,joint_ecf_rmse_to_true_reverse,0.12632303420519952,,0.003253173898310288,
nonstationary_joint,popov_ei,True,1760,404,0.25,0.25,,,2.5,1.5,joint_probe_real,0.16668793835799645,0.18868518144529622,,
nonstationary_joint,popov_ei,True,1760,404,0.25,0.25,,,2.5,1.5,rff_mmd2_to_true_reverse,0.0049746204890138701,,-3.9161123367437156e-06,
nonstationary_joint,popov_ei,True,1760,505,0.25,0.25,,,0.5,0.25,joint_ecf_rmse_to_true_reverse,0.053828003165575206,,0.0023108806140676409,
nonstationary_joint,popov_ei,True,1760,505,0.25,0.25,,,0.5,0.25,joint_probe_real,0.011892974854795247,0.010121106338732092,,
nonstationary_joint,popov_ei,True,1760,505,0.25,0.25,,,0.5,0.25,rff_mmd2_to_true_reverse,0.00050803888293937671,,-1.2818851568452416e-05,
nonstationary_joint,popov_ei,True,1760,505,0.25,0.25,,,1.5,0.5,joint_ecf_rmse_to_true_reverse,0.12190997172719203,,0.002911467993588776,
nonstationary_joint,popov_ei,True,1760,505,0.25,0.25,,,1.5,0.5,joint_probe_real,0.10773548273614694,0.12601614378469431,,
nonstationary_joint,popov_ei,True,1760,505,0.25,0.25,,,1.5,0.5,rff_mmd2_to_true_reverse,0.004719904780719153,,-2.039536711295753e-06,
nonstationary_joint,popov_ei,True,1760,505,0.25,0.25,,,2.5,1.5,joint_ecf_rmse_to_true_reverse,0.12651827723955544,,0.0027976774342714063,
nonstationary_joint,popov_ei,True,1760,505,0.25,0.25,,,2.5,1.5,joint_probe_real,0.16121938568528732,0.18868518144529622,,
nonstationary_joint,popov_ei,True,1760,505,0.25,0.25,,,2.5,1.5,rff_mmd2_to_true_reverse,0.0051547642454189413,,8.6312094293994335e-06,
nonstationary_joint,popov_ei,True,1760,606,0.25,0.25,,,0.5,0.25,joint_ecf_rmse_to_true_reverse,0.054058339272441788,,0.0033314248463237137,
nonstationary_joint,popov_ei,True,1760,606,0.25,0.25,,,0.5,0.25,joint_probe_real,0.013969392103803885,0.010121106338732092,,
nonstationary_joint,popov_ei,True,1760,606,0.25,0.25,,,0.5,0.25,rff_mmd2_to_true_reverse,0.00048667674209412759,,-1.5040480466299577e-05,
nonstationary_joint,popov_ei,True,1760,606,0.25,0.25,,,1.5,0.5,joint_ecf_rmse_to_true_reverse,0.12241879123084709,,0.0033521308528540981,
nonstationary_joint,popov_ei,True,1760,606,0.25,0.25,,,1.5,0.5,joint_probe_real,0.11278991717364603,0.12601614378469431,,
nonstationary_joint,popov_ei,True,1760,606,0.25,0.25,,,1.5,0.5,rff_mmd2_to_true_reverse,0.0046816276418988334,,-9.0591694953401358e-06,
nonstationary_joint,popov_ei,True,1760,606,0.25,0.25,,,2.5,1.5,joint_ecf_rmse_to_true_reverse,0.12646455591459282,,0.0033097064391645007,
nonstationary_joint,popov_ei,True,1760,606,0.25,0.25,,,2.5,1.5,joint_probe_real,0.16517005987282285,0.18868518144529622,,
nonstationary_joint,popov_ei,True,1760,606,0.25,0.25,,,2.5,1.5,rff_mmd2_to_true_reverse,0.0051079514068361753,,-1.1835161463080723e-05,
nonstationary_joint,popov_ei,True,1760,707,0.25,0.25,,,0.5,0.25,joint_ecf_rmse_to_true_reverse,0.053913033252002134,,0.0028969732847592103,
nonstationary_joint,popov_ei,True,1760,707,0.25,0.25,,,0.5,0.25,joint_probe_real,0.010758929015867632,0.010121106338732092,,
nonstationary_joint,popov_ei,True,1760,707,0.25,0.25,,,0.5,0.25,rff_mmd2_to_true_reverse,0.00048233340206427222,,7.819062242453434e-06,
nonstationary_joint,popov_ei,True,1760,707,0.25,0.25,,,1.5,0.5,joint_ecf_rmse_to_true_reverse,0.12271986573751466,,0.0028202995267702521,
nonstationary_joint,popov_ei,True,1760,707,0.25,0.25,,,1.5,0.5,joint_probe_real,0.10717208610394946,0.12601614378469431,,
nonstationary_joint,popov_ei,True,1760,707,0.25,0.25,,,1.5,0.5,rff_mmd2_to_true_reverse,0.0046633376394636938,,7.8742342880522287e-06,
nonstationary_joint,popov_ei,True,1760,707,0.25,0.25,,,2.5,1.5,joint_ecf_rmse_to_true_reverse,0.12632052672166638,,0.0031431844243213478,
nonstationary_joint,popov_ei,True,1760,707,0.25,0.25,,,2.5,1.5,joint_probe_real,0.16343829244855351,0.18868518144529622,,
nonstationary_joint,popov_ei,True,1760,707,0.25,0.25,,,2.5,1.5,rff_mmd2_to_true_reverse,0.0050835146022463196,,-3.6836136838580558e-06,
nonstationary_joint,popov_ei,True,1760,808,0.25,0.25,,,0.5,0.25,joint_ecf_rmse_to_true_reverse,0.054453629038798024,,0.0036615267500288576,
nonstationary_joint,popov_ei,True,1760,808,0.25,0.25,,,0.5,0.25,joint_probe_real,0.013138734925475622,0.010121106338732092,,
nonstationary_joint,popov_ei,True,1760,808,0.25,0.25,,,0.5,0.25,rff_mmd2_to_true_reverse,0.00050044331687237875,,-1.3404454852761205e-05,
nonstationary_joint,popov_ei,True,1760,808,0.25,0.25,,,1.5,0.5,joint_ecf_rmse_to_true_reverse,0.12283611590551148,,0.0034824086410239941,
nonstationary_joint,popov_ei,True,1760,808,0.25,0.25,,,1.5,0.5,joint_probe_real,0.10492795017268783,0.12601614378469431,,
nonstationary_joint,popov_ei,True,1760,808,0.25,0.25,,,1.5,0.5,rff_mmd2_to_true_reverse,0.0046841284428602581,,8.6888897202763715e-06,
nonstationary_joint,popov_ei,True,1760,808,0.25,0.25,,,2.5,1.5,joint_ecf_rmse_to_true_reverse,0.1266453635994936,,0.0031601192219620363,
nonstationary_joint,popov_ei,True,1760,808,0.25,0.25,,,2.5,1.5,joint_probe_real,0.16132374885839945,0.18868518144529622,,
nonstationary_joint,popov_ei,True,1760,808,0.25,0.25,,,2.5,1.5,rff_mmd2_to_true_reverse,0.0052139339099719351,,3.7761168918404309e-06,
nonstationary_joint,popov_ei,True,1760,909,0.25,0.25,,,0.5,0.25,joint_ecf_rmse_to_true_reverse,0.054531897895424224,,0.0024187667295153511,
nonstationary_joint,popov_ei,True,1760,909,0.25,0.25,,,0.5,0.25,joint_probe_real,0.010850214970147008,0.010121106338732092,,
nonstationary_joint,popov_ei,True,1760,909,0.25,0.25,,,0.5,0.25,rff_mmd2_to_true_reverse,0.00054173880957453235,,5.7790688721137684e-06,
nonstationary_joint,popov_ei,True,1760,909,0.25,0.25,,,1.5,0.5,joint_ecf_rmse_to_true_reverse,0.12271957041080413,,0.0029950941007171501,
nonstationary_joint,popov_ei,True,1760,909,0.25,0.25,,,1.5,0.5,joint_probe_real,0.10504928957093723,0.12601614378469431,,
nonstationary_joint,popov_ei,True,1760,909,0.25,0.25,,,1.5,0.5,rff_mmd2_to_true_reverse,0.0047837470275825522,,-5.1566894361254612e-06,
nonstationary_joint,popov_ei,True,1760,909,0.25,0.25,,,2.5,1.5,joint_ecf_rmse_to_true_reverse,0.12651452843586425,,0.0028994508505123646,
nonstationary_joint,popov_ei,True,1760,909,0.25,0.25,,,2.5,1.5,joint_probe_real,0.16209670505046081,0.18868518144529622,,
nonstationary_joint,popov_ei,True,1760,909,0.25,0.25,,,2.5,1.5,rff_mmd2_to_true_reverse,0.0051487906234953806,,-6.372836086621092e-07,
nonstationary_joint,popov_ei,True,1760,101,0.5,0.5,,,0.5,0.25,joint_ecf_rmse_to_true_reverse,0.03990506461660541,,0.00252629199931401,
nonstationary_joint,popov_ei,True,1760,101,0.5,0.5,,,0.5,0.25,joint_probe_real,0.019357588101830161,0.010121106338732092,,
nonstationary_joint,popov_ei,True,1760,101,0.5,0.5,,,0.5,0.25,rff_mmd2_to_true_reverse,0.00029839580540480526,,1.5364518912819314e-05,
nonstationary_joint,popov_ei,True,1760,101,0.5,0.5,,,1.5,0.5,joint_ecf_rmse_to_true_reverse,0.076040746913649745,,0.0027773952454666338,
nonstationary_joint,popov_ei,True,1760,101,0.5,0.5,,,1.5,0.5,joint_probe_real,0.12229966288805243,0.12601614378469431,,
nonstationary_joint,popov_ei,True,1760,101,0.5,0.5,,,1.5,0.5,rff_mmd2_to_true_reverse,0.0021616118780503069,,7.9894278899317328e-06,
nonstationary_joint,popov_ei,True,1760,101,0.5,0.5,,,2.5,1.5,joint_ecf_rmse_to_true_reverse,0.077783686920348427,,0.0031538418866256905,
nonstationary_joint,popov_ei,True,1760,101,0.5,0.5,,,2.5,1.5,joint_probe_real,0.17508074407545027,0.18868518144529622,,
nonstationary_joint,popov_ei,True,1760,101,0.5,0.5,,,2.5,1.5,rff_mmd2_to_true_reverse,0.0021999208220702116,,1.8912947541416258e-08,
nonstationary_joint,popov_ei,True,1760,1010,0.5,0.5,,,0.5,0.25,joint_ecf_rmse_to_true_reverse,0.03838744383081593,,0.0040408451293653851,
nonstationary_joint,popov_ei,True,1760,1010,0.5,0.5,,,0.5,0.25,joint_probe_real,0.010750108860176091,0.010121106338732092,,
nonstationary_joint,popov_ei,True,1760,1010,0.5,0.5,,,0.5,0.25,rff_mmd2_to_true_reverse,0.00025252583450519062,,2.920346448032074e-05,
nonstationary_joint,popov_ei,True,1760,1010,0.5,0.5,,,1.5,0.5,joint_ecf_rmse_to_true_reverse,0.074901355560952246,,0.0043133878727569987,
nonstationary_joint,popov_ei,True,1760,1010,0.5,0.5,,,1.5,0.5,joint_probe_real,0.1192005360095038,0.12601614378469431,,
nonstationary_joint,popov_ei,True,1760,1010,0.5,0.5,,,1.5,0.5,rff_mmd2_to_true_reverse,0.0021308569557840773,,2.4033439220527697e-05,
nonstationary_joint,popov_ei,True,1760,1010,0.5,0.5,,,2.5,1.5,joint_ecf_rmse_to_true_reverse,0.079098613230837181,,0.0042067772659099426,
nonstationary_joint,popov_ei,True,1760,1010,0.5,0.5,,,2.5,1.5,joint_probe_real,0.17723600226605779,0.18868518144529622,,
nonstationary_joint,popov_ei,True,1760,1010,0.5,0.5,,,2.5,1.5,rff_mmd2_to_true_reverse,0.0023505432237802548,,1.4754362123059472e-05,
nonstationary_joint,popov_ei,True,1760,1111,0.5,0.5,,,0.5,0.25,joint_ecf_rmse_to_true_reverse,0.038301785484592697,,0.0039718545977329356,
nonstationary_joint,popov_ei,True,1760,1111,0.5,0.5,,,0.5,0.25,joint_probe_real,0.012944827512716271,0.010121106338732092,,
nonstationary_joint,popov_ei,True,1760,1111,0.5,0.5,,,0.5,0.25,rff_mmd2_to_true_reverse,0.00027529908215095933,,-1.0217119871036573e-05,
nonstationary_joint,popov_ei,True,1760,1111,0.5,0.5,,,1.5,0.5,joint_ecf_rmse_to_true_reverse,0.074514898983706709,,0.0032851192794648106,
nonstationary_joint,popov_ei,True,1760,1111,0.5,0.5,,,1.5,0.5,joint_probe_real,0.12156056706187648,0.12601614378469431,,
nonstationary_joint,popov_ei,True,1760,1111,0.5,0.5,,,1.5,0.5,rff_mmd2_to_true_reverse,0.00208844916972728,,-3.5373175633068854e-07,
nonstationary_joint,popov_ei,True,1760,1111,0.5,0.5,,,2.5,1.5,joint_ecf_rmse_to_true_reverse,0.078842070494785602,,0.0036870955987938635,
nonstationary_joint,popov_ei,True,1760,1111,0.5,0.5,,,2.5,1.5,joint_probe_real,0.18147166071318876,0.18868518144529622,,
nonstationary_joint,popov_ei,True,1760,1111,0.5,0.5,,,2.5,1.5,rff_mmd2_to_true_reverse,0.0022972193220716086,,-1.6164293793474727e-06,
nonstationary_joint,popov_ei,True,1760,1212,0.5,0.5,,,0.5,0.25,joint_ecf_rmse_to_true_reverse,0.038930940455990645,,0.00385167055324871,
nonstationary_joint,popov_ei,True,1760,1212,0.5,0.5,,,0.5,0.25,joint_probe_real,0.015958870318395112,0.010121106338732092,,
nonstationary_joint,popov_ei,True,1760,1212,0.5,0.5,,,0.5,0.25,rff_mmd2_to_true_reverse,0.00024050403448083735,,2.3310457317515798e-05,
nonstationary_joint,popov_ei,True,1760,1212,0.5,0.5,,,1.5,0.5,joint_ecf_rmse_to_true_reverse,0.07602181064066435,,0.0039181721471297348,
nonstationary_joint,popov_ei,True,1760,1212,0.5,0.5,,,1.5,0.5,joint_probe_real,0.12043067250409141,0.12601614378469431,,
nonstationary_joint,popov_ei,True,1760,1212,0.5,0.5,,,1.5,0.5,rff_mmd2_to_true_reverse,0.0020720560707349067,,1.5267276571861998e-05,
nonstationary_joint,popov_ei,True,1760,1212,0.5,0.5,,,2.5,1.5,joint_ecf_rmse_to_true_reverse,0.07796454257509873,,0.0038290303256898789,
nonstationary_joint,popov_ei,True,1760,1212,0.5,0.5,,,2.5,1.5,joint_probe_real,0.17965176394010773,0.18868518144529622,,
nonstationary_joint,popov_ei,True,1760,1212,0.5,0.5,,,2.5,1.5,rff_mmd2_to_true_reverse,0.002252557401857036,,7.2981819809747606e-06,
nonstationary_joint,popov_ei,True,1760,202,0.5,0.5,,,0.5,0.25,joint_ecf_rmse_to_true_reverse,0.03769135094594709,,0.0029958968640268363,
nonstationary_joint,popov_ei,True,1760,202,0.5,0.5,,,0.5,0.25,joint_probe_real,0.016500640745804644,0.010121106338732092,,
nonstationary_joint,popov_ei,True,1760,202,0.5,0.5,,,0.5,0.25,rff_mmd2_to_true_reverse,0.00025531237622544722,,-1.4256020561598248e-05,
nonstationary_joint,popov_ei,True,1760,202,0.5,0.5,,,1.5,0.5,joint_ecf_rmse_to_true_reverse,0.074661590334124547,,0.0035615643068631266,
nonstationary_joint,popov_ei,True,1760,202,0.5,0.5,,,1.5,0.5,joint_probe_real,0.11992364856577267,0.12601614378469431,,
nonstationary_joint,popov_ei,True,1760,202,0.5,0.5,,,1.5,0.5,rff_mmd2_to_true_reverse,0.0021546371098953854,,-6.5858270734686641e-06,
nonstationary_joint,popov_ei,True,1760,202,0.5,0.5,,,2.5,1.5,joint_ecf_rmse_to_true_reverse,0.078196059370248233,,0.0031792632198934276,
nonstationary_joint,popov_ei,True,1760,202,0.5,0.5,,,2.5,1.5,joint_probe_real,0.17739990806402137,0.18868518144529622,,
nonstationary_joint,popov_ei,True,1760,202,0.5,0.5,,,2.5,1.5,rff_mmd2_to_true_reverse,0.0023128975785148276,,7.1728543882265683e-08,
nonstationary_joint,popov_ei,True,1760,303,0.5,0.5,,,0.5,0.25,joint_ecf_rmse_to_true_reverse,0.038412739606357757,,0.0045099261388012284,
nonstationary_joint,popov_ei,True,1760,303,0.5,0.5,,,0.5,0.25,joint_probe_real,0.016053085955241436,0.010121106338732092,,
nonstationary_joint,popov_ei,True,1760,303,0.5,0.5,,,0.5,0.25,rff_mmd2_to_true_reverse,0.00028606819633347769,,-8.6476638099242109e-06,
nonstationary_joint,popov_ei,True,1760,303,0.5,0.5,,,1.5,0.5,joint_ecf_rmse_to_true_reverse,0.075641044063176552,,0.0029218737180437136,
nonstationary_joint,popov_ei,True,1760,303,0.5,0.5,,,1.5,0.5,joint_probe_real,0.12250449724401553,0.12601614378469431,,
nonstationary_joint,popov_ei,True,1760,303,0.5,0.5,,,1.5,0.5,rff_mmd2_to_true_reverse,0.0020948880848512541,,-9.0583740122163192e-06,
nonstationary_joint,popov_ei,True,1760,303,0.5,0.5,,,2.5,1.5,joint_ecf_rmse_to_true_reverse,0.079921428942160297,,0.003833197038711586,
nonstationary_joint,popov_ei,True,1760,303,0.5,0.5,,,2.5,1.5,joint_probe_real,0.17714237690336573,0.18868518144529622,,
nonstationary_joint,popov_ei,True,1760,303,0.5,0.5,,,2.5,1.5,rff_mmd2_to_true_reverse,0.0023723756991669287,,-6.6135727501137609e-06,
nonstationary_joint,popov_ei,True,1760,404,0.5,0.5,,,0.5,0.25,joint_ecf_rmse_to_true_reverse,0.037887556764428273,,0.0040334817625583882,
nonstationary_joint,popov_ei,True,1760,404,0.5,0.5,,,0.5,0.25,joint_probe_real,0.0092189601427853391,0.010121106338732092,,
nonstationary_joint,popov_ei,True,1760,404,0.5,0.5,,,0.5,0.25,rff_mmd2_to_true_reverse,0.0002389623613953118,,8.0545117377983644e-06,
nonstationary_joint,popov_ei,True,1760,404,0.5,0.5,,,1.5,0.5,joint_ecf_rmse_to_true_reverse,0.074915187848663314,,0.0041564064037144929,
nonstationary_joint,popov_ei,True,1760,404,0.5,0.5,,,1.5,0.5,joint_probe_real,0.12218249591538065,0.12601614378469431,,
nonstationary_joint,popov_ei,True,1760,404,0.5,0.5,,,1.5,0.5,rff_mmd2_to_true_reverse,0.0020948553935155045,,8.2152123933587617e-06,
nonstationary_joint,popov_ei,True,1760,404,0.5,0.5,,,2.5,1.5,joint_ecf_rmse_to_true_reverse,0.078396965457328868,,0.003253173898310288,
nonstationary_joint,popov_ei,True,1760,404,0.5,0.5,,,2.5,1.5,joint_probe_real,0.17763694873248095,0.18868518144529622,,
nonstationary_joint,popov_ei,True,1760,404,0.5,0.5,,,2.5,1.5,rff_mmd2_to_true_reverse,0.0021871419049193097,,-3.9161123367437156e-06,
nonstationary_joint,popov_ei,True,1760,505,0.5,0.5,,,0.5,0.25,joint_ecf_rmse_to_true_reverse,0.038115673077400186,,0.0023108806140676409,
nonstationary_joint,popov_ei,True,1760,505,0.5,0.5,,,0.5,0.25,joint_probe_real,0.013521051637221306,0.010121106338732092,,
nonstationary_joint,popov_ei,True,1760,505,0.5,0.5,,,0.5,0.25,rff_mmd2_to_true_reverse,0.00026027423240282399,,-1.2818851568452416e-05,
nonstationary_joint,popov_ei,True,1760,505,0.5,0.5,,,1.5,0.5,joint_ecf_rmse_to_true_reverse,0.073939512261802745,,0.002911467993588776,
nonstationary_joint,popov_ei,True,1760,505,0.5,0.5,,,1.5,0.5,joint_probe_real,0.11925726391117952,0.12601614378469431,,
nonstationary_joint,popov_ei,True,1760,505,0.5,0.5,,,1.5,0.5,rff_mmd2_to_true_reverse,0.0020252320647830002,,-2.039536711295753e-06,
nonstationary_joint,popov_ei,True,1760,505,0.5,0.5,,,2.5,1.5,joint_ecf_rmse_to_true_reverse,0.078697102624393153,,0.0027976774342714063,
nonstationary_joint,popov_ei,True,1760,505,0.5,0.5,,,2.5,1.5,joint_probe_real,0.1718751085374309,0.18868518144529622,,
nonstationary_joint,popov_ei,True,1760,505,0.5,0.5,,,2.5,1.5,rff_mmd2_to_true_reverse,0.0023122586066427475,,8.6312094293994335e-06,
nonstationary_joint,popov_ei,True,1760,606,0.5,0.5,,,0.5,0.25,joint_ecf_rmse_to_true_reverse,0.038391713711535914,,0.0033314248463237137,
nonstationary_joint,popov_ei,True,1760,606,0.5,0.5,,,0.5,0.25,joint_probe_real,0.014181372690806937,0.010121106338732092,,
nonstationary_joint,popov_ei,True,1760,606,0.5,0.5,,,0.5,0.25,rff_mmd2_to_true_reverse,0.00025323565454571373,,-1.5040480466299577e-05,
nonstationary_joint,popov_ei,True,1760,606,0.5,0.5,,,1.5,0.5,joint_ecf_rmse_to_true_reverse,0.074802669669817176,,0.0033521308528540981,
nonstationary_joint,popov_ei,True,1760,606,0.5,0.5,,,1.5,0.5,joint_probe_real,0.12514769169479179,0.12601614378469431,,
nonstationary_joint,popov_ei,True,1760,606,0.5,0.5,,,1.5,0.5,rff_mmd2_to_true_reverse,0.0020312174810273032,,-9.0591694953401358e-06,
nonstationary_joint,popov_ei,True,1760,606,0.5,0.5,,,2.5,1.5,joint_ecf_rmse_to_true_reverse,0.078774188749716118,,0.0033097064391645007,
nonstationary_joint,popov_ei,True,1760,606,0.5,0.5,,,2.5,1.5,joint_probe_real,0.17602050881183173,0.18868518144529622,,
nonstationary_joint,popov_ei,True,1760,606,0.5,0.5,,,2.5,1.5,rff_mmd2_to_true_reverse,0.0022752894674047397,,-1.1835161463080723e-05,
nonstationary_joint,popov_ei,True,1760,707,0.5,0.5,,,0.5,0.25,joint_ecf_rmse_to_true_reverse,0.037917606816890215,,0.0028969732847592103,
nonstationary_joint,popov_ei,True,1760,707,0.5,0.5,,,0.5,0.25,joint_probe_real,0.01261533489306957,0.010121106338732092,,
nonstationary_joint,popov_ei,True,1760,707,0.5,0.5,,,0.5,0.25,rff_mmd2_to_true_reverse,0.00023562225693574135,,7.819062242453434e-06,
nonstationary_joint,popov_ei,True,1760,707,0.5,0.5,,,1.5,0.5,joint_ecf_rmse_to_true_reverse,0.075020583699919555,,0.0028202995267702521,
nonstationary_joint,popov_ei,True,1760,707,0.5,0.5,,,1.5,0.5,joint_probe_real,0.11985824913415964,0.12601614378469431,,
nonstationary_joint,popov_ei,True,1760,707,0.5,0.5,,,1.5,0.5,rff_mmd2_to_true_reverse,0.0020210835659737469,,7.8742342880522287e-06,
nonstationary_joint,popov_ei,True,1760,707,0.5,0.5,,,2.5,1.5,joint_ecf_rmse_to_true_reverse,0.078557486753732406,,0.0031431844243213478,
nonstationary_joint,popov_ei,True,1760,707,0.5,0.5,,,2.5,1.5,joint_probe_real,0.17687729851108469,0.18868518144529622,,
nonstationary_joint,popov_ei,True,1760,707,0.5,0.5,,,2.5,1.5,rff_mmd2_to_true_reverse,0.0022436611460098232,,-3.6836136838580558e-06,
nonstationary_joint,popov_ei,True,1760,808,0.5,0.5,,,0.5,0.25,joint_ecf_rmse_to_true_reverse,0.038592726522930713,,0.0036615267500288576,
nonstationary_joint,popov_ei,True,1760,808,0.5,0.5,,,0.5,0.25,joint_probe_real,0.015179797422659501,0.010121106338732092,,
nonstationary_joint,popov_ei,True,1760,808,0.5,0.5,,,0.5,0.25,rff_mmd2_to_true_reverse,0.00024621657862300417,,-1.3404454852761205e-05,
nonstationary_joint,popov_ei,True,1760,808,0.5,0.5,,,1.5,0.5,joint_ecf_rmse_to_true_reverse,0.074654099983325922,,0.0034824086410239941,
nonstationary_joint,popov_ei,True,1760,808,0.5,0.5,,,1.5,0.5,joint_probe_real,0.118504345380317,0.12601614378469431,,
nonstationary_joint,popov_ei,True,1760,808,0.5,0.5,,,1.5,0.5,rff_mmd2_to_true_reverse,0.0019839115272002328,,8.6888897202763715e-06,
nonstationary_joint,popov_ei,True,1760,808,0.5,0.5,,,2.5,1.5,joint_ecf_rmse_to_true_reverse,0.078587090221990868,,0.0031601192219620363,
nonstationary_joint,popov_ei,True,1760,808,0.5,0.5,,,2.5,1.5,joint_probe_real,0.17115609138589605,0.18868518144529622,,
nonstationary_joint,popov_ei,True,1760,808,0.5,0.5,,,2.5,1.5,rff_mmd2_to_true_reverse,0.0023041242991732602,,3.7761168918404309e-06,
nonstationary_joint,popov_ei,True,1760,909,0.5,0.5,,,0.5,0.25,joint_ecf_rmse_to_true_reverse,0.038162943679966727,,0.0024187667295153511,
nonstationary_joint,popov_ei,True,1760,909,0.5,0.5,,,0.5,0.25,joint_probe_real,0.0095264580318598496,0.010121106338732092,,
nonstationary_joint,popov_ei,True,1760,909,0.5,0.5,,,0.5,0.25,rff_mmd2_to_true_reverse,0.00026840482762602313,,5.7790688721137684e-06,
nonstationary_joint,popov_ei,True,1760,909,0.5,0.5,,,1.5,0.5,joint_ecf_rmse_to_true_reverse,0.074718600256230297,,0.0029950941007171501,
nonstationary_joint,popov_ei,True,1760,909,0.5,0.5,,,1.5,0.5,joint_probe_real,0.1156394939129668,0.12601614378469431,,
nonstationary_joint,popov_ei,True,1760,909,0.5,0.5,,,1.5,0.5,rff_mmd2_to_true_reverse,0.0020968793498948868,,-5.1566894361254612e-06,
nonstationary_joint,popov_ei,True,1760,909,0.5,0.5,,,2.5,1.5,joint_ecf_rmse_to_true_reverse,0.078164913300196703,,0.0028994508505123646,
nonstationary_joint,popov_ei,True,1760,909,0.5,0.5,,,2.5,1.5,joint_probe_real,0.17479569000442668,0.18868518144529622,,
nonstationary_joint,popov_ei,True,1760,909,0.5,0.5,,,2.5,1.5,rff_mmd2_to_true_reverse,0.0022665106890477071,,-6.372836086621092e-07,
nonstationary_joint,popov_ei,True,1760,101,1,1,,,0.5,0.25,joint_ecf_rmse_to_true_reverse,0.026869660073055489,,0.00252629199931401,
nonstationary_joint,popov_ei,True,1760,101,1,1,,,0.5,0.25,joint_probe_real,0.018456825447267344,0.010121106338732092,,
nonstationary_joint,popov_ei,True,1760,101,1,1,,,0.5,0.25,rff_mmd2_to_true_reverse,0.00015619487033136092,,1.5364518912819314e-05,
nonstationary_joint,popov_ei,True,1760,101,1,1,,,1.5,0.5,joint_ecf_rmse_to_true_reverse,0.035681188082909057,,0.0027773952454666338,
nonstationary_joint,popov_ei,True,1760,101,1,1,,,1.5,0.5,joint_probe_real,0.1466598123015069,0.12601614378469431,,
nonstationary_joint,popov_ei,True,1760,101,1,1,,,1.5,0.5,rff_mmd2_to_true_reverse,0.00057090381935132051,,7.9894278899317328e-06,
nonstationary_joint,popov_ei,True,1760,101,1,1,,,2.5,1.5,joint_ecf_rmse_to_true_reverse,0.038792873911509415,,0.0031538418866256905,
nonstationary_joint,popov_ei,True,1760,101,1,1,,,2.5,1.5,joint_probe_real,0.19681474808170574,0.18868518144529622,,
nonstationary_joint,popov_ei,True,1760,101,1,1,,,2.5,1.5,rff_mmd2_to_true_reverse,0.00072568273221385038,,1.8912947541416258e-08,
nonstationary_joint,popov_ei,True,1760,1010,1,1,,,0.5,0.25,joint_ecf_rmse_to_true_reverse,0.026298450258932769,,0.0040408451293653851,
nonstationary_joint,popov_ei,True,1760,1010,1,1,,,0.5,0.25,joint_probe_real,0.016086548803567639,0.010121106338732092,,
nonstationary_joint,popov_ei,True,1760,1010,1,1,,,0.5,0.25,rff_mmd2_to_true_reverse,0.00014248949789963383,,2.920346448032074e-05,
nonstationary_joint,popov_ei,True,1760,1010,1,1,,,1.5,0.5,joint_ecf_rmse_to_true_reverse,0.034496038255085716,,0.0043133878727569987,
nonstationary_joint,popov_ei,True,1760,1010,1,1,,,1.5,0.5,joint_probe_real,0.14189265289228148,0.12601614378469431,,
nonstationary_joint,popov_ei,True,1760,1010,1,1,,,1.5,0.5,rff_mmd2_to_true_reverse,0.00046811194941409617,,2.4033439220527697e-05,
nonstationary_joint,popov_ei,True,1760,1010,1,1,,,2.5,1.5,joint_ecf_rmse_to_true_reverse,0.038767770850945099,,0.0042067772659099426,
nonstationary_joint,popov_ei,True,1760,1010,1,1,,,2.5,1.5,joint_probe_real,0.19721641921775379,0.18868518144529622,,
nonstationary_joint,popov_ei,True,1760,1010,1,1,,,2.5,1.5,rff_mmd2_to_true_reverse,0.00070575760751523386,,1.4754362123059472e-05,
nonstationary_joint,popov_ei,True,1760,1111,1,1,,,0.5,0.25,joint_ecf_rmse_to_true_reverse,0.026180331479689494,,0.0039718545977329356,
nonstationary_joint,popov_ei,True,1760,1111,1,1,,,0.5,0.25,joint_probe_real,0.013346585865532992,0.010121106338732092,,
nonstationary_joint,popov_ei,True,1760,1111,1,1,,,0.5,0.25,rff_mmd2_to_true_reverse,0.00015823705570505719,,-1.0217119871036573e-05,
nonstationary_joint,popov_ei,True,1760,1111,1,1,,,1.5,0.5,joint_ecf_rmse_to_true_reverse,0.033987019734479144,,0.0032851192794648106,
nonstationary_joint,popov_ei,True,1760,1111,1,1,,,1.5,0.5,joint_probe_real,0.14787579046183033,0.12601614378469431,,
nonstationary_joint,popov_ei,True,1760,1111,1,1,,,1.5,0.5,rff_mmd2_to_true_reverse,0.0005271768938749366,,-3.5373175633068854e-07,
nonstationary_joint,popov_ei,True,1760,1111,1,1,,,2.5,1.5,joint_ecf_rmse_to_true_reverse,0.037122875317829131,,0.0036870955987938635,
nonstationary_joint,popov_ei,True,1760,1111,1,1,,,2.5,1.5,joint_probe_real,0.19941229651340148,0.18868518144529622,,
nonstationary_joint,popov_ei,True,1760,1111,1,1,,,2.5,1.5,rff_mmd2_to_true_reverse,0.0006211295303146791,,-1.6164293793474727e-06,
nonstationary_joint,popov_ei,True,1760,1212,1,1,,,0.5,0.25,joint_ecf_rmse_to_true_reverse,0.025630296079886289,,0.00385167055324871,
nonstationary_joint,popov_ei,True,1760,1212,1,1,,,0.5,0.25,joint_probe_real,0.015343004670003412,0.010121106338732092,,
nonstationary_joint,popov_ei,True,1760,1212,1,1,,,0.5,0.25,rff_mmd2_to_true_reverse,0.00012619068178243431,,2.3310457317515798e-05,
nonstationary_joint,popov_ei,True,1760,1212,1,1,,,1.5,0.5,joint_ecf_rmse_to_true_reverse,0.035512361624459428,,0.0039181721471297348,
nonstationary_joint,popov_ei,True,1760,1212,1,1,,,1.5,0.5,joint_probe_real,0.14542571216328698,0.12601614378469431,,
nonstationary_joint,popov_ei,True,1760,1212,1,1,,,1.5,0.5,rff_mmd2_to_true_reverse,0.00049806560776188835,,1.5267276571861998e-05,
nonstationary_joint,popov_ei,True,1760,1212,1,1,,,2.5,1.5,joint_ecf_rmse_to_true_reverse,0.037789923267115513,,0.0038290303256898789,
nonstationary_joint,popov_ei,True,1760,1212,1,1,,,2.5,1.5,joint_probe_real,0.19608332400478989,0.18868518144529622,,
nonstationary_joint,popov_ei,True,1760,1212,1,1,,,2.5,1.5,rff_mmd2_to_true_reverse,0.00067056217353544945,,7.2981819809747606e-06,
nonstationary_joint,popov_ei,True,1760,202,1,1,,,0.5,0.25,joint_ecf_rmse_to_true_reverse,0.027241363248016692,,0.0029958968640268363,
nonstationary_joint,popov_ei,True,1760,202,1,1,,,0.5,0.25,joint_probe_real,0.021401819373852712,0.010121106338732092,,
nonstationary_joint,popov_ei,True,1760,202,1,1,,,0.5,0.25,rff_mmd2_to_true_reverse,0.00015550357880378396,,-1.4256020561598248e-05,
nonstationary_joint,popov_ei,True,1760,202,1,1,,,1.5,0.5,joint_ecf_rmse_to_true_reverse,0.035066743054350424,,0.0035615643068631266,
nonstationary_joint,popov_ei,True,1760,202,1,1,,,1.5,0.5,joint_probe_real,0.14337110393899355,0.12601614378469431,,
nonstationary_joint,popov_ei,True,1760,202,1,1,,,1.5,0.5,rff_mmd2_to_true_reverse,0.00049807310386906778,,-6.5858270734686641e-06,
nonstationary_joint,popov_ei,True,1760,202,1,1,,,2.5,1.5,joint_ecf_rmse_to_true_reverse,0.038131379092755886,,0.0031792632198934276,
nonstationary_joint,popov_ei,True,1760,202,1,1,,,2.5,1.5,joint_probe_real,0.19717384465069993,0.18868518144529622,,
nonstationary_joint,popov_ei,True,1760,202,1,1,,,2.5,1.5,rff_mmd2_to_true_reverse,0.00066227243190775109,,7.1728543882265683e-08,
nonstationary_joint,popov_ei,True,1760,303,1,1,,,0.5,0.25,joint_ecf_rmse_to_true_reverse,0.026109190333456957,,0.0045099261388012284,
nonstationary_joint,popov_ei,True,1760,303,1,1,,,0.5,0.25,joint_probe_real,0.019274726278952006,0.010121106338732092,,
nonstationary_joint,popov_ei,True,1760,303,1,1,,,0.5,0.25,rff_mmd2_to_true_reverse,0.00015981202854276066,,-8.6476638099242109e-06,
nonstationary_joint,popov_ei,True,1760,303,1,1,,,1.5,0.5,joint_ecf_rmse_to_true_reverse,0.034540801301192428,,0.0029218737180437136,
nonstationary_joint,popov_ei,True,1760,303,1,1,,,1.5,0.5,joint_probe_real,0.14633033057493228,0.12601614378469431,,
nonstationary_joint,popov_ei,True,1760,303,1,1,,,1.5,0.5,rff_mmd2_to_true_reverse,0.00047349107047489625,,-9.0583740122163192e-06,
nonstationary_joint,popov_ei,True,1760,303,1,1,,,2.5,1.5,joint_ecf_rmse_to_true_reverse,0.039295611134536286,,0.003833197038711586,
nonstationary_joint,popov_ei,True,1760,303,1,1,,,2.5,1.5,joint_probe_real,0.19753509837327426,0.18868518144529622,,
nonstationary_joint,popov_ei,True,1760,303,1,1,,,2.5,1.5,rff_mmd2_to_true_reverse,0.00071550018936838988,,-6.6135727501137609e-06,
nonstationary_joint,popov_ei,True,1760,404,1,1,,,0.5,0.25,joint_ecf_rmse_to_true_reverse,0.025436705226422045,,0.0040334817625583882,
nonstationary_joint,popov_ei,True,1760,404,1,1,,,0.5,0.25,joint_probe_real,0.010348948793688535,0.010121106338732092,,
nonstationary_joint,popov_ei,True,1760,404,1,1,,,0.5,0.25,rff_mmd2_to_true_reverse,0.00012451635565324803,,8.0545117377983644e-06,
nonstationary_joint,popov_ei,True,1760,404,1,1,,,1.5,0.5,joint_ecf_rmse_to_true_reverse,0.034939230695920746,,0.0041564064037144929,
nonstationary_joint,popov_ei,True,1760,404,1,1,,,1.5,0.5,joint_probe_real,0.14705156890071591,0.12601614378469431,,
nonstationary_joint,popov_ei,True,1760,404,1,1,,,1.5,0.5,rff_mmd2_to_true_reverse,0.00050978499859410942,,8.2152123933587617e-06,
nonstationary_joint,popov_ei,True,1760,404,1,1,,,2.5,1.5,joint_ecf_rmse_to_true_reverse,0.039037699816439397,,0.003253173898310288,
nonstationary_joint,popov_ei,True,1760,404,1,1,,,2.5,1.5,joint_probe_real,0.1988561137317747,0.18868518144529622,,
nonstationary_joint,popov_ei,True,1760,404,1,1,,,2.5,1.5,rff_mmd2_to_true_reverse,0.00070898002343944277,,-3.9161123367437156e-06,
nonstationary_joint,popov_ei,True,1760,505,1,1,,,0.5,0.25,joint_ecf_rmse_to_true_reverse,0.026433189788854342,,0.0023108806140676409,
nonstationary_joint,popov_ei,True,1760,505,1,1,,,0.5,0.25,joint_probe_real,0.017181867732359805,0.010121106338732092,,
nonstationary_joint,popov_ei,True,1760,505,1,1,,,0.5,0.25,rff_mmd2_to_true_reverse,0.00013569275620772814,,-1.2818851568452416e-05,
nonstationary_joint,popov_ei,True,1760,505,1,1,,,1.5,0.5,joint_ecf_rmse_to_true_reverse,0.035411115297481623,,0.002911467993588776,
nonstationary_joint,popov_ei,True,1760,505,1,1,,,1.5,0.5,joint_probe_real,0.1467593319395494,0.12601614378469431,,
nonstationary_joint,popov_ei,True,1760,505,1,1,,,1.5,0.5,rff_mmd2_to_true_reverse,0.00048683083136724647,,-2.039536711295753e-06,
nonstationary_joint,popov_ei,True,1760,505,1,1,,,2.5,1.5,joint_ecf_rmse_to_true_reverse,0.038938491934663241,,0.0027976774342714063,
nonstationary_joint,popov_ei,True,1760,505,1,1,,,2.5,1.5,joint_probe_real,0.19343286326045855,0.18868518144529622,,
nonstationary_joint,popov_ei,True,1760,505,1,1,,,2.5,1.5,rff_mmd2_to_true_reverse,0.00068396740982801241,,8.6312094293994335e-06,
nonstationary_joint,popov_ei,True,1760,606,1,1,,,0.5,0.25,joint_ecf_rmse_to_true_reverse,0.026820544297151274,,0.0033314248463237137,
nonstationary_joint,popov_ei,True,1760,606,1,1,,,0.5,0.25,joint_probe_real,0.014797390929917793,0.010121106338732092,,
nonstationary_joint,popov_ei,True,1760,606,1,1,,,0.5,0.25,rff_mmd2_to_true_reverse,0.00015592255609464534,,-1.5040480466299577e-05,
nonstationary_joint,popov_ei,True,1760,606,1,1,,,1.5,0.5,joint_ecf_rmse_to_true_reverse,0.035505237798657448,,0.0033521308528540981,
nonstationary_joint,popov_ei,True,1760,606,1,1,,,1.5,0.5,joint_probe_real,0.14891525319708299,0.12601614378469431,,
nonstationary_joint,popov_ei,True,1760,606,1,1,,,1.5,0.5,rff_mmd2_to_true_reverse,0.00052871591216652192,,-9.0591694953401358e-06,
nonstationary_joint,popov_ei,True,1760,606,1,1,,,2.5,1.5,joint_ecf_rmse_to_true_reverse,0.039317705164664721,,0.0033097064391645007,
nonstationary_joint,popov_ei,True,1760,606,1,1,,,2.5,1.5,joint_probe_real,0.19555468851253471,0.18868518144529622,,
nonstationary_joint,popov_ei,True,1760,606,1,1,,,2.5,1.5,rff_mmd2_to_true_reverse,0.00073657618947764458,,-1.1835161463080723e-05,
nonstationary_joint,popov_ei,True,1760,707,1,1,,,0.5,0.25,joint_ecf_rmse_to_true_reverse,0.027285615365822947,,0.0028969732847592103,
nonstationary_joint,popov_ei,True,1760,707,1,1,,,0.5,0.25,joint_probe_real,0.020683911965696432,0.010121106338732092,,
nonstationary_joint,popov_ei,True,1760,707,1,1,,,0.5,0.25,rff_mmd2_to_true_reverse,0.00014070436973290246,,7.819062242453434e-06,
nonstationary_joint,popov_ei,True,1760,707,1,1,,,1.5,0.5,joint_ecf_rmse_to_true_reverse,0.035707918230094539,,0.0028202995267702521,
nonstationary_joint,popov_ei,True,1760,707,1,1,,,1.5,0.5,joint_probe_real,0.14779402520813961,0.12601614378469431,,
nonstationary_joint,popov_ei,True,1760,707,1,1,,,1.5,0.5,rff_mmd2_to_true_reverse,0.00052427557504364231,,7.8742342880522287e-06,
nonstationary_joint,popov_ei,True,1760,707,1,1,,,2.5,1.5,joint_ecf_rmse_to_true_reverse,0.038459564536657921,,0.0031431844243213478,
nonstationary_joint,popov_ei,True,1760,707,1,1,,,2.5,1.5,joint_probe_real,0.19621277475907073,0.18868518144529622,,
nonstationary_joint,popov_ei,True,1760,707,1,1,,,2.5,1.5,rff_mmd2_to_true_reverse,0.00067007323333001523,,-3.6836136838580558e-06,
nonstationary_joint,popov_ei,True,1760,808,1,1,,,0.5,0.25,joint_ecf_rmse_to_true_reverse,0.02734501157062352,,0.0036615267500288576,
nonstationary_joint,popov_ei,True,1760,808,1,1,,,0.5,0.25,joint_probe_real,0.018285282013948953,0.010121106338732092,,
nonstationary_joint,popov_ei,True,1760,808,1,1,,,0.5,0.25,rff_mmd2_to_true_reverse,0.00014494023377376042,,-1.3404454852761205e-05,
nonstationary_joint,popov_ei,True,1760,808,1,1,,,1.5,0.5,joint_ecf_rmse_to_true_reverse,0.034747904515730628,,0.0034824086410239941,
nonstationary_joint,popov_ei,True,1760,808,1,1,,,1.5,0.5,joint_probe_real,0.14456425961667385,0.12601614378469431,,
nonstationary_joint,popov_ei,True,1760,808,1,1,,,1.5,0.5,rff_mmd2_to_true_reverse,0.00049927395728910362,,8.6888897202763715e-06,
nonstationary_joint,popov_ei,True,1760,808,1,1,,,2.5,1.5,joint_ecf_rmse_to_true_reverse,0.037952752535699782,,0.0031601192219620363,
nonstationary_joint,popov_ei,True,1760,808,1,1,,,2.5,1.5,joint_probe_real,0.19336672977901331,0.18868518144529622,,
nonstationary_joint,popov_ei,True,1760,808,1,1,,,2.5,1.5,rff_mmd2_to_true_reverse,0.00064009765610917313,,3.7761168918404309e-06,
nonstationary_joint,popov_ei,True,1760,909,1,1,,,0.5,0.25,joint_ecf_rmse_to_true_reverse,0.026398867154055306,,0.0024187667295153511,
nonstationary_joint,popov_ei,True,1760,909,1,1,,,0.5,0.25,joint_probe_real,0.014845510887353881,0.010121106338732092,,
nonstationary_joint,popov_ei,True,1760,909,1,1,,,0.5,0.25,rff_mmd2_to_true_reverse,0.00013073701432542162,,5.7790688721137684e-06,
nonstationary_joint,popov_ei,True,1760,909,1,1,,,1.5,0.5,joint_ecf_rmse_to_true_reverse,0.034686254707126246,,0.0029950941007171501,
nonstationary_joint,popov_ei,True,1760,909,1,1,,,1.5,0.5,joint_probe_real,0.1374501679233659,0.12601614378469431,,
nonstationary_joint,popov_ei,True,1760,909,1,1,,,1.5,0.5,rff_mmd2_to_true_reverse,0.00048156873930460531,,-5.1566894361254612e-06,
nonstationary_joint,popov_ei,True,1760,909,1,1,,,2.5,1.5,joint_ecf_rmse_to_true_reverse,0.038145253486609153,,0.0028994508505123646,
nonstationary_joint,popov_ei,True,1760,909,1,1,,,2.5,1.5,joint_probe_real,0.19841635060111273,0.18868518144529622,,
nonstationary_joint,popov_ei,True,1760,909,1,1,,,2.5,1.5,rff_mmd2_to_true_reverse,0.00067797131123259469,,-6.372836086621092e-07,
nonstationary_joint,popov_ei,True,1760,101,2,2,,,0.5,0.25,joint_ecf_rmse_to_true_reverse,0.058965178429868988,,0.00252629199931401,
nonstationary_joint,popov_ei,True,1760,101,2,2,,,0.5,0.25,joint_probe_real,0.024076965781517117,0.010121106338732092,,
nonstationary_joint,popov_ei,True,1760,101,2,2,,,0.5,0.25,rff_mmd2_to_true_reverse,0.00089426356116240058,,1.5364518912819314e-05,
nonstationary_joint,popov_ei,True,1760,101,2,2,,,1.5,0.5,joint_ecf_rmse_to_true_reverse,0.073113003070756147,,0.0027773952454666338,
nonstationary_joint,popov_ei,True,1760,101,2,2,,,1.5,0.5,joint_probe_real,0.18671987949605889,0.12601614378469431,,
nonstationary_joint,popov_ei,True,1760,101,2,2,,,1.5,0.5,rff_mmd2_to_true_reverse,0.0031563292602739823,,7.9894278899317328e-06,
nonstationary_joint,popov_ei,True,1760,101,2,2,,,2.5,1.5,joint_ecf_rmse_to_true_reverse,0.071345825130130672,,0.0031538418866256905,
nonstationary_joint,popov_ei,True,1760,101,2,2,,,2.5,1.5,joint_probe_real,0.22921493735029919,0.18868518144529622,,
nonstationary_joint,popov_ei,True,1760,101,2,2,,,2.5,1.5,rff_mmd2_to_true_reverse,0.0030034491959296528,,1.8912947541416258e-08,
nonstationary_joint,popov_ei,True,1760,1010,2,2,,,0.5,0.25,joint_ecf_rmse_to_true_reverse,0.059463992958093549,,0.0040408451293653851,
nonstationary_joint,popov_ei,True,1760,1010,2,2,,,0.5,0.25,joint_probe_real,0.025288597521288161,0.010121106338732092,,
nonstationary_joint,popov_ei,True,1760,1010,2,2,,,0.5,0.25,rff_mmd2_to_true_reverse,0.00088482722818883364,,2.920346448032074e-05,
nonstationary_joint,popov_ei,True,1760,1010,2,2,,,1.5,0.5,joint_ecf_rmse_to_true_reverse,0.072903708599289893,,0.0043133878727569987,
nonstationary_joint,popov_ei,True,1760,1010,2,2,,,1.5,0.5,joint_probe_real,0.18754810161632673,0.12601614378469431,,
nonstationary_joint,popov_ei,True,1760,1010,2,2,,,1.5,0.5,rff_mmd2_to_true_reverse,0.0029602545822297044,,2.4033439220527697e-05,
nonstationary_joint,popov_ei,True,1760,1010,2,2,,,2.5,1.5,joint_ecf_rmse_to_true_reverse,0.070286598256158322,,0.0042067772659099426,
nonstationary_joint,popov_ei,True,1760,1010,2,2,,,2.5,1.5,joint_probe_real,0.2266413130665548,0.18868518144529622,,
nonstationary_joint,popov_ei,True,1760,1010,2,2,,,2.5,1.5,rff_mmd2_to_true_reverse,0.0026965086291496076,,1.4754362123059472e-05,
nonstationary_joint,popov_ei,True,1760,1111,2,2,,,0.5,0.25,joint_ecf_rmse_to_true_reverse,0.059749376147335331,,0.0039718545977329356,
nonstationary_joint,popov_ei,True,1760,1111,2,2,,,0.5,0.25,joint_probe_real,0.019088477666672793,0.010121106338732092,,
nonstationary_joint,popov_ei,True,1760,1111,2,2,,,0.5,0.25,rff_mmd2_to_true_reverse,0.00091423500333354113,,-1.0217119871036573e-05,
nonstationary_joint,popov_ei,True,1760,1111,2,2,,,1.5,0.5,joint_ecf_rmse_to_true_reverse,0.072851619018300687,,0.0032851192794648106,
nonstationary_joint,popov_ei,True,1760,1111,2,2,,,1.5,0.5,joint_probe_real,0.18494687859980499,0.12601614378469431,,
nonstationary_joint,popov_ei,True,1760,1111,2,2,,,1.5,0.5,rff_mmd2_to_true_reverse,0.0030481412169606203,,-3.5373175633068854e-07,
nonstationary_joint,popov_ei,True,1760,1111,2,2,,,2.5,1.5,joint_ecf_rmse_to_true_reverse,0.069004978018123275,,0.0036870955987938635,
nonstationary_joint,popov_ei,True,1760,1111,2,2,,,2.5,1.5,joint_probe_real,0.22889268108714045,0.18868518144529622,,
nonstationary_joint,popov_ei,True,1760,1111,2,2,,,2.5,1.5,rff_mmd2_to_true_reverse,0.0026040974060823618,,-1.6164293793474727e-06,
nonstationary_joint,popov_ei,True,1760,1212,2,2,,,0.5,0.25,joint_ecf_rmse_to_true_reverse,0.059063361538283586,,0.00385167055324871,
nonstationary_joint,popov_ei,True,1760,1212,2,2,,,0.5,0.25,joint_probe_real,0.022632378321898523,0.010121106338732092,,
nonstationary_joint,popov_ei,True,1760,1212,2,2,,,0.5,0.25,rff_mmd2_to_true_reverse,0.00089344665610235907,,2.3310457317515798e-05,
nonstationary_joint,popov_ei,True,1760,1212,2,2,,,1.5,0.5,joint_ecf_rmse_to_true_reverse,0.073386426601199553,,0.0039181721471297348,
nonstationary_joint,popov_ei,True,1760,1212,2,2,,,1.5,0.5,joint_probe_real,0.18190566882512624,0.12601614378469431,,
nonstationary_joint,popov_ei,True,1760,1212,2,2,,,1.5,0.5,rff_mmd2_to_true_reverse,0.0031247454813068121,,1.5267276571861998e-05,
nonstationary_joint,popov_ei,True,1760,1212,2,2,,,2.5,1.5,joint_ecf_rmse_to_true_reverse,0.070694150831509012,,0.0038290303256898789,
nonstationary_joint,popov_ei,True,1760,1212,2,2,,,2.5,1.5,joint_probe_real,0.22405469650382892,0.18868518144529622,,
nonstationary_joint,popov_ei,True,1760,1212,2,2,,,2.5,1.5,rff_mmd2_to_true_reverse,0.0027535874716038133,,7.2981819809747606e-06,
nonstationary_joint,popov_ei,True,1760,202,2,2,,,0.5,0.25,joint_ecf_rmse_to_true_reverse,0.060207642503165175,,0.0029958968640268363,
nonstationary_joint,popov_ei,True,1760,202,2,2,,,0.5,0.25,joint_probe_real,0.025422733128031415,0.010121106338732092,,
nonstationary_joint,popov_ei,True,1760,202,2,2,,,0.5,0.25,rff_mmd2_to_true_reverse,0.00091516781189371343,,-1.4256020561598248e-05,
nonstationary_joint,popov_ei,True,1760,202,2,2,,,1.5,0.5,joint_ecf_rmse_to_true_reverse,0.073528397950155297,,0.0035615643068631266,
nonstationary_joint,popov_ei,True,1760,202,2,2,,,1.5,0.5,joint_probe_real,0.18677152651501899,0.12601614378469431,,
nonstationary_joint,popov_ei,True,1760,202,2,2,,,1.5,0.5,rff_mmd2_to_true_reverse,0.0030393358096931777,,-6.5858270734686641e-06,
nonstationary_joint,popov_ei,True,1760,202,2,2,,,2.5,1.5,joint_ecf_rmse_to_true_reverse,0.069287254621103633,,0.0031792632198934276,
nonstationary_joint,popov_ei,True,1760,202,2,2,,,2.5,1.5,joint_probe_real,0.22460503079650557,0.18868518144529622,,
nonstationary_joint,popov_ei,True,1760,202,2,2,,,2.5,1.5,rff_mmd2_to_true_reverse,0.0025940179311654266,,7.1728543882265683e-08,
nonstationary_joint,popov_ei,True,1760,303,2,2,,,0.5,0.25,joint_ecf_rmse_to_true_reverse,0.059431372304001834,,0.0045099261388012284,
nonstationary_joint,popov_ei,True,1760,303,2,2,,,0.5,0.25,joint_probe_real,0.026343942790435209,0.010121106338732092,,
nonstationary_joint,popov_ei,True,1760,303,2,2,,,0.5,0.25,rff_mmd2_to_true_reverse,0.0008968009090886131,,-8.6476638099242109e-06,
nonstationary_joint,popov_ei,True,1760,303,2,2,,,1.5,0.5,joint_ecf_rmse_to_true_reverse,0.073004404341399126,,0.0029218737180437136,
nonstationary_joint,popov_ei,True,1760,303,2,2,,,1.5,0.5,joint_probe_real,0.18821125897708718,0.12601614378469431,,
nonstationary_joint,popov_ei,True,1760,303,2,2,,,1.5,0.5,rff_mmd2_to_true_reverse,0.0030024168934467133,,-9.0583740122163192e-06,
nonstationary_joint,popov_ei,True,1760,303,2,2,,,2.5,1.5,joint_ecf_rmse_to_true_reverse,0.069440809087785146,,0.003833197038711586,
nonstationary_joint,popov_ei,True,1760,303,2,2,,,2.5,1.5,joint_probe_real,0.22799572442621216,0.18868518144529622,,
nonstationary_joint,popov_ei,True,1760,303,2,2,,,2.5,1.5,rff_mmd2_to_true_reverse,0.0027226348124729238,,-6.6135727501137609e-06,
nonstationary_joint,popov_ei,True,1760,404,2,2,,,0.5,0.25,joint_ecf_rmse_to_true_reverse,0.059364907547532424,,0.0040334817625583882,
nonstationary_joint,popov_ei,True,1760,404,2,2,,,0.5,0.25,joint_probe_real,0.019910751459465942,0.010121106338732092,,
nonstationary_joint,popov_ei,True,1760,404,2,2,,,0.5,0.25,rff_mmd2_to_true_reverse,0.00086169785242784513,,8.0545117377983644e-06,
nonstationary_joint,popov_ei,True,1760,404,2,2,,,1.5,0.5,joint_ecf_rmse_to_true_reverse,0.073362620698039088,,0.0041564064037144929,
nonstationary_joint,popov_ei,True,1760,404,2,2,,,1.5,0.5,joint_probe_real,0.18820685461675879,0.12601614378469431,,
nonstationary_joint,popov_ei,True,1760,404,2,2,,,1.5,0.5,rff_mmd2_to_true_reverse,0.0030267674284569779,,8.2152123933587617e-06,
nonstationary_joint,popov_ei,True,1760,404,2,2,,,2.5,1.5,joint_ecf_rmse_to_true_reverse,0.071025700563479954,,0.003253173898310288,
nonstationary_joint,popov_ei,True,1760,404,2,2,,,2.5,1.5,joint_probe_real,0.22992651930025601,0.18868518144529622,,
nonstationary_joint,popov_ei,True,1760,404,2,2,,,2.5,1.5,rff_mmd2_to_true_reverse,0.0029098012284003438,,-3.9161123367437156e-06,
nonstationary_joint,popov_ei,True,1760,505,2,2,,,0.5,0.25,joint_ecf_rmse_to_true_reverse,0.059349726895203202,,0.0023108806140676409,
nonstationary_joint,popov_ei,True,1760,505,2,2,,,0.5,0.25,joint_probe_real,0.02119737875110092,0.010121106338732092,,
nonstationary_joint,popov_ei,True,1760,505,2,2,,,0.5,0.25,rff_mmd2_to_true_reverse,0.00084990131876128139,,-1.2818851568452416e-05,
nonstationary_joint,popov_ei,True,1760,505,2,2,,,1.5,0.5,joint_ecf_rmse_to_true_reverse,0.073651879461589437,,0.002911467993588776,
nonstationary_joint,popov_ei,True,1760,505,2,2,,,1.5,0.5,joint_probe_real,0.18716837061826047,0.12601614378469431,,
nonstationary_joint,popov_ei,True,1760,505,2,2,,,1.5,0.5,rff_mmd2_to_true_reverse,0.0030281415789883415,,-2.039536711295753e-06,
nonstationary_joint,popov_ei,True,1760,505,2,2,,,2.5,1.5,joint_ecf_rmse_to_true_reverse,0.070291649417112995,,0.0027976774342714063,
nonstationary_joint,popov_ei,True,1760,505,2,2,,,2.5,1.5,joint_probe_real,0.22333517353990998,0.18868518144529622,,
nonstationary_joint,popov_ei,True,1760,505,2,2,,,2.5,1.5,rff_mmd2_to_true_reverse,0.0027175205780910483,,8.6312094293994335e-06,
nonstationary_joint,popov_ei,True,1760,606,2,2,,,0.5,0.25,joint_ecf_rmse_to_true_reverse,0.059868031757326613,,0.0033314248463237137,
nonstationary_joint,popov_ei,True,1760,606,2,2,,,0.5,0.25,joint_probe_real,0.021565254680526832,0.010121106338732092,,
nonstationary_joint,popov_ei,True,1760,606,2,2,,,0.5,0.25,rff_mmd2_to_true_reverse,0.00094716773963565704,,-1.5040480466299577e-05,
nonstationary_joint,popov_ei,True,1760,606,2,2,,,1.5,0.5,joint_ecf_rmse_to_true_reverse,0.073266681021409666,,0.0033521308528540981,
nonstationary_joint,popov_ei,True,1760,606,2,2,,,1.5,0.5,joint_probe_real,0.18793292014547097,0.12601614378469431,,
nonstationary_joint,popov_ei,True,1760,606,2,2,,,1.5,0.5,rff_mmd2_to_true_reverse,0.0031677069669291402,,-9.0591694953401358e-06,
nonstationary_joint,popov_ei,True,1760,606,2,2,,,2.5,1.5,joint_ecf_rmse_to_true_reverse,0.07085406407478792,,0.0033097064391645007,
nonstationary_joint,popov_ei,True,1760,606,2,2,,,2.5,1.5,joint_probe_real,0.2238137270258847,0.18868518144529622,,
nonstationary_joint,popov_ei,True,1760,606,2,2,,,2.5,1.5,rff_mmd2_to_true_reverse,0.0028701897420035927,,-1.1835161463080723e-05,
nonstationary_joint,popov_ei,True,1760,707,2,2,,,0.5,0.25,joint_ecf_rmse_to_true_reverse,0.060049820787584203,,0.0028969732847592103,
nonstationary_joint,popov_ei,True,1760,707,2,2,,,0.5,0.25,joint_probe_real,0.02682888016333318,0.010121106338732092,,
nonstationary_joint,popov_ei,True,1760,707,2,2,,,0.5,0.25,rff_mmd2_to_true_reverse,0.00090627830774858698,,7.819062242453434e-06,
nonstationary_joint,popov_ei,True,1760,707,2,2,,,1.5,0.5,joint_ecf_rmse_to_true_reverse,0.073666448420248998,,0.0028202995267702521,
nonstationary_joint,popov_ei,True,1760,707,2,2,,,1.5,0.5,joint_probe_real,0.1874141701416443,0.12601614378469431,,
nonstationary_joint,popov_ei,True,1760,707,2,2,,,1.5,0.5,rff_mmd2_to_true_reverse,0.0032059446697816352,,7.8742342880522287e-06,
nonstationary_joint,popov_ei,True,1760,707,2,2,,,2.5,1.5,joint_ecf_rmse_to_true_reverse,0.070105518298679961,,0.0031431844243213478,
nonstationary_joint,popov_ei,True,1760,707,2,2,,,2.5,1.5,joint_probe_real,0.22626209564315386,0.18868518144529622,,
nonstationary_joint,popov_ei,True,1760,707,2,2,,,2.5,1.5,rff_mmd2_to_true_reverse,0.0027402178162778679,,-3.6836136838580558e-06,
nonstationary_joint,popov_ei,True,1760,808,2,2,,,0.5,0.25,joint_ecf_rmse_to_true_reverse,0.059970614331898028,,0.0036615267500288576,
nonstationary_joint,popov_ei,True,1760,808,2,2,,,0.5,0.25,joint_probe_real,0.023473685033578925,0.010121106338732092,,
nonstationary_joint,popov_ei,True,1760,808,2,2,,,0.5,0.25,rff_mmd2_to_true_reverse,0.00090402995432237176,,-1.3404454852761205e-05,
nonstationary_joint,popov_ei,True,1760,808,2,2,,,1.5,0.5,joint_ecf_rmse_to_true_reverse,0.073400786928860248,,0.0034824086410239941,
nonstationary_joint,popov_ei,True,1760,808,2,2,,,1.5,0.5,joint_probe_real,0.18451825595436644,0.12601614378469431,,
nonstationary_joint,popov_ei,True,1760,808,2,2,,,1.5,0.5,rff_mmd2_to_true_reverse,0.0031737981523802805,,8.6888897202763715e-06,
nonstationary_joint,popov_ei,True,1760,808,2,2,,,2.5,1.5,joint_ecf_rmse_to_true_reverse,0.069703872778396861,,0.0031601192219620363,
nonstationary_joint,popov_ei,True,1760,808,2,2,,,2.5,1.5,joint_probe_real,0.22654360893455677,0.18868518144529622,,
nonstationary_joint,popov_ei,True,1760,808,2,2,,,2.5,1.5,rff_mmd2_to_true_reverse,0.0026900371531173306,,3.7761168918404309e-06,
nonstationary_joint,popov_ei,True,1760,909,2,2,,,0.5,0.25,joint_ecf_rmse_to_true_reverse,0.059917891729203226,,0.0024187667295153511,
nonstationary_joint,popov_ei,True,1760,909,2,2,,,0.5,0.25,joint_probe_real,0.025948502611237156,0.010121106338732092,,
nonstationary_joint,popov_ei,True,1760,909,2,2,,,0.5,0.25,rff_mmd2_to_true_reverse,0.00088951716507978951,,5.7790688721137684e-06,
nonstationary_joint,popov_ei,True,1760,909,2,2,,,1.5,0.5,joint_ecf_rmse_to_true_reverse,0.072955223457199306,,0.0029950941007171501,
nonstationary_joint,popov_ei,True,1760,909,2,2,,,1.5,0.5,joint_probe_real,0.18317458066342893,0.12601614378469431,,
nonstationary_joint,popov_ei,True,1760,909,2,2,,,1.5,0.5,rff_mmd2_to_true_reverse,0.0030312660867370944,,-5.1566894361254612e-06,
nonstationary_joint,popov_ei,True,1760,909,2,2,,,2.5,1.5,joint_ecf_rmse_to_true_reverse,0.069984072736705746,,0.0028994508505123646,
nonstationary_joint,popov_ei,True,1760,909,2,2,,,2.5,1.5,joint_probe_real,0.22901476373829713,0.18868518144529622,,
nonstationary_joint,popov_ei,True,1760,909,2,2,,,2.5,1.5,rff_mmd2_to_true_reverse,0.0027943255200401085,,-6.372836086621092e-07,
nonstationary_joint,popov_ei,True,3520,101,0.25,0.25,,,0.5,0.25,joint_ecf_rmse_to_true_reverse,0.05520894525875393,,0.00252629199931401,
nonstationary_joint,popov_ei,True,3520,101,0.25,0.25,,,0.5,0.25,joint_probe_real,0.017839418031319908,0.010121106338732092,,
nonstationary_joint,popov_ei,True,3520,101,0.25,0.25,,,0.5,0.25,rff_mmd2_to_true_reverse,0.00053244774073413215,,1.5364518912819314e-05,
nonstationary_joint,popov_ei,True,3520,101,0.25,0.25,,,1.5,0.5,joint_ecf_rmse_to_true_reverse,0.12375268088088501,,0.0027773952454666338,
nonstationary_joint,popov_ei,True,3520,101,0.25,0.25,,,1.5,0.5,joint_probe_real,0.11029392081868017,0.12601614378469431,,
nonstationary_joint,popov_ei,True,3520,101,0.25,0.25,,,1.5,0.5,rff_mmd2_to_true_reverse,0.0048489785942931185,,7.9894278899317328e-06,
nonstationary_joint,popov_ei,True,3520,101,0.25,0.25,,,2.5,1.5,joint_ecf_rmse_to_true_reverse,0.12593413217202204,,0.0031538418866256905,
nonstationary_joint,popov_ei,True,3520,101,0.25,0.25,,,2.5,1.5,joint_probe_real,0.16346153382104636,0.18868518144529622,,
nonstationary_joint,popov_ei,True,3520,101,0.25,0.25,,,2.5,1.5,rff_mmd2_to_true_reverse,0.0050090219863101471,,1.8912947541416258e-08,
nonstationary_joint,popov_ei,True,3520,1010,0.25,0.25,,,0.5,0.25,joint_ecf_rmse_to_true_reverse,0.054446970139970907,,0.0040408451293653851,
nonstationary_joint,popov_ei,True,3520,1010,0.25,0.25,,,0.5,0.25,joint_probe_real,0.011353451915824292,0.010121106338732092,,
nonstationary_joint,popov_ei,True,3520,1010,0.25,0.25,,,0.5,0.25,rff_mmd2_to_true_reverse,0.00050486379469838472,,2.920346448032074e-05,
nonstationary_joint,popov_ei,True,3520,1010,0.25,0.25,,,1.5,0.5,joint_ecf_rmse_to_true_reverse,0.12301226427263941,,0.0043133878727569987,
nonstationary_joint,popov_ei,True,3520,1010,0.25,0.25,,,1.5,0.5,joint_probe_real,0.10831401339768862,0.12601614378469431,,
nonstationary_joint,popov_ei,True,3520,1010,0.25,0.25,,,1.5,0.5,rff_mmd2_to_true_reverse,0.0049077835715982676,,2.4033439220527697e-05,
nonstationary_joint,popov_ei,True,3520,1010,0.25,0.25,,,2.5,1.5,joint_ecf_rmse_to_true_reverse,0.12664696572901502,,0.0042067772659099426,
nonstationary_joint,popov_ei,True,3520,1010,0.25,0.25,,,2.5,1.5,joint_probe_real,0.16490533556368919,0.18868518144529622,,
nonstationary_joint,popov_ei,True,3520,1010,0.25,0.25,,,2.5,1.5,rff_mmd2_to_true_reverse,0.005192211117779677,,1.4754362123059472e-05,
nonstationary_joint,popov_ei,True,3520,1111,0.25,0.25,,,0.5,0.25,joint_ecf_rmse_to_true_reverse,0.054155576046509259,,0.0039718545977329356,
nonstationary_joint,popov_ei,True,3520,1111,0.25,0.25,,,0.5,0.25,joint_probe_real,0.011841615769161878,0.010121106338732092,,
nonstationary_joint,popov_ei,True,3520,1111,0.25,0.25,,,0.5,0.25,rff_mmd2_to_true_reverse,0.00051099466105719582,,-1.0217119871036573e-05,
nonstationary_joint,popov_ei,True,3520,1111,0.25,0.25,,,1.5,0.5,joint_ecf_rmse_to_true_reverse,0.12315580883228942,,0.0032851192794648106,
nonstationary_joint,popov_ei,True,3520,1111,0.25,0.25,,,1.5,0.5,joint_probe_real,0.11060428041737599,0.12601614378469431,,
nonstationary_joint,popov_ei,True,3520,1111,0.25,0.25,,,1.5,0.5,rff_mmd2_to_true_reverse,0.004774715071950264,,-3.5373175633068854e-07,
nonstationary_joint,popov_ei,True,3520,1111,0.25,0.25,,,2.5,1.5,joint_ecf_rmse_to_true_reverse,0.12735707441053079,,0.0036870955987938635,
nonstationary_joint,popov_ei,True,3520,1111,0.25,0.25,,,2.5,1.5,joint_probe_real,0.17088353703375711,0.18868518144529622,,
nonstationary_joint,popov_ei,True,3520,1111,0.25,0.25,,,2.5,1.5,rff_mmd2_to_true_reverse,0.0052239643326271734,,-1.6164293793474727e-06,
nonstationary_joint,popov_ei,True,3520,1212,0.25,0.25,,,0.5,0.25,joint_ecf_rmse_to_true_reverse,0.055169101284313918,,0.00385167055324871,
nonstationary_joint,popov_ei,True,3520,1212,0.25,0.25,,,0.5,0.25,joint_probe_real,0.016099858376082993,0.010121106338732092,,
nonstationary_joint,popov_ei,True,3520,1212,0.25,0.25,,,0.5,0.25,rff_mmd2_to_true_reverse,0.00048024298835658286,,2.3310457317515798e-05,
nonstationary_joint,popov_ei,True,3520,1212,0.25,0.25,,,1.5,0.5,joint_ecf_rmse_to_true_reverse,0.12404377067337671,,0.0039181721471297348,
nonstationary_joint,popov_ei,True,3520,1212,0.25,0.25,,,1.5,0.5,joint_probe_real,0.10955654046782863,0.12601614378469431,,
nonstationary_joint,popov_ei,True,3520,1212,0.25,0.25,,,1.5,0.5,rff_mmd2_to_true_reverse,0.0047326156381247708,,1.5267276571861998e-05,
nonstationary_joint,popov_ei,True,3520,1212,0.25,0.25,,,2.5,1.5,joint_ecf_rmse_to_true_reverse,0.12620692937965161,,0.0038290303256898789,
nonstationary_joint,popov_ei,True,3520,1212,0.25,0.25,,,2.5,1.5,joint_probe_real,0.16720470977575894,0.18868518144529622,,
nonstationary_joint,popov_ei,True,3520,1212,0.25,0.25,,,2.5,1.5,rff_mmd2_to_true_reverse,0.0051077487015355194,,7.2981819809747606e-06,
nonstationary_joint,popov_ei,True,3520,202,0.25,0.25,,,0.5,0.25,joint_ecf_rmse_to_true_reverse,0.053624851549614598,,0.0029958968640268363,
nonstationary_joint,popov_ei,True,3520,202,0.25,0.25,,,0.5,0.25,joint_probe_real,0.014730858778815102,0.010121106338732092,,
nonstationary_joint,popov_ei,True,3520,202,0.25,0.25,,,0.5,0.25,rff_mmd2_to_true_reverse,0.00049947252639082063,,-1.4256020561598248e-05,
nonstationary_joint,popov_ei,True,3520,202,0.25,0.25,,,1.5,0.5,joint_ecf_rmse_to_true_reverse,0.1231153243063226,,0.0035615643068631266,
nonstationary_joint,popov_ei,True,3520,202,0.25,0.25,,,1.5,0.5,joint_probe_real,0.11014498298122646,0.12601614378469431,,
nonstationary_joint,popov_ei,True,3520,202,0.25,0.25,,,1.5,0.5,rff_mmd2_to_true_reverse,0.004933984060590868,,-6.5858270734686641e-06,
nonstationary_joint,popov_ei,True,3520,202,0.25,0.25,,,2.5,1.5,joint_ecf_rmse_to_true_reverse,0.12621499778035122,,0.0031792632198934276,
nonstationary_joint,popov_ei,True,3520,202,0.25,0.25,,,2.5,1.5,joint_probe_real,0.16645349297371548,0.18868518144529622,,
nonstationary_joint,popov_ei,True,3520,202,0.25,0.25,,,2.5,1.5,rff_mmd2_to_true_reverse,0.0051922650107060209,,7.1728543882265683e-08,
nonstationary_joint,popov_ei,True,3520,303,0.25,0.25,,,0.5,0.25,joint_ecf_rmse_to_true_reverse,0.054268499149784009,,0.0045099261388012284,
nonstationary_joint,popov_ei,True,3520,303,0.25,0.25,,,0.5,0.25,joint_probe_real,0.014612260565947334,0.010121106338732092,,
nonstationary_joint,popov_ei,True,3520,303,0.25,0.25,,,0.5,0.25,rff_mmd2_to_true_reverse,0.00055026408339664545,,-8.6476638099242109e-06,
nonstationary_joint,popov_ei,True,3520,303,0.25,0.25,,,1.5,0.5,joint_ecf_rmse_to_true_reverse,0.12328274347396391,,0.0029218737180437136,
nonstationary_joint,popov_ei,True,3520,303,0.25,0.25,,,1.5,0.5,joint_probe_real,0.10914484879159153,0.12601614378469431,,
nonstationary_joint,popov_ei,True,3520,303,0.25,0.25,,,1.5,0.5,rff_mmd2_to_true_reverse,0.0047717392663397806,,-9.0583740122163192e-06,
nonstationary_joint,popov_ei,True,3520,303,0.25,0.25,,,2.5,1.5,joint_ecf_rmse_to_true_reverse,0.12752700634396993,,0.003833197038711586,
nonstationary_joint,popov_ei,True,3520,303,0.25,0.25,,,2.5,1.5,joint_probe_real,0.16565187441813767,0.18868518144529622,,
nonstationary_joint,popov_ei,True,3520,303,0.25,0.25,,,2.5,1.5,rff_mmd2_to_true_reverse,0.0052480703188808597,,-6.6135727501137609e-06,
nonstationary_joint,popov_ei,True,3520,404,0.25,0.25,,,0.5,0.25,joint_ecf_rmse_to_true_reverse,0.053861895968245331,,0.0040334817625583882,
nonstationary_joint,popov_ei,True,3520,404,0.25,0.25,,,0.5,0.25,joint_probe_real,0.010862719675843961,0.010121106338732092,,
nonstationary_joint,popov_ei,True,3520,404,0.25,0.25,,,0.5,0.25,rff_mmd2_to_true_reverse,0.00047138658187861893,,8.0545117377983644e-06,
nonstationary_joint,popov_ei,True,3520,404,0.25,0.25,,,1.5,0.5,joint_ecf_rmse_to_true_reverse,0.12324974926893635,,0.0041564064037144929,
nonstationary_joint,popov_ei,True,3520,404,0.25,0.25,,,1.5,0.5,joint_probe_real,0.11307696982853407,0.12601614378469431,,
nonstationary_joint,popov_ei,True,3520,404,0.25,0.25,,,1.5,0.5,rff_mmd2_to_true_reverse,0.0047455799789195563,,8.2152123933587617e-06,
nonstationary_joint,popov_ei,True,3520,404,0.25,0.25,,,2.5,1.5,joint_ecf_rmse_to_true_reverse,0.12632146525300122,,0.003253173898310288,
nonstationary_joint,popov_ei,True,3520,404,0.25,0.25,,,2.5,1.5,joint_probe_real,0.16667715271492126,0.18868518144529622,,
nonstationary_joint,popov_ei,True,3520,404,0.25,0.25,,,2.5,1.5,rff_mmd2_to_true_reverse,0.0049749611020906137,,-3.9161123367437156e-06,
nonstationary_joint,popov_ei,True,3520,505,0.25,0.25,,,0.5,0.25,joint_ecf_rmse_to_true_reverse,0.053811978996062333,,0.0023108806140676409,
nonstationary_joint,popov_ei,True,3520,505,0.25,0.25,,,0.5,0.25,joint_probe_real,0.01184744261997098,0.010121106338732092,,
nonstationary_joint,popov_ei,True,3520,505,0.25,0.25,,,0.5,0.25,rff_mmd2_to_true_reverse,0.00050736823910635387,,-1.2818851568452416e-05,
nonstationary_joint,popov_ei,True,3520,505,0.25,0.25,,,1.5,0.5,joint_ecf_rmse_to_true_reverse,0.12189230208420006,,0.002911467993588776,
nonstationary_joint,popov_ei,True,3520,505,0.25,0.25,,,1.5,0.5,joint_probe_real,0.10769760991021519,0.12601614378469431,,
nonstationary_joint,popov_ei,True,3520,505,0.25,0.25,,,1.5,0.5,rff_mmd2_to_true_reverse,0.0047198478519346887,,-2.039536711295753e-06,
nonstationary_joint,popov_ei,True,3520,505,0.25,0.25,,,2.5,1.5,joint_ecf_rmse_to_true_reverse,0.12651690751371308,,0.0027976774342714063,
nonstationary_joint,popov_ei,True,3520,505,0.25,0.25,,,2.5,1.5,joint_probe_real,0.16121018564582912,0.18868518144529622,,
nonstationary_joint,popov_ei,True,3520,505,0.25,0.25,,,2.5,1.5,rff_mmd2_to_true_reverse,0.0051548426795017255,,8.6312094293994335e-06,
nonstationary_joint,popov_ei,True,3520,606,0.25,0.25,,,0.5,0.25,joint_ecf_rmse_to_true_reverse,0.054046087756130248,,0.0033314248463237137,
nonstationary_joint,popov_ei,True,3520,606,0.25,0.25,,,0.5,0.25,joint_probe_real,0.01391445071912434,0.010121106338732092,,
nonstationary_joint,popov_ei,True,3520,606,0.25,0.25,,,0.5,0.25,rff_mmd2_to_true_reverse,0.00048612913781187483,,-1.5040480466299577e-05,
nonstationary_joint,popov_ei,True,3520,606,0.25,0.25,,,1.5,0.5,joint_ecf_rmse_to_true_reverse,0.12240029109771518,,0.0033521308528540981,
nonstationary_joint,popov_ei,True,3520,606,0.25,0.25,,,1.5,0.5,joint_probe_real,0.11275331238932332,0.12601614378469431,,
nonstationary_joint,popov_ei,True,3520,606,0.25,0.25,,,1.5,0.5,rff_mmd2_to_true_reverse,0.0046813455870524656,,-9.0591694953401358e-06,
nonstationary_joint,popov_ei,True,3520,606,0.25,0.25,,,2.5,1.5,joint_ecf_rmse_to_true_reverse,0.12646306499292573,,0.0033097064391645007,
nonstationary_joint,popov_ei,True,3520,606,0.25,0.25,,,2.5,1.5,joint_probe_real,0.16516142116493349,0.18868518144529622,,
nonstationary_joint,popov_ei,True,3520,606,0.25,0.25,,,2.5,1.5,rff_mmd2_to_true_reverse,0.005108026478098382,,-1.1835161463080723e-05,
nonstationary_joint,popov_ei,True,3520,707,0.25,0.25,,,0.5,0.25,joint_ecf_rmse_to_true_reverse,0.05389704782860142,,0.0028969732847592103,
nonstationary_joint,popov_ei,True,3520,707,0.25,0.25,,,0.5,0.25,joint_probe_real,0.010711176651172806,0.010121106338732092,,
nonstationary_joint,popov_ei,True,3520,707,0.25,0.25,,,0.5,0.25,rff_mmd2_to_true_reverse,0.00048213896650661781,,7.819062242453434e-06,
nonstationary_joint,popov_ei,True,3520,707,0.25,0.25,,,1.5,0.5,joint_ecf_rmse_to_true_reverse,0.1226998159700957,,0.0028202995267702521,
nonstationary_joint,popov_ei,True,3520,707,0.25,0.25,,,1.5,0.5,joint_probe_real,0.10710883902337631,0.12601614378469431,,
nonstationary_joint,popov_ei,True,3520,707,0.25,0.25,,,1.5,0.5,rff_mmd2_to_true_reverse,0.0046630993103717877,,7.8742342880522287e-06,
nonstationary_joint,popov_ei,True,3520,707,0.25,0.25,,,2.5,1.5,joint_ecf_rmse_to_true_reverse,0.12631883480444453,,0.0031431844243213478,
nonstationary_joint,popov_ei,True,3520,707,0.25,0.25,,,2.5,1.5,joint_probe_real,0.16342983954423898,0.18868518144529622,,
nonstationary_joint,popov_ei,True,3520,707,0.25,0.25,,,2.5,1.5,rff_mmd2_to_true_reverse,0.0050835519919408823,,-3.6836136838580558e-06,
nonstationary_joint,popov_ei,True,3520,808,0.25,0.25,,,0.5,0.25,joint_ecf_rmse_to_true_reverse,0.054436760041381232,,0.0036615267500288576,
nonstationary_joint,popov_ei,True,3520,808,0.25,0.25,,,0.5,0.25,joint_probe_real,0.013076463849333878,0.010121106338732092,,
nonstationary_joint,popov_ei,True,3520,808,0.25,0.25,,,0.5,0.25,rff_mmd2_to_true_reverse,0.00049970552019218406,,-1.3404454852761205e-05,
nonstationary_joint,popov_ei,True,3520,808,0.25,0.25,,,1.5,0.5,joint_ecf_rmse_to_true_reverse,0.12281815379537178,,0.0034824086410239941,
nonstationary_joint,popov_ei,True,3520,808,0.25,0.25,,,1.5,0.5,joint_probe_real,0.10488608155697147,0.12601614378469431,,
nonstationary_joint,popov_ei,True,3520,808,0.25,0.25,,,1.5,0.5,rff_mmd2_to_true_reverse,0.0046837489220006301,,8.6888897202763715e-06,
nonstationary_joint,popov_ei,True,3520,808,0.25,0.25,,,2.5,1.5,joint_ecf_rmse_to_true_reverse,0.12664401749249546,,0.0031601192219620363,
nonstationary_joint,popov_ei,True,3520,808,0.25,0.25,,,2.5,1.5,joint_probe_real,0.16131585938150056,0.18868518144529622,,
nonstationary_joint,popov_ei,True,3520,808,0.25,0.25,,,2.5,1.5,rff_mmd2_to_true_reverse,0.0052140477862627765,,3.7761168918404309e-06,
nonstationary_joint,popov_ei,True,3520,909,0.25,0.25,,,0.5,0.25,joint_ecf_rmse_to_true_reverse,0.054514872953036218,,0.0024187667295153511,
nonstationary_joint,popov_ei,True,3520,909,0.25,0.25,,,0.5,0.25,joint_probe_real,0.010807205765725317,0.010121106338732092,,
nonstationary_joint,popov_ei,True,3520,909,0.25,0.25,,,0.5,0.25,rff_mmd2_to_true_reverse,0.00054053147316579508,,5.7790688721137684e-06,
nonstationary_joint,popov_ei,True,3520,909,0.25,0.25,,,1.5,0.5,joint_ecf_rmse_to_true_reverse,0.1227007436166857,,0.0029950941007171501,
nonstationary_joint,popov_ei,True,3520,909,0.25,0.25,,,1.5,0.5,joint_probe_real,0.10500327961838497,0.12601614378469431,,
nonstationary_joint,popov_ei,True,3520,909,0.25,0.25,,,1.5,0.5,rff_mmd2_to_true_reverse,0.0047832635289860592,,-5.1566894361254612e-06,
nonstationary_joint,popov_ei,True,3520,909,0.25,0.25,,,2.5,1.5,joint_ecf_rmse_to_true_reverse,0.12651280825989256,,0.0028994508505123646,
nonstationary_joint,popov_ei,True,3520,909,0.25,0.25,,,2.5,1.5,joint_probe_real,0.16208894174655647,0.18868518144529622,,
nonstationary_joint,popov_ei,True,3520,909,0.25,0.25,,,2.5,1.5,rff_mmd2_to_true_reverse,0.0051488701621215105,,-6.372836086621092e-07,
nonstationary_joint,popov_ei,True,3520,101,0.5,0.5,,,0.5,0.25,joint_ecf_rmse_to_true_reverse,0.039880418805821327,,0.00252629199931401,
nonstationary_joint,popov_ei,True,3520,101,0.5,0.5,,,0.5,0.25,joint_probe_real,0.019309107481759312,0.010121106338732092,,
nonstationary_joint,popov_ei,True,3520,101,0.5,0.5,,,0.5,0.25,rff_mmd2_to_true_reverse,0.00029710997305898434,,1.5364518912819314e-05,
nonstationary_joint,popov_ei,True,3520,101,0.5,0.5,,,1.5,0.5,joint_ecf_rmse_to_true_reverse,0.076016818651436155,,0.0027773952454666338,
nonstationary_joint,popov_ei,True,3520,101,0.5,0.5,,,1.5,0.5,joint_probe_real,0.12225602288776313,0.12601614378469431,,
nonstationary_joint,popov_ei,True,3520,101,0.5,0.5,,,1.5,0.5,rff_mmd2_to_true_reverse,0.0021607809426787972,,7.9894278899317328e-06,
nonstationary_joint,popov_ei,True,3520,101,0.5,0.5,,,2.5,1.5,joint_ecf_rmse_to_true_reverse,0.077781346793908926,,0.0031538418866256905,
nonstationary_joint,popov_ei,True,3520,101,0.5,0.5,,,2.5,1.5,joint_probe_real,0.17507250028475774,0.18868518144529622,,
nonstationary_joint,popov_ei,True,3520,101,0.5,0.5,,,2.5,1.5,rff_mmd2_to_true_reverse,0.0021999673073359594,,1.8912947541416258e-08,
nonstationary_joint,popov_ei,True,3520,1010,0.5,0.5,,,0.5,0.25,joint_ecf_rmse_to_true_reverse,0.038370645031873742,,0.0040408451293653851,
nonstationary_joint,popov_ei,True,3520,1010,0.5,0.5,,,0.5,0.25,joint_probe_real,0.010687288599118331,0.010121106338732092,,
nonstationary_joint,popov_ei,True,3520,1010,0.5,0.5,,,0.5,0.25,rff_mmd2_to_true_reverse,0.0002525845425725981,,2.920346448032074e-05,
nonstationary_joint,popov_ei,True,3520,1010,0.5,0.5,,,1.5,0.5,joint_ecf_rmse_to_true_reverse,0.074878237097505046,,0.0043133878727569987,
nonstationary_joint,popov_ei,True,3520,1010,0.5,0.5,,,1.5,0.5,joint_probe_real,0.11915888348560186,0.12601614378469431,,
nonstationary_joint,popov_ei,True,3520,1010,0.5,0.5,,,1.5,0.5,rff_mmd2_to_true_reverse,0.0021307781853505681,,2.4033439220527697e-05,
nonstationary_joint,popov_ei,True,3520,1010,0.5,0.5,,,2.5,1.5,joint_ecf_rmse_to_true_reverse,0.07909614133992561,,0.0042067772659099426,
nonstationary_joint,popov_ei,True,3520,1010,0.5,0.5,,,2.5,1.5,joint_probe_real,0.1772277213620766,0.18868518144529622,,
nonstationary_joint,popov_ei,True,3520,1010,0.5,0.5,,,2.5,1.5,rff_mmd2_to_true_reverse,0.002350606748073969,,1.4754362123059472e-05,
nonstationary_joint,popov_ei,True,3520,1111,0.5,0.5,,,0.5,0.25,joint_ecf_rmse_to_true_reverse,0.038277349145983075,,0.0039718545977329356,
nonstationary_joint,popov_ei,True,3520,1111,0.5,0.5,,,0.5,0.25,joint_probe_real,0.012881627248490839,0.010121106338732092,,
nonstationary_joint,popov_ei,True,3520,1111,0.5,0.5,,,0.5,0.25,rff_mmd2_to_true_reverse,0.00027436374691747201,,-1.0217119871036573e-05,
nonstationary_joint,popov_ei,True,3520,1111,0.5,0.5,,,1.5,0.5,joint_ecf_rmse_to_true_reverse,0.074491589536375802,,0.0032851192794648106,
nonstationary_joint,popov_ei,True,3520,1111,0.5,0.5,,,1.5,0.5,joint_probe_real,0.12151867921788961,0.12601614378469431,,
nonstationary_joint,popov_ei,True,3520,1111,0.5,0.5,,,1.5,0.5,rff_mmd2_to_true_reverse,0.0020880428616120161,,-3.5373175633068854e-07,
nonstationary_joint,popov_ei,True,3520,1111,0.5,0.5,,,2.5,1.5,joint_ecf_rmse_to_true_reverse,0.078839594952087033,,0.0036870955987938635,
nonstationary_joint,popov_ei,True,3520,1111,0.5,0.5,,,2.5,1.5,joint_probe_real,0.18146321656313397,0.18868518144529622,,
nonstationary_joint,popov_ei,True,3520,1111,0.5,0.5,,,2.5,1.5,rff_mmd2_to_true_reverse,0.0022972528606736153,,-1.6164293793474727e-06,
nonstationary_joint,popov_ei,True,3520,1212,0.5,0.5,,,0.5,0.25,joint_ecf_rmse_to_true_reverse,0.038909085041056578,,0.00385167055324871,
nonstationary_joint,popov_ei,True,3520,1212,0.5,0.5,,,0.5,0.25,joint_probe_real,0.015898255765931402,0.010121106338732092,,
nonstationary_joint,popov_ei,True,3520,1212,0.5,0.5,,,0.5,0.25,rff_mmd2_to_true_reverse,0.00023975553293120733,,2.3310457317515798e-05,
nonstationary_joint,popov_ei,True,3520,1212,0.5,0.5,,,1.5,0.5,joint_ecf_rmse_to_true_reverse,0.076000645988778398,,0.0039181721471297348,
nonstationary_joint,popov_ei,True,3520,1212,0.5,0.5,,,1.5,0.5,joint_probe_real,0.12038938689558143,0.12601614378469431,,
nonstationary_joint,popov_ei,True,3520,1212,0.5,0.5,,,1.5,0.5,rff_mmd2_to_true_reverse,0.0020714969606347999,,1.5267276571861998e-05,
nonstationary_joint,popov_ei,True,3520,1212,0.5,0.5,,,2.5,1.5,joint_ecf_rmse_to_true_reverse,0.077962726631398443,,0.0038290303256898789,
nonstationary_joint,popov_ei,True,3520,1212,0.5,0.5,,,2.5,1.5,joint_probe_real,0.17964460351188621,0.18868518144529622,,
nonstationary_joint,popov_ei,True,3520,1212,0.5,0.5,,,2.5,1.5,rff_mmd2_to_true_reverse,0.0022525669214485955,,7.2981819809747606e-06,
nonstationary_joint,popov_ei,True,3520,202,0.5,0.5,,,0.5,0.25,joint_ecf_rmse_to_true_reverse,0.037667043786836524,,0.0029958968640268363,
nonstationary_joint,popov_ei,True,3520,202,0.5,0.5,,,0.5,0.25,joint_probe_real,0.016430252345822089,0.010121106338732092,,
nonstationary_joint,popov_ei,True,3520,202,0.5,0.5,,,0.5,0.25,rff_mmd2_to_true_reverse,0.00025394188813088192,,-1.4256020561598248e-05,
nonstationary_joint,popov_ei,True,3520,202,0.5,0.5,,,1.5,0.5,joint_ecf_rmse_to_true_reverse,0.074638284637817284,,0.0035615643068631266,
nonstationary_joint,popov_ei,True,3520,202,0.5,0.5,,,1.5,0.5,joint_probe_real,0.11988445094130226,0.12601614378469431,,
nonstationary_joint,popov_ei,True,3520,202,0.5,0.5,,,1.5,0.5,rff_mmd2_to_true_reverse,0.0021539021959668947,,-6.5858270734686641e-06,
nonstationary_joint,popov_ei,True,3520,202,0.5,0.5,,,2.5,1.5,joint_ecf_rmse_to_true_reverse,0.07819421970633407,,0.0031792632198934276,
nonstationary_joint,popov_ei,True,3520,202,0.5,0.5,,,2.5,1.5,joint_probe_real,0.17739303960729877,0.18868518144529622,,
nonstationary_joint,popov_ei,True,3520,202,0.5,0.5,,,2.5,1.5,rff_mmd2_to_true_reverse,0.0023129203376605068,,7.1728543882265683e-08,
nonstationary_joint,popov_ei,True,3520,303,0.5,0.5,,,0.5,0.25,joint_ecf_rmse_to_true_reverse,0.038389365533414377,,0.0045099261388012284,
nonstationary_joint,popov_ei,True,3520,303,0.5,0.5,,,0.5,0.25,joint_probe_real,0.015980143435313034,0.010121106338732092,,
nonstationary_joint,popov_ei,True,3520,303,0.5,0.5,,,0.5,0.25,rff_mmd2_to_true_reverse,0.00028478210868165821,,-8.6476638099242109e-06,
nonstationary_joint,popov_ei,True,3520,303,0.5,0.5,,,1.5,0.5,joint_ecf_rmse_to_true_reverse,0.075617028653004709,,0.0029218737180437136,
nonstationary_joint,popov_ei,True,3520,303,0.5,0.5,,,1.5,0.5,joint_probe_real,0.12246125787385204,0.12601614378469431,,
nonstationary_joint,popov_ei,True,3520,303,0.5,0.5,,,1.5,0.5,rff_mmd2_to_true_reverse,0.002094127620331232,,-9.0583740122163192e-06,
nonstationary_joint,popov_ei,True,3520,303,0.5,0.5,,,2.5,1.5,joint_ecf_rmse_to_true_reverse,0.079918763724455638,,0.003833197038711586,
nonstationary_joint,popov_ei,True,3520,303,0.5,0.5,,,2.5,1.5,joint_probe_real,0.17713524357120375,0.18868518144529622,,
nonstationary_joint,popov_ei,True,3520,303,0.5,0.5,,,2.5,1.5,rff_mmd2_to_true_reverse,0.0023723584434375278,,-6.6135727501137609e-06,
nonstationary_joint,popov_ei,True,3520,404,0.5,0.5,,,0.5,0.25,joint_ecf_rmse_to_true_reverse,0.03787364488602591,,0.0040334817625583882,
nonstationary_joint,popov_ei,True,3520,404,0.5,0.5,,,0.5,0.25,joint_probe_real,0.0091405640512623367,0.010121106338732092,,
nonstationary_joint,popov_ei,True,3520,404,0.5,0.5,,,0.5,0.25,rff_mmd2_to_true_reverse,0.00023919829410712357,,8.0545117377983644e-06,
nonstationary_joint,popov_ei,True,3520,404,0.5,0.5,,,1.5,0.5,joint_ecf_rmse_to_true_reverse,0.074894583084749236,,0.0041564064037144929,
nonstationary_joint,popov_ei,True,3520,404,0.5,0.5,,,1.5,0.5,joint_probe_real,0.12213977691155456,0.12601614378469431,,
nonstationary_joint,popov_ei,True,3520,404,0.5,0.5,,,1.5,0.5,rff_mmd2_to_true_reverse,0.0020947283790868632,,8.2152123933587617e-06,
nonstationary_joint,popov_ei,True,3520,404,0.5,0.5,,,2.5,1.5,joint_ecf_rmse_to_true_reverse,0.078394360240483754,,0.003253173898310288,
nonstationary_joint,popov_ei,True,3520,404,0.5,0.5,,,2.5,1.5,joint_probe_real,0.17761982471955201,0.18868518144529622,,
nonstationary_joint,popov_ei,True,3520,404,0.5,0.5,,,2.5,1.5,rff_mmd2_to_true_reverse,0.002187188398889317,,-3.9161123367437156e-06,
nonstationary_joint,popov_ei,True,3520,505,0.5,0.5,,,0.5,0.25,joint_ecf_rmse_to_true_reverse,0.038106485153146533,,0.0023108806140676409,
nonstationary_joint,popov_ei,True,3520,505,0.5,0.5,,,0.5,0.25,joint_probe_real,0.01345567948930651,0.010121106338732092,,
nonstationary_joint,popov_ei,True,3520,505,0.5,0.5,,,0.5,0.25,rff_mmd2_to_true_reverse,0.00025996887176638062,,-1.2818851568452416e-05,
nonstationary_joint,popov_ei,True,3520,505,0.5,0.5,,,1.5,0.5,joint_ecf_rmse_to_true_reverse,0.073918509511162897,,0.002911467993588776,
nonstationary_joint,popov_ei,True,3520,505,0.5,0.5,,,1.5,0.5,joint_probe_real,0.11921171569116792,0.12601614378469431,,
nonstationary_joint,popov_ei,True,3520,505,0.5,0.5,,,1.5,0.5,rff_mmd2_to_true_reverse,0.0020250586325279984,,-2.039536711295753e-06,
nonstationary_joint,popov_ei,True,3520,505,0.5,0.5,,,2.5,1.5,joint_ecf_rmse_to_true_reverse,0.07869501892560038,,0.0027976774342714063,
nonstationary_joint,popov_ei,True,3520,505,0.5,0.5,,,2.5,1.5,joint_probe_real,0.17186909452039792,0.18868518144529622,,
nonstationary_joint,popov_ei,True,3520,505,0.5,0.5,,,2.5,1.5,rff_mmd2_to_true_reverse,0.0023122229249967763,,8.6312094293994335e-06,
nonstationary_joint,popov_ei,True,3520,606,0.5,0.5,,,0.5,0.25,joint_ecf_rmse_to_true_reverse,0.038376211253741896,,0.0033314248463237137,
nonstationary_joint,popov_ei,True,3520,606,0.5,0.5,,,0.5,0.25,joint_probe_real,0.014107695273258494,0.010121106338732092,,
nonstationary_joint,popov_ei,True,3520,606,0.5,0.5,,,0.5,0.25,rff_mmd2_to_true_reverse,0.00025287293121478704,,-1.5040480466299577e-05,
nonstationary_joint,popov_ei,True,3520,606,0.5,0.5,,,1.5,0.5,joint_ecf_rmse_to_true_reverse,0.074779919559029073,,0.0033521308528540981,
nonstationary_joint,popov_ei,True,3520,606,0.5,0.5,,,1.5,0.5,joint_probe_real,0.1251084243231925,0.12601614378469431,,
nonstationary_joint,popov_ei,True,3520,606,0.5,0.5,,,1.5,0.5,rff_mmd2_to_true_reverse,0.0020308103468492655,,-9.0591694953401358e-06,
nonstationary_joint,popov_ei,True,3520,606,0.5,0.5,,,2.5,1.5,joint_ecf_rmse_to_true_reverse,0.078771852229487502,,0.0033097064391645007,
nonstationary_joint,popov_ei,True,3520,606,0.5,0.5,,,2.5,1.5,joint_probe_real,0.17601260607121472,0.18868518144529622,,
nonstationary_joint,popov_ei,True,3520,606,0.5,0.5,,,2.5,1.5,rff_mmd2_to_true_reverse,0.0022753011046825478,,-1.1835161463080723e-05,
nonstationary_joint,popov_ei,True,3520,707,0.5,0.5,,,0.5,0.25,joint_ecf_rmse_to_true_reverse,0.037899969981302864,,0.0028969732847592103,
nonstationary_joint,popov_ei,True,3520,707,0.5,0.5,,,0.5,0.25,joint_probe_real,0.012537226286849733,0.010121106338732092,,
nonstationary_joint,popov_ei,True,3520,707,0.5,0.5,,,0.5,0.25,rff_mmd2_to_true_reverse,0.00023559364846781339,,7.819062242453434e-06,
nonstationary_joint,popov_ei,True,3520,707,0.5,0.5,,,1.5,0.5,joint_ecf_rmse_to_true_reverse,0.074998499802899327,,0.0028202995267702521,
nonstationary_joint,popov_ei,True,3520,707,0.5,0.5,,,1.5,0.5,joint_probe_real,0.11984072784916983,0.12601614378469431,,
nonstationary_joint,popov_ei,True,3520,707,0.5,0.5,,,1.5,0.5,rff_mmd2_to_true_reverse,0.0020205527956554947,,7.8742342880522287e-06,
nonstationary_joint,popov_ei,True,3520,707,0.5,0.5,,,2.5,1.5,joint_ecf_rmse_to_true_reverse,0.078555257742007001,,0.0031431844243213478,
nonstationary_joint,popov_ei,True,3520,707,0.5,0.5,,,2.5,1.5,joint_probe_real,0.17689737092244806,0.18868518144529622,,
nonstationary_joint,popov_ei,True,3520,707,0.5,0.5,,,2.5,1.5,rff_mmd2_to_true_reverse,0.0022436543276317389,,-3.6836136838580558e-06,
nonstationary_joint,popov_ei,True,3520,808,0.5,0.5,,,0.5,0.25,joint_ecf_rmse_to_true_reverse,0.038573871148379332,,0.0036615267500288576,
nonstationary_joint,popov_ei,True,3520,808,0.5,0.5,,,0.5,0.25,joint_probe_real,0.015129872797810182,0.010121106338732092,,
nonstationary_joint,popov_ei,True,3520,808,0.5,0.5,,,0.5,0.25,rff_mmd2_to_true_reverse,0.0002458618517956479,,-1.3404454852761205e-05,
nonstationary_joint,popov_ei,True,3520,808,0.5,0.5,,,1.5,0.5,joint_ecf_rmse_to_true_reverse,0.074633886784662998,,0.0034824086410239941,
nonstationary_joint,popov_ei,True,3520,808,0.5,0.5,,,1.5,0.5,joint_probe_real,0.11846306270170762,0.12601614378469431,,
nonstationary_joint,popov_ei,True,3520,808,0.5,0.5,,,1.5,0.5,rff_mmd2_to_true_reverse,0.0019833654306410375,,8.6888897202763715e-06,
nonstationary_joint,popov_ei,True,3520,808,0.5,0.5,,,2.5,1.5,joint_ecf_rmse_to_true_reverse,0.078585685086827325,,0.0031601192219620363,
nonstationary_joint,popov_ei,True,3520,808,0.5,0.5,,,2.5,1.5,joint_probe_real,0.17114797890214481,0.18868518144529622,,
nonstationary_joint,popov_ei,True,3520,808,0.5,0.5,,,2.5,1.5,rff_mmd2_to_true_reverse,0.0023041418426001936,,3.7761168918404309e-06,
nonstationary_joint,popov_ei,True,3520,909,0.5,0.5,,,0.5,0.25,joint_ecf_rmse_to_true_reverse,0.03814885164818909,,0.0024187667295153511,
nonstationary_joint,popov_ei,True,3520,909,0.5,0.5,,,0.5,0.25,joint_probe_real,0.0094689099974846324,0.010121106338732092,,
nonstationary_joint,popov_ei,True,3520,909,0.5,0.5,,,0.5,0.25,rff_mmd2_to_true_reverse,0.00026759577843260551,,5.7790688721137684e-06,
nonstationary_joint,popov_ei,True,3520,909,0.5,0.5,,,1.5,0.5,joint_ecf_rmse_to_true_reverse,0.07469638902787748,,0.0029950941007171501,
nonstationary_joint,popov_ei,True,3520,909,0.5,0.5,,,1.5,0.5,joint_probe_real,0.11559706710961173,0.12601614378469431,,
nonstationary_joint,popov_ei,True,3520,909,0.5,0.5,,,1.5,0.5,rff_mmd2_to_true_reverse,0.0020962603263431356,,-5.1566894361254612e-06,
nonstationary_joint,popov_ei,True,3520,909,0.5,0.5,,,2.5,1.5,joint_ecf_rmse_to_true_reverse,0.078161733015585641,,0.0028994508505123646,
nonstationary_joint,popov_ei,True,3520,909,0.5,0.5,,,2.5,1.5,joint_probe_real,0.17478705782061463,0.18868518144529622,,
nonstationary_joint,popov_ei,True,3520,909,0.5,0.5,,,2.5,1.5,rff_mmd2_to_true_reverse,0.0022664893029417099,,-6.372836086621092e-07,
nonstationary_joint,popov_ei,True,3520,101,1,1,,,0.5,0.25,joint_ecf_rmse_to_true_reverse,0.026843429584335866,,0.00252629199931401,
nonstationary_joint,popov_ei,True,3520,101,1,1,,,0.5,0.25,joint_probe_real,0.018379804120876492,0.010121106338732092,,
nonstationary_joint,popov_ei,True,3520,101,1,1,,,0.5,0.25,rff_mmd2_to_true_reverse,0.00015474130602766145,,1.5364518912819314e-05,
nonstationary_joint,popov_ei,True,3520,101,1,1,,,1.5,0.5,joint_ecf_rmse_to_true_reverse,0.035654806287814006,,0.0027773952454666338,
nonstationary_joint,popov_ei,True,3520,101,1,1,,,1.5,0.5,joint_probe_real,0.14660983999973354,0.12601614378469431,,
nonstationary_joint,popov_ei,True,3520,101,1,1,,,1.5,0.5,rff_mmd2_to_true_reverse,0.00056950397672272945,,7.9894278899317328e-06,
nonstationary_joint,popov_ei,True,3520,101,1,1,,,2.5,1.5,joint_ecf_rmse_to_true_reverse,0.038788693460203867,,0.0031538418866256905,
nonstationary_joint,popov_ei,True,3520,101,1,1,,,2.5,1.5,joint_probe_real,0.19680759552153368,0.18868518144529622,,
nonstationary_joint,popov_ei,True,3520,101,1,1,,,2.5,1.5,rff_mmd2_to_true_reverse,0.0007255639982424178,,1.8912947541416258e-08,
nonstationary_joint,popov_ei,True,3520,1010,1,1,,,0.5,0.25,joint_ecf_rmse_to_true_reverse,0.026263060515447651,,0.0040408451293653851,
nonstationary_joint,popov_ei,True,3520,1010,1,1,,,0.5,0.25,joint_probe_real,0.016000689220824843,0.010121106338732092,,
nonstationary_joint,popov_ei,True,3520,1010,1,1,,,0.5,0.25,rff_mmd2_to_true_reverse,0.00014248879340794662,,2.920346448032074e-05,
nonstationary_joint,popov_ei,True,3520,1010,1,1,,,1.5,0.5,joint_ecf_rmse_to_true_reverse,0.03446824461303731,,0.0043133878727569987,
nonstationary_joint,popov_ei,True,3520,1010,1,1,,,1.5,0.5,joint_probe_real,0.14184713420234596,0.12601614378469431,,
nonstationary_joint,popov_ei,True,3520,1010,1,1,,,1.5,0.5,rff_mmd2_to_true_reverse,0.00046754605425702866,,2.4033439220527697e-05,
nonstationary_joint,popov_ei,True,3520,1010,1,1,,,2.5,1.5,joint_ecf_rmse_to_true_reverse,0.038763717358084003,,0.0042067772659099426,
nonstationary_joint,popov_ei,True,3520,1010,1,1,,,2.5,1.5,joint_probe_real,0.19720958392244334,0.18868518144529622,,
nonstationary_joint,popov_ei,True,3520,1010,1,1,,,2.5,1.5,rff_mmd2_to_true_reverse,0.00070566936888394327,,1.4754362123059472e-05,
nonstationary_joint,popov_ei,True,3520,1111,1,1,,,0.5,0.25,joint_ecf_rmse_to_true_reverse,0.026147756731123704,,0.0039718545977329356,
nonstationary_joint,popov_ei,True,3520,1111,1,1,,,0.5,0.25,joint_probe_real,0.013271091186705185,0.010121106338732092,,
nonstationary_joint,popov_ei,True,3520,1111,1,1,,,0.5,0.25,rff_mmd2_to_true_reverse,0.0001574981655425578,,-1.0217119871036573e-05,
nonstationary_joint,popov_ei,True,3520,1111,1,1,,,1.5,0.5,joint_ecf_rmse_to_true_reverse,0.033965161901588048,,0.0032851192794648106,
nonstationary_joint,popov_ei,True,3520,1111,1,1,,,1.5,0.5,joint_probe_real,0.14782675780532345,0.12601614378469431,,
nonstationary_joint,popov_ei,True,3520,1111,1,1,,,1.5,0.5,rff_mmd2_to_true_reverse,0.00052644761457332212,,-3.5373175633068854e-07,
nonstationary_joint,popov_ei,True,3520,1111,1,1,,,2.5,1.5,joint_ecf_rmse_to_true_reverse,0.037118357172748487,,0.0036870955987938635,
nonstationary_joint,popov_ei,True,3520,1111,1,1,,,2.5,1.5,joint_probe_real,0.19940356323619823,0.18868518144529622,,
nonstationary_joint,popov_ei,True,3520,1111,1,1,,,2.5,1.5,rff_mmd2_to_true_reverse,0.0006210362295466787,,-1.6164293793474727e-06,
nonstationary_joint,popov_ei,True,3520,1212,1,1,,,0.5,0.25,joint_ecf_rmse_to_true_reverse,0.025598549077546988,,0.00385167055324871,
nonstationary_joint,popov_ei,True,3520,1212,1,1,,,0.5,0.25,joint_probe_real,0.015264970139349156,0.010121106338732092,,
nonstationary_joint,popov_ei,True,3520,1212,1,1,,,0.5,0.25,rff_mmd2_to_true_reverse,0.00012544380190226967,,2.3310457317515798e-05,
nonstationary_joint,popov_ei,True,3520,1212,1,1,,,1.5,0.5,joint_ecf_rmse_to_true_reverse,0.035488480284344912,,0.0039181721471297348,
nonstationary_joint,popov_ei,True,3520,1212,1,1,,,1.5,0.5,joint_probe_real,0.14537910739768434,0.12601614378469431,,
nonstationary_joint,popov_ei,True,3520,1212,1,1,,,1.5,0.5,rff_mmd2_to_true_reverse,0.00049703869820727498,,1.5267276571861998e-05,
nonstationary_joint,popov_ei,True,3520,1212,1,1,,,2.5,1.5,joint_ecf_rmse_to_true_reverse,0.037786355795819626,,0.0038290303256898789,
nonstationary_joint,popov_ei,True,3520,1212,1,1,,,2.5,1.5,joint_probe_real,0.19607668653406707,0.18868518144529622,,
nonstationary_joint,popov_ei,True,3520,1212,1,1,,,2.5,1.5,rff_mmd2_to_true_reverse,0.00067042953214935253,,7.2981819809747606e-06,
nonstationary_joint,popov_ei,True,3520,202,1,1,,,0.5,0.25,joint_ecf_rmse_to_true_reverse,0.02719977787974456,,0.0029958968640268363,
nonstationary_joint,popov_ei,True,3520,202,1,1,,,0.5,0.25,joint_probe_real,0.021319262036995829,0.010121106338732092,,
nonstationary_joint,popov_ei,True,3520,202,1,1,,,0.5,0.25,rff_mmd2_to_true_reverse,0.00015393711688904688,,-1.4256020561598248e-05,
nonstationary_joint,popov_ei,True,3520,202,1,1,,,1.5,0.5,joint_ecf_rmse_to_true_reverse,0.035042775392617735,,0.0035615643068631266,
nonstationary_joint,popov_ei,True,3520,202,1,1,,,1.5,0.5,joint_probe_real,0.14333144851194513,0.12601614378469431,,
nonstationary_joint,popov_ei,True,3520,202,1,1,,,1.5,0.5,rff_mmd2_to_true_reverse,0.0004968584545685939,,-6.5858270734686641e-06,
nonstationary_joint,popov_ei,True,3520,202,1,1,,,2.5,1.5,joint_ecf_rmse_to_true_reverse,0.038127410758856319,,0.0031792632198934276,
nonstationary_joint,popov_ei,True,3520,202,1,1,,,2.5,1.5,joint_probe_real,0.1971645429770727,0.18868518144529622,,
nonstationary_joint,popov_ei,True,3520,202,1,1,,,2.5,1.5,rff_mmd2_to_true_reverse,0.00066215402236879939,,7.1728543882265683e-08,
nonstationary_joint,popov_ei,True,3520,303,1,1,,,0.5,0.25,joint_ecf_rmse_to_true_reverse,0.026070254075144694,,0.0045099261388012284,
nonstationary_joint,popov_ei,True,3520,303,1,1,,,0.5,0.25,joint_probe_real,0.019166656376201241,0.010121106338732092,,
nonstationary_joint,popov_ei,True,3520,303,1,1,,,0.5,0.25,rff_mmd2_to_true_reverse,0.0001581093831645175,,-8.6476638099242109e-06,
nonstationary_joint,popov_ei,True,3520,303,1,1,,,1.5,0.5,joint_ecf_rmse_to_true_reverse,0.034510018517193375,,0.0029218737180437136,
nonstationary_joint,popov_ei,True,3520,303,1,1,,,1.5,0.5,joint_probe_real,0.14628640135773158,0.12601614378469431,,
nonstationary_joint,popov_ei,True,3520,303,1,1,,,1.5,0.5,rff_mmd2_to_true_reverse,0.00047229397714121379,,-9.0583740122163192e-06,
nonstationary_joint,popov_ei,True,3520,303,1,1,,,2.5,1.5,joint_ecf_rmse_to_true_reverse,0.039290749534867296,,0.003833197038711586,
nonstationary_joint,popov_ei,True,3520,303,1,1,,,2.5,1.5,joint_probe_real,0.19752668067909745,0.18868518144529622,,
nonstationary_joint,popov_ei,True,3520,303,1,1,,,2.5,1.5,rff_mmd2_to_true_reverse,0.00071530323804858131,,-6.6135727501137609e-06,
nonstationary_joint,popov_ei,True,3520,404,1,1,,,0.5,0.25,joint_ecf_rmse_to_true_reverse,0.025406231127405608,,0.0040334817625583882,
nonstationary_joint,popov_ei,True,3520,404,1,1,,,0.5,0.25,joint_probe_real,0.010279722983271169,0.010121106338732092,,
nonstationary_joint,popov_ei,True,3520,404,1,1,,,0.5,0.25,rff_mmd2_to_true_reverse,0.000124932538968614,,8.0545117377983644e-06,
nonstationary_joint,popov_ei,True,3520,404,1,1,,,1.5,0.5,joint_ecf_rmse_to_true_reverse,0.034919531217001885,,0.0041564064037144929,
nonstationary_joint,popov_ei,True,3520,404,1,1,,,1.5,0.5,joint_probe_real,0.14699853264203813,0.12601614378469431,,
nonstationary_joint,popov_ei,True,3520,404,1,1,,,1.5,0.5,rff_mmd2_to_true_reverse,0.00050922028123001617,,8.2152123933587617e-06,
nonstationary_joint,popov_ei,True,3520,404,1,1,,,2.5,1.5,joint_ecf_rmse_to_true_reverse,0.039034116255058655,,0.003253173898310288,
nonstationary_joint,popov_ei,True,3520,404,1,1,,,2.5,1.5,joint_probe_real,0.19884777201814294,0.18868518144529622,,
nonstationary_joint,popov_ei,True,3520,404,1,1,,,2.5,1.5,rff_mmd2_to_true_reverse,0.00070887723012369452,,-3.9161123367437156e-06,
nonstationary_joint,popov_ei,True,3520,505,1,1,,,0.5,0.25,joint_ecf_rmse_to_true_reverse,0.026416283372434516,,0.0023108806140676409,
nonstationary_joint,popov_ei,True,3520,505,1,1,,,0.5,0.25,joint_probe_real,0.017124269391380106,0.010121106338732092,,
nonstationary_joint,popov_ei,True,3520,505,1,1,,,0.5,0.25,rff_mmd2_to_true_reverse,0.0001350821709650285,,-1.2818851568452416e-05,
nonstationary_joint,popov_ei,True,3520,505,1,1,,,1.5,0.5,joint_ecf_rmse_to_true_reverse,0.035393730265834783,,0.002911467993588776,
nonstationary_joint,popov_ei,True,3520,505,1,1,,,1.5,0.5,joint_probe_real,0.14671242084127334,0.12601614378469431,,
nonstationary_joint,popov_ei,True,3520,505,1,1,,,1.5,0.5,rff_mmd2_to_true_reverse,0.00048620887062122975,,-2.039536711295753e-06,
nonstationary_joint,popov_ei,True,3520,505,1,1,,,2.5,1.5,joint_ecf_rmse_to_true_reverse,0.038934876918723785,,0.0027976774342714063,
nonstationary_joint,popov_ei,True,3520,505,1,1,,,2.5,1.5,joint_probe_real,0.19342379640480856,0.18868518144529622,,
nonstationary_joint,popov_ei,True,3520,505,1,1,,,2.5,1.5,rff_mmd2_to_true_reverse,0.00068383265777960389,,8.6312094293994335e-06,
nonstationary_joint,popov_ei,True,3520,606,1,1,,,0.5,0.25,joint_ecf_rmse_to_true_reverse,0.026778515906510505,,0.0033314248463237137,
nonstationary_joint,popov_ei,True,3520,606,1,1,,,0.5,0.25,joint_probe_real,0.014730147888767253,0.010121106338732092,,
nonstationary_joint,popov_ei,True,3520,606,1,1,,,0.5,0.25,rff_mmd2_to_true_reverse,0.00015501742204948599,,-1.5040480466299577e-05,
nonstationary_joint,popov_ei,True,3520,606,1,1,,,1.5,0.5,joint_ecf_rmse_to_true_reverse,0.035479099036581169,,0.0033521308528540981,
nonstationary_joint,popov_ei,True,3520,606,1,1,,,1.5,0.5,joint_probe_real,0.14885664086795522,0.12601614378469431,,
nonstationary_joint,popov_ei,True,3520,606,1,1,,,1.5,0.5,rff_mmd2_to_true_reverse,0.00052782201662515682,,-9.0591694953401358e-06,
nonstationary_joint,popov_ei,True,3520,606,1,1,,,2.5,1.5,joint_ecf_rmse_to_true_reverse,0.03931393923469248,,0.0033097064391645007,
nonstationary_joint,popov_ei,True,3520,606,1,1,,,2.5,1.5,joint_probe_real,0.19554829450280811,0.18868518144529622,,
nonstationary_joint,popov_ei,True,3520,606,1,1,,,2.5,1.5,rff_mmd2_to_true_reverse,0.00073644597198485595,,-1.1835161463080723e-05,
nonstationary_joint,popov_ei,True,3520,707,1,1,,,0.5,0.25,joint_ecf_rmse_to_true_reverse,0.027253261473355626,,0.0028969732847592103,
nonstationary_joint,popov_ei,True,3520,707,1,1,,,0.5,0.25,joint_probe_real,0.02060885388491036,0.010121106338732092,,
nonstationary_joint,popov_ei,True,3520,707,1,1,,,0.5,0.25,rff_mmd2_to_true_reverse,0.00014030971577494444,,7.819062242453434e-06,
nonstationary_joint,popov_ei,True,3520,707,1,1,,,1.5,0.5,joint_ecf_rmse_to_true_reverse,0.035681494496553126,,0.0028202995267702521,
nonstationary_joint,popov_ei,True,3520,707,1,1,,,1.5,0.5,joint_probe_real,0.147773937925503,0.12601614378469431,,
nonstationary_joint,popov_ei,True,3520,707,1,1,,,1.5,0.5,rff_mmd2_to_true_reverse,0.00052345379467133579,,7.8742342880522287e-06,
nonstationary_joint,popov_ei,True,3520,707,1,1,,,2.5,1.5,joint_ecf_rmse_to_true_reverse,0.038453657695053184,,0.0031431844243213478,
nonstationary_joint,popov_ei,True,3520,707,1,1,,,2.5,1.5,joint_probe_real,0.19620417184198172,0.18868518144529622,,
nonstationary_joint,popov_ei,True,3520,707,1,1,,,2.5,1.5,rff_mmd2_to_true_reverse,0.00066990145299805626,,-3.6836136838580558e-06,
nonstationary_joint,popov_ei,True,3520,808,1,1,,,0.5,0.25,joint_ecf_rmse_to_true_reverse,0.027318891851160303,,0.0036615267500288576,
nonstationary_joint,popov_ei,True,3520,808,1,1,,,0.5,0.25,joint_probe_real,0.01824195665702559,0.010121106338732092,,
nonstationary_joint,popov_ei,True,3520,808,1,1,,,0.5,0.25,rff_mmd2_to_true_reverse,0.00014438317785070431,,-1.3404454852761205e-05,
nonstationary_joint,popov_ei,True,3520,808,1,1,,,1.5,0.5,joint_ecf_rmse_to_true_reverse,0.034727845700778893,,0.0034824086410239941,
nonstationary_joint,popov_ei,True,3520,808,1,1,,,1.5,0.5,joint_probe_real,0.14451247221103539,0.12601614378469431,,
nonstationary_joint,popov_ei,True,3520,808,1,1,,,1.5,0.5,rff_mmd2_to_true_reverse,0.00049839457838984913,,8.6888897202763715e-06,
nonstationary_joint,popov_ei,True,3520,808,1,1,,,2.5,1.5,joint_ecf_rmse_to_true_reverse,0.037949563535362156,,0.0031601192219620363,
nonstationary_joint,popov_ei,True,3520,808,1,1,,,2.5,1.5,joint_probe_real,0.19335821628211178,0.18868518144529622,,
nonstationary_joint,popov_ei,True,3520,808,1,1,,,2.5,1.5,rff_mmd2_to_true_reverse,0.00063996250779285724,,3.7761168918404309e-06,
nonstationary_joint,popov_ei,True,3520,909,1,1,,,0.5,0.25,joint_ecf_rmse_to_true_reverse,0.026378806615382465,,0.0024187667295153511,
nonstationary_joint,popov_ei,True,3520,909,1,1,,,0.5,0.25,joint_probe_real,0.014767720030780029,0.010121106338732092,,
nonstationary_joint,popov_ei,True,3520,909,1,1,,,0.5,0.25,rff_mmd2_to_true_reverse,0.0001296671394690474,,5.7790688721137684e-06,
nonstationary_joint,popov_ei,True,3520,909,1,1,,,1.5,0.5,joint_ecf_rmse_to_true_reverse,0.034662678623932609,,0.0029950941007171501,
nonstationary_joint,popov_ei,True,3520,909,1,1,,,1.5,0.5,joint_probe_real,0.13739783433692956,0.12601614378469431,,
nonstationary_joint,popov_ei,True,3520,909,1,1,,,1.5,0.5,rff_mmd2_to_true_reverse,0.00048054362737293133,,-5.1566894361254612e-06,
nonstationary_joint,popov_ei,True,3520,909,1,1,,,2.5,1.5,joint_ecf_rmse_to_true_reverse,0.038141378808433914,,0.0028994508505123646,
nonstationary_joint,popov_ei,True,3520,909,1,1,,,2.5,1.5,joint_probe_real,0.19840992753881795,0.18868518144529622,,
nonstationary_joint,popov_ei,True,3520,909,1,1,,,2.5,1.5,rff_mmd2_to_true_reverse,0.00067776999708069052,,-6.372836086621092e-07,
nonstationary_joint,popov_ei,True,3520,101,2,2,,,0.5,0.25,joint_ecf_rmse_to_true_reverse,0.058925183828421553,,0.00252629199931401,
nonstationary_joint,popov_ei,True,3520,101,2,2,,,0.5,0.25,joint_probe_real,0.023975770431279374,0.010121106338732092,,
nonstationary_joint,popov_ei,True,3520,101,2,2,,,0.5,0.25,rff_mmd2_to_true_reverse,0.0008911272946959814,,1.5364518912819314e-05,
nonstationary_joint,popov_ei,True,3520,101,2,2,,,1.5,0.5,joint_ecf_rmse_to_true_reverse,0.073120696856811107,,0.0027773952454666338,
nonstationary_joint,popov_ei,True,3520,101,2,2,,,1.5,0.5,joint_probe_real,0.18666203751838142,0.12601614378469431,,
nonstationary_joint,popov_ei,True,3520,101,2,2,,,1.5,0.5,rff_mmd2_to_true_reverse,0.0031546725557830557,,7.9894278899317328e-06,
nonstationary_joint,popov_ei,True,3520,101,2,2,,,2.5,1.5,joint_ecf_rmse_to_true_reverse,0.071347461150706393,,0.0031538418866256905,
nonstationary_joint,popov_ei,True,3520,101,2,2,,,2.5,1.5,joint_probe_real,0.22920635549334278,0.18868518144529622,,
nonstationary_joint,popov_ei,True,3520,101,2,2,,,2.5,1.5,rff_mmd2_to_true_reverse,0.0030032178016863309,,1.8912947541416258e-08,
nonstationary_joint,popov_ei,True,3520,1010,2,2,,,0.5,0.25,joint_ecf_rmse_to_true_reverse,0.059426673837995964,,0.0040408451293653851,
nonstationary_joint,popov_ei,True,3520,1010,2,2,,,0.5,0.25,joint_probe_real,0.025198772124865862,0.010121106338732092,,
nonstationary_joint,popov_ei,True,3520,1010,2,2,,,0.5,0.25,rff_mmd2_to_true_reverse,0.00088380206976668152,,2.920346448032074e-05,
nonstationary_joint,popov_ei,True,3520,1010,2,2,,,1.5,0.5,joint_ecf_rmse_to_true_reverse,0.072913633119583349,,0.0043133878727569987,
nonstationary_joint,popov_ei,True,3520,1010,2,2,,,1.5,0.5,joint_probe_real,0.18748196210458057,0.12601614378469431,,
nonstationary_joint,popov_ei,True,3520,1010,2,2,,,1.5,0.5,rff_mmd2_to_true_reverse,0.0029598548005291825,,2.4033439220527697e-05,
nonstationary_joint,popov_ei,True,3520,1010,2,2,,,2.5,1.5,joint_ecf_rmse_to_true_reverse,0.070288826631099047,,0.0042067772659099426,
nonstationary_joint,popov_ei,True,3520,1010,2,2,,,2.5,1.5,joint_probe_real,0.22663332626489371,0.18868518144529622,,
nonstationary_joint,popov_ei,True,3520,1010,2,2,,,2.5,1.5,rff_mmd2_to_true_reverse,0.0026963315557417822,,1.4754362123059472e-05,
nonstationary_joint,popov_ei,True,3520,1111,2,2,,,0.5,0.25,joint_ecf_rmse_to_true_reverse,0.05970388362282944,,0.0039718545977329356,
nonstationary_joint,popov_ei,True,3520,1111,2,2,,,0.5,0.25,joint_probe_real,0.018960773707449519,0.010121106338732092,,
nonstationary_joint,popov_ei,True,3520,1111,2,2,,,0.5,0.25,rff_mmd2_to_true_reverse,0.00091195727388682091,,-1.0217119871036573e-05,
nonstationary_joint,popov_ei,True,3520,1111,2,2,,,1.5,0.5,joint_ecf_rmse_to_true_reverse,0.072863001249495726,,0.0032851192794648106,
nonstationary_joint,popov_ei,True,3520,1111,2,2,,,1.5,0.5,joint_probe_real,0.18488350386543329,0.12601614378469431,,
nonstationary_joint,popov_ei,True,3520,1111,2,2,,,1.5,0.5,rff_mmd2_to_true_reverse,0.0030475230642432738,,-3.5373175633068854e-07,
nonstationary_joint,popov_ei,True,3520,1111,2,2,,,2.5,1.5,joint_ecf_rmse_to_true_reverse,0.069006169972195788,,0.0036870955987938635,
nonstationary_joint,popov_ei,True,3520,1111,2,2,,,2.5,1.5,joint_probe_real,0.22888483964914985,0.18868518144529622,,
nonstationary_joint,popov_ei,True,3520,1111,2,2,,,2.5,1.5,rff_mmd2_to_true_reverse,0.0026039066597483007,,-1.6164293793474727e-06,
nonstationary_joint,popov_ei,True,3520,1212,2,2,,,0.5,0.25,joint_ecf_rmse_to_true_reverse,0.059026447811725329,,0.00385167055324871,
nonstationary_joint,popov_ei,True,3520,1212,2,2,,,0.5,0.25,joint_probe_real,0.022503662035033838,0.010121106338732092,,
nonstationary_joint,popov_ei,True,3520,1212,2,2,,,0.5,0.25,rff_mmd2_to_true_reverse,0.00089142393082008997,,2.3310457317515798e-05,
nonstationary_joint,popov_ei,True,3520,1212,2,2,,,1.5,0.5,joint_ecf_rmse_to_true_reverse,0.073398193265247311,,0.0039181721471297348,
nonstationary_joint,popov_ei,True,3520,1212,2,2,,,1.5,0.5,joint_probe_real,0.18184548004264869,0.12601614378469431,,
nonstationary_joint,popov_ei,True,3520,1212,2,2,,,1.5,0.5,rff_mmd2_to_true_reverse,0.0031238153810924096,,1.5267276571861998e-05,
nonstationary_joint,popov_ei,True,3520,1212,2,2,,,2.5,1.5,joint_ecf_rmse_to_true_reverse,0.070694635031898753,,0.0038290303256898789,
nonstationary_joint,popov_ei,True,3520,1212,2,2,,,2.5,1.5,joint_probe_real,0.22404492335692755,0.18868518144529622,,
nonstationary_joint,popov_ei,True,3520,1212,2,2,,,2.5,1.5,rff_mmd2_to_true_reverse,0.0027533316846314326,,7.2981819809747606e-06,
nonstationary_joint,popov_ei,True,3520,202,2,2,,,0.5,0.25,joint_ecf_rmse_to_true_reverse,0.06016303987115218,,0.0029958968640268363,
nonstationary_joint,popov_ei,True,3520,202,2,2,,,0.5,0.25,joint_probe_real,0.025313667309040347,0.010121106338732092,,
nonstationary_joint,popov_ei,True,3520,202,2,2,,,0.5,0.25,rff_mmd2_to_true_reverse,0.00091299335343142385,,-1.4256020561598248e-05,
nonstationary_joint,popov_ei,True,3520,202,2,2,,,1.5,0.5,joint_ecf_rmse_to_true_reverse,0.073540894168307461,,0.0035615643068631266,
nonstationary_joint,popov_ei,True,3520,202,2,2,,,1.5,0.5,joint_probe_real,0.18670341996565917,0.12601614378469431,,
nonstationary_joint,popov_ei,True,3520,202,2,2,,,1.5,0.5,rff_mmd2_to_true_reverse,0.0030383517652459169,,-6.5858270734686641e-06,
nonstationary_joint,popov_ei,True,3520,202,2,2,,,2.5,1.5,joint_ecf_rmse_to_true_reverse,0.069287681886309793,,0.0031792632198934276,
nonstationary_joint,popov_ei,True,3520,202,2,2,,,2.5,1.5,joint_probe_real,0.22459672292866273,0.18868518144529622,,
nonstationary_joint,popov_ei,True,3520,202,2,2,,,2.5,1.5,rff_mmd2_to_true_reverse,0.002593766206295478,,7.1728543882265683e-08,
nonstationary_joint,popov_ei,True,3520,303,2,2,,,0.5,0.25,joint_ecf_rmse_to_true_reverse,0.059389018505509483,,0.0045099261388012284,
nonstationary_joint,popov_ei,True,3520,303,2,2,,,0.5,0.25,joint_probe_real,0.02622313524029209,0.010121106338732092,,
nonstationary_joint,popov_ei,True,3520,303,2,2,,,0.5,0.25,rff_mmd2_to_true_reverse,0.00089370879769212763,,-8.6476638099242109e-06,
nonstationary_joint,popov_ei,True,3520,303,2,2,,,1.5,0.5,joint_ecf_rmse_to_true_reverse,0.073012330997611244,,0.0029218737180437136,
nonstationary_joint,popov_ei,True,3520,303,2,2,,,1.5,0.5,joint_probe_real,0.18814182746981567,0.12601614378469431,,
nonstationary_joint,popov_ei,True,3520,303,2,2,,,1.5,0.5,rff_mmd2_to_true_reverse,0.0030012782776123181,,-9.0583740122163192e-06,
nonstationary_joint,popov_ei,True,3520,303,2,2,,,2.5,1.5,joint_ecf_rmse_to_true_reverse,0.069441133577644046,,0.003833197038711586,
nonstationary_joint,popov_ei,True,3520,303,2,2,,,2.5,1.5,joint_probe_real,0.22798840814143248,0.18868518144529622,,
nonstationary_joint,popov_ei,True,3520,303,2,2,,,2.5,1.5,rff_mmd2_to_true_reverse,0.0027222785106035818,,-6.6135727501137609e-06,
nonstationary_joint,popov_ei,True,3520,404,2,2,,,0.5,0.25,joint_ecf_rmse_to_true_reverse,0.059325838428369741,,0.0040334817625583882,
nonstationary_joint,popov_ei,True,3520,404,2,2,,,0.5,0.25,joint_probe_real,0.01980083454526196,0.010121106338732092,,
nonstationary_joint,popov_ei,True,3520,404,2,2,,,0.5,0.25,rff_mmd2_to_true_reverse,0.00086109253879573799,,8.0545117377983644e-06,
nonstationary_joint,popov_ei,True,3520,404,2,2,,,1.5,0.5,joint_ecf_rmse_to_true_reverse,0.073374774326174522,,0.0041564064037144929,
nonstationary_joint,popov_ei,True,3520,404,2,2,,,1.5,0.5,joint_probe_real,0.18814529928598875,0.12601614378469431,,
nonstationary_joint,popov_ei,True,3520,404,2,2,,,1.5,0.5,rff_mmd2_to_true_reverse,0.0030265874488645261,,8.2152123933587617e-06,
nonstationary_joint,popov_ei,True,3520,404,2,2,,,2.5,1.5,joint_ecf_rmse_to_true_reverse,0.071026784219670569,,0.003253173898310288,
nonstationary_joint,popov_ei,True,3520,404,2,2,,,2.5,1.5,joint_probe_real,0.22992298340486056,0.18868518144529622,,
nonstationary_joint,popov_ei,True,3520,404,2,2,,,2.5,1.5,rff_mmd2_to_true_reverse,0.002909654943641371,,-3.9161123367437156e-06,
nonstationary_joint,popov_ei,True,3520,505,2,2,,,0.5,0.25,joint_ecf_rmse_to_true_reverse,0.059306639231741315,,0.0023108806140676409,
nonstationary_joint,popov_ei,True,3520,505,2,2,,,0.5,0.25,joint_probe_real,0.021070562725841353,0.010121106338732092,,
nonstationary_joint,popov_ei,True,3520,505,2,2,,,0.5,0.25,rff_mmd2_to_true_reverse,0.0008472540066810641,,-1.2818851568452416e-05,
nonstationary_joint,popov_ei,True,3520,505,2,2,,,1.5,0.5,joint_ecf_rmse_to_true_reverse,0.073659578270098669,,0.002911467993588776,
nonstationary_joint,popov_ei,True,3520,505,2,2,,,1.5,0.5,joint_probe_real,0.18711546090670067,0.12601614378469431,,
nonstationary_joint,popov_ei,True,3520,505,2,2,,,1.5,0.5,rff_mmd2_to_true_reverse,0.0030271748668109222,,-2.039536711295753e-06,
nonstationary_joint,popov_ei,True,3520,505,2,2,,,2.5,1.5,joint_ecf_rmse_to_true_reverse,0.070292619264017336,,0.0027976774342714063,
nonstationary_joint,popov_ei,True,3520,505,2,2,,,2.5,1.5,joint_probe_real,0.22332568179592333,0.18868518144529622,,
nonstationary_joint,popov_ei,True,3520,505,2,2,,,2.5,1.5,rff_mmd2_to_true_reverse,0.0027172655659064571,,8.6312094293994335e-06,
nonstationary_joint,popov_ei,True,3520,606,2,2,,,0.5,0.25,joint_ecf_rmse_to_true_reverse,0.059825707444875094,,0.0033314248463237137,
nonstationary_joint,popov_ei,True,3520,606,2,2,,,0.5,0.25,joint_probe_real,0.021429091293157201,0.010121106338732092,,
nonstationary_joint,popov_ei,True,3520,606,2,2,,,0.5,0.25,rff_mmd2_to_true_reverse,0.00094467180482227242,,-1.5040480466299577e-05,
nonstationary_joint,popov_ei,True,3520,606,2,2,,,1.5,0.5,joint_ecf_rmse_to_true_reverse,0.073272471927837549,,0.0033521308528540981,
nonstationary_joint,popov_ei,True,3520,606,2,2,,,1.5,0.5,joint_probe_real,0.1878803272557211,0.12601614378469431,,
nonstationary_joint,popov_ei,True,3520,606,2,2,,,1.5,0.5,rff_mmd2_to_true_reverse,0.0031668452030124694,,-9.0591694953401358e-06,
nonstationary_joint,popov_ei,True,3520,606,2,2,,,2.5,1.5,joint_ecf_rmse_to_true_reverse,0.070855109454766432,,0.0033097064391645007,
nonstationary_joint,popov_ei,True,3520,606,2,2,,,2.5,1.5,joint_probe_real,0.22380687414122916,0.18868518144529622,,
nonstationary_joint,popov_ei,True,3520,606,2,2,,,2.5,1.5,rff_mmd2_to_true_reverse,0.0028699293383023239,,-1.1835161463080723e-05,
nonstationary_joint,popov_ei,True,3520,707,2,2,,,0.5,0.25,joint_ecf_rmse_to_true_reverse,0.060008982594924903,,0.0028969732847592103,
nonstationary_joint,popov_ei,True,3520,707,2,2,,,0.5,0.25,joint_probe_real,0.026739763667298098,0.010121106338732092,,
nonstationary_joint,popov_ei,True,3520,707,2,2,,,0.5,0.25,rff_mmd2_to_true_reverse,0.00090457848132263763,,7.819062242453434e-06,
nonstationary_joint,popov_ei,True,3520,707,2,2,,,1.5,0.5,joint_ecf_rmse_to_true_reverse,0.07367674389379858,,0.0028202995267702521,
nonstationary_joint,popov_ei,True,3520,707,2,2,,,1.5,0.5,joint_probe_real,0.18735442005327471,0.12601614378469431,,
nonstationary_joint,popov_ei,True,3520,707,2,2,,,1.5,0.5,rff_mmd2_to_true_reverse,0.0032051825925748512,,7.8742342880522287e-06,
nonstationary_joint,popov_ei,True,3520,707,2,2,,,2.5,1.5,joint_ecf_rmse_to_true_reverse,0.070108714301064148,,0.0031431844243213478,
nonstationary_joint,popov_ei,True,3520,707,2,2,,,2.5,1.5,joint_probe_real,0.22627603666092561,0.18868518144529622,,
nonstationary_joint,popov_ei,True,3520,707,2,2,,,2.5,1.5,rff_mmd2_to_true_reverse,0.0027397626025864596,,-3.6836136838580558e-06,
nonstationary_joint,popov_ei,True,3520,808,2,2,,,0.5,0.25,joint_ecf_rmse_to_true_reverse,0.059928872499884801,,0.0036615267500288576,
nonstationary_joint,popov_ei,True,3520,808,2,2,,,0.5,0.25,joint_probe_real,0.023345988849739631,0.010121106338732092,,
nonstationary_joint,popov_ei,True,3520,808,2,2,,,0.5,0.25,rff_mmd2_to_true_reverse,0.00090202682588325089,,-1.3404454852761205e-05,
nonstationary_joint,popov_ei,True,3520,808,2,2,,,1.5,0.5,joint_ecf_rmse_to_true_reverse,0.073412561767268958,,0.0034824086410239941,
nonstationary_joint,popov_ei,True,3520,808,2,2,,,1.5,0.5,joint_probe_real,0.18444770041993469,0.12601614378469431,,
nonstationary_joint,popov_ei,True,3520,808,2,2,,,1.5,0.5,rff_mmd2_to_true_reverse,0.0031728523414162879,,8.6888897202763715e-06,
nonstationary_joint,popov_ei,True,3520,808,2,2,,,2.5,1.5,joint_ecf_rmse_to_true_reverse,0.069705312741153186,,0.0031601192219620363,
nonstationary_joint,popov_ei,True,3520,808,2,2,,,2.5,1.5,joint_probe_real,0.22653152077336233,0.18868518144529622,,
nonstationary_joint,popov_ei,True,3520,808,2,2,,,2.5,1.5,rff_mmd2_to_true_reverse,0.0026897397678866675,,3.7761168918404309e-06,
nonstationary_joint,popov_ei,True,3520,909,2,2,,,0.5,0.25,joint_ecf_rmse_to_true_reverse,0.059877485854985431,,0.0024187667295153511,
nonstationary_joint,popov_ei,True,3520,909,2,2,,,0.5,0.25,joint_probe_real,0.025822654845019732,0.010121106338732092,,
nonstationary_joint,popov_ei,True,3520,909,2,2,,,0.5,0.25,rff_mmd2_to_true_reverse,0.00088674748793038383,,5.7790688721137684e-06,
nonstationary_joint,popov_ei,True,3520,909,2,2,,,1.5,0.5,joint_ecf_rmse_to_true_reverse,0.072965405975409445,,0.0029950941007171501,
nonstationary_joint,popov_ei,True,3520,909,2,2,,,1.5,0.5,joint_probe_real,0.1831119574674929,0.12601614378469431,,
nonstationary_joint,popov_ei,True,3520,909,2,2,,,1.5,0.5,rff_mmd2_to_true_reverse,0.0030299224595516927,,-5.1566894361254612e-06,
nonstationary_joint,popov_ei,True,3520,909,2,2,,,2.5,1.5,joint_ecf_rmse_to_true_reverse,0.069985001550050968,,0.0028994508505123646,
nonstationary_joint,popov_ei,True,3520,909,2,2,,,2.5,1.5,joint_probe_real,0.2290080622316551,0.18868518144529622,,
nonstationary_joint,popov_ei,True,3520,909,2,2,,,2.5,1.5,rff_mmd2_to_true_reverse,0.0027939587478814643,,-6.372836086621092e-07,
nonstationary_marginal,hybrid_ei_invalid,False,1760,101,0.5,1,,0.25,,,marginal_ecf_max_component_error,0.1798169988483358,,,0.016570188324170745
nonstationary_marginal,hybrid_ei_invalid,False,1760,101,0.5,1,,0.25,,,marginal_ecf_rmse,0.12596622723035658,,,0.016570188324170745
nonstationary_marginal,hybrid_ei_invalid,False,1760,101,0.5,1,,0.25,,,w1_to_exact_reference,0.42337313488478495,,0.2240819016301244,
nonstationary_marginal,hybrid_ei_invalid,False,1760,101,0.5,1,,0.5,,,marginal_ecf_max_component_error,0.18628498206159774,,,0.016570188324170745
nonstationary_marginal,hybrid_ei_invalid,False,1760,101,0.5,1,,0.5,,,marginal_ecf_rmse,0.12530460537869009,,,0.016570188324170745
nonstationary_marginal,hybrid_ei_invalid,False,1760,101,0.5,1,,0.5,,,w1_to_exact_reference,0.49449489227583054,,0.19731290946548707,
nonstationary_marginal,hybrid_ei_invalid,False,1760,101,0.5,1,,1.5,,,marginal_ecf_max_component_error,0.15690623189888842,,,0.016570188324170745
nonstationary_marginal,hybrid_ei_invalid,False,1760,101,0.5,1,,1.5,,,marginal_ecf_rmse,0.10849929898774756,,,0.016570188324170745
nonstationary_marginal,hybrid_ei_invalid,False,1760,101,0.5,1,,1.5,,,w1_to_exact_reference,0.51959429287542025,,0.12556002938072919,
nonstationary_marginal,hybrid_ei_invalid,False,1760,101,0.5,1,,2.5,,,marginal_ecf_max_component_error,0.074016597256809646,,,0.016570188324170745
nonstationary_marginal,hybrid_ei_invalid,False,1760,101,0.5,1,,2.5,,,marginal_ecf_rmse,0.052392952022592421,,,0.016570188324170745
nonstationary_marginal,hybrid_ei_invalid,False,1760,101,0.5,1,,2.5,,,w1_to_exact_reference,0.23055314047472705,,0.10281262552728905,
nonstationary_marginal,hybrid_ei_invalid,False,1760,1010,0.5,1,,0.25,,,marginal_ecf_max_component_error,0.18419094092561583,,,0.016570188324170745
nonstationary_marginal,hybrid_ei_invalid,False,1760,1010,0.5,1,,0.25,,,marginal_ecf_rmse,0.12898811893860132,,,0.016570188324170745
nonstationary_marginal,hybrid_ei_invalid,False,1760,1010,0.5,1,,0.25,,,w1_to_exact_reference,0.44954175682720343,,0.06271939248458594,
nonstationary_marginal,hybrid_ei_invalid,False,1760,1010,0.5,1,,0.5,,,marginal_ecf_max_component_error,0.19086564804328912,,,0.016570188324170745
nonstationary_marginal,hybrid_ei_invalid,False,1760,1010,0.5,1,,0.5,,,marginal_ecf_rmse,0.12830843862789737,,,0.016570188324170745
nonstationary_marginal,hybrid_ei_invalid,False,1760,1010,0.5,1,,0.5,,,w1_to_exact_reference,0.51885616207097895,,0.059007280975855683,
nonstationary_marginal,hybrid_ei_invalid,False,1760,1010,0.5,1,,1.5,,,marginal_ecf_max_component_error,0.16019980754892582,,,0.016570188324170745
nonstationary_marginal,hybrid_ei_invalid,False,1760,1010,0.5,1,,1.5,,,marginal_ecf_rmse,0.1091739455436995,,,0.016570188324170745
nonstationary_marginal,hybrid_ei_invalid,False,1760,1010,0.5,1,,1.5,,,w1_to_exact_reference,0.54600082136708217,,0.0536684237128872,
nonstationary_marginal,hybrid_ei_invalid,False,1760,1010,0.5,1,,2.5,,,marginal_ecf_max_component_error,0.074245915557777931,,,0.016570188324170745
nonstationary_marginal,hybrid_ei_invalid,False,1760,1010,0.5,1,,2.5,,,marginal_ecf_rmse,0.052244288877500905,,,0.016570188324170745
nonstationary_marginal,hybrid_ei_invalid,False,1760,1010,0.5,1,,2.5,,,w1_to_exact_reference,0.33381477794582121,,0.076442307269681223,
nonstationary_marginal,hybrid_ei_invalid,False,1760,1111,0.5,1,,0.25,,,marginal_ecf_max_component_error,0.18021075657759006,,,0.016570188324170745
nonstationary_marginal,hybrid_ei_invalid,False,1760,1111,0.5,1,,0.25,,,marginal_ecf_rmse,0.12710569123629661,,,0.016570188324170745
nonstationary_marginal,hybrid_ei_invalid,False,1760,1111,0.5,1,,0.25,,,w1_to_exact_reference,0.41644227614207463,,0.040013349367817128,
nonstationary_marginal,hybrid_ei_invalid,False,1760,1111,0.5,1,,0.5,,,marginal_ecf_max_component_error,0.18604427105796073,,,0.016570188324170745
nonstationary_marginal,hybrid_ei_invalid,False,1760,1111,0.5,1,,0.5,,,marginal_ecf_rmse,0.12517156698797946,,,0.016570188324170745
nonstationary_marginal,hybrid_ei_invalid,False,1760,1111,0.5,1,,0.5,,,w1_to_exact_reference,0.49369891371206887,,0.072370798097331615,
nonstationary_marginal,hybrid_ei_invalid,False,1760,1111,0.5,1,,1.5,,,marginal_ecf_max_component_error,0.15426449298937905,,,0.016570188324170745
nonstationary_marginal,hybrid_ei_invalid,False,1760,1111,0.5,1,,1.5,,,marginal_ecf_rmse,0.10573183907117317,,,0.016570188324170745
nonstationary_marginal,hybrid_ei_invalid,False,1760,1111,0.5,1,,1.5,,,w1_to_exact_reference,0.50398020257034903,,0.064822268433284258,
nonstationary_marginal,hybrid_ei_invalid,False,1760,1111,0.5,1,,2.5,,,marginal_ecf_max_component_error,0.066116765595046867,,,0.016570188324170745
nonstationary_marginal,hybrid_ei_invalid,False,1760,1111,0.5,1,,2.5,,,marginal_ecf_rmse,0.046442637854620619,,,0.016570188324170745
nonstationary_marginal,hybrid_ei_invalid,False,1760,1111,0.5,1,,2.5,,,w1_to_exact_reference,0.31426217604038975,,0.10630823335931852,
nonstationary_marginal,hybrid_ei_invalid,False,1760,1212,0.5,1,,0.25,,,marginal_ecf_max_component_error,0.18001851200337399,,,0.016570188324170745
nonstationary_marginal,hybrid_ei_invalid,False,1760,1212,0.5,1,,0.25,,,marginal_ecf_rmse,0.12670201583202595,,,0.016570188324170745
nonstationary_marginal,hybrid_ei_invalid,False,1760,1212,0.5,1,,0.25,,,w1_to_exact_reference,0.41502668262938386,,0.035524808300348959,
nonstationary_marginal,hybrid_ei_invalid,False,1760,1212,0.5,1,,0.5,,,marginal_ecf_max_component_error,0.1867912654090278,,,0.016570188324170745
nonstationary_marginal,hybrid_ei_invalid,False,1760,1212,0.5,1,,0.5,,,marginal_ecf_rmse,0.12548122666585124,,,0.016570188324170745
nonstationary_marginal,hybrid_ei_invalid,False,1760,1212,0.5,1,,0.5,,,w1_to_exact_reference,0.48721091755376844,,0.054484390852387724,
nonstationary_marginal,hybrid_ei_invalid,False,1760,1212,0.5,1,,1.5,,,marginal_ecf_max_component_error,0.15714933079118276,,,0.016570188324170745
nonstationary_marginal,hybrid_ei_invalid,False,1760,1212,0.5,1,,1.5,,,marginal_ecf_rmse,0.10883121408682964,,,0.016570188324170745
nonstationary_marginal,hybrid_ei_invalid,False,1760,1212,0.5,1,,1.5,,,w1_to_exact_reference,0.49842049986177611,,0.056361108257732086,
nonstationary_marginal,hybrid_ei_invalid,False,1760,1212,0.5,1,,2.5,,,marginal_ecf_max_component_error,0.072676659583589709,,,0.016570188324170745
nonstationary_marginal,hybrid_ei_invalid,False,1760,1212,0.5,1,,2.5,,,marginal_ecf_rmse,0.050564549842609767,,,0.016570188324170745
nonstationary_marginal,hybrid_ei_invalid,False,1760,1212,0.5,1,,2.5,,,w1_to_exact_reference,0.29025341876692939,,0.084637396863571246,
nonstationary_marginal,hybrid_ei_invalid,False,1760,202,0.5,1,,0.25,,,marginal_ecf_max_component_error,0.1827029328945407,,,0.016570188324170745
nonstationary_marginal,hybrid_ei_invalid,False,1760,202,0.5,1,,0.25,,,marginal_ecf_rmse,0.12881119258670723,,,0.016570188324170745
nonstationary_marginal,hybrid_ei_invalid,False,1760,202,0.5,1,,0.25,,,w1_to_exact_reference,0.43256804152658829,,0.095305977955151111,
nonstationary_marginal,hybrid_ei_invalid,False,1760,202,0.5,1,,0.5,,,marginal_ecf_max_component_error,0.18712898045911336,,,0.016570188324170745
nonstationary_marginal,hybrid_ei_invalid,False,1760,202,0.5,1,,0.5,,,marginal_ecf_rmse,0.12675194369312692,,,0.016570188324170745
nonstationary_marginal,hybrid_ei_invalid,False,1760,202,0.5,1,,0.5,,,w1_to_exact_reference,0.54349294300751039,,0.063327934199774977,
nonstationary_marginal,hybrid_ei_invalid,False,1760,202,0.5,1,,1.5,,,marginal_ecf_max_component_error,0.16304683153077593,,,0.016570188324170745
nonstationary_marginal,hybrid_ei_invalid,False,1760,202,0.5,1,,1.5,,,marginal_ecf_rmse,0.11141017958887256,,,0.016570188324170745
nonstationary_marginal,hybrid_ei_invalid,False,1760,202,0.5,1,,1.5,,,w1_to_exact_reference,0.52162492948213268,,0.11246532790025046,
nonstationary_marginal,hybrid_ei_invalid,False,1760,202,0.5,1,,2.5,,,marginal_ecf_max_component_error,0.070928423878727109,,,0.016570188324170745
nonstationary_marginal,hybrid_ei_invalid,False,1760,202,0.5,1,,2.5,,,marginal_ecf_rmse,0.050036297392591002,,,0.016570188324170745
nonstationary_marginal,hybrid_ei_invalid,False,1760,202,0.5,1,,2.5,,,w1_to_exact_reference,0.24788081288200411,,0.11415630224720499,
nonstationary_marginal,hybrid_ei_invalid,False,1760,303,0.5,1,,0.25,,,marginal_ecf_max_component_error,0.18204936368919958,,,0.016570188324170745
nonstationary_marginal,hybrid_ei_invalid,False,1760,303,0.5,1,,0.25,,,marginal_ecf_rmse,0.12885440389714337,,,0.016570188324170745
nonstationary_marginal,hybrid_ei_invalid,False,1760,303,0.5,1,,0.25,,,w1_to_exact_reference,0.50033767137307006,,0.079965848907396581,
nonstationary_marginal,hybrid_ei_invalid,False,1760,303,0.5,1,,0.5,,,marginal_ecf_max_component_error,0.18730778884301108,,,0.016570188324170745
nonstationary_marginal,hybrid_ei_invalid,False,1760,303,0.5,1,,0.5,,,marginal_ecf_rmse,0.12624603969516326,,,0.016570188324170745
nonstationary_marginal,hybrid_ei_invalid,False,1760,303,0.5,1,,0.5,,,w1_to_exact_reference,0.50541525284356015,,0.072853857110255743,
nonstationary_marginal,hybrid_ei_invalid,False,1760,303,0.5,1,,1.5,,,marginal_ecf_max_component_error,0.15390890525949502,,,0.016570188324170745
nonstationary_marginal,hybrid_ei_invalid,False,1760,303,0.5,1,,1.5,,,marginal_ecf_rmse,0.10532814823725976,,,0.016570188324170745
nonstationary_marginal,hybrid_ei_invalid,False,1760,303,0.5,1,,1.5,,,w1_to_exact_reference,0.50130234754180625,,0.048996803294680355,
nonstationary_marginal,hybrid_ei_invalid,False,1760,303,0.5,1,,2.5,,,marginal_ecf_max_component_error,0.072844844584956714,,,0.016570188324170745
nonstationary_marginal,hybrid_ei_invalid,False,1760,303,0.5,1,,2.5,,,marginal_ecf_rmse,0.050958241067566856,,,0.016570188324170745
nonstationary_marginal,hybrid_ei_invalid,False,1760,303,0.5,1,,2.5,,,w1_to_exact_reference,0.27513543871712715,,0.081454074811570729,
nonstationary_marginal,hybrid_ei_invalid,False,1760,404,0.5,1,,0.25,,,marginal_ecf_max_component_error,0.18551419613097608,,,0.016570188324170745
nonstationary_marginal,hybrid_ei_invalid,False,1760,404,0.5,1,,0.25,,,marginal_ecf_rmse,0.1304197439204417,,,0.016570188324170745
nonstationary_marginal,hybrid_ei_invalid,False,1760,404,0.5,1,,0.25,,,w1_to_exact_reference,0.47575821635661436,,0.03594099029173542,
nonstationary_marginal,hybrid_ei_invalid,False,1760,404,0.5,1,,0.5,,,marginal_ecf_max_component_error,0.1898027666538516,,,0.016570188324170745
nonstationary_marginal,hybrid_ei_invalid,False,1760,404,0.5,1,,0.5,,,marginal_ecf_rmse,0.12757998010842495,,,0.016570188324170745
nonstationary_marginal,hybrid_ei_invalid,False,1760,404,0.5,1,,0.5,,,w1_to_exact_reference,0.53688517811719128,,0.083590597241871123,
nonstationary_marginal,hybrid_ei_invalid,False,1760,404,0.5,1,,1.5,,,marginal_ecf_max_component_error,0.15626914258403857,,,0.016570188324170745
nonstationary_marginal,hybrid_ei_invalid,False,1760,404,0.5,1,,1.5,,,marginal_ecf_rmse,0.1076720573398756,,,0.016570188324170745
nonstationary_marginal,hybrid_ei_invalid,False,1760,404,0.5,1,,1.5,,,w1_to_exact_reference,0.73929526095046971,,0.083767538827563298,
nonstationary_marginal,hybrid_ei_invalid,False,1760,404,0.5,1,,2.5,,,marginal_ecf_max_component_error,0.073914737844832157,,,0.016570188324170745
nonstationary_marginal,hybrid_ei_invalid,False,1760,404,0.5,1,,2.5,,,marginal_ecf_rmse,0.051617529127171782,,,0.016570188324170745
nonstationary_marginal,hybrid_ei_invalid,False,1760,404,0.5,1,,2.5,,,w1_to_exact_reference,0.65164753430256916,,0.070632798172203234,
nonstationary_marginal,hybrid_ei_invalid,False,1760,505,0.5,1,,0.25,,,marginal_ecf_max_component_error,0.18363600467914962,,,0.016570188324170745
nonstationary_marginal,hybrid_ei_invalid,False,1760,505,0.5,1,,0.25,,,marginal_ecf_rmse,0.12846889100890624,,,0.016570188324170745
nonstationary_marginal,hybrid_ei_invalid,False,1760,505,0.5,1,,0.25,,,w1_to_exact_reference,0.43888849653528755,,0.024508212641625799,
nonstationary_marginal,hybrid_ei_invalid,False,1760,505,0.5,1,,0.5,,,marginal_ecf_max_component_error,0.18805167224085778,,,0.016570188324170745
nonstationary_marginal,hybrid_ei_invalid,False,1760,505,0.5,1,,0.5,,,marginal_ecf_rmse,0.12608112024348511,,,0.016570188324170745
nonstationary_marginal,hybrid_ei_invalid,False,1760,505,0.5,1,,0.5,,,w1_to_exact_reference,0.51976283887039065,,0.064330275281409333,
nonstationary_marginal,hybrid_ei_invalid,False,1760,505,0.5,1,,1.5,,,marginal_ecf_max_component_error,0.15895883553751194,,,0.016570188324170745
nonstationary_marginal,hybrid_ei_invalid,False,1760,505,0.5,1,,1.5,,,marginal_ecf_rmse,0.10918628753519777,,,0.016570188324170745
nonstationary_marginal,hybrid_ei_invalid,False,1760,505,0.5,1,,1.5,,,w1_to_exact_reference,0.56328799325723178,,0.097367870599180686,
nonstationary_marginal,hybrid_ei_invalid,False,1760,505,0.5,1,,2.5,,,marginal_ecf_max_component_error,0.077823259659651256,,,0.016570188324170745
nonstationary_marginal,hybrid_ei_invalid,False,1760,505,0.5,1,,2.5,,,marginal_ecf_rmse,0.05376634097800017,,,0.016570188324170745
nonstationary_marginal,hybrid_ei_invalid,False,1760,505,0.5,1,,2.5,,,w1_to_exact_reference,0.28279989069104894,,0.081390941879800949,
nonstationary_marginal,hybrid_ei_invalid,False,1760,606,0.5,1,,0.25,,,marginal_ecf_max_component_error,0.18265770693285438,,,0.016570188324170745
nonstationary_marginal,hybrid_ei_invalid,False,1760,606,0.5,1,,0.25,,,marginal_ecf_rmse,0.1287653458815545,,,0.016570188324170745
nonstationary_marginal,hybrid_ei_invalid,False,1760,606,0.5,1,,0.25,,,w1_to_exact_reference,0.45415003736909498,,0.019251663541823387,
nonstationary_marginal,hybrid_ei_invalid,False,1760,606,0.5,1,,0.5,,,marginal_ecf_max_component_error,0.18910727140973255,,,0.016570188324170745
nonstationary_marginal,hybrid_ei_invalid,False,1760,606,0.5,1,,0.5,,,marginal_ecf_rmse,0.12708398741521448,,,0.016570188324170745
nonstationary_marginal,hybrid_ei_invalid,False,1760,606,0.5,1,,0.5,,,w1_to_exact_reference,0.53622280971622283,,0.024044508151434787,
nonstationary_marginal,hybrid_ei_invalid,False,1760,606,0.5,1,,1.5,,,marginal_ecf_max_component_error,0.15601955693197622,,,0.016570188324170745
nonstationary_marginal,hybrid_ei_invalid,False,1760,606,0.5,1,,1.5,,,marginal_ecf_rmse,0.10766671050769774,,,0.016570188324170745
nonstationary_marginal,hybrid_ei_invalid,False,1760,606,0.5,1,,1.5,,,w1_to_exact_reference,0.49955788166117088,,0.11591812132196765,
nonstationary_marginal,hybrid_ei_invalid,False,1760,606,0.5,1,,2.5,,,marginal_ecf_max_component_error,0.07543502348545128,,,0.016570188324170745
nonstationary_marginal,hybrid_ei_invalid,False,1760,606,0.5,1,,2.5,,,marginal_ecf_rmse,0.053770518393498681,,,0.016570188324170745
nonstationary_marginal,hybrid_ei_invalid,False,1760,606,0.5,1,,2.5,,,w1_to_exact_reference,0.25953557146361322,,0.097811784347982794,
nonstationary_marginal,hybrid_ei_invalid,False,1760,707,0.5,1,,0.25,,,marginal_ecf_max_component_error,0.18685693377843465,,,0.016570188324170745
nonstationary_marginal,hybrid_ei_invalid,False,1760,707,0.5,1,,0.25,,,marginal_ecf_rmse,0.13181447770563415,,,0.016570188324170745
nonstationary_marginal,hybrid_ei_invalid,False,1760,707,0.5,1,,0.25,,,w1_to_exact_reference,0.72700645597243518,,0.029091327561895912,
nonstationary_marginal,hybrid_ei_invalid,False,1760,707,0.5,1,,0.5,,,marginal_ecf_max_component_error,0.19024782232708062,,,0.016570188324170745
nonstationary_marginal,hybrid_ei_invalid,False,1760,707,0.5,1,,0.5,,,marginal_ecf_rmse,0.12816681213393091,,,0.016570188324170745
nonstationary_marginal,hybrid_ei_invalid,False,1760,707,0.5,1,,0.5,,,w1_to_exact_reference,1.0798083123159123,,0.046995423031374675,
nonstationary_marginal,hybrid_ei_invalid,False,1760,707,0.5,1,,1.5,,,marginal_ecf_max_component_error,0.15747777549330921,,,0.016570188324170745
nonstationary_marginal,hybrid_ei_invalid,False,1760,707,0.5,1,,1.5,,,marginal_ecf_rmse,0.10862956777180391,,,0.016570188324170745
nonstationary_marginal,hybrid_ei_invalid,False,1760,707,0.5,1,,1.5,,,w1_to_exact_reference,2.1037194916528557,,0.059355211245348205,
nonstationary_marginal,hybrid_ei_invalid,False,1760,707,0.5,1,,2.5,,,marginal_ecf_max_component_error,0.07331621459259513,,,0.016570188324170745
nonstationary_marginal,hybrid_ei_invalid,False,1760,707,0.5,1,,2.5,,,marginal_ecf_rmse,0.051424038449337885,,,0.016570188324170745
nonstationary_marginal,hybrid_ei_invalid,False,1760,707,0.5,1,,2.5,,,w1_to_exact_reference,2.875877144619408,,0.07797362548269611,
nonstationary_marginal,hybrid_ei_invalid,False,1760,808,0.5,1,,0.25,,,marginal_ecf_max_component_error,0.18222329171034091,,,0.016570188324170745
nonstationary_marginal,hybrid_ei_invalid,False,1760,808,0.5,1,,0.25,,,marginal_ecf_rmse,0.12732582117805366,,,0.016570188324170745
nonstationary_marginal,hybrid_ei_invalid,False,1760,808,0.5,1,,0.25,,,w1_to_exact_reference,0.45558905138579026,,0.044223680686348375,
nonstationary_marginal,hybrid_ei_invalid,False,1760,808,0.5,1,,0.5,,,marginal_ecf_max_component_error,0.18696200462208026,,,0.016570188324170745
nonstationary_marginal,hybrid_ei_invalid,False,1760,808,0.5,1,,0.5,,,marginal_ecf_rmse,0.12564526333444651,,,0.016570188324170745
nonstationary_marginal,hybrid_ei_invalid,False,1760,808,0.5,1,,0.5,,,w1_to_exact_reference,0.48644699736900598,,0.045454478509619235,
nonstationary_marginal,hybrid_ei_invalid,False,1760,808,0.5,1,,1.5,,,marginal_ecf_max_component_error,0.15859443801196571,,,0.016570188324170745
nonstationary_marginal,hybrid_ei_invalid,False,1760,808,0.5,1,,1.5,,,marginal_ecf_rmse,0.10851980574999277,,,0.016570188324170745
nonstationary_marginal,hybrid_ei_invalid,False,1760,808,0.5,1,,1.5,,,w1_to_exact_reference,0.47595870745616664,,0.077548581773276809,
nonstationary_marginal,hybrid_ei_invalid,False,1760,808,0.5,1,,2.5,,,marginal_ecf_max_component_error,0.074929752887218648,,,0.016570188324170745
nonstationary_marginal,hybrid_ei_invalid,False,1760,808,0.5,1,,2.5,,,marginal_ecf_rmse,0.052359541005377153,,,0.016570188324170745
nonstationary_marginal,hybrid_ei_invalid,False,1760,808,0.5,1,,2.5,,,w1_to_exact_reference,0.23111248418087216,,0.052505460293655125,
nonstationary_marginal,hybrid_ei_invalid,False,1760,909,0.5,1,,0.25,,,marginal_ecf_max_component_error,0.18578835827568185,,,0.016570188324170745
nonstationary_marginal,hybrid_ei_invalid,False,1760,909,0.5,1,,0.25,,,marginal_ecf_rmse,0.12905238959862056,,,0.016570188324170745
nonstationary_marginal,hybrid_ei_invalid,False,1760,909,0.5,1,,0.25,,,w1_to_exact_reference,0.41718572584780633,,0.028888713049068523,
nonstationary_marginal,hybrid_ei_invalid,False,1760,909,0.5,1,,0.5,,,marginal_ecf_max_component_error,0.19101885171428662,,,0.016570188324170745
nonstationary_marginal,hybrid_ei_invalid,False,1760,909,0.5,1,,0.5,,,marginal_ecf_rmse,0.12861728065884837,,,0.016570188324170745
nonstationary_marginal,hybrid_ei_invalid,False,1760,909,0.5,1,,0.5,,,w1_to_exact_reference,0.49459076834839116,,0.051594288681837755,
nonstationary_marginal,hybrid_ei_invalid,False,1760,909,0.5,1,,1.5,,,marginal_ecf_max_component_error,0.16148734889935956,,,0.016570188324170745
nonstationary_marginal,hybrid_ei_invalid,False,1760,909,0.5,1,,1.5,,,marginal_ecf_rmse,0.11046485274856579,,,0.016570188324170745
nonstationary_marginal,hybrid_ei_invalid,False,1760,909,0.5,1,,1.5,,,w1_to_exact_reference,0.49756425580319369,,0.06913046039497453,
nonstationary_marginal,hybrid_ei_invalid,False,1760,909,0.5,1,,2.5,,,marginal_ecf_max_component_error,0.070997841192877165,,,0.016570188324170745
nonstationary_marginal,hybrid_ei_invalid,False,1760,909,0.5,1,,2.5,,,marginal_ecf_rmse,0.050644093626580851,,,0.016570188324170745
nonstationary_marginal,hybrid_ei_invalid,False,1760,909,0.5,1,,2.5,,,w1_to_exact_reference,0.28026608541189346,,0.073664561023130792,
nonstationary_marginal,hybrid_ei_invalid,False,3520,101,0.5,1,,0.25,,,marginal_ecf_max_component_error,0.17999117143811166,,,0.016570188324170745
nonstationary_marginal,hybrid_ei_invalid,False,3520,101,0.5,1,,0.25,,,marginal_ecf_rmse,0.12599423526383277,,,0.016570188324170745
nonstationary_marginal,hybrid_ei_invalid,False,3520,101,0.5,1,,0.25,,,w1_to_exact_reference,0.42326293045243801,,0.2240819016301244,
nonstationary_marginal,hybrid_ei_invalid,False,3520,101,0.5,1,,0.5,,,marginal_ecf_max_component_error,0.18640779154790268,,,0.016570188324170745
nonstationary_marginal,hybrid_ei_invalid,False,3520,101,0.5,1,,0.5,,,marginal_ecf_rmse,0.1253445132703504,,,0.016570188324170745
nonstationary_marginal,hybrid_ei_invalid,False,3520,101,0.5,1,,0.5,,,w1_to_exact_reference,0.49438944249699379,,0.19731290946548707,
nonstationary_marginal,hybrid_ei_invalid,False,3520,101,0.5,1,,1.5,,,marginal_ecf_max_component_error,0.15692958050016947,,,0.016570188324170745
nonstationary_marginal,hybrid_ei_invalid,False,3520,101,0.5,1,,1.5,,,marginal_ecf_rmse,0.10851127998640597,,,0.016570188324170745
nonstationary_marginal,hybrid_ei_invalid,False,3520,101,0.5,1,,1.5,,,w1_to_exact_reference,0.51956053918041012,,0.12556002938072919,
nonstationary_marginal,hybrid_ei_invalid,False,3520,101,0.5,1,,2.5,,,marginal_ecf_max_component_error,0.074017246763435796,,,0.016570188324170745
nonstationary_marginal,hybrid_ei_invalid,False,3520,101,0.5,1,,2.5,,,marginal_ecf_rmse,0.052393948396808714,,,0.016570188324170745
nonstationary_marginal,hybrid_ei_invalid,False,3520,101,0.5,1,,2.5,,,w1_to_exact_reference,0.23054246015667551,,0.10281262552728905,
nonstationary_marginal,hybrid_ei_invalid,False,3520,1010,0.5,1,,0.25,,,marginal_ecf_max_component_error,0.18437447839612842,,,0.016570188324170745
nonstationary_marginal,hybrid_ei_invalid,False,3520,1010,0.5,1,,0.25,,,marginal_ecf_rmse,0.12901534518622015,,,0.016570188324170745
nonstationary_marginal,hybrid_ei_invalid,False,3520,1010,0.5,1,,0.25,,,w1_to_exact_reference,0.44942994016576443,,0.06271939248458594,
nonstationary_marginal,hybrid_ei_invalid,False,3520,1010,0.5,1,,0.5,,,marginal_ecf_max_component_error,0.19099385200195507,,,0.016570188324170745
nonstationary_marginal,hybrid_ei_invalid,False,3520,1010,0.5,1,,0.5,,,marginal_ecf_rmse,0.12834938573324714,,,0.016570188324170745
nonstationary_marginal,hybrid_ei_invalid,False,3520,1010,0.5,1,,0.5,,,w1_to_exact_reference,0.51877236021234696,,0.059007280975855683,
nonstationary_marginal,hybrid_ei_invalid,False,3520,1010,0.5,1,,1.5,,,marginal_ecf_max_component_error,0.16022326208666299,,,0.016570188324170745
nonstationary_marginal,hybrid_ei_invalid,False,3520,1010,0.5,1,,1.5,,,marginal_ecf_rmse,0.10918525550158241,,,0.016570188324170745
nonstationary_marginal,hybrid_ei_invalid,False,3520,1010,0.5,1,,1.5,,,w1_to_exact_reference,0.54595030281184376,,0.0536684237128872,
nonstationary_marginal,hybrid_ei_invalid,False,3520,1010,0.5,1,,2.5,,,marginal_ecf_max_component_error,0.074247575270858679,,,0.016570188324170745
nonstationary_marginal,hybrid_ei_invalid,False,3520,1010,0.5,1,,2.5,,,marginal_ecf_rmse,0.052245169143290068,,,0.016570188324170745
nonstationary_marginal,hybrid_ei_invalid,False,3520,1010,0.5,1,,2.5,,,w1_to_exact_reference,0.33379980692505851,,0.076442307269681223,
nonstationary_marginal,hybrid_ei_invalid,False,3520,1111,0.5,1,,0.25,,,marginal_ecf_max_component_error,0.18038205530775642,,,0.016570188324170745
nonstationary_marginal,hybrid_ei_invalid,False,3520,1111,0.5,1,,0.25,,,marginal_ecf_rmse,0.12713193204152085,,,0.016570188324170745
nonstationary_marginal,hybrid_ei_invalid,False,3520,1111,0.5,1,,0.25,,,w1_to_exact_reference,0.41634714141959428,,0.040013349367817128,
nonstationary_marginal,hybrid_ei_invalid,False,3520,1111,0.5,1,,0.5,,,marginal_ecf_max_component_error,0.18616451981553794,,,0.016570188324170745
nonstationary_marginal,hybrid_ei_invalid,False,3520,1111,0.5,1,,0.5,,,marginal_ecf_rmse,0.12521272427120345,,,0.016570188324170745
nonstationary_marginal,hybrid_ei_invalid,False,3520,1111,0.5,1,,0.5,,,w1_to_exact_reference,0.4936421935964056,,0.072370798097331615,
nonstationary_marginal,hybrid_ei_invalid,False,3520,1111,0.5,1,,1.5,,,marginal_ecf_max_component_error,0.15428748856289171,,,0.016570188324170745
nonstationary_marginal,hybrid_ei_invalid,False,3520,1111,0.5,1,,1.5,,,marginal_ecf_rmse,0.10574446768952057,,,0.016570188324170745
nonstationary_marginal,hybrid_ei_invalid,False,3520,1111,0.5,1,,1.5,,,w1_to_exact_reference,0.50393580806412708,,0.064822268433284258,
nonstationary_marginal,hybrid_ei_invalid,False,3520,1111,0.5,1,,2.5,,,marginal_ecf_max_component_error,0.066117120338143098,,,0.016570188324170745
nonstationary_marginal,hybrid_ei_invalid,False,3520,1111,0.5,1,,2.5,,,marginal_ecf_rmse,0.046443550990924704,,,0.016570188324170745
nonstationary_marginal,hybrid_ei_invalid,False,3520,1111,0.5,1,,2.5,,,w1_to_exact_reference,0.31424883572009321,,0.10630823335931852,
nonstationary_marginal,hybrid_ei_invalid,False,3520,1212,0.5,1,,0.25,,,marginal_ecf_max_component_error,0.18019423075962068,,,0.016570188324170745
nonstationary_marginal,hybrid_ei_invalid,False,3520,1212,0.5,1,,0.25,,,marginal_ecf_rmse,0.12673032447549953,,,0.016570188324170745
nonstationary_marginal,hybrid_ei_invalid,False,3520,1212,0.5,1,,0.25,,,w1_to_exact_reference,0.41494891971930059,,0.035524808300348959,
nonstationary_marginal,hybrid_ei_invalid,False,3520,1212,0.5,1,,0.5,,,marginal_ecf_max_component_error,0.18691800025191432,,,0.016570188324170745
nonstationary_marginal,hybrid_ei_invalid,False,3520,1212,0.5,1,,0.5,,,marginal_ecf_rmse,0.12552327579504291,,,0.016570188324170745
nonstationary_marginal,hybrid_ei_invalid,False,3520,1212,0.5,1,,0.5,,,w1_to_exact_reference,0.48714868662251359,,0.054484390852387724,
nonstationary_marginal,hybrid_ei_invalid,False,3520,1212,0.5,1,,1.5,,,marginal_ecf_max_component_error,0.15717078900478831,,,0.016570188324170745
nonstationary_marginal,hybrid_ei_invalid,False,3520,1212,0.5,1,,1.5,,,marginal_ecf_rmse,0.10884365102046299,,,0.016570188324170745
nonstationary_marginal,hybrid_ei_invalid,False,3520,1212,0.5,1,,1.5,,,w1_to_exact_reference,0.49837217635007575,,0.056361108257732086,
nonstationary_marginal,hybrid_ei_invalid,False,3520,1212,0.5,1,,2.5,,,marginal_ecf_max_component_error,0.072678636746411007,,,0.016570188324170745
nonstationary_marginal,hybrid_ei_invalid,False,3520,1212,0.5,1,,2.5,,,marginal_ecf_rmse,0.05056545609756162,,,0.016570188324170745
nonstationary_marginal,hybrid_ei_invalid,False,3520,1212,0.5,1,,2.5,,,w1_to_exact_reference,0.29023834786335467,,0.084637396863571246,
nonstationary_marginal,hybrid_ei_invalid,False,3520,202,0.5,1,,0.25,,,marginal_ecf_max_component_error,0.18287363149663249,,,0.016570188324170745
nonstationary_marginal,hybrid_ei_invalid,False,3520,202,0.5,1,,0.25,,,marginal_ecf_rmse,0.12883748801617464,,,0.016570188324170745
nonstationary_marginal,hybrid_ei_invalid,False,3520,202,0.5,1,,0.25,,,w1_to_exact_reference,0.43244214637902201,,0.095305977955151111,
nonstationary_marginal,hybrid_ei_invalid,False,3520,202,0.5,1,,0.5,,,marginal_ecf_max_component_error,0.18725195438430575,,,0.016570188324170745
nonstationary_marginal,hybrid_ei_invalid,False,3520,202,0.5,1,,0.5,,,marginal_ecf_rmse,0.12678948442231042,,,0.016570188324170745
nonstationary_marginal,hybrid_ei_invalid,False,3520,202,0.5,1,,0.5,,,w1_to_exact_reference,0.54337477206449747,,0.063327934199774977,
nonstationary_marginal,hybrid_ei_invalid,False,3520,202,0.5,1,,1.5,,,marginal_ecf_max_component_error,0.16306828381674687,,,0.016570188324170745
nonstationary_marginal,hybrid_ei_invalid,False,3520,202,0.5,1,,1.5,,,marginal_ecf_rmse,0.11142276770946297,,,0.016570188324170745
nonstationary_marginal,hybrid_ei_invalid,False,3520,202,0.5,1,,1.5,,,w1_to_exact_reference,0.52158406953256387,,0.11246532790025046,
nonstationary_marginal,hybrid_ei_invalid,False,3520,202,0.5,1,,2.5,,,marginal_ecf_max_component_error,0.070930323538718032,,,0.016570188324170745
nonstationary_marginal,hybrid_ei_invalid,False,3520,202,0.5,1,,2.5,,,marginal_ecf_rmse,0.050037220040910386,,,0.016570188324170745
nonstationary_marginal,hybrid_ei_invalid,False,3520,202,0.5,1,,2.5,,,w1_to_exact_reference,0.24786938099469585,,0.11415630224720499,
nonstationary_marginal,hybrid_ei_invalid,False,3520,303,0.5,1,,0.25,,,marginal_ecf_max_component_error,0.1822447463062597,,,0.016570188324170745
nonstationary_marginal,hybrid_ei_invalid,False,3520,303,0.5,1,,0.25,,,marginal_ecf_rmse,0.12888155535877699,,,0.016570188324170745
nonstationary_marginal,hybrid_ei_invalid,False,3520,303,0.5,1,,0.25,,,w1_to_exact_reference,0.50015239390420807,,0.079965848907396581,
nonstationary_marginal,hybrid_ei_invalid,False,3520,303,0.5,1,,0.5,,,marginal_ecf_max_component_error,0.18744306835123625,,,0.016570188324170745
nonstationary_marginal,hybrid_ei_invalid,False,3520,303,0.5,1,,0.5,,,marginal_ecf_rmse,0.12628733873784792,,,0.016570188324170745
nonstationary_marginal,hybrid_ei_invalid,False,3520,303,0.5,1,,0.5,,,w1_to_exact_reference,0.50534532813970956,,0.072853857110255743,
nonstationary_marginal,hybrid_ei_invalid,False,3520,303,0.5,1,,1.5,,,marginal_ecf_max_component_error,0.15392913385337276,,,0.016570188324170745
nonstationary_marginal,hybrid_ei_invalid,False,3520,303,0.5,1,,1.5,,,marginal_ecf_rmse,0.10534016498709314,,,0.016570188324170745
nonstationary_marginal,hybrid_ei_invalid,False,3520,303,0.5,1,,1.5,,,w1_to_exact_reference,0.5012574474913597,,0.048996803294680355,
nonstationary_marginal,hybrid_ei_invalid,False,3520,303,0.5,1,,2.5,,,marginal_ecf_max_component_error,0.07284673438264383,,,0.016570188324170745
nonstationary_marginal,hybrid_ei_invalid,False,3520,303,0.5,1,,2.5,,,marginal_ecf_rmse,0.050959182737662125,,,0.016570188324170745
nonstationary_marginal,hybrid_ei_invalid,False,3520,303,0.5,1,,2.5,,,w1_to_exact_reference,0.27512214502003662,,0.081454074811570729,
nonstationary_marginal,hybrid_ei_invalid,False,3520,404,0.5,1,,0.25,,,marginal_ecf_max_component_error,0.18569170621694847,,,0.016570188324170745
nonstationary_marginal,hybrid_ei_invalid,False,3520,404,0.5,1,,0.25,,,marginal_ecf_rmse,0.13045277405798811,,,0.016570188324170745
nonstationary_marginal,hybrid_ei_invalid,False,3520,404,0.5,1,,0.25,,,w1_to_exact_reference,0.47562786208721397,,0.03594099029173542,
nonstationary_marginal,hybrid_ei_invalid,False,3520,404,0.5,1,,0.5,,,marginal_ecf_max_component_error,0.18991878942083124,,,0.016570188324170745
nonstationary_marginal,hybrid_ei_invalid,False,3520,404,0.5,1,,0.5,,,marginal_ecf_rmse,0.12762178845345665,,,0.016570188324170745
nonstationary_marginal,hybrid_ei_invalid,False,3520,404,0.5,1,,0.5,,,w1_to_exact_reference,0.53681041029663779,,0.083590597241871123,
nonstationary_marginal,hybrid_ei_invalid,False,3520,404,0.5,1,,1.5,,,marginal_ecf_max_component_error,0.15629858406785435,,,0.016570188324170745
nonstationary_marginal,hybrid_ei_invalid,False,3520,404,0.5,1,,1.5,,,marginal_ecf_rmse,0.10768435550435412,,,0.016570188324170745
nonstationary_marginal,hybrid_ei_invalid,False,3520,404,0.5,1,,1.5,,,w1_to_exact_reference,0.73923230521965588,,0.083767538827563298,
nonstationary_marginal,hybrid_ei_invalid,False,3520,404,0.5,1,,2.5,,,marginal_ecf_max_component_error,0.073916838962090725,,,0.016570188324170745
nonstationary_marginal,hybrid_ei_invalid,False,3520,404,0.5,1,,2.5,,,marginal_ecf_rmse,0.051618863966459407,,,0.016570188324170745
nonstationary_marginal,hybrid_ei_invalid,False,3520,404,0.5,1,,2.5,,,w1_to_exact_reference,0.65162877043506573,,0.070632798172203234,
nonstationary_marginal,hybrid_ei_invalid,False,3520,505,0.5,1,,0.25,,,marginal_ecf_max_component_error,0.18382143047998634,,,0.016570188324170745
nonstationary_marginal,hybrid_ei_invalid,False,3520,505,0.5,1,,0.25,,,marginal_ecf_rmse,0.12849895128851152,,,0.016570188324170745
nonstationary_marginal,hybrid_ei_invalid,False,3520,505,0.5,1,,0.25,,,w1_to_exact_reference,0.43878153659596331,,0.024508212641625799,
nonstationary_marginal,hybrid_ei_invalid,False,3520,505,0.5,1,,0.5,,,marginal_ecf_max_component_error,0.18818653962671805,,,0.016570188324170745
nonstationary_marginal,hybrid_ei_invalid,False,3520,505,0.5,1,,0.5,,,marginal_ecf_rmse,0.12612644499200962,,,0.016570188324170745
nonstationary_marginal,hybrid_ei_invalid,False,3520,505,0.5,1,,0.5,,,w1_to_exact_reference,0.51966607030629741,,0.064330275281409333,
nonstationary_marginal,hybrid_ei_invalid,False,3520,505,0.5,1,,1.5,,,marginal_ecf_max_component_error,0.15897681489515192,,,0.016570188324170745
nonstationary_marginal,hybrid_ei_invalid,False,3520,505,0.5,1,,1.5,,,marginal_ecf_rmse,0.10919834223257223,,,0.016570188324170745
nonstationary_marginal,hybrid_ei_invalid,False,3520,505,0.5,1,,1.5,,,w1_to_exact_reference,0.56322953241922069,,0.097367870599180686,
nonstationary_marginal,hybrid_ei_invalid,False,3520,505,0.5,1,,2.5,,,marginal_ecf_max_component_error,0.077825052687204355,,,0.016570188324170745
nonstationary_marginal,hybrid_ei_invalid,False,3520,505,0.5,1,,2.5,,,marginal_ecf_rmse,0.053767203583195984,,,0.016570188324170745
nonstationary_marginal,hybrid_ei_invalid,False,3520,505,0.5,1,,2.5,,,w1_to_exact_reference,0.28278735695540475,,0.081390941879800949,
nonstationary_marginal,hybrid_ei_invalid,False,3520,606,0.5,1,,0.25,,,marginal_ecf_max_component_error,0.182843883859273,,,0.016570188324170745
nonstationary_marginal,hybrid_ei_invalid,False,3520,606,0.5,1,,0.25,,,marginal_ecf_rmse,0.12880513481073694,,,0.016570188324170745
nonstationary_marginal,hybrid_ei_invalid,False,3520,606,0.5,1,,0.25,,,w1_to_exact_reference,0.45401028606371047,,0.019251663541823387,
nonstationary_marginal,hybrid_ei_invalid,False,3520,606,0.5,1,,0.5,,,marginal_ecf_max_component_error,0.18921746187567678,,,0.016570188324170745
nonstationary_marginal,hybrid_ei_invalid,False,3520,606,0.5,1,,0.5,,,marginal_ecf_rmse,0.1271237475842398,,,0.016570188324170745
nonstationary_marginal,hybrid_ei_invalid,False,3520,606,0.5,1,,0.5,,,w1_to_exact_reference,0.53610514313400692,,0.024044508151434787,
nonstationary_marginal,hybrid_ei_invalid,False,3520,606,0.5,1,,1.5,,,marginal_ecf_max_component_error,0.15603882077139369,,,0.016570188324170745
nonstationary_marginal,hybrid_ei_invalid,False,3520,606,0.5,1,,1.5,,,marginal_ecf_rmse,0.10767924088471209,,,0.016570188324170745
nonstationary_marginal,hybrid_ei_invalid,False,3520,606,0.5,1,,1.5,,,w1_to_exact_reference,0.49951367302768007,,0.11591812132196765,
nonstationary_marginal,hybrid_ei_invalid,False,3520,606,0.5,1,,2.5,,,marginal_ecf_max_component_error,0.075436327498803579,,,0.016570188324170745
nonstationary_marginal,hybrid_ei_invalid,False,3520,606,0.5,1,,2.5,,,marginal_ecf_rmse,0.053771492885947569,,,0.016570188324170745
nonstationary_marginal,hybrid_ei_invalid,False,3520,606,0.5,1,,2.5,,,w1_to_exact_reference,0.25952302129961607,,0.097811784347982794,
nonstationary_marginal,hybrid_ei_invalid,False,3520,707,0.5,1,,0.25,,,marginal_ecf_max_component_error,0.18703930357011386,,,0.016570188324170745
nonstationary_marginal,hybrid_ei_invalid,False,3520,707,0.5,1,,0.25,,,marginal_ecf_rmse,0.13184150845964801,,,0.016570188324170745
nonstationary_marginal,hybrid_ei_invalid,False,3520,707,0.5,1,,0.25,,,w1_to_exact_reference,0.72679245257416114,,0.029091327561895912,
nonstationary_marginal,hybrid_ei_invalid,False,3520,707,0.5,1,,0.5,,,marginal_ecf_max_component_error,0.19037060144243306,,,0.016570188324170745
nonstationary_marginal,hybrid_ei_invalid,False,3520,707,0.5,1,,0.5,,,marginal_ecf_rmse,0.12820564485838051,,,0.016570188324170745
nonstationary_marginal,hybrid_ei_invalid,False,3520,707,0.5,1,,0.5,,,w1_to_exact_reference,1.0795650892112376,,0.046995423031374675,
nonstationary_marginal,hybrid_ei_invalid,False,3520,707,0.5,1,,1.5,,,marginal_ecf_max_component_error,0.15746682868561546,,,0.016570188324170745
nonstationary_marginal,hybrid_ei_invalid,False,3520,707,0.5,1,,1.5,,,marginal_ecf_rmse,0.10863792072078188,,,0.016570188324170745
nonstationary_marginal,hybrid_ei_invalid,False,3520,707,0.5,1,,1.5,,,w1_to_exact_reference,2.1035029552263138,,0.059355211245348205,
nonstationary_marginal,hybrid_ei_invalid,False,3520,707,0.5,1,,2.5,,,marginal_ecf_max_component_error,0.073342414627025065,,,0.016570188324170745
nonstationary_marginal,hybrid_ei_invalid,False,3520,707,0.5,1,,2.5,,,marginal_ecf_rmse,0.051425000081059991,,,0.016570188324170745
nonstationary_marginal,hybrid_ei_invalid,False,3520,707,0.5,1,,2.5,,,w1_to_exact_reference,2.87570190600945,,0.07797362548269611,
nonstationary_marginal,hybrid_ei_invalid,False,3520,808,0.5,1,,0.25,,,marginal_ecf_max_component_error,0.18236835818008768,,,0.016570188324170745
nonstationary_marginal,hybrid_ei_invalid,False,3520,808,0.5,1,,0.25,,,marginal_ecf_rmse,0.1273587625254636,,,0.016570188324170745
nonstationary_marginal,hybrid_ei_invalid,False,3520,808,0.5,1,,0.25,,,w1_to_exact_reference,0.45542684897329117,,0.044223680686348375,
nonstationary_marginal,hybrid_ei_invalid,False,3520,808,0.5,1,,0.5,,,marginal_ecf_max_component_error,0.18709084440598933,,,0.016570188324170745
nonstationary_marginal,hybrid_ei_invalid,False,3520,808,0.5,1,,0.5,,,marginal_ecf_rmse,0.12568932545792977,,,0.016570188324170745
nonstationary_marginal,hybrid_ei_invalid,False,3520,808,0.5,1,,0.5,,,w1_to_exact_reference,0.48636479414719325,,0.045454478509619235,
nonstationary_marginal,hybrid_ei_invalid,False,3520,808,0.5,1,,1.5,,,marginal_ecf_max_component_error,0.1586143232020148,,,0.016570188324170745
nonstationary_marginal,hybrid_ei_invalid,False,3520,808,0.5,1,,1.5,,,marginal_ecf_rmse,0.1085321456536934,,,0.016570188324170745
nonstationary_marginal,hybrid_ei_invalid,False,3520,808,0.5,1,,1.5,,,w1_to_exact_reference,0.4759092183518579,,0.077548581773276809,
nonstationary_marginal,hybrid_ei_invalid,False,3520,808,0.5,1,,2.5,,,marginal_ecf_max_component_error,0.07493223394645665,,,0.016570188324170745
nonstationary_marginal,hybrid_ei_invalid,False,3520,808,0.5,1,,2.5,,,marginal_ecf_rmse,0.052360532655610144,,,0.016570188324170745
nonstationary_marginal,hybrid_ei_invalid,False,3520,808,0.5,1,,2.5,,,w1_to_exact_reference,0.23110101591523757,,0.052505460293655125,
nonstationary_marginal,hybrid_ei_invalid,False,3520,909,0.5,1,,0.25,,,marginal_ecf_max_component_error,0.185952895001748,,,0.016570188324170745
nonstationary_marginal,hybrid_ei_invalid,False,3520,909,0.5,1,,0.25,,,marginal_ecf_rmse,0.12908278715760491,,,0.016570188324170745
nonstationary_marginal,hybrid_ei_invalid,False,3520,909,0.5,1,,0.25,,,w1_to_exact_reference,0.41708388905023552,,0.028888713049068523,
nonstationary_marginal,hybrid_ei_invalid,False,3520,909,0.5,1,,0.5,,,marginal_ecf_max_component_error,0.19113887450284839,,,0.016570188324170745
nonstationary_marginal,hybrid_ei_invalid,False,3520,909,0.5,1,,0.5,,,marginal_ecf_rmse,0.12865918553293318,,,0.016570188324170745
nonstationary_marginal,hybrid_ei_invalid,False,3520,909,0.5,1,,0.5,,,w1_to_exact_reference,0.49451523910885287,,0.051594288681837755,
nonstationary_marginal,hybrid_ei_invalid,False,3520,909,0.5,1,,1.5,,,marginal_ecf_max_component_error,0.16151232711213764,,,0.016570188324170745
nonstationary_marginal,hybrid_ei_invalid,False,3520,909,0.5,1,,1.5,,,marginal_ecf_rmse,0.11047715608619005,,,0.016570188324170745
nonstationary_marginal,hybrid_ei_invalid,False,3520,909,0.5,1,,1.5,,,w1_to_exact_reference,0.49751517076889595,,0.06913046039497453,
nonstationary_marginal,hybrid_ei_invalid,False,3520,909,0.5,1,,2.5,,,marginal_ecf_max_component_error,0.071000079468664379,,,0.016570188324170745
nonstationary_marginal,hybrid_ei_invalid,False,3520,909,0.5,1,,2.5,,,marginal_ecf_rmse,0.050645208857317048,,,0.016570188324170745
nonstationary_marginal,hybrid_ei_invalid,False,3520,909,0.5,1,,2.5,,,w1_to_exact_reference,0.28025629454799444,,0.073664561023130792,
nonstationary_marginal,popov_ei,True,1760,101,0.25,0.25,,0.25,,,marginal_ecf_max_component_error,0.0087306321061778047,,,0.016570188324170745
nonstationary_marginal,popov_ei,True,1760,101,0.25,0.25,,0.25,,,marginal_ecf_rmse,0.0029326847126063273,,,0.016570188324170745
nonstationary_marginal,popov_ei,True,1760,101,0.25,0.25,,0.25,,,w1_to_exact_reference,0.022338807234725165,,0.2240819016301244,
nonstationary_marginal,popov_ei,True,1760,101,0.25,0.25,,0.5,,,marginal_ecf_max_component_error,0.0054011132685418389,,,0.016570188324170745
nonstationary_marginal,popov_ei,True,1760,101,0.25,0.25,,0.5,,,marginal_ecf_rmse,0.0028753335977945568,,,0.016570188324170745
nonstationary_marginal,popov_ei,True,1760,101,0.25,0.25,,0.5,,,w1_to_exact_reference,0.031616857018915388,,0.19731290946548707,
nonstationary_marginal,popov_ei,True,1760,101,0.25,0.25,,1.5,,,marginal_ecf_max_component_error,0.0065931358492481535,,,0.016570188324170745
nonstationary_marginal,popov_ei,True,1760,101,0.25,0.25,,1.5,,,marginal_ecf_rmse,0.0021770460634382639,,,0.016570188324170745
nonstationary_marginal,popov_ei,True,1760,101,0.25,0.25,,1.5,,,w1_to_exact_reference,0.083225353829700296,,0.12556002938072919,
nonstationary_marginal,popov_ei,True,1760,101,0.25,0.25,,2.5,,,marginal_ecf_max_component_error,0.0056385544902646878,,,0.016570188324170745
nonstationary_marginal,popov_ei,True,1760,101,0.25,0.25,,2.5,,,marginal_ecf_rmse,0.0021723724359918183,,,0.016570188324170745
nonstationary_marginal,popov_ei,True,1760,101,0.25,0.25,,2.5,,,w1_to_exact_reference,0.061252174161577987,,0.10281262552728905,
nonstationary_marginal,popov_ei,True,1760,1010,0.25,0.25,,0.25,,,marginal_ecf_max_component_error,0.0026214320471261224,,,0.016570188324170745
nonstationary_marginal,popov_ei,True,1760,1010,0.25,0.25,,0.25,,,marginal_ecf_rmse,0.0013908152627491012,,,0.016570188324170745
nonstationary_marginal,popov_ei,True,1760,1010,0.25,0.25,,0.25,,,w1_to_exact_reference,0.056285074042254218,,0.06271939248458594,
nonstationary_marginal,popov_ei,True,1760,1010,0.25,0.25,,0.5,,,marginal_ecf_max_component_error,0.0033380207445299109,,,0.016570188324170745
nonstationary_marginal,popov_ei,True,1760,1010,0.25,0.25,,0.5,,,marginal_ecf_rmse,0.0012509237995552344,,,0.016570188324170745
nonstationary_marginal,popov_ei,True,1760,1010,0.25,0.25,,0.5,,,w1_to_exact_reference,0.055186844942270052,,0.059007280975855683,
nonstationary_marginal,popov_ei,True,1760,1010,0.25,0.25,,1.5,,,marginal_ecf_max_component_error,0.0044522797683953907,,,0.016570188324170745
nonstationary_marginal,popov_ei,True,1760,1010,0.25,0.25,,1.5,,,marginal_ecf_rmse,0.0024941921045115788,,,0.016570188324170745
nonstationary_marginal,popov_ei,True,1760,1010,0.25,0.25,,1.5,,,w1_to_exact_reference,0.068281778990564035,,0.0536684237128872,
nonstationary_marginal,popov_ei,True,1760,1010,0.25,0.25,,2.5,,,marginal_ecf_max_component_error,0.0057548437626953539,,,0.016570188324170745
nonstationary_marginal,popov_ei,True,1760,1010,0.25,0.25,,2.5,,,marginal_ecf_rmse,0.0030452107244850657,,,0.016570188324170745
nonstationary_marginal,popov_ei,True,1760,1010,0.25,0.25,,2.5,,,w1_to_exact_reference,0.093178529900559665,,0.076442307269681223,
nonstationary_marginal,popov_ei,True,1760,1111,0.25,0.25,,0.25,,,marginal_ecf_max_component_error,0.0056278790974444021,,,0.016570188324170745
nonstationary_marginal,popov_ei,True,1760,1111,0.25,0.25,,0.25,,,marginal_ecf_rmse,0.0023853913204536802,,,0.016570188324170745
nonstationary_marginal,popov_ei,True,1760,1111,0.25,0.25,,0.25,,,w1_to_exact_reference,0.052454659865332029,,0.040013349367817128,
nonstationary_marginal,popov_ei,True,1760,1111,0.25,0.25,,0.5,,,marginal_ecf_max_component_error,0.0060052967260316656,,,0.016570188324170745
nonstationary_marginal,popov_ei,True,1760,1111,0.25,0.25,,0.5,,,marginal_ecf_rmse,0.0029682461158879419,,,0.016570188324170745
nonstationary_marginal,popov_ei,True,1760,1111,0.25,0.25,,0.5,,,w1_to_exact_reference,0.082453515106551162,,0.072370798097331615,
nonstationary_marginal,popov_ei,True,1760,1111,0.25,0.25,,1.5,,,marginal_ecf_max_component_error,0.0059485921201989957,,,0.016570188324170745
nonstationary_marginal,popov_ei,True,1760,1111,0.25,0.25,,1.5,,,marginal_ecf_rmse,0.0036113071826732305,,,0.016570188324170745
nonstationary_marginal,popov_ei,True,1760,1111,0.25,0.25,,1.5,,,w1_to_exact_reference,0.06654371417502597,,0.064822268433284258,
nonstationary_marginal,popov_ei,True,1760,1111,0.25,0.25,,2.5,,,marginal_ecf_max_component_error,0.0084116756616869903,,,0.016570188324170745
nonstationary_marginal,popov_ei,True,1760,1111,0.25,0.25,,2.5,,,marginal_ecf_rmse,0.0054516375064094314,,,0.016570188324170745
nonstationary_marginal,popov_ei,True,1760,1111,0.25,0.25,,2.5,,,w1_to_exact_reference,0.10571876644045591,,0.10630823335931852,
nonstationary_marginal,popov_ei,True,1760,1212,0.25,0.25,,0.25,,,marginal_ecf_max_component_error,0.0045377196451442392,,,0.016570188324170745
nonstationary_marginal,popov_ei,True,1760,1212,0.25,0.25,,0.25,,,marginal_ecf_rmse,0.0037979517286851269,,,0.016570188324170745
nonstationary_marginal,popov_ei,True,1760,1212,0.25,0.25,,0.25,,,w1_to_exact_reference,0.019752648530821308,,0.035524808300348959,
nonstationary_marginal,popov_ei,True,1760,1212,0.25,0.25,,0.5,,,marginal_ecf_max_component_error,0.0044928987980129564,,,0.016570188324170745
nonstationary_marginal,popov_ei,True,1760,1212,0.25,0.25,,0.5,,,marginal_ecf_rmse,0.0033557240709979359,,,0.016570188324170745
nonstationary_marginal,popov_ei,True,1760,1212,0.25,0.25,,0.5,,,w1_to_exact_reference,0.037793748137113357,,0.054484390852387724,
nonstationary_marginal,popov_ei,True,1760,1212,0.25,0.25,,1.5,,,marginal_ecf_max_component_error,0.0070293819568064443,,,0.016570188324170745
nonstationary_marginal,popov_ei,True,1760,1212,0.25,0.25,,1.5,,,marginal_ecf_rmse,0.0044821245492391755,,,0.016570188324170745
nonstationary_marginal,popov_ei,True,1760,1212,0.25,0.25,,1.5,,,w1_to_exact_reference,0.045370539442658384,,0.056361108257732086,
nonstationary_marginal,popov_ei,True,1760,1212,0.25,0.25,,2.5,,,marginal_ecf_max_component_error,0.0039401226063903597,,,0.016570188324170745
nonstationary_marginal,popov_ei,True,1760,1212,0.25,0.25,,2.5,,,marginal_ecf_rmse,0.0024485571643489785,,,0.016570188324170745
nonstationary_marginal,popov_ei,True,1760,1212,0.25,0.25,,2.5,,,w1_to_exact_reference,0.071030543049450751,,0.084637396863571246,
nonstationary_marginal,popov_ei,True,1760,202,0.25,0.25,,0.25,,,marginal_ecf_max_component_error,0.0090377236365761504,,,0.016570188324170745
nonstationary_marginal,popov_ei,True,1760,202,0.25,0.25,,0.25,,,marginal_ecf_rmse,0.0030744733294380076,,,0.016570188324170745
nonstationary_marginal,popov_ei,True,1760,202,0.25,0.25,,0.25,,,w1_to_exact_reference,0.025429228982633681,,0.095305977955151111,
nonstationary_marginal,popov_ei,True,1760,202,0.25,0.25,,0.5,,,marginal_ecf_max_component_error,0.0093017896574438472,,,0.016570188324170745
nonstationary_marginal,popov_ei,True,1760,202,0.25,0.25,,0.5,,,marginal_ecf_rmse,0.0024621366371660913,,,0.016570188324170745
nonstationary_marginal,popov_ei,True,1760,202,0.25,0.25,,0.5,,,w1_to_exact_reference,0.070377061129965363,,0.063327934199774977,
nonstationary_marginal,popov_ei,True,1760,202,0.25,0.25,,1.5,,,marginal_ecf_max_component_error,0.0061674852030221723,,,0.016570188324170745
nonstationary_marginal,popov_ei,True,1760,202,0.25,0.25,,1.5,,,marginal_ecf_rmse,0.0024869749907917467,,,0.016570188324170745
nonstationary_marginal,popov_ei,True,1760,202,0.25,0.25,,1.5,,,w1_to_exact_reference,0.064407054438614109,,0.11246532790025046,
nonstationary_marginal,popov_ei,True,1760,202,0.25,0.25,,2.5,,,marginal_ecf_max_component_error,0.0065571865320837378,,,0.016570188324170745
nonstationary_marginal,popov_ei,True,1760,202,0.25,0.25,,2.5,,,marginal_ecf_rmse,0.0023614281376614634,,,0.016570188324170745
nonstationary_marginal,popov_ei,True,1760,202,0.25,0.25,,2.5,,,w1_to_exact_reference,0.094565875650345521,,0.11415630224720499,
nonstationary_marginal,popov_ei,True,1760,303,0.25,0.25,,0.25,,,marginal_ecf_max_component_error,0.0060040349178662189,,,0.016570188324170745
nonstationary_marginal,popov_ei,True,1760,303,0.25,0.25,,0.25,,,marginal_ecf_rmse,0.0040634006804440362,,,0.016570188324170745
nonstationary_marginal,popov_ei,True,1760,303,0.25,0.25,,0.25,,,w1_to_exact_reference,0.038766758925481093,,0.079965848907396581,
nonstationary_marginal,popov_ei,True,1760,303,0.25,0.25,,0.5,,,marginal_ecf_max_component_error,0.0057219772552964121,,,0.016570188324170745
nonstationary_marginal,popov_ei,True,1760,303,0.25,0.25,,0.5,,,marginal_ecf_rmse,0.0039541353347765078,,,0.016570188324170745
nonstationary_marginal,popov_ei,True,1760,303,0.25,0.25,,0.5,,,w1_to_exact_reference,0.051165728595722118,,0.072853857110255743,
nonstationary_marginal,popov_ei,True,1760,303,0.25,0.25,,1.5,,,marginal_ecf_max_component_error,0.0049059509579955562,,,0.016570188324170745
nonstationary_marginal,popov_ei,True,1760,303,0.25,0.25,,1.5,,,marginal_ecf_rmse,0.0029644889902802974,,,0.016570188324170745
nonstationary_marginal,popov_ei,True,1760,303,0.25,0.25,,1.5,,,w1_to_exact_reference,0.049506909851807446,,0.048996803294680355,
nonstationary_marginal,popov_ei,True,1760,303,0.25,0.25,,2.5,,,marginal_ecf_max_component_error,0.0043614786167344571,,,0.016570188324170745
nonstationary_marginal,popov_ei,True,1760,303,0.25,0.25,,2.5,,,marginal_ecf_rmse,0.0020521596372491302,,,0.016570188324170745
nonstationary_marginal,popov_ei,True,1760,303,0.25,0.25,,2.5,,,w1_to_exact_reference,0.090738971133221227,,0.081454074811570729,
nonstationary_marginal,popov_ei,True,1760,404,0.25,0.25,,0.25,,,marginal_ecf_max_component_error,0.0051804308999129495,,,0.016570188324170745
nonstationary_marginal,popov_ei,True,1760,404,0.25,0.25,,0.25,,,marginal_ecf_rmse,0.0022435558823538952,,,0.016570188324170745
nonstationary_marginal,popov_ei,True,1760,404,0.25,0.25,,0.25,,,w1_to_exact_reference,0.098329413626420545,,0.03594099029173542,
nonstationary_marginal,popov_ei,True,1760,404,0.25,0.25,,0.5,,,marginal_ecf_max_component_error,0.0058890694311301874,,,0.016570188324170745
nonstationary_marginal,popov_ei,True,1760,404,0.25,0.25,,0.5,,,marginal_ecf_rmse,0.0024190821127657563,,,0.016570188324170745
nonstationary_marginal,popov_ei,True,1760,404,0.25,0.25,,0.5,,,w1_to_exact_reference,0.14488156749518138,,0.083590597241871123,
nonstationary_marginal,popov_ei,True,1760,404,0.25,0.25,,1.5,,,marginal_ecf_max_component_error,0.004836323723294826,,,0.016570188324170745
nonstationary_marginal,popov_ei,True,1760,404,0.25,0.25,,1.5,,,marginal_ecf_rmse,0.0023886350834362623,,,0.016570188324170745
nonstationary_marginal,popov_ei,True,1760,404,0.25,0.25,,1.5,,,w1_to_exact_reference,0.31760792350373196,,0.083767538827563298,
nonstationary_marginal,popov_ei,True,1760,404,0.25,0.25,,2.5,,,marginal_ecf_max_component_error,0.0067116098400587581,,,0.016570188324170745
nonstationary_marginal,popov_ei,True,1760,404,0.25,0.25,,2.5,,,marginal_ecf_rmse,0.0039048359083493594,,,0.016570188324170745
nonstationary_marginal,popov_ei,True,1760,404,0.25,0.25,,2.5,,,w1_to_exact_reference,0.43622965167671868,,0.070632798172203234,
nonstationary_marginal,popov_ei,True,1760,505,0.25,0.25,,0.25,,,marginal_ecf_max_component_error,0.0035463950816408954,,,0.016570188324170745
nonstationary_marginal,popov_ei,True,1760,505,0.25,0.25,,0.25,,,marginal_ecf_rmse,0.0011692196034421853,,,0.016570188324170745
nonstationary_marginal,popov_ei,True,1760,505,0.25,0.25,,0.25,,,w1_to_exact_reference,0.028405164102853792,,0.024508212641625799,
nonstationary_marginal,popov_ei,True,1760,505,0.25,0.25,,0.5,,,marginal_ecf_max_component_error,0.0036778016498206431,,,0.016570188324170745
nonstationary_marginal,popov_ei,True,1760,505,0.25,0.25,,0.5,,,marginal_ecf_rmse,0.0019154351823518052,,,0.016570188324170745
nonstationary_marginal,popov_ei,True,1760,505,0.25,0.25,,0.5,,,w1_to_exact_reference,0.032520856095408848,,0.064330275281409333,
nonstationary_marginal,popov_ei,True,1760,505,0.25,0.25,,1.5,,,marginal_ecf_max_component_error,0.0056711181956254804,,,0.016570188324170745
nonstationary_marginal,popov_ei,True,1760,505,0.25,0.25,,1.5,,,marginal_ecf_rmse,0.0021244110290636804,,,0.016570188324170745
nonstationary_marginal,popov_ei,True,1760,505,0.25,0.25,,1.5,,,w1_to_exact_reference,0.066891345756754789,,0.097367870599180686,
nonstationary_marginal,popov_ei,True,1760,505,0.25,0.25,,2.5,,,marginal_ecf_max_component_error,0.010056959245115425,,,0.016570188324170745
nonstationary_marginal,popov_ei,True,1760,505,0.25,0.25,,2.5,,,marginal_ecf_rmse,0.0035419761781439437,,,0.016570188324170745
nonstationary_marginal,popov_ei,True,1760,505,0.25,0.25,,2.5,,,w1_to_exact_reference,0.074657802012974353,,0.081390941879800949,
nonstationary_marginal,popov_ei,True,1760,606,0.25,0.25,,0.25,,,marginal_ecf_max_component_error,0.0051081459596213907,,,0.016570188324170745
nonstationary_marginal,popov_ei,True,1760,606,0.25,0.25,,0.25,,,marginal_ecf_rmse,0.0021181688590956901,,,0.016570188324170745
nonstationary_marginal,popov_ei,True,1760,606,0.25,0.25,,0.25,,,w1_to_exact_reference,0.031557000219780904,,0.019251663541823387,
nonstationary_marginal,popov_ei,True,1760,606,0.25,0.25,,0.5,,,marginal_ecf_max_component_error,0.0052939749575528494,,,0.016570188324170745
nonstationary_marginal,popov_ei,True,1760,606,0.25,0.25,,0.5,,,marginal_ecf_rmse,0.0022356172994668156,,,0.016570188324170745
nonstationary_marginal,popov_ei,True,1760,606,0.25,0.25,,0.5,,,w1_to_exact_reference,0.046330489766472749,,0.024044508151434787,
nonstationary_marginal,popov_ei,True,1760,606,0.25,0.25,,1.5,,,marginal_ecf_max_component_error,0.006129094464254423,,,0.016570188324170745
nonstationary_marginal,popov_ei,True,1760,606,0.25,0.25,,1.5,,,marginal_ecf_rmse,0.0016585028711436228,,,0.016570188324170745
nonstationary_marginal,popov_ei,True,1760,606,0.25,0.25,,1.5,,,w1_to_exact_reference,0.046642477209300939,,0.11591812132196765,
nonstationary_marginal,popov_ei,True,1760,606,0.25,0.25,,2.5,,,marginal_ecf_max_component_error,0.0084193352715089247,,,0.016570188324170745
nonstationary_marginal,popov_ei,True,1760,606,0.25,0.25,,2.5,,,marginal_ecf_rmse,0.0028275120000938029,,,0.016570188324170745
nonstationary_marginal,popov_ei,True,1760,606,0.25,0.25,,2.5,,,w1_to_exact_reference,0.055453343617842085,,0.097811784347982794,
nonstationary_marginal,popov_ei,True,1760,707,0.25,0.25,,0.25,,,marginal_ecf_max_component_error,0.0048963229291564131,,,0.016570188324170745
nonstationary_marginal,popov_ei,True,1760,707,0.25,0.25,,0.25,,,marginal_ecf_rmse,0.0022380794747603743,,,0.016570188324170745
nonstationary_marginal,popov_ei,True,1760,707,0.25,0.25,,0.25,,,w1_to_exact_reference,0.24161584320038837,,0.029091327561895912,
nonstationary_marginal,popov_ei,True,1760,707,0.25,0.25,,0.5,,,marginal_ecf_max_component_error,0.0060393015735032626,,,0.016570188324170745
nonstationary_marginal,popov_ei,True,1760,707,0.25,0.25,,0.5,,,marginal_ecf_rmse,0.0020287352902259238,,,0.016570188324170745
nonstationary_marginal,popov_ei,True,1760,707,0.25,0.25,,0.5,,,w1_to_exact_reference,0.41546336006710893,,0.046995423031374675,
nonstationary_marginal,popov_ei,True,1760,707,0.25,0.25,,1.5,,,marginal_ecf_max_component_error,0.0072687143401572035,,,0.016570188324170745
nonstationary_marginal,popov_ei,True,1760,707,0.25,0.25,,1.5,,,marginal_ecf_rmse,0.0034412304484785672,,,0.016570188324170745
nonstationary_marginal,popov_ei,True,1760,707,0.25,0.25,,1.5,,,w1_to_exact_reference,0.84655827675208939,,0.059355211245348205,
nonstationary_marginal,popov_ei,True,1760,707,0.25,0.25,,2.5,,,marginal_ecf_max_component_error,0.0071767323558732127,,,0.016570188324170745
nonstationary_marginal,popov_ei,True,1760,707,0.25,0.25,,2.5,,,marginal_ecf_rmse,0.0031442128998589221,,,0.016570188324170745
nonstationary_marginal,popov_ei,True,1760,707,0.25,0.25,,2.5,,,w1_to_exact_reference,1.1257045295321066,,0.07797362548269611,
nonstationary_marginal,popov_ei,True,1760,808,0.25,0.25,,0.25,,,marginal_ecf_max_component_error,0.0068153358309282971,,,0.016570188324170745
nonstationary_marginal,popov_ei,True,1760,808,0.25,0.25,,0.25,,,marginal_ecf_rmse,0.0014011498753134495,,,0.016570188324170745
nonstationary_marginal,popov_ei,True,1760,808,0.25,0.25,,0.25,,,w1_to_exact_reference,0.039054653567218073,,0.044223680686348375,
nonstationary_marginal,popov_ei,True,1760,808,0.25,0.25,,0.5,,,marginal_ecf_max_component_error,0.011453203793127132,,,0.016570188324170745
nonstationary_marginal,popov_ei,True,1760,808,0.25,0.25,,0.5,,,marginal_ecf_rmse,0.000959672738061294,,,0.016570188324170745
nonstationary_marginal,popov_ei,True,1760,808,0.25,0.25,,0.5,,,w1_to_exact_reference,0.048483103500310078,,0.045454478509619235,
nonstationary_marginal,popov_ei,True,1760,808,0.25,0.25,,1.5,,,marginal_ecf_max_component_error,0.0093588878021385411,,,0.016570188324170745
nonstationary_marginal,popov_ei,True,1760,808,0.25,0.25,,1.5,,,marginal_ecf_rmse,0.0028416077689134519,,,0.016570188324170745
nonstationary_marginal,popov_ei,True,1760,808,0.25,0.25,,1.5,,,w1_to_exact_reference,0.064637500032166534,,0.077548581773276809,
nonstationary_marginal,popov_ei,True,1760,808,0.25,0.25,,2.5,,,marginal_ecf_max_component_error,0.0057101387084477597,,,0.016570188324170745
nonstationary_marginal,popov_ei,True,1760,808,0.25,0.25,,2.5,,,marginal_ecf_rmse,0.0021233891482458057,,,0.016570188324170745
nonstationary_marginal,popov_ei,True,1760,808,0.25,0.25,,2.5,,,w1_to_exact_reference,0.084780824767932805,,0.052505460293655125,
nonstationary_marginal,popov_ei,True,1760,909,0.25,0.25,,0.25,,,marginal_ecf_max_component_error,0.0058635932825599479,,,0.016570188324170745
nonstationary_marginal,popov_ei,True,1760,909,0.25,0.25,,0.25,,,marginal_ecf_rmse,0.0023187569819800805,,,0.016570188324170745
nonstationary_marginal,popov_ei,True,1760,909,0.25,0.25,,0.25,,,w1_to_exact_reference,0.044733491679092519,,0.028888713049068523,
nonstationary_marginal,popov_ei,True,1760,909,0.25,0.25,,0.5,,,marginal_ecf_max_component_error,0.0072826228793334002,,,0.016570188324170745
nonstationary_marginal,popov_ei,True,1760,909,0.25,0.25,,0.5,,,marginal_ecf_rmse,0.0033455840033845166,,,0.016570188324170745
nonstationary_marginal,popov_ei,True,1760,909,0.25,0.25,,0.5,,,w1_to_exact_reference,0.0476073161115287,,0.051594288681837755,
nonstationary_marginal,popov_ei,True,1760,909,0.25,0.25,,1.5,,,marginal_ecf_max_component_error,0.0073452791067861317,,,0.016570188324170745
nonstationary_marginal,popov_ei,True,1760,909,0.25,0.25,,1.5,,,marginal_ecf_rmse,0.003738879664000523,,,0.016570188324170745
nonstationary_marginal,popov_ei,True,1760,909,0.25,0.25,,1.5,,,w1_to_exact_reference,0.092931833433976888,,0.06913046039497453,
nonstationary_marginal,popov_ei,True,1760,909,0.25,0.25,,2.5,,,marginal_ecf_max_component_error,0.004973291221814875,,,0.016570188324170745
nonstationary_marginal,popov_ei,True,1760,909,0.25,0.25,,2.5,,,marginal_ecf_rmse,0.001481917961844737,,,0.016570188324170745
nonstationary_marginal,popov_ei,True,1760,909,0.25,0.25,,2.5,,,w1_to_exact_reference,0.11339205615032334,,0.073664561023130792,
nonstationary_marginal,popov_ei,True,1760,101,0.5,0.5,,0.25,,,marginal_ecf_max_component_error,0.0064666307102312975,,,0.016570188324170745
nonstationary_marginal,popov_ei,True,1760,101,0.5,0.5,,0.25,,,marginal_ecf_rmse,0.0041482619627732833,,,0.016570188324170745
nonstationary_marginal,popov_ei,True,1760,101,0.5,0.5,,0.25,,,w1_to_exact_reference,0.026744456949886138,,0.2240819016301244,
nonstationary_marginal,popov_ei,True,1760,101,0.5,0.5,,0.5,,,marginal_ecf_max_component_error,0.0055802573595330335,,,0.016570188324170745
nonstationary_marginal,popov_ei,True,1760,101,0.5,0.5,,0.5,,,marginal_ecf_rmse,0.0034071402101179442,,,0.016570188324170745
nonstationary_marginal,popov_ei,True,1760,101,0.5,0.5,,0.5,,,w1_to_exact_reference,0.039337975840749106,,0.19731290946548707,
nonstationary_marginal,popov_ei,True,1760,101,0.5,0.5,,1.5,,,marginal_ecf_max_component_error,0.0046797902623124353,,,0.016570188324170745
nonstationary_marginal,popov_ei,True,1760,101,0.5,0.5,,1.5,,,marginal_ecf_rmse,0.0023673384440353307,,,0.016570188324170745
nonstationary_marginal,popov_ei,True,1760,101,0.5,0.5,,1.5,,,w1_to_exact_reference,0.088742229438736969,,0.12556002938072919,
nonstationary_marginal,popov_ei,True,1760,101,0.5,0.5,,2.5,,,marginal_ecf_max_component_error,0.0060127802803027937,,,0.016570188324170745
nonstationary_marginal,popov_ei,True,1760,101,0.5,0.5,,2.5,,,marginal_ecf_rmse,0.0025057759173153413,,,0.016570188324170745
nonstationary_marginal,popov_ei,True,1760,101,0.5,0.5,,2.5,,,w1_to_exact_reference,0.056087775621975214,,0.10281262552728905,
nonstationary_marginal,popov_ei,True,1760,1010,0.5,0.5,,0.25,,,marginal_ecf_max_component_error,0.0057599199401449919,,,0.016570188324170745
nonstationary_marginal,popov_ei,True,1760,1010,0.5,0.5,,0.25,,,marginal_ecf_rmse,0.0024173025755248271,,,0.016570188324170745
nonstationary_marginal,popov_ei,True,1760,1010,0.5,0.5,,0.25,,,w1_to_exact_reference,0.054491443137908602,,0.06271939248458594,
nonstationary_marginal,popov_ei,True,1760,1010,0.5,0.5,,0.5,,,marginal_ecf_max_component_error,0.0060332172586791341,,,0.016570188324170745
nonstationary_marginal,popov_ei,True,1760,1010,0.5,0.5,,0.5,,,marginal_ecf_rmse,0.0025361330388530457,,,0.016570188324170745
nonstationary_marginal,popov_ei,True,1760,1010,0.5,0.5,,0.5,,,w1_to_exact_reference,0.054218304830996239,,0.059007280975855683,
nonstationary_marginal,popov_ei,True,1760,1010,0.5,0.5,,1.5,,,marginal_ecf_max_component_error,0.0061044721729922608,,,0.016570188324170745
nonstationary_marginal,popov_ei,True,1760,1010,0.5,0.5,,1.5,,,marginal_ecf_rmse,0.0024384377431714331,,,0.016570188324170745
nonstationary_marginal,popov_ei,True,1760,1010,0.5,0.5,,1.5,,,w1_to_exact_reference,0.066702931031369178,,0.0536684237128872,
nonstationary_marginal,popov_ei,True,1760,1010,0.5,0.5,,2.5,,,marginal_ecf_max_component_error,0.0057091239928869254,,,0.016570188324170745
nonstationary_marginal,popov_ei,True,1760,1010,0.5,0.5,,2.5,,,marginal_ecf_rmse,0.002741932305812521,,,0.016570188324170745
nonstationary_marginal,popov_ei,True,1760,1010,0.5,0.5,,2.5,,,w1_to_exact_reference,0.099134174444226092,,0.076442307269681223,
nonstationary_marginal,popov_ei,True,1760,1111,0.5,0.5,,0.25,,,marginal_ecf_max_component_error,0.0045426051469394518,,,0.016570188324170745
nonstationary_marginal,popov_ei,True,1760,1111,0.5,0.5,,0.25,,,marginal_ecf_rmse,0.0025074435081528256,,,0.016570188324170745
nonstationary_marginal,popov_ei,True,1760,1111,0.5,0.5,,0.25,,,w1_to_exact_reference,0.052059302739646832,,0.040013349367817128,
nonstationary_marginal,popov_ei,True,1760,1111,0.5,0.5,,0.5,,,marginal_ecf_max_component_error,0.0053084066400140044,,,0.016570188324170745
nonstationary_marginal,popov_ei,True,1760,1111,0.5,0.5,,0.5,,,marginal_ecf_rmse,0.0029367340135935112,,,0.016570188324170745
nonstationary_marginal,popov_ei,True,1760,1111,0.5,0.5,,0.5,,,w1_to_exact_reference,0.091172427998146816,,0.072370798097331615,
nonstationary_marginal,popov_ei,True,1760,1111,0.5,0.5,,1.5,,,marginal_ecf_max_component_error,0.006256756405566213,,,0.016570188324170745
nonstationary_marginal,popov_ei,True,1760,1111,0.5,0.5,,1.5,,,marginal_ecf_rmse,0.0028002216514041436,,,0.016570188324170745
nonstationary_marginal,popov_ei,True,1760,1111,0.5,0.5,,1.5,,,w1_to_exact_reference,0.057983318361729756,,0.064822268433284258,
nonstationary_marginal,popov_ei,True,1760,1111,0.5,0.5,,2.5,,,marginal_ecf_max_component_error,0.0091339746631188823,,,0.016570188324170745
nonstationary_marginal,popov_ei,True,1760,1111,0.5,0.5,,2.5,,,marginal_ecf_rmse,0.0060084958825624476,,,0.016570188324170745
nonstationary_marginal,popov_ei,True,1760,1111,0.5,0.5,,2.5,,,w1_to_exact_reference,0.1077427369326639,,0.10630823335931852,
nonstationary_marginal,popov_ei,True,1760,1212,0.5,0.5,,0.25,,,marginal_ecf_max_component_error,0.0058346919106789519,,,0.016570188324170745
nonstationary_marginal,popov_ei,True,1760,1212,0.5,0.5,,0.25,,,marginal_ecf_rmse,0.0035215938951117152,,,0.016570188324170745
nonstationary_marginal,popov_ei,True,1760,1212,0.5,0.5,,0.25,,,w1_to_exact_reference,0.020878115603612808,,0.035524808300348959,
nonstationary_marginal,popov_ei,True,1760,1212,0.5,0.5,,0.5,,,marginal_ecf_max_component_error,0.010612773287232542,,,0.016570188324170745
nonstationary_marginal,popov_ei,True,1760,1212,0.5,0.5,,0.5,,,marginal_ecf_rmse,0.0030121005900140964,,,0.016570188324170745
nonstationary_marginal,popov_ei,True,1760,1212,0.5,0.5,,0.5,,,w1_to_exact_reference,0.04557393994379421,,0.054484390852387724,
nonstationary_marginal,popov_ei,True,1760,1212,0.5,0.5,,1.5,,,marginal_ecf_max_component_error,0.0069547513049531178,,,0.016570188324170745
nonstationary_marginal,popov_ei,True,1760,1212,0.5,0.5,,1.5,,,marginal_ecf_rmse,0.0040418856184753346,,,0.016570188324170745
nonstationary_marginal,popov_ei,True,1760,1212,0.5,0.5,,1.5,,,w1_to_exact_reference,0.050990045293712399,,0.056361108257732086,
nonstationary_marginal,popov_ei,True,1760,1212,0.5,0.5,,2.5,,,marginal_ecf_max_component_error,0.0065293869362342237,,,0.016570188324170745
nonstationary_marginal,popov_ei,True,1760,1212,0.5,0.5,,2.5,,,marginal_ecf_rmse,0.0027944995596776729,,,0.016570188324170745
nonstationary_marginal,popov_ei,True,1760,1212,0.5,0.5,,2.5,,,w1_to_exact_reference,0.07195327493246742,,0.084637396863571246,
nonstationary_marginal,popov_ei,True,1760,202,0.5,0.5,,0.25,,,marginal_ecf_max_component_error,0.0032900735232324063,,,0.016570188324170745
nonstationary_marginal,popov_ei,True,1760,202,0.5,0.5,,0.25,,,marginal_ecf_rmse,0.0023722023628166534,,,0.016570188324170745
nonstationary_marginal,popov_ei,True,1760,202,0.5,0.5,,0.25,,,w1_to_exact_reference,0.022019636060420816,,0.095305977955151111,
nonstationary_marginal,popov_ei,True,1760,202,0.5,0.5,,0.5,,,marginal_ecf_max_component_error,0.0038164223638440121,,,0.016570188324170745
nonstationary_marginal,popov_ei,True,1760,202,0.5,0.5,,0.5,,,marginal_ecf_rmse,0.0019054484729637043,,,0.016570188324170745
nonstationary_marginal,popov_ei,True,1760,202,0.5,0.5,,0.5,,,w1_to_exact_reference,0.071295255183289871,,0.063327934199774977,
nonstationary_marginal,popov_ei,True,1760,202,0.5,0.5,,1.5,,,marginal_ecf_max_component_error,0.0047782855525743684,,,0.016570188324170745
nonstationary_marginal,popov_ei,True,1760,202,0.5,0.5,,1.5,,,marginal_ecf_rmse,0.0032645977506943875,,,0.016570188324170745
nonstationary_marginal,popov_ei,True,1760,202,0.5,0.5,,1.5,,,w1_to_exact_reference,0.070040367416430077,,0.11246532790025046,
nonstationary_marginal,popov_ei,True,1760,202,0.5,0.5,,2.5,,,marginal_ecf_max_component_error,0.0046250925290763269,,,0.016570188324170745
nonstationary_marginal,popov_ei,True,1760,202,0.5,0.5,,2.5,,,marginal_ecf_rmse,0.0021347937185231857,,,0.016570188324170745
nonstationary_marginal,popov_ei,True,1760,202,0.5,0.5,,2.5,,,w1_to_exact_reference,0.092138679960165726,,0.11415630224720499,
nonstationary_marginal,popov_ei,True,1760,303,0.5,0.5,,0.25,,,marginal_ecf_max_component_error,0.0052016798029283773,,,0.016570188324170745
nonstationary_marginal,popov_ei,True,1760,303,0.5,0.5,,0.25,,,marginal_ecf_rmse,0.0034999928045984906,,,0.016570188324170745
nonstationary_marginal,popov_ei,True,1760,303,0.5,0.5,,0.25,,,w1_to_exact_reference,0.055715216751090584,,0.079965848907396581,
nonstationary_marginal,popov_ei,True,1760,303,0.5,0.5,,0.5,,,marginal_ecf_max_component_error,0.0053033049432371082,,,0.016570188324170745
nonstationary_marginal,popov_ei,True,1760,303,0.5,0.5,,0.5,,,marginal_ecf_rmse,0.0033514521366222703,,,0.016570188324170745
nonstationary_marginal,popov_ei,True,1760,303,0.5,0.5,,0.5,,,w1_to_exact_reference,0.050166200402514974,,0.072853857110255743,
nonstationary_marginal,popov_ei,True,1760,303,0.5,0.5,,1.5,,,marginal_ecf_max_component_error,0.0085962313304807705,,,0.016570188324170745
nonstationary_marginal,popov_ei,True,1760,303,0.5,0.5,,1.5,,,marginal_ecf_rmse,0.0040213079841989983,,,0.016570188324170745
nonstationary_marginal,popov_ei,True,1760,303,0.5,0.5,,1.5,,,w1_to_exact_reference,0.045005433890845839,,0.048996803294680355,
nonstationary_marginal,popov_ei,True,1760,303,0.5,0.5,,2.5,,,marginal_ecf_max_component_error,0.0047206692121927281,,,0.016570188324170745
nonstationary_marginal,popov_ei,True,1760,303,0.5,0.5,,2.5,,,marginal_ecf_rmse,0.0022434917934544521,,,0.016570188324170745
nonstationary_marginal,popov_ei,True,1760,303,0.5,0.5,,2.5,,,w1_to_exact_reference,0.083593290620957189,,0.081454074811570729,
nonstationary_marginal,popov_ei,True,1760,404,0.5,0.5,,0.25,,,marginal_ecf_max_component_error,0.0085325805898020992,,,0.016570188324170745
nonstationary_marginal,popov_ei,True,1760,404,0.5,0.5,,0.25,,,marginal_ecf_rmse,0.0035080946630377764,,,0.016570188324170745
nonstationary_marginal,popov_ei,True,1760,404,0.5,0.5,,0.25,,,w1_to_exact_reference,0.06018347942129583,,0.03594099029173542,
nonstationary_marginal,popov_ei,True,1760,404,0.5,0.5,,0.5,,,marginal_ecf_max_component_error,0.0045292889244121781,,,0.016570188324170745
nonstationary_marginal,popov_ei,True,1760,404,0.5,0.5,,0.5,,,marginal_ecf_rmse,0.0029091119269266607,,,0.016570188324170745
nonstationary_marginal,popov_ei,True,1760,404,0.5,0.5,,0.5,,,w1_to_exact_reference,0.08953492654139647,,0.083590597241871123,
nonstationary_marginal,popov_ei,True,1760,404,0.5,0.5,,1.5,,,marginal_ecf_max_component_error,0.0072310617304723783,,,0.016570188324170745
nonstationary_marginal,popov_ei,True,1760,404,0.5,0.5,,1.5,,,marginal_ecf_rmse,0.0043884314421743162,,,0.016570188324170745
nonstationary_marginal,popov_ei,True,1760,404,0.5,0.5,,1.5,,,w1_to_exact_reference,0.25146206359015383,,0.083767538827563298,
nonstationary_marginal,popov_ei,True,1760,404,0.5,0.5,,2.5,,,marginal_ecf_max_component_error,0.0054007066179898163,,,0.016570188324170745
nonstationary_marginal,popov_ei,True,1760,404,0.5,0.5,,2.5,,,marginal_ecf_rmse,0.0028211985670834831,,,0.016570188324170745
nonstationary_marginal,popov_ei,True,1760,404,0.5,0.5,,2.5,,,w1_to_exact_reference,0.41075331918899882,,0.070632798172203234,
nonstationary_marginal,popov_ei,True,1760,505,0.5,0.5,,0.25,,,marginal_ecf_max_component_error,0.0043700341537285872,,,0.016570188324170745
nonstationary_marginal,popov_ei,True,1760,505,0.5,0.5,,0.25,,,marginal_ecf_rmse,0.0013698505807553374,,,0.016570188324170745
nonstationary_marginal,popov_ei,True,1760,505,0.5,0.5,,0.25,,,w1_to_exact_reference,0.028042266517390252,,0.024508212641625799,
nonstationary_marginal,popov_ei,True,1760,505,0.5,0.5,,0.5,,,marginal_ecf_max_component_error,0.0062275417371740471,,,0.016570188324170745
nonstationary_marginal,popov_ei,True,1760,505,0.5,0.5,,0.5,,,marginal_ecf_rmse,0.0033506798652639942,,,0.016570188324170745
nonstationary_marginal,popov_ei,True,1760,505,0.5,0.5,,0.5,,,w1_to_exact_reference,0.031503031473442591,,0.064330275281409333,
nonstationary_marginal,popov_ei,True,1760,505,0.5,0.5,,1.5,,,marginal_ecf_max_component_error,0.0034048219136093016,,,0.016570188324170745
nonstationary_marginal,popov_ei,True,1760,505,0.5,0.5,,1.5,,,marginal_ecf_rmse,0.0017174283595057173,,,0.016570188324170745
nonstationary_marginal,popov_ei,True,1760,505,0.5,0.5,,1.5,,,w1_to_exact_reference,0.078671038245612987,,0.097367870599180686,
nonstationary_marginal,popov_ei,True,1760,505,0.5,0.5,,2.5,,,marginal_ecf_max_component_error,0.010318600232937829,,,0.016570188324170745
nonstationary_marginal,popov_ei,True,1760,505,0.5,0.5,,2.5,,,marginal_ecf_rmse,0.0032390493883273619,,,0.016570188324170745
nonstationary_marginal,popov_ei,True,1760,505,0.5,0.5,,2.5,,,w1_to_exact_reference,0.07706277770282928,,0.081390941879800949,
nonstationary_marginal,popov_ei,True,1760,606,0.5,0.5,,0.25,,,marginal_ecf_max_component_error,0.0053292183870268656,,,0.016570188324170745
nonstationary_marginal,popov_ei,True,1760,606,0.5,0.5,,0.25,,,marginal_ecf_rmse,0.0023117846650382613,,,0.016570188324170745
nonstationary_marginal,popov_ei,True,1760,606,0.5,0.5,,0.25,,,w1_to_exact_reference,0.038743715700323048,,0.019251663541823387,
nonstationary_marginal,popov_ei,True,1760,606,0.5,0.5,,0.5,,,marginal_ecf_max_component_error,0.0062937079440193392,,,0.016570188324170745
nonstationary_marginal,popov_ei,True,1760,606,0.5,0.5,,0.5,,,marginal_ecf_rmse,0.0015833882328370155,,,0.016570188324170745
nonstationary_marginal,popov_ei,True,1760,606,0.5,0.5,,0.5,,,w1_to_exact_reference,0.056918851421034672,,0.024044508151434787,
nonstationary_marginal,popov_ei,True,1760,606,0.5,0.5,,1.5,,,marginal_ecf_max_component_error,0.0047212291785436074,,,0.016570188324170745
nonstationary_marginal,popov_ei,True,1760,606,0.5,0.5,,1.5,,,marginal_ecf_rmse,0.0023821706248377326,,,0.016570188324170745
nonstationary_marginal,popov_ei,True,1760,606,0.5,0.5,,1.5,,,w1_to_exact_reference,0.049593514844403101,,0.11591812132196765,
nonstationary_marginal,popov_ei,True,1760,606,0.5,0.5,,2.5,,,marginal_ecf_max_component_error,0.006292428033296462,,,0.016570188324170745
nonstationary_marginal,popov_ei,True,1760,606,0.5,0.5,,2.5,,,marginal_ecf_rmse,0.0024598476709088075,,,0.016570188324170745
nonstationary_marginal,popov_ei,True,1760,606,0.5,0.5,,2.5,,,w1_to_exact_reference,0.051771834476083745,,0.097811784347982794,
nonstationary_marginal,popov_ei,True,1760,707,0.5,0.5,,0.25,,,marginal_ecf_max_component_error,0.0042979326497142867,,,0.016570188324170745
nonstationary_marginal,popov_ei,True,1760,707,0.5,0.5,,0.25,,,marginal_ecf_rmse,0.0028059866589789642,,,0.016570188324170745
nonstationary_marginal,popov_ei,True,1760,707,0.5,0.5,,0.25,,,w1_to_exact_reference,0.20592209116204688,,0.029091327561895912,
nonstationary_marginal,popov_ei,True,1760,707,0.5,0.5,,0.5,,,marginal_ecf_max_component_error,0.0061424091208982113,,,0.016570188324170745
nonstationary_marginal,popov_ei,True,1760,707,0.5,0.5,,0.5,,,marginal_ecf_rmse,0.0017689333525494407,,,0.016570188324170745
nonstationary_marginal,popov_ei,True,1760,707,0.5,0.5,,0.5,,,w1_to_exact_reference,0.4017663491796224,,0.046995423031374675,
nonstationary_marginal,popov_ei,True,1760,707,0.5,0.5,,1.5,,,marginal_ecf_max_component_error,0.0053867521192214746,,,0.016570188324170745
nonstationary_marginal,popov_ei,True,1760,707,0.5,0.5,,1.5,,,marginal_ecf_rmse,0.0022888419586077342,,,0.016570188324170745
nonstationary_marginal,popov_ei,True,1760,707,0.5,0.5,,1.5,,,w1_to_exact_reference,1.0511156018614589,,0.059355211245348205,
nonstationary_marginal,popov_ei,True,1760,707,0.5,0.5,,2.5,,,marginal_ecf_max_component_error,0.0054931064581291425,,,0.016570188324170745
nonstationary_marginal,popov_ei,True,1760,707,0.5,0.5,,2.5,,,marginal_ecf_rmse,0.0035353588656940539,,,0.016570188324170745
nonstationary_marginal,popov_ei,True,1760,707,0.5,0.5,,2.5,,,w1_to_exact_reference,1.6991157680176885,,0.07797362548269611,
nonstationary_marginal,popov_ei,True,1760,808,0.5,0.5,,0.25,,,marginal_ecf_max_component_error,0.0059671585636756619,,,0.016570188324170745
nonstationary_marginal,popov_ei,True,1760,808,0.5,0.5,,0.25,,,marginal_ecf_rmse,0.0021683339627533672,,,0.016570188324170745
nonstationary_marginal,popov_ei,True,1760,808,0.5,0.5,,0.25,,,w1_to_exact_reference,0.043232361635016842,,0.044223680686348375,
nonstationary_marginal,popov_ei,True,1760,808,0.5,0.5,,0.5,,,marginal_ecf_max_component_error,0.0067431098792724489,,,0.016570188324170745
nonstationary_marginal,popov_ei,True,1760,808,0.5,0.5,,0.5,,,marginal_ecf_rmse,0.0028284261964003359,,,0.016570188324170745
nonstationary_marginal,popov_ei,True,1760,808,0.5,0.5,,0.5,,,w1_to_exact_reference,0.048822701373392792,,0.045454478509619235,
nonstationary_marginal,popov_ei,True,1760,808,0.5,0.5,,1.5,,,marginal_ecf_max_component_error,0.0047145653660667476,,,0.016570188324170745
nonstationary_marginal,popov_ei,True,1760,808,0.5,0.5,,1.5,,,marginal_ecf_rmse,0.0030388437065285946,,,0.016570188324170745
nonstationary_marginal,popov_ei,True,1760,808,0.5,0.5,,1.5,,,w1_to_exact_reference,0.058130711604527666,,0.077548581773276809,
nonstationary_marginal,popov_ei,True,1760,808,0.5,0.5,,2.5,,,marginal_ecf_max_component_error,0.0051848361164486918,,,0.016570188324170745
nonstationary_marginal,popov_ei,True,1760,808,0.5,0.5,,2.5,,,marginal_ecf_rmse,0.0026217521746554374,,,0.016570188324170745
nonstationary_marginal,popov_ei,True,1760,808,0.5,0.5,,2.5,,,w1_to_exact_reference,0.08643630440578226,,0.052505460293655125,
nonstationary_marginal,popov_ei,True,1760,909,0.5,0.5,,0.25,,,marginal_ecf_max_component_error,0.0079711815077559197,,,0.016570188324170745
nonstationary_marginal,popov_ei,True,1760,909,0.5,0.5,,0.25,,,marginal_ecf_rmse,0.0029573947887470914,,,0.016570188324170745
nonstationary_marginal,popov_ei,True,1760,909,0.5,0.5,,0.25,,,w1_to_exact_reference,0.034029270264954559,,0.028888713049068523,
nonstationary_marginal,popov_ei,True,1760,909,0.5,0.5,,0.5,,,marginal_ecf_max_component_error,0.004897609885825209,,,0.016570188324170745
nonstationary_marginal,popov_ei,True,1760,909,0.5,0.5,,0.5,,,marginal_ecf_rmse,0.0032042545645996601,,,0.016570188324170745
nonstationary_marginal,popov_ei,True,1760,909,0.5,0.5,,0.5,,,w1_to_exact_reference,0.05355896689125092,,0.051594288681837755,
nonstationary_marginal,popov_ei,True,1760,909,0.5,0.5,,1.5,,,marginal_ecf_max_component_error,0.0066065274004897586,,,0.016570188324170745
nonstationary_marginal,popov_ei,True,1760,909,0.5,0.5,,1.5,,,marginal_ecf_rmse,0.0033498744722590744,,,0.016570188324170745
nonstationary_marginal,popov_ei,True,1760,909,0.5,0.5,,1.5,,,w1_to_exact_reference,0.089147240519060617,,0.06913046039497453,
nonstationary_marginal,popov_ei,True,1760,909,0.5,0.5,,2.5,,,marginal_ecf_max_component_error,0.003933756778449482,,,0.016570188324170745
nonstationary_marginal,popov_ei,True,1760,909,0.5,0.5,,2.5,,,marginal_ecf_rmse,0.0018311417974533678,,,0.016570188324170745
nonstationary_marginal,popov_ei,True,1760,909,0.5,0.5,,2.5,,,w1_to_exact_reference,0.10727483220485254,,0.073664561023130792,
nonstationary_marginal,popov_ei,True,1760,101,1,1,,0.25,,,marginal_ecf_max_component_error,0.0060398591982143701,,,0.016570188324170745
nonstationary_marginal,popov_ei,True,1760,101,1,1,,0.25,,,marginal_ecf_rmse,0.0036984576521532208,,,0.016570188324170745
nonstationary_marginal,popov_ei,True,1760,101,1,1,,0.25,,,w1_to_exact_reference,0.029305959446149377,,0.2240819016301244,
nonstationary_marginal,popov_ei,True,1760,101,1,1,,0.5,,,marginal_ecf_max_component_error,0.008991623548699576,,,0.016570188324170745
nonstationary_marginal,popov_ei,True,1760,101,1,1,,0.5,,,marginal_ecf_rmse,0.0019063677033997082,,,0.016570188324170745
nonstationary_marginal,popov_ei,True,1760,101,1,1,,0.5,,,w1_to_exact_reference,0.050686389804313531,,0.19731290946548707,
nonstationary_marginal,popov_ei,True,1760,101,1,1,,1.5,,,marginal_ecf_max_component_error,0.013047007432690402,,,0.016570188324170745
nonstationary_marginal,popov_ei,True,1760,101,1,1,,1.5,,,marginal_ecf_rmse,0.0018492402841794669,,,0.016570188324170745
nonstationary_marginal,popov_ei,True,1760,101,1,1,,1.5,,,w1_to_exact_reference,0.095014863006013486,,0.12556002938072919,
nonstationary_marginal,popov_ei,True,1760,101,1,1,,2.5,,,marginal_ecf_max_component_error,0.0053016800806540568,,,0.016570188324170745
nonstationary_marginal,popov_ei,True,1760,101,1,1,,2.5,,,marginal_ecf_rmse,0.002386960365775325,,,0.016570188324170745
nonstationary_marginal,popov_ei,True,1760,101,1,1,,2.5,,,w1_to_exact_reference,0.055816648745036078,,0.10281262552728905,
nonstationary_marginal,popov_ei,True,1760,1010,1,1,,0.25,,,marginal_ecf_max_component_error,0.0029203629739510129,,,0.016570188324170745
nonstationary_marginal,popov_ei,True,1760,1010,1,1,,0.25,,,marginal_ecf_rmse,0.001182139303475622,,,0.016570188324170745
nonstationary_marginal,popov_ei,True,1760,1010,1,1,,0.25,,,w1_to_exact_reference,0.055519728053152875,,0.06271939248458594,
nonstationary_marginal,popov_ei,True,1760,1010,1,1,,0.5,,,marginal_ecf_max_component_error,0.0047548341514406893,,,0.016570188324170745
nonstationary_marginal,popov_ei,True,1760,1010,1,1,,0.5,,,marginal_ecf_rmse,0.0017026442753561566,,,0.016570188324170745
nonstationary_marginal,popov_ei,True,1760,1010,1,1,,0.5,,,w1_to_exact_reference,0.047243762758027608,,0.059007280975855683,
nonstationary_marginal,popov_ei,True,1760,1010,1,1,,1.5,,,marginal_ecf_max_component_error,0.0059502906763240736,,,0.016570188324170745
nonstationary_marginal,popov_ei,True,1760,1010,1,1,,1.5,,,marginal_ecf_rmse,0.0019191021542068335,,,0.016570188324170745
nonstationary_marginal,popov_ei,True,1760,1010,1,1,,1.5,,,w1_to_exact_reference,0.06472973578284727,,0.0536684237128872,
nonstationary_marginal,popov_ei,True,1760,1010,1,1,,2.5,,,marginal_ecf_max_component_error,0.0050510289298673419,,,0.016570188324170745
nonstationary_marginal,popov_ei,True,1760,1010,1,1,,2.5,,,marginal_ecf_rmse,0.0019490230552389779,,,0.016570188324170745
nonstationary_marginal,popov_ei,True,1760,1010,1,1,,2.5,,,w1_to_exact_reference,0.10786507340681253,,0.076442307269681223,
nonstationary_marginal,popov_ei,True,1760,1111,1,1,,0.25,,,marginal_ecf_max_component_error,0.0038491343013570267,,,0.016570188324170745
nonstationary_marginal,popov_ei,True,1760,1111,1,1,,0.25,,,marginal_ecf_rmse,0.0022859627378722528,,,0.016570188324170745
nonstationary_marginal,popov_ei,True,1760,1111,1,1,,0.25,,,w1_to_exact_reference,0.047623218797711753,,0.040013349367817128,
nonstationary_marginal,popov_ei,True,1760,1111,1,1,,0.5,,,marginal_ecf_max_component_error,0.0085429496708066214,,,0.016570188324170745
nonstationary_marginal,popov_ei,True,1760,1111,1,1,,0.5,,,marginal_ecf_rmse,0.0027864411832447763,,,0.016570188324170745
nonstationary_marginal,popov_ei,True,1760,1111,1,1,,0.5,,,w1_to_exact_reference,0.094701773637198935,,0.072370798097331615,
nonstationary_marginal,popov_ei,True,1760,1111,1,1,,1.5,,,marginal_ecf_max_component_error,0.0060491064517820192,,,0.016570188324170745
nonstationary_marginal,popov_ei,True,1760,1111,1,1,,1.5,,,marginal_ecf_rmse,0.0023169174881831484,,,0.016570188324170745
nonstationary_marginal,popov_ei,True,1760,1111,1,1,,1.5,,,w1_to_exact_reference,0.046922135499646217,,0.064822268433284258,
nonstationary_marginal,popov_ei,True,1760,1111,1,1,,2.5,,,marginal_ecf_max_component_error,0.0087488212547747191,,,0.016570188324170745
nonstationary_marginal,popov_ei,True,1760,1111,1,1,,2.5,,,marginal_ecf_rmse,0.0059345915482551005,,,0.016570188324170745
nonstationary_marginal,popov_ei,True,1760,1111,1,1,,2.5,,,w1_to_exact_reference,0.1082125495449332,,0.10630823335931852,
nonstationary_marginal,popov_ei,True,1760,1212,1,1,,0.25,,,marginal_ecf_max_component_error,0.006149232908712568,,,0.016570188324170745
nonstationary_marginal,popov_ei,True,1760,1212,1,1,,0.25,,,marginal_ecf_rmse,0.0023526456434775195,,,0.016570188324170745
nonstationary_marginal,popov_ei,True,1760,1212,1,1,,0.25,,,w1_to_exact_reference,0.02652593280820733,,0.035524808300348959,
nonstationary_marginal,popov_ei,True,1760,1212,1,1,,0.5,,,marginal_ecf_max_component_error,0.0044886878402766554,,,0.016570188324170745
nonstationary_marginal,popov_ei,True,1760,1212,1,1,,0.5,,,marginal_ecf_rmse,0.0027903018703132046,,,0.016570188324170745
nonstationary_marginal,popov_ei,True,1760,1212,1,1,,0.5,,,w1_to_exact_reference,0.046538494921138797,,0.054484390852387724,
nonstationary_marginal,popov_ei,True,1760,1212,1,1,,1.5,,,marginal_ecf_max_component_error,0.0073669182317910552,,,0.016570188324170745
nonstationary_marginal,popov_ei,True,1760,1212,1,1,,1.5,,,marginal_ecf_rmse,0.0028866441513457478,,,0.016570188324170745
nonstationary_marginal,popov_ei,True,1760,1212,1,1,,1.5,,,w1_to_exact_reference,0.057523998906736991,,0.056361108257732086,
nonstationary_marginal,popov_ei,True,1760,1212,1,1,,2.5,,,marginal_ecf_max_component_error,0.0091905375046176657,,,0.016570188324170745
nonstationary_marginal,popov_ei,True,1760,1212,1,1,,2.5,,,marginal_ecf_rmse,0.0029622298867060587,,,0.016570188324170745
nonstationary_marginal,popov_ei,True,1760,1212,1,1,,2.5,,,w1_to_exact_reference,0.070108285134572845,,0.084637396863571246,
nonstationary_marginal,popov_ei,True,1760,202,1,1,,0.25,,,marginal_ecf_max_component_error,0.0033599799704600725,,,0.016570188324170745
nonstationary_marginal,popov_ei,True,1760,202,1,1,,0.25,,,marginal_ecf_rmse,0.0013413892212551905,,,0.016570188324170745
nonstationary_marginal,popov_ei,True,1760,202,1,1,,0.25,,,w1_to_exact_reference,0.020511387976035966,,0.095305977955151111,
nonstationary_marginal,popov_ei,True,1760,202,1,1,,0.5,,,marginal_ecf_max_component_error,0.006198284082201906,,,0.016570188324170745
nonstationary_marginal,popov_ei,True,1760,202,1,1,,0.5,,,marginal_ecf_rmse,0.0025937552696939045,,,0.016570188324170745
nonstationary_marginal,popov_ei,True,1760,202,1,1,,0.5,,,w1_to_exact_reference,0.071140188609521343,,0.063327934199774977,
nonstationary_marginal,popov_ei,True,1760,202,1,1,,1.5,,,marginal_ecf_max_component_error,0.0054724053577896309,,,0.016570188324170745
nonstationary_marginal,popov_ei,True,1760,202,1,1,,1.5,,,marginal_ecf_rmse,0.0032549548273139253,,,0.016570188324170745
nonstationary_marginal,popov_ei,True,1760,202,1,1,,1.5,,,w1_to_exact_reference,0.080243541734743906,,0.11246532790025046,
nonstationary_marginal,popov_ei,True,1760,202,1,1,,2.5,,,marginal_ecf_max_component_error,0.0045956947551544884,,,0.016570188324170745
nonstationary_marginal,popov_ei,True,1760,202,1,1,,2.5,,,marginal_ecf_rmse,0.0027659005056830483,,,0.016570188324170745
nonstationary_marginal,popov_ei,True,1760,202,1,1,,2.5,,,w1_to_exact_reference,0.086518997031931874,,0.11415630224720499,
nonstationary_marginal,popov_ei,True,1760,303,1,1,,0.25,,,marginal_ecf_max_component_error,0.0046546756995557159,,,0.016570188324170745
nonstationary_marginal,popov_ei,True,1760,303,1,1,,0.25,,,marginal_ecf_rmse,0.00320502941487403,,,0.016570188324170745
nonstationary_marginal,popov_ei,True,1760,303,1,1,,0.25,,,w1_to_exact_reference,0.086963836419728408,,0.079965848907396581,
nonstationary_marginal,popov_ei,True,1760,303,1,1,,0.5,,,marginal_ecf_max_component_error,0.003908163180072699,,,0.016570188324170745
nonstationary_marginal,popov_ei,True,1760,303,1,1,,0.5,,,marginal_ecf_rmse,0.0023644770801422195,,,0.016570188324170745
nonstationary_marginal,popov_ei,True,1760,303,1,1,,0.5,,,w1_to_exact_reference,0.049354151573043327,,0.072853857110255743,
nonstationary_marginal,popov_ei,True,1760,303,1,1,,1.5,,,marginal_ecf_max_component_error,0.0078496764345310499,,,0.016570188324170745
nonstationary_marginal,popov_ei,True,1760,303,1,1,,1.5,,,marginal_ecf_rmse,0.0043643183980995696,,,0.016570188324170745
nonstationary_marginal,popov_ei,True,1760,303,1,1,,1.5,,,w1_to_exact_reference,0.047163480163047895,,0.048996803294680355,
nonstationary_marginal,popov_ei,True,1760,303,1,1,,2.5,,,marginal_ecf_max_component_error,0.0049273247841172194,,,0.016570188324170745
nonstationary_marginal,popov_ei,True,1760,303,1,1,,2.5,,,marginal_ecf_rmse,0.0024222545089964357,,,0.016570188324170745
nonstationary_marginal,popov_ei,True,1760,303,1,1,,2.5,,,w1_to_exact_reference,0.075507622782123085,,0.081454074811570729,
nonstationary_marginal,popov_ei,True,1760,404,1,1,,0.25,,,marginal_ecf_max_component_error,0.0083480219989691337,,,0.016570188324170745
nonstationary_marginal,popov_ei,True,1760,404,1,1,,0.25,,,marginal_ecf_rmse,0.0047470042106802736,,,0.016570188324170745
nonstationary_marginal,popov_ei,True,1760,404,1,1,,0.25,,,w1_to_exact_reference,0.029972548414582495,,0.03594099029173542,
nonstationary_marginal,popov_ei,True,1760,404,1,1,,0.5,,,marginal_ecf_max_component_error,0.0050629994357692058,,,0.016570188324170745
nonstationary_marginal,popov_ei,True,1760,404,1,1,,0.5,,,marginal_ecf_rmse,0.003749166173889457,,,0.016570188324170745
nonstationary_marginal,popov_ei,True,1760,404,1,1,,0.5,,,w1_to_exact_reference,0.049062302963484988,,0.083590597241871123,
nonstationary_marginal,popov_ei,True,1760,404,1,1,,1.5,,,marginal_ecf_max_component_error,0.0076999308986652262,,,0.016570188324170745
nonstationary_marginal,popov_ei,True,1760,404,1,1,,1.5,,,marginal_ecf_rmse,0.0053231893414112646,,,0.016570188324170745
nonstationary_marginal,popov_ei,True,1760,404,1,1,,1.5,,,w1_to_exact_reference,0.16938838832661443,,0.083767538827563298,
nonstationary_marginal,popov_ei,True,1760,404,1,1,,2.5,,,marginal_ecf_max_component_error,0.0046381203701871777,,,0.016570188324170745
nonstationary_marginal,popov_ei,True,1760,404,1,1,,2.5,,,marginal_ecf_rmse,0.0018708869138698676,,,0.016570188324170745
nonstationary_marginal,popov_ei,True,1760,404,1,1,,2.5,,,w1_to_exact_reference,0.36815898899327631,,0.070632798172203234,
nonstationary_marginal,popov_ei,True,1760,505,1,1,,0.25,,,marginal_ecf_max_component_error,0.009219797423156921,,,0.016570188324170745
nonstationary_marginal,popov_ei,True,1760,505,1,1,,0.25,,,marginal_ecf_rmse,0.001308753637676468,,,0.016570188324170745
nonstationary_marginal,popov_ei,True,1760,505,1,1,,0.25,,,w1_to_exact_reference,0.028759591099730974,,0.024508212641625799,
nonstationary_marginal,popov_ei,True,1760,505,1,1,,0.5,,,marginal_ecf_max_component_error,0.0075760958898317202,,,0.016570188324170745
nonstationary_marginal,popov_ei,True,1760,505,1,1,,0.5,,,marginal_ecf_rmse,0.0029860683484257125,,,0.016570188324170745
nonstationary_marginal,popov_ei,True,1760,505,1,1,,0.5,,,w1_to_exact_reference,0.034446620394764954,,0.064330275281409333,
nonstationary_marginal,popov_ei,True,1760,505,1,1,,1.5,,,marginal_ecf_max_component_error,0.004388504225090132,,,0.016570188324170745
nonstationary_marginal,popov_ei,True,1760,505,1,1,,1.5,,,marginal_ecf_rmse,0.0026462343299407782,,,0.016570188324170745
nonstationary_marginal,popov_ei,True,1760,505,1,1,,1.5,,,w1_to_exact_reference,0.093746175602408832,,0.097367870599180686,
nonstationary_marginal,popov_ei,True,1760,505,1,1,,2.5,,,marginal_ecf_max_component_error,0.0085386515571009031,,,0.016570188324170745
nonstationary_marginal,popov_ei,True,1760,505,1,1,,2.5,,,marginal_ecf_rmse,0.0028249617878586442,,,0.016570188324170745
nonstationary_marginal,popov_ei,True,1760,505,1,1,,2.5,,,w1_to_exact_reference,0.08647234688181088,,0.081390941879800949,
nonstationary_marginal,popov_ei,True,1760,606,1,1,,0.25,,,marginal_ecf_max_component_error,0.0059129278875104108,,,0.016570188324170745
nonstationary_marginal,popov_ei,True,1760,606,1,1,,0.25,,,marginal_ecf_rmse,0.0020107107349805467,,,0.016570188324170745
nonstationary_marginal,popov_ei,True,1760,606,1,1,,0.25,,,w1_to_exact_reference,0.043055278530759175,,0.019251663541823387,
nonstationary_marginal,popov_ei,True,1760,606,1,1,,0.5,,,marginal_ecf_max_component_error,0.0049187931705469146,,,0.016570188324170745
nonstationary_marginal,popov_ei,True,1760,606,1,1,,0.5,,,marginal_ecf_rmse,0.0019037023035466971,,,0.016570188324170745
nonstationary_marginal,popov_ei,True,1760,606,1,1,,0.5,,,w1_to_exact_reference,0.068193737571223143,,0.024044508151434787,
nonstationary_marginal,popov_ei,True,1760,606,1,1,,1.5,,,marginal_ecf_max_component_error,0.0068047382607985818,,,0.016570188324170745
nonstationary_marginal,popov_ei,True,1760,606,1,1,,1.5,,,marginal_ecf_rmse,0.0036241495060824573,,,0.016570188324170745
nonstationary_marginal,popov_ei,True,1760,606,1,1,,1.5,,,w1_to_exact_reference,0.04750919271969288,,0.11591812132196765,
nonstationary_marginal,popov_ei,True,1760,606,1,1,,2.5,,,marginal_ecf_max_component_error,0.0069508232355625192,,,0.016570188324170745
nonstationary_marginal,popov_ei,True,1760,606,1,1,,2.5,,,marginal_ecf_rmse,0.0025554442355728364,,,0.016570188324170745
nonstationary_marginal,popov_ei,True,1760,606,1,1,,2.5,,,w1_to_exact_reference,0.047854138999792004,,0.097811784347982794,
nonstationary_marginal,popov_ei,True,1760,707,1,1,,0.25,,,marginal_ecf_max_component_error,0.0084086987299413114,,,0.016570188324170745
nonstationary_marginal,popov_ei,True,1760,707,1,1,,0.25,,,marginal_ecf_rmse,0.0016628531844686493,,,0.016570188324170745
nonstationary_marginal,popov_ei,True,1760,707,1,1,,0.25,,,w1_to_exact_reference,0.10097743107176263,,0.029091327561895912,
nonstationary_marginal,popov_ei,True,1760,707,1,1,,0.5,,,marginal_ecf_max_component_error,0.0074002466375356346,,,0.016570188324170745
nonstationary_marginal,popov_ei,True,1760,707,1,1,,0.5,,,marginal_ecf_rmse,0.0030817903022776014,,,0.016570188324170745
nonstationary_marginal,popov_ei,True,1760,707,1,1,,0.5,,,w1_to_exact_reference,0.2521731479729587,,0.046995423031374675,
nonstationary_marginal,popov_ei,True,1760,707,1,1,,1.5,,,marginal_ecf_max_component_error,0.0076640269498306681,,,0.016570188324170745
nonstationary_marginal,popov_ei,True,1760,707,1,1,,1.5,,,marginal_ecf_rmse,0.0020674595573527206,,,0.016570188324170745
nonstationary_marginal,popov_ei,True,1760,707,1,1,,1.5,,,w1_to_exact_reference,1.0696668704099759,,0.059355211245348205,
nonstationary_marginal,popov_ei,True,1760,707,1,1,,2.5,,,marginal_ecf_max_component_error,0.0058488088847827623,,,0.016570188324170745
nonstationary_marginal,popov_ei,True,1760,707,1,1,,2.5,,,marginal_ecf_rmse,0.0042368249614463142,,,0.016570188324170745
nonstationary_marginal,popov_ei,True,1760,707,1,1,,2.5,,,w1_to_exact_reference,2.5131820943881018,,0.07797362548269611,
nonstationary_marginal,popov_ei,True,1760,808,1,1,,0.25,,,marginal_ecf_max_component_error,0.0047105517454023305,,,0.016570188324170745
nonstationary_marginal,popov_ei,True,1760,808,1,1,,0.25,,,marginal_ecf_rmse,0.0024114938274789025,,,0.016570188324170745
nonstationary_marginal,popov_ei,True,1760,808,1,1,,0.25,,,w1_to_exact_reference,0.048908961033584678,,0.044223680686348375,
nonstationary_marginal,popov_ei,True,1760,808,1,1,,0.5,,,marginal_ecf_max_component_error,0.0053280388580191629,,,0.016570188324170745
nonstationary_marginal,popov_ei,True,1760,808,1,1,,0.5,,,marginal_ecf_rmse,0.0034858598276917094,,,0.016570188324170745
nonstationary_marginal,popov_ei,True,1760,808,1,1,,0.5,,,w1_to_exact_reference,0.054673001913726288,,0.045454478509619235,
nonstationary_marginal,popov_ei,True,1760,808,1,1,,1.5,,,marginal_ecf_max_component_error,0.0057670810029665657,,,0.016570188324170745
nonstationary_marginal,popov_ei,True,1760,808,1,1,,1.5,,,marginal_ecf_rmse,0.0042994941705878659,,,0.016570188324170745
nonstationary_marginal,popov_ei,True,1760,808,1,1,,1.5,,,w1_to_exact_reference,0.061321033952002217,,0.077548581773276809,
nonstationary_marginal,popov_ei,True,1760,808,1,1,,2.5,,,marginal_ecf_max_component_error,0.0052880395386137886,,,0.016570188324170745
nonstationary_marginal,popov_ei,True,1760,808,1,1,,2.5,,,marginal_ecf_rmse,0.0029294623183177457,,,0.016570188324170745
nonstationary_marginal,popov_ei,True,1760,808,1,1,,2.5,,,w1_to_exact_reference,0.089608673385625448,,0.052505460293655125,
nonstationary_marginal,popov_ei,True,1760,909,1,1,,0.25,,,marginal_ecf_max_component_error,0.0050960994063012216,,,0.016570188324170745
nonstationary_marginal,popov_ei,True,1760,909,1,1,,0.25,,,marginal_ecf_rmse,0.0022291569644406748,,,0.016570188324170745
nonstationary_marginal,popov_ei,True,1760,909,1,1,,0.25,,,w1_to_exact_reference,0.02749048846041114,,0.028888713049068523,
nonstationary_marginal,popov_ei,True,1760,909,1,1,,0.5,,,marginal_ecf_max_component_error,0.0049015666782491352,,,0.016570188324170745
nonstationary_marginal,popov_ei,True,1760,909,1,1,,0.5,,,marginal_ecf_rmse,0.0022837809148504623,,,0.016570188324170745
nonstationary_marginal,popov_ei,True,1760,909,1,1,,0.5,,,w1_to_exact_reference,0.058087296085504739,,0.051594288681837755,
nonstationary_marginal,popov_ei,True,1760,909,1,1,,1.5,,,marginal_ecf_max_component_error,0.0050198996924108261,,,0.016570188324170745
nonstationary_marginal,popov_ei,True,1760,909,1,1,,1.5,,,marginal_ecf_rmse,0.0033781486630992635,,,0.016570188324170745
nonstationary_marginal,popov_ei,True,1760,909,1,1,,1.5,,,w1_to_exact_reference,0.079875472339605569,,0.06913046039497453,
nonstationary_marginal,popov_ei,True,1760,909,1,1,,2.5,,,marginal_ecf_max_component_error,0.0068617817193642426,,,0.016570188324170745
nonstationary_marginal,popov_ei,True,1760,909,1,1,,2.5,,,marginal_ecf_rmse,0.0025121421698503055,,,0.016570188324170745
nonstationary_marginal,popov_ei,True,1760,909,1,1,,2.5,,,w1_to_exact_reference,0.097810521164137396,,0.073664561023130792,
nonstationary_marginal,popov_ei,True,1760,101,2,2,,0.25,,,marginal_ecf_max_component_error,0.0059574006289774446,,,0.016570188324170745
nonstationary_marginal,popov_ei,True,1760,101,2,2,,0.25,,,marginal_ecf_rmse,0.00383330696231539,,,0.016570188324170745
nonstationary_marginal,popov_ei,True,1760,101,2,2,,0.25,,,w1_to_exact_reference,0.030002522496444244,,0.2240819016301244,
nonstationary_marginal,popov_ei,True,1760,101,2,2,,0.5,,,marginal_ecf_max_component_error,0.0022048063512952396,,,0.016570188324170745
nonstationary_marginal,popov_ei,True,1760,101,2,2,,0.5,,,marginal_ecf_rmse,0.0014359148713991934,,,0.016570188324170745
nonstationary_marginal,popov_ei,True,1760,101,2,2,,0.5,,,w1_to_exact_reference,0.064982171042955089,,0.19731290946548707,
nonstationary_marginal,popov_ei,True,1760,101,2,2,,1.5,,,marginal_ecf_max_component_error,0.0064556477450848975,,,0.016570188324170745
nonstationary_marginal,popov_ei,True,1760,101,2,2,,1.5,,,marginal_ecf_rmse,0.0019833643724112187,,,0.016570188324170745
nonstationary_marginal,popov_ei,True,1760,101,2,2,,1.5,,,w1_to_exact_reference,0.085892379626974991,,0.12556002938072919,
nonstationary_marginal,popov_ei,True,1760,101,2,2,,2.5,,,marginal_ecf_max_component_error,0.006543707589245041,,,0.016570188324170745
nonstationary_marginal,popov_ei,True,1760,101,2,2,,2.5,,,marginal_ecf_rmse,0.0017253534246916579,,,0.016570188324170745
nonstationary_marginal,popov_ei,True,1760,101,2,2,,2.5,,,w1_to_exact_reference,0.048365871411996844,,0.10281262552728905,
nonstationary_marginal,popov_ei,True,1760,1010,2,2,,0.25,,,marginal_ecf_max_component_error,0.0053848158263276637,,,0.016570188324170745
nonstationary_marginal,popov_ei,True,1760,1010,2,2,,0.25,,,marginal_ecf_rmse,0.0017607290382969055,,,0.016570188324170745
nonstationary_marginal,popov_ei,True,1760,1010,2,2,,0.25,,,w1_to_exact_reference,0.057285537381832501,,0.06271939248458594,
nonstationary_marginal,popov_ei,True,1760,1010,2,2,,0.5,,,marginal_ecf_max_component_error,0.0044799862785788024,,,0.016570188324170745
nonstationary_marginal,popov_ei,True,1760,1010,2,2,,0.5,,,marginal_ecf_rmse,0.0015457934393930171,,,0.016570188324170745
nonstationary_marginal,popov_ei,True,1760,1010,2,2,,0.5,,,w1_to_exact_reference,0.045565960056027102,,0.059007280975855683,
nonstationary_marginal,popov_ei,True,1760,1010,2,2,,1.5,,,marginal_ecf_max_component_error,0.0044346033958482141,,,0.016570188324170745
nonstationary_marginal,popov_ei,True,1760,1010,2,2,,1.5,,,marginal_ecf_rmse,0.0019189856435790215,,,0.016570188324170745
nonstationary_marginal,popov_ei,True,1760,1010,2,2,,1.5,,,w1_to_exact_reference,0.059258100945407961,,0.0536684237128872,
nonstationary_marginal,popov_ei,True,1760,1010,2,2,,2.5,,,marginal_ecf_max_component_error,0.0029697979929170135,,,0.016570188324170745
nonstationary_marginal,popov_ei,True,1760,1010,2,2,,2.5,,,marginal_ecf_rmse,0.0015530833799219949,,,0.016570188324170745
nonstationary_marginal,popov_ei,True,1760,1010,2,2,,2.5,,,w1_to_exact_reference,0.12684041625318127,,0.076442307269681223,
nonstationary_marginal,popov_ei,True,1760,1111,2,2,,0.25,,,marginal_ecf_max_component_error,0.0049836627741291495,,,0.016570188324170745
nonstationary_marginal,popov_ei,True,1760,1111,2,2,,0.25,,,marginal_ecf_rmse,0.0024478459486875475,,,0.016570188324170745
nonstationary_marginal,popov_ei,True,1760,1111,2,2,,0.25,,,w1_to_exact_reference,0.047814770751070781,,0.040013349367817128,
nonstationary_marginal,popov_ei,True,1760,1111,2,2,,0.5,,,marginal_ecf_max_component_error,0.0039836037988246744,,,0.016570188324170745
nonstationary_marginal,popov_ei,True,1760,1111,2,2,,0.5,,,marginal_ecf_rmse,0.002027398444133092,,,0.016570188324170745
nonstationary_marginal,popov_ei,True,1760,1111,2,2,,0.5,,,w1_to_exact_reference,0.091969610703227955,,0.072370798097331615,
nonstationary_marginal,popov_ei,True,1760,1111,2,2,,1.5,,,marginal_ecf_max_component_error,0.0070955870020641427,,,0.016570188324170745
nonstationary_marginal,popov_ei,True,1760,1111,2,2,,1.5,,,marginal_ecf_rmse,0.001223476815078665,,,0.016570188324170745
nonstationary_marginal,popov_ei,True,1760,1111,2,2,,1.5,,,w1_to_exact_reference,0.043214554220637989,,0.064822268433284258,
nonstationary_marginal,popov_ei,True,1760,1111,2,2,,2.5,,,marginal_ecf_max_component_error,0.0076220984109840739,,,0.016570188324170745
nonstationary_marginal,popov_ei,True,1760,1111,2,2,,2.5,,,marginal_ecf_rmse,0.0055001200438244864,,,0.016570188324170745
nonstationary_marginal,popov_ei,True,1760,1111,2,2,,2.5,,,w1_to_exact_reference,0.10753940356294733,,0.10630823335931852,
nonstationary_marginal,popov_ei,True,1760,1212,2,2,,0.25,,,marginal_ecf_max_component_error,0.0045812218490740714,,,0.016570188324170745
nonstationary_marginal,popov_ei,True,1760,1212,2,2,,0.25,,,marginal_ecf_rmse,0.0025497996000252358,,,0.016570188324170745
nonstationary_marginal,popov_ei,True,1760,1212,2,2,,0.25,,,w1_to_exact_reference,0.030256579023262564,,0.035524808300348959,
nonstationary_marginal,popov_ei,True,1760,1212,2,2,,0.5,,,marginal_ecf_max_component_error,0.0073234449802083122,,,0.016570188324170745
nonstationary_marginal,popov_ei,True,1760,1212,2,2,,0.5,,,marginal_ecf_rmse,0.0023027808637259206,,,0.016570188324170745
nonstationary_marginal,popov_ei,True,1760,1212,2,2,,0.5,,,w1_to_exact_reference,0.046671149815632848,,0.054484390852387724,
nonstationary_marginal,popov_ei,True,1760,1212,2,2,,1.5,,,marginal_ecf_max_component_error,0.0070508227675497789,,,0.016570188324170745
nonstationary_marginal,popov_ei,True,1760,1212,2,2,,1.5,,,marginal_ecf_rmse,0.0038091326524389733,,,0.016570188324170745
nonstationary_marginal,popov_ei,True,1760,1212,2,2,,1.5,,,w1_to_exact_reference,0.057285127834293049,,0.056361108257732086,
nonstationary_marginal,popov_ei,True,1760,1212,2,2,,2.5,,,marginal_ecf_max_component_error,0.0041559400841620318,,,0.016570188324170745
nonstationary_marginal,popov_ei,True,1760,1212,2,2,,2.5,,,marginal_ecf_rmse,0.0013916332302691718,,,0.016570188324170745
nonstationary_marginal,popov_ei,True,1760,1212,2,2,,2.5,,,w1_to_exact_reference,0.06196278465569835,,0.084637396863571246,
nonstationary_marginal,popov_ei,True,1760,202,2,2,,0.25,,,marginal_ecf_max_component_error,0.0044665714430009718,,,0.016570188324170745
nonstationary_marginal,popov_ei,True,1760,202,2,2,,0.25,,,marginal_ecf_rmse,0.002044976228418986,,,0.016570188324170745
nonstationary_marginal,popov_ei,True,1760,202,2,2,,0.25,,,w1_to_exact_reference,0.018509773227260964,,0.095305977955151111,
nonstationary_marginal,popov_ei,True,1760,202,2,2,,0.5,,,marginal_ecf_max_component_error,0.007229240875089752,,,0.016570188324170745
nonstationary_marginal,popov_ei,True,1760,202,2,2,,0.5,,,marginal_ecf_rmse,0.0024865165909832071,,,0.016570188324170745
nonstationary_marginal,popov_ei,True,1760,202,2,2,,0.5,,,w1_to_exact_reference,0.064514963262282968,,0.063327934199774977,
nonstationary_marginal,popov_ei,True,1760,202,2,2,,1.5,,,marginal_ecf_max_component_error,0.0056916561662126962,,,0.016570188324170745
nonstationary_marginal,popov_ei,True,1760,202,2,2,,1.5,,,marginal_ecf_rmse,0.0017256378730078114,,,0.016570188324170745
nonstationary_marginal,popov_ei,True,1760,202,2,2,,1.5,,,w1_to_exact_reference,0.087414968816623015,,0.11246532790025046,
nonstationary_marginal,popov_ei,True,1760,202,2,2,,2.5,,,marginal_ecf_max_component_error,0.0065395777837427907,,,0.016570188324170745
nonstationary_marginal,popov_ei,True,1760,202,2,2,,2.5,,,marginal_ecf_rmse,0.0031287817128438614,,,0.016570188324170745
nonstationary_marginal,popov_ei,True,1760,202,2,2,,2.5,,,w1_to_exact_reference,0.078102625971755366,,0.11415630224720499,
nonstationary_marginal,popov_ei,True,1760,303,2,2,,0.25,,,marginal_ecf_max_component_error,0.0073228394346673302,,,0.016570188324170745
nonstationary_marginal,popov_ei,True,1760,303,2,2,,0.25,,,marginal_ecf_rmse,0.0020766611808462582,,,0.016570188324170745
nonstationary_marginal,popov_ei,True,1760,303,2,2,,0.25,,,w1_to_exact_reference,0.11309296066030511,,0.079965848907396581,
nonstationary_marginal,popov_ei,True,1760,303,2,2,,0.5,,,marginal_ecf_max_component_error,0.0040856789905813927,,,0.016570188324170745
nonstationary_marginal,popov_ei,True,1760,303,2,2,,0.5,,,marginal_ecf_rmse,0.001901944291530067,,,0.016570188324170745
nonstationary_marginal,popov_ei,True,1760,303,2,2,,0.5,,,w1_to_exact_reference,0.046301254257074154,,0.072853857110255743,
nonstationary_marginal,popov_ei,True,1760,303,2,2,,1.5,,,marginal_ecf_max_component_error,0.0060965799602033053,,,0.016570188324170745
nonstationary_marginal,popov_ei,True,1760,303,2,2,,1.5,,,marginal_ecf_rmse,0.0039901699625495193,,,0.016570188324170745
nonstationary_marginal,popov_ei,True,1760,303,2,2,,1.5,,,w1_to_exact_reference,0.050084116104073567,,0.048996803294680355,
nonstationary_marginal,popov_ei,True,1760,303,2,2,,2.5,,,marginal_ecf_max_component_error,0.0067160710232531552,,,0.016570188324170745
nonstationary_marginal,popov_ei,True,1760,303,2,2,,2.5,,,marginal_ecf_rmse,0.0027940880933356241,,,0.016570188324170745
nonstationary_marginal,popov_ei,True,1760,303,2,2,,2.5,,,w1_to_exact_reference,0.07024074692185267,,0.081454074811570729,
nonstationary_marginal,popov_ei,True,1760,404,2,2,,0.25,,,marginal_ecf_max_component_error,0.0058072496832064502,,,0.016570188324170745
nonstationary_marginal,popov_ei,True,1760,404,2,2,,0.25,,,marginal_ecf_rmse,0.0034661585718781781,,,0.016570188324170745
nonstationary_marginal,popov_ei,True,1760,404,2,2,,0.25,,,w1_to_exact_reference,0.027589558314894142,,0.03594099029173542,
nonstationary_marginal,popov_ei,True,1760,404,2,2,,0.5,,,marginal_ecf_max_component_error,0.0058560756914112916,,,0.016570188324170745
nonstationary_marginal,popov_ei,True,1760,404,2,2,,0.5,,,marginal_ecf_rmse,0.0046468752790304975,,,0.016570188324170745
nonstationary_marginal,popov_ei,True,1760,404,2,2,,0.5,,,w1_to_exact_reference,0.074442579722161659,,0.083590597241871123,
nonstationary_marginal,popov_ei,True,1760,404,2,2,,1.5,,,marginal_ecf_max_component_error,0.0074167628666413294,,,0.016570188324170745
nonstationary_marginal,popov_ei,True,1760,404,2,2,,1.5,,,marginal_ecf_rmse,0.0053550798718684694,,,0.016570188324170745
nonstationary_marginal,popov_ei,True,1760,404,2,2,,1.5,,,w1_to_exact_reference,0.096966929314294653,,0.083767538827563298,
nonstationary_marginal,popov_ei,True,1760,404,2,2,,2.5,,,marginal_ecf_max_component_error,0.0056618798876353167,,,0.016570188324170745
nonstationary_marginal,popov_ei,True,1760,404,2,2,,2.5,,,marginal_ecf_rmse,0.0019138784126046301,,,0.016570188324170745
nonstationary_marginal,popov_ei,True,1760,404,2,2,,2.5,,,w1_to_exact_reference,0.30170532403860767,,0.070632798172203234,
nonstationary_marginal,popov_ei,True,1760,505,2,2,,0.25,,,marginal_ecf_max_component_error,0.0050842729083568914,,,0.016570188324170745
nonstationary_marginal,popov_ei,True,1760,505,2,2,,0.25,,,marginal_ecf_rmse,0.0028104734146641628,,,0.016570188324170745
nonstationary_marginal,popov_ei,True,1760,505,2,2,,0.25,,,w1_to_exact_reference,0.034856166184048201,,0.024508212641625799,
nonstationary_marginal,popov_ei,True,1760,505,2,2,,0.5,,,marginal_ecf_max_component_error,0.0076820105827918039,,,0.016570188324170745
nonstationary_marginal,popov_ei,True,1760,505,2,2,,0.5,,,marginal_ecf_rmse,0.0013046725677057878,,,0.016570188324170745
nonstationary_marginal,popov_ei,True,1760,505,2,2,,0.5,,,w1_to_exact_reference,0.031345899116552806,,0.064330275281409333,
nonstationary_marginal,popov_ei,True,1760,505,2,2,,1.5,,,marginal_ecf_max_component_error,0.0068320022881553019,,,0.016570188324170745
nonstationary_marginal,popov_ei,True,1760,505,2,2,,1.5,,,marginal_ecf_rmse,0.0031217301841362883,,,0.016570188324170745
nonstationary_marginal,popov_ei,True,1760,505,2,2,,1.5,,,w1_to_exact_reference,0.092547178985083287,,0.097367870599180686,
nonstationary_marginal,popov_ei,True,1760,505,2,2,,2.5,,,marginal_ecf_max_component_error,0.005535284766568593,,,0.016570188324170745
nonstationary_marginal,popov_ei,True,1760,505,2,2,,2.5,,,marginal_ecf_rmse,0.0029342231162113276,,,0.016570188324170745
nonstationary_marginal,popov_ei,True,1760,505,2,2,,2.5,,,w1_to_exact_reference,0.082167752750566259,,0.081390941879800949,
nonstationary_marginal,popov_ei,True,1760,606,2,2,,0.25,,,marginal_ecf_max_component_error,0.003501777440226542,,,0.016570188324170745
nonstationary_marginal,popov_ei,True,1760,606,2,2,,0.25,,,marginal_ecf_rmse,0.0019018922955640245,,,0.016570188324170745
nonstationary_marginal,popov_ei,True,1760,606,2,2,,0.25,,,w1_to_exact_reference,0.042143611055980953,,0.019251663541823387,
nonstationary_marginal,popov_ei,True,1760,606,2,2,,0.5,,,marginal_ecf_max_component_error,0.0044657971006291375,,,0.016570188324170745
nonstationary_marginal,popov_ei,True,1760,606,2,2,,0.5,,,marginal_ecf_rmse,0.0023312983572546151,,,0.016570188324170745
nonstationary_marginal,popov_ei,True,1760,606,2,2,,0.5,,,w1_to_exact_reference,0.077544524725161629,,0.024044508151434787,
nonstationary_marginal,popov_ei,True,1760,606,2,2,,1.5,,,marginal_ecf_max_component_error,0.0056962059163485103,,,0.016570188324170745
nonstationary_marginal,popov_ei,True,1760,606,2,2,,1.5,,,marginal_ecf_rmse,0.0030671045139415961,,,0.016570188324170745
nonstationary_marginal,popov_ei,True,1760,606,2,2,,1.5,,,w1_to_exact_reference,0.044660459726326499,,0.11591812132196765,
nonstationary_marginal,popov_ei,True,1760,606,2,2,,2.5,,,marginal_ecf_max_component_error,0.0059314408173999356,,,0.016570188324170745
nonstationary_marginal,popov_ei,True,1760,606,2,2,,2.5,,,marginal_ecf_rmse,0.0028584223311421595,,,0.016570188324170745
nonstationary_marginal,popov_ei,True,1760,606,2,2,,2.5,,,w1_to_exact_reference,0.050138683926119823,,0.097811784347982794,
nonstationary_marginal,popov_ei,True,1760,707,2,2,,0.25,,,marginal_ecf_max_component_error,0.0037947204693769034,,,0.016570188324170745
nonstationary_marginal,popov_ei,True,1760,707,2,2,,0.25,,,marginal_ecf_rmse,0.0016420770663767138,,,0.016570188324170745
nonstationary_marginal,popov_ei,True,1760,707,2,2,,0.25,,,w1_to_exact_reference,0.02528947516493172,,0.029091327561895912,
nonstationary_marginal,popov_ei,True,1760,707,2,2,,0.5,,,marginal_ecf_max_component_error,0.0053622129022773725,,,0.016570188324170745
nonstationary_marginal,popov_ei,True,1760,707,2,2,,0.5,,,marginal_ecf_rmse,0.0024659064381850333,,,0.016570188324170745
nonstationary_marginal,popov_ei,True,1760,707,2,2,,0.5,,,w1_to_exact_reference,0.085083466539522618,,0.046995423031374675,
nonstationary_marginal,popov_ei,True,1760,707,2,2,,1.5,,,marginal_ecf_max_component_error,0.0059439552417496488,,,0.016570188324170745
nonstationary_marginal,popov_ei,True,1760,707,2,2,,1.5,,,marginal_ecf_rmse,0.0038646567432465695,,,0.016570188324170745
nonstationary_marginal,popov_ei,True,1760,707,2,2,,1.5,,,w1_to_exact_reference,0.71146508091088101,,0.059355211245348205,
nonstationary_marginal,popov_ei,True,1760,707,2,2,,2.5,,,marginal_ecf_max_component_error,0.0062375402480733203,,,0.016570188324170745
nonstationary_marginal,popov_ei,True,1760,707,2,2,,2.5,,,marginal_ecf_rmse,0.0041770768216829995,,,0.016570188324170745
nonstationary_marginal,popov_ei,True,1760,707,2,2,,2.5,,,w1_to_exact_reference,3.5302777490107817,,0.07797362548269611,
nonstationary_marginal,popov_ei,True,1760,808,2,2,,0.25,,,marginal_ecf_max_component_error,0.0042009472156630118,,,0.016570188324170745
nonstationary_marginal,popov_ei,True,1760,808,2,2,,0.25,,,marginal_ecf_rmse,0.001922673628051195,,,0.016570188324170745
nonstationary_marginal,popov_ei,True,1760,808,2,2,,0.25,,,w1_to_exact_reference,0.044544687241587846,,0.044223680686348375,
nonstationary_marginal,popov_ei,True,1760,808,2,2,,0.5,,,marginal_ecf_max_component_error,0.0037183789378927006,,,0.016570188324170745
nonstationary_marginal,popov_ei,True,1760,808,2,2,,0.5,,,marginal_ecf_rmse,0.001753513435218999,,,0.016570188324170745
nonstationary_marginal,popov_ei,True,1760,808,2,2,,0.5,,,w1_to_exact_reference,0.059436795152938954,,0.045454478509619235,
nonstationary_marginal,popov_ei,True,1760,808,2,2,,1.5,,,marginal_ecf_max_component_error,0.0077478647614052758,,,0.016570188324170745
nonstationary_marginal,popov_ei,True,1760,808,2,2,,1.5,,,marginal_ecf_rmse,0.0051832241564162725,,,0.016570188324170745
nonstationary_marginal,popov_ei,True,1760,808,2,2,,1.5,,,w1_to_exact_reference,0.072149744410466191,,0.077548581773276809,
nonstationary_marginal,popov_ei,True,1760,808,2,2,,2.5,,,marginal_ecf_max_component_error,0.004447314124108862,,,0.016570188324170745
nonstationary_marginal,popov_ei,True,1760,808,2,2,,2.5,,,marginal_ecf_rmse,0.0029139278084588955,,,0.016570188324170745
nonstationary_marginal,popov_ei,True,1760,808,2,2,,2.5,,,w1_to_exact_reference,0.093073223487218956,,0.052505460293655125,
nonstationary_marginal,popov_ei,True,1760,909,2,2,,0.25,,,marginal_ecf_max_component_error,0.0040541880600384883,,,0.016570188324170745
nonstationary_marginal,popov_ei,True,1760,909,2,2,,0.25,,,marginal_ecf_rmse,0.0022257178909537152,,,0.016570188324170745
nonstationary_marginal,popov_ei,True,1760,909,2,2,,0.25,,,w1_to_exact_reference,0.022624944222269468,,0.028888713049068523,
nonstationary_marginal,popov_ei,True,1760,909,2,2,,0.5,,,marginal_ecf_max_component_error,0.0035518616886236155,,,0.016570188324170745
nonstationary_marginal,popov_ei,True,1760,909,2,2,,0.5,,,marginal_ecf_rmse,0.0018085406861062295,,,0.016570188324170745
nonstationary_marginal,popov_ei,True,1760,909,2,2,,0.5,,,w1_to_exact_reference,0.055011866833635237,,0.051594288681837755,
nonstationary_marginal,popov_ei,True,1760,909,2,2,,1.5,,,marginal_ecf_max_component_error,0.0046828856879686902,,,0.016570188324170745
nonstationary_marginal,popov_ei,True,1760,909,2,2,,1.5,,,marginal_ecf_rmse,0.0026917178925470859,,,0.016570188324170745
nonstationary_marginal,popov_ei,True,1760,909,2,2,,1.5,,,w1_to_exact_reference,0.065151569550551292,,0.06913046039497453,
nonstationary_marginal,popov_ei,True,1760,909,2,2,,2.5,,,marginal_ecf_max_component_error,0.0062526335046624304,,,0.016570188324170745
nonstationary_marginal,popov_ei,True,1760,909,2,2,,2.5,,,marginal_ecf_rmse,0.0033697273419802005,,,0.016570188324170745
nonstationary_marginal,popov_ei,True,1760,909,2,2,,2.5,,,w1_to_exact_reference,0.082627232662551023,,0.073664561023130792,
nonstationary_marginal,popov_ei,True,3520,101,0.25,0.25,,0.25,,,marginal_ecf_max_component_error,0.008365515620250133,,,0.016570188324170745
nonstationary_marginal,popov_ei,True,3520,101,0.25,0.25,,0.25,,,marginal_ecf_rmse,0.0028968363153032187,,,0.016570188324170745
nonstationary_marginal,popov_ei,True,3520,101,0.25,0.25,,0.25,,,w1_to_exact_reference,0.02231466749481064,,0.2240819016301244,
nonstationary_marginal,popov_ei,True,3520,101,0.25,0.25,,0.5,,,marginal_ecf_max_component_error,0.0054176451685314783,,,0.016570188324170745
nonstationary_marginal,popov_ei,True,3520,101,0.25,0.25,,0.5,,,marginal_ecf_rmse,0.0028073283499673056,,,0.016570188324170745
nonstationary_marginal,popov_ei,True,3520,101,0.25,0.25,,0.5,,,w1_to_exact_reference,0.031620244474384551,,0.19731290946548707,
nonstationary_marginal,popov_ei,True,3520,101,0.25,0.25,,1.5,,,marginal_ecf_max_component_error,0.0065831902012631442,,,0.016570188324170745
nonstationary_marginal,popov_ei,True,3520,101,0.25,0.25,,1.5,,,marginal_ecf_rmse,0.0021782804228947603,,,0.016570188324170745
nonstationary_marginal,popov_ei,True,3520,101,0.25,0.25,,1.5,,,w1_to_exact_reference,0.083231046749265458,,0.12556002938072919,
nonstationary_marginal,popov_ei,True,3520,101,0.25,0.25,,2.5,,,marginal_ecf_max_component_error,0.0056391636829316956,,,0.016570188324170745
nonstationary_marginal,popov_ei,True,3520,101,0.25,0.25,,2.5,,,marginal_ecf_rmse,0.0021729573441585984,,,0.016570188324170745
nonstationary_marginal,popov_ei,True,3520,101,0.25,0.25,,2.5,,,w1_to_exact_reference,0.061251735936052792,,0.10281262552728905,
nonstationary_marginal,popov_ei,True,3520,1010,0.25,0.25,,0.25,,,marginal_ecf_max_component_error,0.00274419780612839,,,0.016570188324170745
nonstationary_marginal,popov_ei,True,3520,1010,0.25,0.25,,0.25,,,marginal_ecf_rmse,0.0013260597603677795,,,0.016570188324170745
nonstationary_marginal,popov_ei,True,3520,1010,0.25,0.25,,0.25,,,w1_to_exact_reference,0.056266953470069103,,0.06271939248458594,
nonstationary_marginal,popov_ei,True,3520,1010,0.25,0.25,,0.5,,,marginal_ecf_max_component_error,0.0033698777360047492,,,0.016570188324170745
nonstationary_marginal,popov_ei,True,3520,1010,0.25,0.25,,0.5,,,marginal_ecf_rmse,0.0012638314933649372,,,0.016570188324170745
nonstationary_marginal,popov_ei,True,3520,1010,0.25,0.25,,0.5,,,w1_to_exact_reference,0.05518352796289485,,0.059007280975855683,
nonstationary_marginal,popov_ei,True,3520,1010,0.25,0.25,,1.5,,,marginal_ecf_max_component_error,0.0044527855356979893,,,0.016570188324170745
nonstationary_marginal,popov_ei,True,3520,1010,0.25,0.25,,1.5,,,marginal_ecf_rmse,0.0025094126455281283,,,0.016570188324170745
nonstationary_marginal,popov_ei,True,3520,1010,0.25,0.25,,1.5,,,w1_to_exact_reference,0.06829354363807251,,0.0536684237128872,
nonstationary_marginal,popov_ei,True,3520,1010,0.25,0.25,,2.5,,,marginal_ecf_max_component_error,0.0057583697479013287,,,0.016570188324170745
nonstationary_marginal,popov_ei,True,3520,1010,0.25,0.25,,2.5,,,marginal_ecf_rmse,0.0030462331906655525,,,0.016570188324170745
nonstationary_marginal,popov_ei,True,3520,1010,0.25,0.25,,2.5,,,w1_to_exact_reference,0.09317392924556718,,0.076442307269681223,
nonstationary_marginal,popov_ei,True,3520,1111,0.25,0.25,,0.25,,,marginal_ecf_max_component_error,0.0057719502993427846,,,0.016570188324170745
nonstationary_marginal,popov_ei,True,3520,1111,0.25,0.25,,0.25,,,marginal_ecf_rmse,0.0023043247172347416,,,0.016570188324170745
nonstationary_marginal,popov_ei,True,3520,1111,0.25,0.25,,0.25,,,w1_to_exact_reference,0.052470283730785862,,0.040013349367817128,
nonstationary_marginal,popov_ei,True,3520,1111,0.25,0.25,,0.5,,,marginal_ecf_max_component_error,0.0059095811279107607,,,0.016570188324170745
nonstationary_marginal,popov_ei,True,3520,1111,0.25,0.25,,0.5,,,marginal_ecf_rmse,0.0029044527980386964,,,0.016570188324170745
nonstationary_marginal,popov_ei,True,3520,1111,0.25,0.25,,0.5,,,w1_to_exact_reference,0.082499094276117652,,0.072370798097331615,
nonstationary_marginal,popov_ei,True,3520,1111,0.25,0.25,,1.5,,,marginal_ecf_max_component_error,0.0059574674323763493,,,0.016570188324170745
nonstationary_marginal,popov_ei,True,3520,1111,0.25,0.25,,1.5,,,marginal_ecf_rmse,0.0036033109507956828,,,0.016570188324170745
nonstationary_marginal,popov_ei,True,3520,1111,0.25,0.25,,1.5,,,w1_to_exact_reference,0.066542670788081376,,0.064822268433284258,
nonstationary_marginal,popov_ei,True,3520,1111,0.25,0.25,,2.5,,,marginal_ecf_max_component_error,0.0084089251471237136,,,0.016570188324170745
nonstationary_marginal,popov_ei,True,3520,1111,0.25,0.25,,2.5,,,marginal_ecf_rmse,0.0054509538814597209,,,0.016570188324170745
nonstationary_marginal,popov_ei,True,3520,1111,0.25,0.25,,2.5,,,w1_to_exact_reference,0.10571503163916746,,0.10630823335931852,
nonstationary_marginal,popov_ei,True,3520,1212,0.25,0.25,,0.25,,,marginal_ecf_max_component_error,0.0041747081276005404,,,0.016570188324170745
nonstationary_marginal,popov_ei,True,3520,1212,0.25,0.25,,0.25,,,marginal_ecf_rmse,0.0038188223594590432,,,0.016570188324170745
nonstationary_marginal,popov_ei,True,3520,1212,0.25,0.25,,0.25,,,w1_to_exact_reference,0.019784999342017003,,0.035524808300348959,
nonstationary_marginal,popov_ei,True,3520,1212,0.25,0.25,,0.5,,,marginal_ecf_max_component_error,0.0046567385469632738,,,0.016570188324170745
nonstationary_marginal,popov_ei,True,3520,1212,0.25,0.25,,0.5,,,marginal_ecf_rmse,0.0033953450779026471,,,0.016570188324170745
nonstationary_marginal,popov_ei,True,3520,1212,0.25,0.25,,0.5,,,w1_to_exact_reference,0.03790892041634944,,0.054484390852387724,
nonstationary_marginal,popov_ei,True,3520,1212,0.25,0.25,,1.5,,,marginal_ecf_max_component_error,0.0070521641037733576,,,0.016570188324170745
nonstationary_marginal,popov_ei,True,3520,1212,0.25,0.25,,1.5,,,marginal_ecf_rmse,0.004493394469516257,,,0.016570188324170745
nonstationary_marginal,popov_ei,True,3520,1212,0.25,0.25,,1.5,,,w1_to_exact_reference,0.045362556183850225,,0.056361108257732086,
nonstationary_marginal,popov_ei,True,3520,1212,0.25,0.25,,2.5,,,marginal_ecf_max_component_error,0.0039414746328744503,,,0.016570188324170745
nonstationary_marginal,popov_ei,True,3520,1212,0.25,0.25,,2.5,,,marginal_ecf_rmse,0.0024487030436355791,,,0.016570188324170745
nonstationary_marginal,popov_ei,True,3520,1212,0.25,0.25,,2.5,,,w1_to_exact_reference,0.071025019445992738,,0.084637396863571246,
nonstationary_marginal,popov_ei,True,3520,202,0.25,0.25,,0.25,,,marginal_ecf_max_component_error,0.0090183752778842941,,,0.016570188324170745
nonstationary_marginal,popov_ei,True,3520,202,0.25,0.25,,0.25,,,marginal_ecf_rmse,0.0030202794236173867,,,0.016570188324170745
nonstationary_marginal,popov_ei,True,3520,202,0.25,0.25,,0.25,,,w1_to_exact_reference,0.025378883032421549,,0.095305977955151111,
nonstationary_marginal,popov_ei,True,3520,202,0.25,0.25,,0.5,,,marginal_ecf_max_component_error,0.0092930001051779315,,,0.016570188324170745
nonstationary_marginal,popov_ei,True,3520,202,0.25,0.25,,0.5,,,marginal_ecf_rmse,0.0023871343094970842,,,0.016570188324170745
nonstationary_marginal,popov_ei,True,3520,202,0.25,0.25,,0.5,,,w1_to_exact_reference,0.070263018391968107,,0.063327934199774977,
nonstationary_marginal,popov_ei,True,3520,202,0.25,0.25,,1.5,,,marginal_ecf_max_component_error,0.0061889872127221315,,,0.016570188324170745
nonstationary_marginal,popov_ei,True,3520,202,0.25,0.25,,1.5,,,marginal_ecf_rmse,0.0024954051054760255,,,0.016570188324170745
nonstationary_marginal,popov_ei,True,3520,202,0.25,0.25,,1.5,,,w1_to_exact_reference,0.064427489390205372,,0.11246532790025046,
nonstationary_marginal,popov_ei,True,3520,202,0.25,0.25,,2.5,,,marginal_ecf_max_component_error,0.0065578384080651371,,,0.016570188324170745
nonstationary_marginal,popov_ei,True,3520,202,0.25,0.25,,2.5,,,marginal_ecf_rmse,0.0023612966338580617,,,0.016570188324170745
nonstationary_marginal,popov_ei,True,3520,202,0.25,0.25,,2.5,,,w1_to_exact_reference,0.094569120118177086,,0.11415630224720499,
nonstationary_marginal,popov_ei,True,3520,303,0.25,0.25,,0.25,,,marginal_ecf_max_component_error,0.006268394200888483,,,0.016570188324170745
nonstationary_marginal,popov_ei,True,3520,303,0.25,0.25,,0.25,,,marginal_ecf_rmse,0.0040067098168879139,,,0.016570188324170745
nonstationary_marginal,popov_ei,True,3520,303,0.25,0.25,,0.25,,,w1_to_exact_reference,0.038514298099537041,,0.079965848907396581,
nonstationary_marginal,popov_ei,True,3520,303,0.25,0.25,,0.5,,,marginal_ecf_max_component_error,0.0055407521275475657,,,0.016570188324170745
nonstationary_marginal,popov_ei,True,3520,303,0.25,0.25,,0.5,,,marginal_ecf_rmse,0.0038977444563112222,,,0.016570188324170745
nonstationary_marginal,popov_ei,True,3520,303,0.25,0.25,,0.5,,,w1_to_exact_reference,0.051162988232142312,,0.072853857110255743,
nonstationary_marginal,popov_ei,True,3520,303,0.25,0.25,,1.5,,,marginal_ecf_max_component_error,0.0048956592148499713,,,0.016570188324170745
nonstationary_marginal,popov_ei,True,3520,303,0.25,0.25,,1.5,,,marginal_ecf_rmse,0.0029571699354723636,,,0.016570188324170745
nonstationary_marginal,popov_ei,True,3520,303,0.25,0.25,,1.5,,,w1_to_exact_reference,0.049490425843649009,,0.048996803294680355,
nonstationary_marginal,popov_ei,True,3520,303,0.25,0.25,,2.5,,,marginal_ecf_max_component_error,0.0043613904781263403,,,0.016570188324170745
nonstationary_marginal,popov_ei,True,3520,303,0.25,0.25,,2.5,,,marginal_ecf_rmse,0.0020519205254190755,,,0.016570188324170745
nonstationary_marginal,popov_ei,True,3520,303,0.25,0.25,,2.5,,,w1_to_exact_reference,0.090736757409367333,,0.081454074811570729,
nonstationary_marginal,popov_ei,True,3520,404,0.25,0.25,,0.25,,,marginal_ecf_max_component_error,0.0048925972399039425,,,0.016570188324170745
nonstationary_marginal,popov_ei,True,3520,404,0.25,0.25,,0.25,,,marginal_ecf_rmse,0.0021838643045350328,,,0.016570188324170745
nonstationary_marginal,popov_ei,True,3520,404,0.25,0.25,,0.25,,,w1_to_exact_reference,0.098288626995333556,,0.03594099029173542,
nonstationary_marginal,popov_ei,True,3520,404,0.25,0.25,,0.5,,,marginal_ecf_max_component_error,0.0059054155891957484,,,0.016570188324170745
nonstationary_marginal,popov_ei,True,3520,404,0.25,0.25,,0.5,,,marginal_ecf_rmse,0.0024044256404838872,,,0.016570188324170745
nonstationary_marginal,popov_ei,True,3520,404,0.25,0.25,,0.5,,,w1_to_exact_reference,0.14485513003381842,,0.083590597241871123,
nonstationary_marginal,popov_ei,True,3520,404,0.25,0.25,,1.5,,,marginal_ecf_max_component_error,0.0048189975115225251,,,0.016570188324170745
nonstationary_marginal,popov_ei,True,3520,404,0.25,0.25,,1.5,,,marginal_ecf_rmse,0.002382069576692904,,,0.016570188324170745
nonstationary_marginal,popov_ei,True,3520,404,0.25,0.25,,1.5,,,w1_to_exact_reference,0.31759222762289308,,0.083767538827563298,
nonstationary_marginal,popov_ei,True,3520,404,0.25,0.25,,2.5,,,marginal_ecf_max_component_error,0.0067247151544293114,,,0.016570188324170745
nonstationary_marginal,popov_ei,True,3520,404,0.25,0.25,,2.5,,,marginal_ecf_rmse,0.003903230941802244,,,0.016570188324170745
nonstationary_marginal,popov_ei,True,3520,404,0.25,0.25,,2.5,,,w1_to_exact_reference,0.43622157017465074,,0.070632798172203234,
nonstationary_marginal,popov_ei,True,3520,505,0.25,0.25,,0.25,,,marginal_ecf_max_component_error,0.0035738692169904221,,,0.016570188324170745
nonstationary_marginal,popov_ei,True,3520,505,0.25,0.25,,0.25,,,marginal_ecf_rmse,0.0012259907311285123,,,0.016570188324170745
nonstationary_marginal,popov_ei,True,3520,505,0.25,0.25,,0.25,,,w1_to_exact_reference,0.028377611594708932,,0.024508212641625799,
nonstationary_marginal,popov_ei,True,3520,505,0.25,0.25,,0.5,,,marginal_ecf_max_component_error,0.0035945019959409512,,,0.016570188324170745
nonstationary_marginal,popov_ei,True,3520,505,0.25,0.25,,0.5,,,marginal_ecf_rmse,0.0019801219046372965,,,0.016570188324170745
nonstationary_marginal,popov_ei,True,3520,505,0.25,0.25,,0.5,,,w1_to_exact_reference,0.032564166497211611,,0.064330275281409333,
nonstationary_marginal,popov_ei,True,3520,505,0.25,0.25,,1.5,,,marginal_ecf_max_component_error,0.0056817768872610731,,,0.016570188324170745
nonstationary_marginal,popov_ei,True,3520,505,0.25,0.25,,1.5,,,marginal_ecf_rmse,0.0021289034503805737,,,0.016570188324170745
nonstationary_marginal,popov_ei,True,3520,505,0.25,0.25,,1.5,,,w1_to_exact_reference,0.066894680729571207,,0.097367870599180686,
nonstationary_marginal,popov_ei,True,3520,505,0.25,0.25,,2.5,,,marginal_ecf_max_component_error,0.01005800160530404,,,0.016570188324170745
nonstationary_marginal,popov_ei,True,3520,505,0.25,0.25,,2.5,,,marginal_ecf_rmse,0.0035413409317499346,,,0.016570188324170745
nonstationary_marginal,popov_ei,True,3520,505,0.25,0.25,,2.5,,,w1_to_exact_reference,0.074657961274619808,,0.081390941879800949,
nonstationary_marginal,popov_ei,True,3520,606,0.25,0.25,,0.25,,,marginal_ecf_max_component_error,0.0053435838173680472,,,0.016570188324170745
nonstationary_marginal,popov_ei,True,3520,606,0.25,0.25,,0.25,,,marginal_ecf_rmse,0.0021859121383935032,,,0.016570188324170745
nonstationary_marginal,popov_ei,True,3520,606,0.25,0.25,,0.25,,,w1_to_exact_reference,0.031475034087410356,,0.019251663541823387,
nonstationary_marginal,popov_ei,True,3520,606,0.25,0.25,,0.5,,,marginal_ecf_max_component_error,0.0055124697443613424,,,0.016570188324170745
nonstationary_marginal,popov_ei,True,3520,606,0.25,0.25,,0.5,,,marginal_ecf_rmse,0.0022806021731696753,,,0.016570188324170745
nonstationary_marginal,popov_ei,True,3520,606,0.25,0.25,,0.5,,,w1_to_exact_reference,0.046258862956185941,,0.024044508151434787,
nonstationary_marginal,popov_ei,True,3520,606,0.25,0.25,,1.5,,,marginal_ecf_max_component_error,0.0061447708778060873,,,0.016570188324170745
nonstationary_marginal,popov_ei,True,3520,606,0.25,0.25,,1.5,,,marginal_ecf_rmse,0.0016481124237212165,,,0.016570188324170745
nonstationary_marginal,popov_ei,True,3520,606,0.25,0.25,,1.5,,,w1_to_exact_reference,0.046632815143140445,,0.11591812132196765,
nonstationary_marginal,popov_ei,True,3520,606,0.25,0.25,,2.5,,,marginal_ecf_max_component_error,0.0084202646207521912,,,0.016570188324170745
nonstationary_marginal,popov_ei,True,3520,606,0.25,0.25,,2.5,,,marginal_ecf_rmse,0.0028264791941349332,,,0.016570188324170745
nonstationary_marginal,popov_ei,True,3520,606,0.25,0.25,,2.5,,,w1_to_exact_reference,0.055449122134652626,,0.097811784347982794,
nonstationary_marginal,popov_ei,True,3520,707,0.25,0.25,,0.25,,,marginal_ecf_max_component_error,0.0046483125650094714,,,0.016570188324170745
nonstationary_marginal,popov_ei,True,3520,707,0.25,0.25,,0.25,,,marginal_ecf_rmse,0.0022793946262999543,,,0.016570188324170745
nonstationary_marginal,popov_ei,True,3520,707,0.25,0.25,,0.25,,,w1_to_exact_reference,0.24164104600922304,,0.029091327561895912,
nonstationary_marginal,popov_ei,True,3520,707,0.25,0.25,,0.5,,,marginal_ecf_max_component_error,0.0061716219524950364,,,0.016570188324170745
nonstationary_marginal,popov_ei,True,3520,707,0.25,0.25,,0.5,,,marginal_ecf_rmse,0.0020309455617340674,,,0.016570188324170745
nonstationary_marginal,popov_ei,True,3520,707,0.25,0.25,,0.5,,,w1_to_exact_reference,0.41544615125998868,,0.046995423031374675,
nonstationary_marginal,popov_ei,True,3520,707,0.25,0.25,,1.5,,,marginal_ecf_max_component_error,0.007224669155229034,,,0.016570188324170745
nonstationary_marginal,popov_ei,True,3520,707,0.25,0.25,,1.5,,,marginal_ecf_rmse,0.0034365450626413735,,,0.016570188324170745
nonstationary_marginal,popov_ei,True,3520,707,0.25,0.25,,1.5,,,w1_to_exact_reference,0.84647863733106121,,0.059355211245348205,
nonstationary_marginal,popov_ei,True,3520,707,0.25,0.25,,2.5,,,marginal_ecf_max_component_error,0.0071780586183809829,,,0.016570188324170745
nonstationary_marginal,popov_ei,True,3520,707,0.25,0.25,,2.5,,,marginal_ecf_rmse,0.0031452838357431032,,,0.016570188324170745
nonstationary_marginal,popov_ei,True,3520,707,0.25,0.25,,2.5,,,w1_to_exact_reference,1.1256459843308018,,0.07797362548269611,
nonstationary_marginal,popov_ei,True,3520,808,0.25,0.25,,0.25,,,marginal_ecf_max_component_error,0.0066865403337409354,,,0.016570188324170745
nonstationary_marginal,popov_ei,True,3520,808,0.25,0.25,,0.25,,,marginal_ecf_rmse,0.0014782046703961493,,,0.016570188324170745
nonstationary_marginal,popov_ei,True,3520,808,0.25,0.25,,0.25,,,w1_to_exact_reference,0.039105477792075731,,0.044223680686348375,
nonstationary_marginal,popov_ei,True,3520,808,0.25,0.25,,0.5,,,marginal_ecf_max_component_error,0.011451738513385479,,,0.016570188324170745
nonstationary_marginal,popov_ei,True,3520,808,0.25,0.25,,0.5,,,marginal_ecf_rmse,0.0010213680337839558,,,0.016570188324170745
nonstationary_marginal,popov_ei,True,3520,808,0.25,0.25,,0.5,,,w1_to_exact_reference,0.048519853087357165,,0.045454478509619235,
nonstationary_marginal,popov_ei,True,3520,808,0.25,0.25,,1.5,,,marginal_ecf_max_component_error,0.0093598457119421097,,,0.016570188324170745
nonstationary_marginal,popov_ei,True,3520,808,0.25,0.25,,1.5,,,marginal_ecf_rmse,0.0028589162264719969,,,0.016570188324170745
nonstationary_marginal,popov_ei,True,3520,808,0.25,0.25,,1.5,,,w1_to_exact_reference,0.064656375093895199,,0.077548581773276809,
nonstationary_marginal,popov_ei,True,3520,808,0.25,0.25,,2.5,,,marginal_ecf_max_component_error,0.0057101712555197867,,,0.016570188324170745
nonstationary_marginal,popov_ei,True,3520,808,0.25,0.25,,2.5,,,marginal_ecf_rmse,0.0021237505880590804,,,0.016570188324170745
nonstationary_marginal,popov_ei,True,3520,808,0.25,0.25,,2.5,,,w1_to_exact_reference,0.084785605341869241,,0.052505460293655125,
nonstationary_marginal,popov_ei,True,3520,909,0.25,0.25,,0.25,,,marginal_ecf_max_component_error,0.0062343315179740899,,,0.016570188324170745
nonstationary_marginal,popov_ei,True,3520,909,0.25,0.25,,0.25,,,marginal_ecf_rmse,0.0023327124402752202,,,0.016570188324170745
nonstationary_marginal,popov_ei,True,3520,909,0.25,0.25,,0.25,,,w1_to_exact_reference,0.044707188558508019,,0.028888713049068523,
nonstationary_marginal,popov_ei,True,3520,909,0.25,0.25,,0.5,,,marginal_ecf_max_component_error,0.0074287758575464838,,,0.016570188324170745
nonstationary_marginal,popov_ei,True,3520,909,0.25,0.25,,0.5,,,marginal_ecf_rmse,0.0033164282521751325,,,0.016570188324170745
nonstationary_marginal,popov_ei,True,3520,909,0.25,0.25,,0.5,,,w1_to_exact_reference,0.047540709178309069,,0.051594288681837755,
nonstationary_marginal,popov_ei,True,3520,909,0.25,0.25,,1.5,,,marginal_ecf_max_component_error,0.0073612695731381829,,,0.016570188324170745
nonstationary_marginal,popov_ei,True,3520,909,0.25,0.25,,1.5,,,marginal_ecf_rmse,0.0037363465528628343,,,0.016570188324170745
nonstationary_marginal,popov_ei,True,3520,909,0.25,0.25,,1.5,,,w1_to_exact_reference,0.092949484669822224,,0.06913046039497453,
nonstationary_marginal,popov_ei,True,3520,909,0.25,0.25,,2.5,,,marginal_ecf_max_component_error,0.0049762605882645505,,,0.016570188324170745
nonstationary_marginal,popov_ei,True,3520,909,0.25,0.25,,2.5,,,marginal_ecf_rmse,0.0014820658424868354,,,0.016570188324170745
nonstationary_marginal,popov_ei,True,3520,909,0.25,0.25,,2.5,,,w1_to_exact_reference,0.11339173685347961,,0.073664561023130792,
nonstationary_marginal,popov_ei,True,3520,101,0.5,0.5,,0.25,,,marginal_ecf_max_component_error,0.0065320889913312715,,,0.016570188324170745
nonstationary_marginal,popov_ei,True,3520,101,0.5,0.5,,0.25,,,marginal_ecf_rmse,0.0041001876895136935,,,0.016570188324170745
nonstationary_marginal,popov_ei,True,3520,101,0.5,0.5,,0.25,,,w1_to_exact_reference,0.02668413050077835,,0.2240819016301244,
nonstationary_marginal,popov_ei,True,3520,101,0.5,0.5,,0.5,,,marginal_ecf_max_component_error,0.0056581877995602603,,,0.016570188324170745
nonstationary_marginal,popov_ei,True,3520,101,0.5,0.5,,0.5,,,marginal_ecf_rmse,0.0033135106124093589,,,0.016570188324170745
nonstationary_marginal,popov_ei,True,3520,101,0.5,0.5,,0.5,,,w1_to_exact_reference,0.039272799208494739,,0.19731290946548707,
nonstationary_marginal,popov_ei,True,3520,101,0.5,0.5,,1.5,,,marginal_ecf_max_component_error,0.0046526917112301655,,,0.016570188324170745
nonstationary_marginal,popov_ei,True,3520,101,0.5,0.5,,1.5,,,marginal_ecf_rmse,0.0023711901870696948,,,0.016570188324170745
nonstationary_marginal,popov_ei,True,3520,101,0.5,0.5,,1.5,,,w1_to_exact_reference,0.08873978155503448,,0.12556002938072919,
nonstationary_marginal,popov_ei,True,3520,101,0.5,0.5,,2.5,,,marginal_ecf_max_component_error,0.0060133891337544971,,,0.016570188324170745
nonstationary_marginal,popov_ei,True,3520,101,0.5,0.5,,2.5,,,marginal_ecf_rmse,0.0025065482148465363,,,0.016570188324170745
nonstationary_marginal,popov_ei,True,3520,101,0.5,0.5,,2.5,,,w1_to_exact_reference,0.056087536098426226,,0.10281262552728905,
nonstationary_marginal,popov_ei,True,3520,1010,0.5,0.5,,0.25,,,marginal_ecf_max_component_error,0.0060654517126353807,,,0.016570188324170745
nonstationary_marginal,popov_ei,True,3520,1010,0.5,0.5,,0.25,,,marginal_ecf_rmse,0.0024147767899439189,,,0.016570188324170745
nonstationary_marginal,popov_ei,True,3520,1010,0.5,0.5,,0.25,,,w1_to_exact_reference,0.054452832007401204,,0.06271939248458594,
nonstationary_marginal,popov_ei,True,3520,1010,0.5,0.5,,0.5,,,marginal_ecf_max_component_error,0.0061693279125710279,,,0.016570188324170745
nonstationary_marginal,popov_ei,True,3520,1010,0.5,0.5,,0.5,,,marginal_ecf_rmse,0.0024879371133232084,,,0.016570188324170745
nonstationary_marginal,popov_ei,True,3520,1010,0.5,0.5,,0.5,,,w1_to_exact_reference,0.054219570068701872,,0.059007280975855683,
nonstationary_marginal,popov_ei,True,3520,1010,0.5,0.5,,1.5,,,marginal_ecf_max_component_error,0.0061006592032047547,,,0.016570188324170745
nonstationary_marginal,popov_ei,True,3520,1010,0.5,0.5,,1.5,,,marginal_ecf_rmse,0.0024540783650181747,,,0.016570188324170745
nonstationary_marginal,popov_ei,True,3520,1010,0.5,0.5,,1.5,,,w1_to_exact_reference,0.066718253396663568,,0.0536684237128872,
nonstationary_marginal,popov_ei,True,3520,1010,0.5,0.5,,2.5,,,marginal_ecf_max_component_error,0.0057096351331270799,,,0.016570188324170745
nonstationary_marginal,popov_ei,True,3520,1010,0.5,0.5,,2.5,,,marginal_ecf_rmse,0.002742347434713834,,,0.016570188324170745
nonstationary_marginal,popov_ei,True,3520,1010,0.5,0.5,,2.5,,,w1_to_exact_reference,0.099128362267928205,,0.076442307269681223,
nonstationary_marginal,popov_ei,True,3520,1111,0.5,0.5,,0.25,,,marginal_ecf_max_component_error,0.0045564111063519513,,,0.016570188324170745
nonstationary_marginal,popov_ei,True,3520,1111,0.5,0.5,,0.25,,,marginal_ecf_rmse,0.002390414582216106,,,0.016570188324170745
nonstationary_marginal,popov_ei,True,3520,1111,0.5,0.5,,0.25,,,w1_to_exact_reference,0.052103510012784029,,0.040013349367817128,
nonstationary_marginal,popov_ei,True,3520,1111,0.5,0.5,,0.5,,,marginal_ecf_max_component_error,0.0052855721590819018,,,0.016570188324170745
nonstationary_marginal,popov_ei,True,3520,1111,0.5,0.5,,0.5,,,marginal_ecf_rmse,0.0028767659118193998,,,0.016570188324170745
nonstationary_marginal,popov_ei,True,3520,1111,0.5,0.5,,0.5,,,w1_to_exact_reference,0.091221310691611712,,0.072370798097331615,
nonstationary_marginal,popov_ei,True,3520,1111,0.5,0.5,,1.5,,,marginal_ecf_max_component_error,0.0062560034902466397,,,0.016570188324170745
nonstationary_marginal,popov_ei,True,3520,1111,0.5,0.5,,1.5,,,marginal_ecf_rmse,0.0027926301397585809,,,0.016570188324170745
nonstationary_marginal,popov_ei,True,3520,1111,0.5,0.5,,1.5,,,w1_to_exact_reference,0.057992054412976564,,0.064822268433284258,
nonstationary_marginal,popov_ei,True,3520,1111,0.5,0.5,,2.5,,,marginal_ecf_max_component_error,0.0091313843843491282,,,0.016570188324170745
nonstationary_marginal,popov_ei,True,3520,1111,0.5,0.5,,2.5,,,marginal_ecf_rmse,0.0060074646753680303,,,0.016570188324170745
nonstationary_marginal,popov_ei,True,3520,1111,0.5,0.5,,2.5,,,w1_to_exact_reference,0.10773750187711119,,0.10630823335931852,
nonstationary_marginal,popov_ei,True,3520,1212,0.5,0.5,,0.25,,,marginal_ecf_max_component_error,0.0061863941593511412,,,0.016570188324170745
nonstationary_marginal,popov_ei,True,3520,1212,0.5,0.5,,0.25,,,marginal_ecf_rmse,0.003477245214023001,,,0.016570188324170745
nonstationary_marginal,popov_ei,True,3520,1212,0.5,0.5,,0.25,,,w1_to_exact_reference,0.020795517210815555,,0.035524808300348959,
nonstationary_marginal,popov_ei,True,3520,1212,0.5,0.5,,0.5,,,marginal_ecf_max_component_error,0.010603922215737516,,,0.016570188324170745
nonstationary_marginal,popov_ei,True,3520,1212,0.5,0.5,,0.5,,,marginal_ecf_rmse,0.0030244680893964488,,,0.016570188324170745
nonstationary_marginal,popov_ei,True,3520,1212,0.5,0.5,,0.5,,,w1_to_exact_reference,0.045681035070371655,,0.054484390852387724,
nonstationary_marginal,popov_ei,True,3520,1212,0.5,0.5,,1.5,,,marginal_ecf_max_component_error,0.0069573151773226144,,,0.016570188324170745
nonstationary_marginal,popov_ei,True,3520,1212,0.5,0.5,,1.5,,,marginal_ecf_rmse,0.0040548350544854341,,,0.016570188324170745
nonstationary_marginal,popov_ei,True,3520,1212,0.5,0.5,,1.5,,,w1_to_exact_reference,0.050981807751922736,,0.056361108257732086,
nonstationary_marginal,popov_ei,True,3520,1212,0.5,0.5,,2.5,,,marginal_ecf_max_component_error,0.0065271372691067218,,,0.016570188324170745
nonstationary_marginal,popov_ei,True,3520,1212,0.5,0.5,,2.5,,,marginal_ecf_rmse,0.0027935570191779486,,,0.016570188324170745
nonstationary_marginal,popov_ei,True,3520,1212,0.5,0.5,,2.5,,,w1_to_exact_reference,0.071946414011860721,,0.084637396863571246,
nonstationary_marginal,popov_ei,True,3520,202,0.5,0.5,,0.25,,,marginal_ecf_max_component_error,0.0032336485386146169,,,0.016570188324170745
nonstationary_marginal,popov_ei,True,3520,202,0.5,0.5,,0.25,,,marginal_ecf_rmse,0.0023069854073884161,,,0.016570188324170745
nonstationary_marginal,popov_ei,True,3520,202,0.5,0.5,,0.25,,,w1_to_exact_reference,0.022046445565322401,,0.095305977955151111,
nonstationary_marginal,popov_ei,True,3520,202,0.5,0.5,,0.5,,,marginal_ecf_max_component_error,0.0038281666671889404,,,0.016570188324170745
nonstationary_marginal,popov_ei,True,3520,202,0.5,0.5,,0.5,,,marginal_ecf_rmse,0.0018083841098795344,,,0.016570188324170745
nonstationary_marginal,popov_ei,True,3520,202,0.5,0.5,,0.5,,,w1_to_exact_reference,0.071178343488970675,,0.063327934199774977,
nonstationary_marginal,popov_ei,True,3520,202,0.5,0.5,,1.5,,,marginal_ecf_max_component_error,0.0047872642444549019,,,0.016570188324170745
nonstationary_marginal,popov_ei,True,3520,202,0.5,0.5,,1.5,,,marginal_ecf_rmse,0.0032806643235279991,,,0.016570188324170745
nonstationary_marginal,popov_ei,True,3520,202,0.5,0.5,,1.5,,,w1_to_exact_reference,0.070072814625289886,,0.11246532790025046,
nonstationary_marginal,popov_ei,True,3520,202,0.5,0.5,,2.5,,,marginal_ecf_max_component_error,0.0046264442448674028,,,0.016570188324170745
nonstationary_marginal,popov_ei,True,3520,202,0.5,0.5,,2.5,,,marginal_ecf_rmse,0.0021335253791082477,,,0.016570188324170745
nonstationary_marginal,popov_ei,True,3520,202,0.5,0.5,,2.5,,,w1_to_exact_reference,0.092141374022800898,,0.11415630224720499,
nonstationary_marginal,popov_ei,True,3520,303,0.5,0.5,,0.25,,,marginal_ecf_max_component_error,0.0049972251223023012,,,0.016570188324170745
nonstationary_marginal,popov_ei,True,3520,303,0.5,0.5,,0.25,,,marginal_ecf_rmse,0.0033838148196828912,,,0.016570188324170745
nonstationary_marginal,popov_ei,True,3520,303,0.5,0.5,,0.25,,,w1_to_exact_reference,0.055341901580135855,,0.079965848907396581,
nonstationary_marginal,popov_ei,True,3520,303,0.5,0.5,,0.5,,,marginal_ecf_max_component_error,0.0051884706179257251,,,0.016570188324170745
nonstationary_marginal,popov_ei,True,3520,303,0.5,0.5,,0.5,,,marginal_ecf_rmse,0.0033062572083473259,,,0.016570188324170745
nonstationary_marginal,popov_ei,True,3520,303,0.5,0.5,,0.5,,,w1_to_exact_reference,0.050184937631269015,,0.072853857110255743,
nonstationary_marginal,popov_ei,True,3520,303,0.5,0.5,,1.5,,,marginal_ecf_max_component_error,0.0086105877755130004,,,0.016570188324170745
nonstationary_marginal,popov_ei,True,3520,303,0.5,0.5,,1.5,,,marginal_ecf_rmse,0.0040124905603889658,,,0.016570188324170745
nonstationary_marginal,popov_ei,True,3520,303,0.5,0.5,,1.5,,,w1_to_exact_reference,0.044984765320352428,,0.048996803294680355,
nonstationary_marginal,popov_ei,True,3520,303,0.5,0.5,,2.5,,,marginal_ecf_max_component_error,0.0047226992301235386,,,0.016570188324170745
nonstationary_marginal,popov_ei,True,3520,303,0.5,0.5,,2.5,,,marginal_ecf_rmse,0.0022433182117823237,,,0.016570188324170745
nonstationary_marginal,popov_ei,True,3520,303,0.5,0.5,,2.5,,,w1_to_exact_reference,0.083591510341248357,,0.081454074811570729,
nonstationary_marginal,popov_ei,True,3520,404,0.5,0.5,,0.25,,,marginal_ecf_max_component_error,0.0085136725565266788,,,0.016570188324170745
nonstationary_marginal,popov_ei,True,3520,404,0.5,0.5,,0.25,,,marginal_ecf_rmse,0.0035651161136330272,,,0.016570188324170745
nonstationary_marginal,popov_ei,True,3520,404,0.5,0.5,,0.25,,,w1_to_exact_reference,0.060269774476160699,,0.03594099029173542,
nonstationary_marginal,popov_ei,True,3520,404,0.5,0.5,,0.5,,,marginal_ecf_max_component_error,0.00432987112521728,,,0.016570188324170745
nonstationary_marginal,popov_ei,True,3520,404,0.5,0.5,,0.5,,,marginal_ecf_rmse,0.0029550042135429379,,,0.016570188324170745
nonstationary_marginal,popov_ei,True,3520,404,0.5,0.5,,0.5,,,w1_to_exact_reference,0.08963990537449823,,0.083590597241871123,
nonstationary_marginal,popov_ei,True,3520,404,0.5,0.5,,1.5,,,marginal_ecf_max_component_error,0.007218520037971677,,,0.016570188324170745
nonstationary_marginal,popov_ei,True,3520,404,0.5,0.5,,1.5,,,marginal_ecf_rmse,0.0043988924108587461,,,0.016570188324170745
nonstationary_marginal,popov_ei,True,3520,404,0.5,0.5,,1.5,,,w1_to_exact_reference,0.25145658403081556,,0.083767538827563298,
nonstationary_marginal,popov_ei,True,3520,404,0.5,0.5,,2.5,,,marginal_ecf_max_component_error,0.0053921026588264814,,,0.016570188324170745
nonstationary_marginal,popov_ei,True,3520,404,0.5,0.5,,2.5,,,marginal_ecf_rmse,0.0028189878076961645,,,0.016570188324170745
nonstationary_marginal,popov_ei,True,3520,404,0.5,0.5,,2.5,,,w1_to_exact_reference,0.41074368082122859,,0.070632798172203234,
nonstationary_marginal,popov_ei,True,3520,505,0.5,0.5,,0.25,,,marginal_ecf_max_component_error,0.0042233939614181593,,,0.016570188324170745
nonstationary_marginal,popov_ei,True,3520,505,0.5,0.5,,0.25,,,marginal_ecf_rmse,0.0015204981534787025,,,0.016570188324170745
nonstationary_marginal,popov_ei,True,3520,505,0.5,0.5,,0.25,,,w1_to_exact_reference,0.028114450774588243,,0.024508212641625799,
nonstationary_marginal,popov_ei,True,3520,505,0.5,0.5,,0.5,,,marginal_ecf_max_component_error,0.0064602404489675913,,,0.016570188324170745
nonstationary_marginal,popov_ei,True,3520,505,0.5,0.5,,0.5,,,marginal_ecf_rmse,0.0034786962387171488,,,0.016570188324170745
nonstationary_marginal,popov_ei,True,3520,505,0.5,0.5,,0.5,,,w1_to_exact_reference,0.031702648739972722,,0.064330275281409333,
nonstationary_marginal,popov_ei,True,3520,505,0.5,0.5,,1.5,,,marginal_ecf_max_component_error,0.0034364203173757324,,,0.016570188324170745
nonstationary_marginal,popov_ei,True,3520,505,0.5,0.5,,1.5,,,marginal_ecf_rmse,0.0017319032171252008,,,0.016570188324170745
nonstationary_marginal,popov_ei,True,3520,505,0.5,0.5,,1.5,,,w1_to_exact_reference,0.078674386823512965,,0.097367870599180686,
nonstationary_marginal,popov_ei,True,3520,505,0.5,0.5,,2.5,,,marginal_ecf_max_component_error,0.010317511094714193,,,0.016570188324170745
nonstationary_marginal,popov_ei,True,3520,505,0.5,0.5,,2.5,,,marginal_ecf_rmse,0.0032387078681194326,,,0.016570188324170745
nonstationary_marginal,popov_ei,True,3520,505,0.5,0.5,,2.5,,,w1_to_exact_reference,0.077063928412288277,,0.081390941879800949,
nonstationary_marginal,popov_ei,True,3520,606,0.5,0.5,,0.25,,,marginal_ecf_max_component_error,0.0049511253481403089,,,0.016570188324170745
nonstationary_marginal,popov_ei,True,3520,606,0.5,0.5,,0.25,,,marginal_ecf_rmse,0.0023290107774750642,,,0.016570188324170745
nonstationary_marginal,popov_ei,True,3520,606,0.5,0.5,,0.25,,,w1_to_exact_reference,0.038630925475075489,,0.019251663541823387,
nonstationary_marginal,popov_ei,True,3520,606,0.5,0.5,,0.5,,,marginal_ecf_max_component_error,0.0062419662185544036,,,0.016570188324170745
nonstationary_marginal,popov_ei,True,3520,606,0.5,0.5,,0.5,,,marginal_ecf_rmse,0.0016559785886378639,,,0.016570188324170745
nonstationary_marginal,popov_ei,True,3520,606,0.5,0.5,,0.5,,,w1_to_exact_reference,0.05684030482265405,,0.024044508151434787,
nonstationary_marginal,popov_ei,True,3520,606,0.5,0.5,,1.5,,,marginal_ecf_max_component_error,0.0047510710297216582,,,0.016570188324170745
nonstationary_marginal,popov_ei,True,3520,606,0.5,0.5,,1.5,,,marginal_ecf_rmse,0.002391552523580141,,,0.016570188324170745
nonstationary_marginal,popov_ei,True,3520,606,0.5,0.5,,1.5,,,w1_to_exact_reference,0.04959531210144761,,0.11591812132196765,
nonstationary_marginal,popov_ei,True,3520,606,0.5,0.5,,2.5,,,marginal_ecf_max_component_error,0.006294279848123311,,,0.016570188324170745
nonstationary_marginal,popov_ei,True,3520,606,0.5,0.5,,2.5,,,marginal_ecf_rmse,0.0024591733741089021,,,0.016570188324170745
nonstationary_marginal,popov_ei,True,3520,606,0.5,0.5,,2.5,,,w1_to_exact_reference,0.051768092543304389,,0.097811784347982794,
nonstationary_marginal,popov_ei,True,3520,707,0.5,0.5,,0.25,,,marginal_ecf_max_component_error,0.004171243928956259,,,0.016570188324170745
nonstationary_marginal,popov_ei,True,3520,707,0.5,0.5,,0.25,,,marginal_ecf_rmse,0.0028707606879917668,,,0.016570188324170745
nonstationary_marginal,popov_ei,True,3520,707,0.5,0.5,,0.25,,,w1_to_exact_reference,0.20595150884137778,,0.029091327561895912,
nonstationary_marginal,popov_ei,True,3520,707,0.5,0.5,,0.5,,,marginal_ecf_max_component_error,0.0061180578900509042,,,0.016570188324170745
nonstationary_marginal,popov_ei,True,3520,707,0.5,0.5,,0.5,,,marginal_ecf_rmse,0.0017587225467107981,,,0.016570188324170745
nonstationary_marginal,popov_ei,True,3520,707,0.5,0.5,,0.5,,,w1_to_exact_reference,0.40177128180211263,,0.046995423031374675,
nonstationary_marginal,popov_ei,True,3520,707,0.5,0.5,,1.5,,,marginal_ecf_max_component_error,0.0054231814265604666,,,0.016570188324170745
nonstationary_marginal,popov_ei,True,3520,707,0.5,0.5,,1.5,,,marginal_ecf_rmse,0.0022929364359867395,,,0.016570188324170745
nonstationary_marginal,popov_ei,True,3520,707,0.5,0.5,,1.5,,,w1_to_exact_reference,1.0510171580714691,,0.059355211245348205,
nonstationary_marginal,popov_ei,True,3520,707,0.5,0.5,,2.5,,,marginal_ecf_max_component_error,0.0054763710329214987,,,0.016570188324170745
nonstationary_marginal,popov_ei,True,3520,707,0.5,0.5,,2.5,,,marginal_ecf_rmse,0.0035354525868024384,,,0.016570188324170745
nonstationary_marginal,popov_ei,True,3520,707,0.5,0.5,,2.5,,,w1_to_exact_reference,1.6990104102168868,,0.07797362548269611,
nonstationary_marginal,popov_ei,True,3520,808,0.5,0.5,,0.25,,,marginal_ecf_max_component_error,0.0055852264823780806,,,0.016570188324170745
nonstationary_marginal,popov_ei,True,3520,808,0.5,0.5,,0.25,,,marginal_ecf_rmse,0.0022447518056358663,,,0.016570188324170745
nonstationary_marginal,popov_ei,True,3520,808,0.5,0.5,,0.25,,,w1_to_exact_reference,0.043337909537640468,,0.044223680686348375,
nonstationary_marginal,popov_ei,True,3520,808,0.5,0.5,,0.5,,,marginal_ecf_max_component_error,0.0067932680669417949,,,0.016570188324170745
nonstationary_marginal,popov_ei,True,3520,808,0.5,0.5,,0.5,,,marginal_ecf_rmse,0.0029260732214961512,,,0.016570188324170745
nonstationary_marginal,popov_ei,True,3520,808,0.5,0.5,,0.5,,,w1_to_exact_reference,0.049029039573762409,,0.045454478509619235,
nonstationary_marginal,popov_ei,True,3520,808,0.5,0.5,,1.5,,,marginal_ecf_max_component_error,0.004715834922075628,,,0.016570188324170745
nonstationary_marginal,popov_ei,True,3520,808,0.5,0.5,,1.5,,,marginal_ecf_rmse,0.0030534578727397124,,,0.016570188324170745
nonstationary_marginal,popov_ei,True,3520,808,0.5,0.5,,1.5,,,w1_to_exact_reference,0.058148429301313899,,0.077548581773276809,
nonstationary_marginal,popov_ei,True,3520,808,0.5,0.5,,2.5,,,marginal_ecf_max_component_error,0.0051863695738651712,,,0.016570188324170745
nonstationary_marginal,popov_ei,True,3520,808,0.5,0.5,,2.5,,,marginal_ecf_rmse,0.0026213492065364045,,,0.016570188324170745
nonstationary_marginal,popov_ei,True,3520,808,0.5,0.5,,2.5,,,w1_to_exact_reference,0.086440963681130967,,0.052505460293655125,
nonstationary_marginal,popov_ei,True,3520,909,0.5,0.5,,0.25,,,marginal_ecf_max_component_error,0.0080646723049632753,,,0.016570188324170745
nonstationary_marginal,popov_ei,True,3520,909,0.5,0.5,,0.25,,,marginal_ecf_rmse,0.0030484624225509769,,,0.016570188324170745
nonstationary_marginal,popov_ei,True,3520,909,0.5,0.5,,0.25,,,w1_to_exact_reference,0.034041682192053252,,0.028888713049068523,
nonstationary_marginal,popov_ei,True,3520,909,0.5,0.5,,0.5,,,marginal_ecf_max_component_error,0.004993318952477524,,,0.016570188324170745
nonstationary_marginal,popov_ei,True,3520,909,0.5,0.5,,0.5,,,marginal_ecf_rmse,0.0032347352178139863,,,0.016570188324170745
nonstationary_marginal,popov_ei,True,3520,909,0.5,0.5,,0.5,,,w1_to_exact_reference,0.053552329609486846,,0.051594288681837755,
nonstationary_marginal,popov_ei,True,3520,909,0.5,0.5,,1.5,,,marginal_ecf_max_component_error,0.0065815945359940188,,,0.016570188324170745
nonstationary_marginal,popov_ei,True,3520,909,0.5,0.5,,1.5,,,marginal_ecf_rmse,0.0033513665939168998,,,0.016570188324170745
nonstationary_marginal,popov_ei,True,3520,909,0.5,0.5,,1.5,,,w1_to_exact_reference,0.089168737938066983,,0.06913046039497453,
nonstationary_marginal,popov_ei,True,3520,909,0.5,0.5,,2.5,,,marginal_ecf_max_component_error,0.0039352149409087687,,,0.016570188324170745
nonstationary_marginal,popov_ei,True,3520,909,0.5,0.5,,2.5,,,marginal_ecf_rmse,0.0018303112178493077,,,0.016570188324170745
nonstationary_marginal,popov_ei,True,3520,909,0.5,0.5,,2.5,,,w1_to_exact_reference,0.10727513459819282,,0.073664561023130792,
nonstationary_marginal,popov_ei,True,3520,101,1,1,,0.25,,,marginal_ecf_max_component_error,0.0058575905425975461,,,0.016570188324170745
nonstationary_marginal,popov_ei,True,3520,101,1,1,,0.25,,,marginal_ecf_rmse,0.0036424456181250709,,,0.016570188324170745
nonstationary_marginal,popov_ei,True,3520,101,1,1,,0.25,,,w1_to_exact_reference,0.02920673601037151,,0.2240819016301244,
nonstationary_marginal,popov_ei,True,3520,101,1,1,,0.5,,,marginal_ecf_max_component_error,0.0090187198786373414,,,0.016570188324170745
nonstationary_marginal,popov_ei,True,3520,101,1,1,,0.5,,,marginal_ecf_rmse,0.0018762847005413519,,,0.016570188324170745
nonstationary_marginal,popov_ei,True,3520,101,1,1,,0.5,,,w1_to_exact_reference,0.050581028174077718,,0.19731290946548707,
nonstationary_marginal,popov_ei,True,3520,101,1,1,,1.5,,,marginal_ecf_max_component_error,0.013045917319144968,,,0.016570188324170745
nonstationary_marginal,popov_ei,True,3520,101,1,1,,1.5,,,marginal_ecf_rmse,0.0018536423523114601,,,0.016570188324170745
nonstationary_marginal,popov_ei,True,3520,101,1,1,,1.5,,,w1_to_exact_reference,0.095010862052451794,,0.12556002938072919,
nonstationary_marginal,popov_ei,True,3520,101,1,1,,2.5,,,marginal_ecf_max_component_error,0.005310370383531827,,,0.016570188324170745
nonstationary_marginal,popov_ei,True,3520,101,1,1,,2.5,,,marginal_ecf_rmse,0.0023878233789792914,,,0.016570188324170745
nonstationary_marginal,popov_ei,True,3520,101,1,1,,2.5,,,w1_to_exact_reference,0.05581641028269043,,0.10281262552728905,
nonstationary_marginal,popov_ei,True,3520,1010,1,1,,0.25,,,marginal_ecf_max_component_error,0.0033934958762375511,,,0.016570188324170745
nonstationary_marginal,popov_ei,True,3520,1010,1,1,,0.25,,,marginal_ecf_rmse,0.0010024568423056424,,,0.016570188324170745
nonstationary_marginal,popov_ei,True,3520,1010,1,1,,0.25,,,w1_to_exact_reference,0.0554545405681263,,0.06271939248458594,
nonstationary_marginal,popov_ei,True,3520,1010,1,1,,0.5,,,marginal_ecf_max_component_error,0.0045964776850292675,,,0.016570188324170745
nonstationary_marginal,popov_ei,True,3520,1010,1,1,,0.5,,,marginal_ecf_rmse,0.0016901736443790266,,,0.016570188324170745
nonstationary_marginal,popov_ei,True,3520,1010,1,1,,0.5,,,w1_to_exact_reference,0.047197620354864689,,0.059007280975855683,
nonstationary_marginal,popov_ei,True,3520,1010,1,1,,1.5,,,marginal_ecf_max_component_error,0.005983474596260252,,,0.016570188324170745
nonstationary_marginal,popov_ei,True,3520,1010,1,1,,1.5,,,marginal_ecf_rmse,0.0019342653655398862,,,0.016570188324170745
nonstationary_marginal,popov_ei,True,3520,1010,1,1,,1.5,,,w1_to_exact_reference,0.064745457229073378,,0.0536684237128872,
nonstationary_marginal,popov_ei,True,3520,1010,1,1,,2.5,,,marginal_ecf_max_component_error,0.0050534035557462604,,,0.016570188324170745
nonstationary_marginal,popov_ei,True,3520,1010,1,1,,2.5,,,marginal_ecf_rmse,0.0019488364532463797,,,0.016570188324170745
nonstationary_marginal,popov_ei,True,3520,1010,1,1,,2.5,,,w1_to_exact_reference,0.10785390970231649,,0.076442307269681223,
nonstationary_marginal,popov_ei,True,3520,1111,1,1,,0.25,,,marginal_ecf_max_component_error,0.0034849003942538648,,,0.016570188324170745
nonstationary_marginal,popov_ei,True,3520,1111,1,1,,0.25,,,marginal_ecf_rmse,0.0021776816160047176,,,0.016570188324170745
nonstationary_marginal,popov_ei,True,3520,1111,1,1,,0.25,,,w1_to_exact_reference,0.047634300477181493,,0.040013349367817128,
nonstationary_marginal,popov_ei,True,3520,1111,1,1,,0.5,,,marginal_ecf_max_component_error,0.008513486038403198,,,0.016570188324170745
nonstationary_marginal,popov_ei,True,3520,1111,1,1,,0.5,,,marginal_ecf_rmse,0.0028905872135619837,,,0.016570188324170745
nonstationary_marginal,popov_ei,True,3520,1111,1,1,,0.5,,,w1_to_exact_reference,0.094771374967347749,,0.072370798097331615,
nonstationary_marginal,popov_ei,True,3520,1111,1,1,,1.5,,,marginal_ecf_max_component_error,0.0060597556148335842,,,0.016570188324170745
nonstationary_marginal,popov_ei,True,3520,1111,1,1,,1.5,,,marginal_ecf_rmse,0.0023061051979463812,,,0.016570188324170745
nonstationary_marginal,popov_ei,True,3520,1111,1,1,,1.5,,,w1_to_exact_reference,0.046947852978026033,,0.064822268433284258,
nonstationary_marginal,popov_ei,True,3520,1111,1,1,,2.5,,,marginal_ecf_max_component_error,0.0087472418339091806,,,0.016570188324170745
nonstationary_marginal,popov_ei,True,3520,1111,1,1,,2.5,,,marginal_ecf_rmse,0.0059327236729104296,,,0.016570188324170745
nonstationary_marginal,popov_ei,True,3520,1111,1,1,,2.5,,,w1_to_exact_reference,0.10820308812053062,,0.10630823335931852,
nonstationary_marginal,popov_ei,True,3520,1212,1,1,,0.25,,,marginal_ecf_max_component_error,0.0066185194064738162,,,0.016570188324170745
nonstationary_marginal,popov_ei,True,3520,1212,1,1,,0.25,,,marginal_ecf_rmse,0.0023588009108576808,,,0.016570188324170745
nonstationary_marginal,popov_ei,True,3520,1212,1,1,,0.25,,,w1_to_exact_reference,0.026604186704536931,,0.035524808300348959,
nonstationary_marginal,popov_ei,True,3520,1212,1,1,,0.5,,,marginal_ecf_max_component_error,0.0044605734997709033,,,0.016570188324170745
nonstationary_marginal,popov_ei,True,3520,1212,1,1,,0.5,,,marginal_ecf_rmse,0.002782007416066211,,,0.016570188324170745
nonstationary_marginal,popov_ei,True,3520,1212,1,1,,0.5,,,w1_to_exact_reference,0.046609462922752899,,0.054484390852387724,
nonstationary_marginal,popov_ei,True,3520,1212,1,1,,1.5,,,marginal_ecf_max_component_error,0.0073479152193657235,,,0.016570188324170745
nonstationary_marginal,popov_ei,True,3520,1212,1,1,,1.5,,,marginal_ecf_rmse,0.0029041648328326192,,,0.016570188324170745
nonstationary_marginal,popov_ei,True,3520,1212,1,1,,1.5,,,w1_to_exact_reference,0.057521748486455762,,0.056361108257732086,
nonstationary_marginal,popov_ei,True,3520,1212,1,1,,2.5,,,marginal_ecf_max_component_error,0.0091891965477326025,,,0.016570188324170745
nonstationary_marginal,popov_ei,True,3520,1212,1,1,,2.5,,,marginal_ecf_rmse,0.0029604323383051801,,,0.016570188324170745
nonstationary_marginal,popov_ei,True,3520,1212,1,1,,2.5,,,w1_to_exact_reference,0.070099184899930833,,0.084637396863571246,
nonstationary_marginal,popov_ei,True,3520,202,1,1,,0.25,,,marginal_ecf_max_component_error,0.0029783523442359211,,,0.016570188324170745
nonstationary_marginal,popov_ei,True,3520,202,1,1,,0.25,,,marginal_ecf_rmse,0.0012955318718788581,,,0.016570188324170745
nonstationary_marginal,popov_ei,True,3520,202,1,1,,0.25,,,w1_to_exact_reference,0.020572918352600628,,0.095305977955151111,
nonstationary_marginal,popov_ei,True,3520,202,1,1,,0.5,,,marginal_ecf_max_component_error,0.0061996112642313944,,,0.016570188324170745
nonstationary_marginal,popov_ei,True,3520,202,1,1,,0.5,,,marginal_ecf_rmse,0.002502448155645313,,,0.016570188324170745
nonstationary_marginal,popov_ei,True,3520,202,1,1,,0.5,,,w1_to_exact_reference,0.071086061432078212,,0.063327934199774977,
nonstationary_marginal,popov_ei,True,3520,202,1,1,,1.5,,,marginal_ecf_max_component_error,0.0055063051490134851,,,0.016570188324170745
nonstationary_marginal,popov_ei,True,3520,202,1,1,,1.5,,,marginal_ecf_rmse,0.0032724755158331092,,,0.016570188324170745
nonstationary_marginal,popov_ei,True,3520,202,1,1,,1.5,,,w1_to_exact_reference,0.080284542361085981,,0.11246532790025046,
nonstationary_marginal,popov_ei,True,3520,202,1,1,,2.5,,,marginal_ecf_max_component_error,0.0045944482059560761,,,0.016570188324170745
nonstationary_marginal,popov_ei,True,3520,202,1,1,,2.5,,,marginal_ecf_rmse,0.0027630273861288363,,,0.016570188324170745
nonstationary_marginal,popov_ei,True,3520,202,1,1,,2.5,,,w1_to_exact_reference,0.086521979766908341,,0.11415630224720499,
nonstationary_marginal,popov_ei,True,3520,303,1,1,,0.25,,,marginal_ecf_max_component_error,0.0044660986877545911,,,0.016570188324170745
nonstationary_marginal,popov_ei,True,3520,303,1,1,,0.25,,,marginal_ecf_rmse,0.0030352967245458129,,,0.016570188324170745
nonstationary_marginal,popov_ei,True,3520,303,1,1,,0.25,,,w1_to_exact_reference,0.086571989993820153,,0.079965848907396581,
nonstationary_marginal,popov_ei,True,3520,303,1,1,,0.5,,,marginal_ecf_max_component_error,0.0036419937993395352,,,0.016570188324170745
nonstationary_marginal,popov_ei,True,3520,303,1,1,,0.5,,,marginal_ecf_rmse,0.0022796529604229032,,,0.016570188324170745
nonstationary_marginal,popov_ei,True,3520,303,1,1,,0.5,,,w1_to_exact_reference,0.049304624022206173,,0.072853857110255743,
nonstationary_marginal,popov_ei,True,3520,303,1,1,,1.5,,,marginal_ecf_max_component_error,0.0078134894671930827,,,0.016570188324170745
nonstationary_marginal,popov_ei,True,3520,303,1,1,,1.5,,,marginal_ecf_rmse,0.0043460304246137347,,,0.016570188324170745
nonstationary_marginal,popov_ei,True,3520,303,1,1,,1.5,,,w1_to_exact_reference,0.04713007446318835,,0.048996803294680355,
nonstationary_marginal,popov_ei,True,3520,303,1,1,,2.5,,,marginal_ecf_max_component_error,0.0049219445107026027,,,0.016570188324170745
nonstationary_marginal,popov_ei,True,3520,303,1,1,,2.5,,,marginal_ecf_rmse,0.002420841921062697,,,0.016570188324170745
nonstationary_marginal,popov_ei,True,3520,303,1,1,,2.5,,,w1_to_exact_reference,0.075505036216678784,,0.081454074811570729,
nonstationary_marginal,popov_ei,True,3520,404,1,1,,0.25,,,marginal_ecf_max_component_error,0.0080987160741767539,,,0.016570188324170745
nonstationary_marginal,popov_ei,True,3520,404,1,1,,0.25,,,marginal_ecf_rmse,0.0047741959294765645,,,0.016570188324170745
nonstationary_marginal,popov_ei,True,3520,404,1,1,,0.25,,,w1_to_exact_reference,0.03003337154857199,,0.03594099029173542,
nonstationary_marginal,popov_ei,True,3520,404,1,1,,0.5,,,marginal_ecf_max_component_error,0.0051273839986688491,,,0.016570188324170745
nonstationary_marginal,popov_ei,True,3520,404,1,1,,0.5,,,marginal_ecf_rmse,0.0038191521232654609,,,0.016570188324170745
nonstationary_marginal,popov_ei,True,3520,404,1,1,,0.5,,,w1_to_exact_reference,0.04922325996433026,,0.083590597241871123,
nonstationary_marginal,popov_ei,True,3520,404,1,1,,1.5,,,marginal_ecf_max_component_error,0.0077231364497312785,,,0.016570188324170745
nonstationary_marginal,popov_ei,True,3520,404,1,1,,1.5,,,marginal_ecf_rmse,0.0053333137068841832,,,0.016570188324170745
nonstationary_marginal,popov_ei,True,3520,404,1,1,,1.5,,,w1_to_exact_reference,0.16938926547201438,,0.083767538827563298,
nonstationary_marginal,popov_ei,True,3520,404,1,1,,2.5,,,marginal_ecf_max_component_error,0.0046401992012146901,,,0.016570188324170745
nonstationary_marginal,popov_ei,True,3520,404,1,1,,2.5,,,marginal_ecf_rmse,0.0018685744110183192,,,0.016570188324170745
nonstationary_marginal,popov_ei,True,3520,404,1,1,,2.5,,,w1_to_exact_reference,0.36814885742437853,,0.070632798172203234,
nonstationary_marginal,popov_ei,True,3520,505,1,1,,0.25,,,marginal_ecf_max_component_error,0.0089972456547245463,,,0.016570188324170745
nonstationary_marginal,popov_ei,True,3520,505,1,1,,0.25,,,marginal_ecf_rmse,0.0013916102601226386,,,0.016570188324170745
nonstationary_marginal,popov_ei,True,3520,505,1,1,,0.25,,,w1_to_exact_reference,0.028671459556272143,,0.024508212641625799,
nonstationary_marginal,popov_ei,True,3520,505,1,1,,0.5,,,marginal_ecf_max_component_error,0.0073867559285494544,,,0.016570188324170745
nonstationary_marginal,popov_ei,True,3520,505,1,1,,0.5,,,marginal_ecf_rmse,0.0031203826899004047,,,0.016570188324170745
nonstationary_marginal,popov_ei,True,3520,505,1,1,,0.5,,,w1_to_exact_reference,0.034546249127570254,,0.064330275281409333,
nonstationary_marginal,popov_ei,True,3520,505,1,1,,1.5,,,marginal_ecf_max_component_error,0.0044200248690028296,,,0.016570188324170745
nonstationary_marginal,popov_ei,True,3520,505,1,1,,1.5,,,marginal_ecf_rmse,0.0026675742584682184,,,0.016570188324170745
nonstationary_marginal,popov_ei,True,3520,505,1,1,,1.5,,,w1_to_exact_reference,0.093745563916841329,,0.097367870599180686,
nonstationary_marginal,popov_ei,True,3520,505,1,1,,2.5,,,marginal_ecf_max_component_error,0.008537977556883708,,,0.016570188324170745
nonstationary_marginal,popov_ei,True,3520,505,1,1,,2.5,,,marginal_ecf_rmse,0.0028249546188647235,,,0.016570188324170745
nonstationary_marginal,popov_ei,True,3520,505,1,1,,2.5,,,w1_to_exact_reference,0.086476261642245561,,0.081390941879800949,
nonstationary_marginal,popov_ei,True,3520,606,1,1,,0.25,,,marginal_ecf_max_component_error,0.0054095993539182707,,,0.016570188324170745
nonstationary_marginal,popov_ei,True,3520,606,1,1,,0.25,,,marginal_ecf_rmse,0.0018517287182072354,,,0.016570188324170745
nonstationary_marginal,popov_ei,True,3520,606,1,1,,0.25,,,w1_to_exact_reference,0.042920587684585149,,0.019251663541823387,
nonstationary_marginal,popov_ei,True,3520,606,1,1,,0.5,,,marginal_ecf_max_component_error,0.004751318705373625,,,0.016570188324170745
nonstationary_marginal,popov_ei,True,3520,606,1,1,,0.5,,,marginal_ecf_rmse,0.0017960141848342276,,,0.016570188324170745
nonstationary_marginal,popov_ei,True,3520,606,1,1,,0.5,,,w1_to_exact_reference,0.068089036883368328,,0.024044508151434787,
nonstationary_marginal,popov_ei,True,3520,606,1,1,,1.5,,,marginal_ecf_max_component_error,0.0068430895698883693,,,0.016570188324170745
nonstationary_marginal,popov_ei,True,3520,606,1,1,,1.5,,,marginal_ecf_rmse,0.0036395551440774102,,,0.016570188324170745
nonstationary_marginal,popov_ei,True,3520,606,1,1,,1.5,,,w1_to_exact_reference,0.047518923421235856,,0.11591812132196765,
nonstationary_marginal,popov_ei,True,3520,606,1,1,,2.5,,,marginal_ecf_max_component_error,0.0069540931728027753,,,0.016570188324170745
nonstationary_marginal,popov_ei,True,3520,606,1,1,,2.5,,,marginal_ecf_rmse,0.0025560452261847435,,,0.016570188324170745
nonstationary_marginal,popov_ei,True,3520,606,1,1,,2.5,,,w1_to_exact_reference,0.047853163326018314,,0.097811784347982794,
nonstationary_marginal,popov_ei,True,3520,707,1,1,,0.25,,,marginal_ecf_max_component_error,0.0084739998708170741,,,0.016570188324170745
nonstationary_marginal,popov_ei,True,3520,707,1,1,,0.25,,,marginal_ecf_rmse,0.0016756400743025114,,,0.016570188324170745
nonstationary_marginal,popov_ei,True,3520,707,1,1,,0.25,,,w1_to_exact_reference,0.10105855527361197,,0.029091327561895912,
nonstationary_marginal,popov_ei,True,3520,707,1,1,,0.5,,,marginal_ecf_max_component_error,0.0072274184741760727,,,0.016570188324170745
nonstationary_marginal,popov_ei,True,3520,707,1,1,,0.5,,,marginal_ecf_rmse,0.0030347653736198165,,,0.016570188324170745
nonstationary_marginal,popov_ei,True,3520,707,1,1,,0.5,,,w1_to_exact_reference,0.25217340920835141,,0.046995423031374675,
nonstationary_marginal,popov_ei,True,3520,707,1,1,,1.5,,,marginal_ecf_max_component_error,0.0076504046784867351,,,0.016570188324170745
nonstationary_marginal,popov_ei,True,3520,707,1,1,,1.5,,,marginal_ecf_rmse,0.0020505848865717989,,,0.016570188324170745
nonstationary_marginal,popov_ei,True,3520,707,1,1,,1.5,,,w1_to_exact_reference,1.0695539152952465,,0.059355211245348205,
nonstationary_marginal,popov_ei,True,3520,707,1,1,,2.5,,,marginal_ecf_max_component_error,0.0058378156202818629,,,0.016570188324170745
nonstationary_marginal,popov_ei,True,3520,707,1,1,,2.5,,,marginal_ecf_rmse,0.0042321660052184931,,,0.016570188324170745
nonstationary_marginal,popov_ei,True,3520,707,1,1,,2.5,,,w1_to_exact_reference,2.5129791122540253,,0.07797362548269611,
nonstationary_marginal,popov_ei,True,3520,808,1,1,,0.25,,,marginal_ecf_max_component_error,0.004181772191656663,,,0.016570188324170745
nonstationary_marginal,popov_ei,True,3520,808,1,1,,0.25,,,marginal_ecf_rmse,0.0024824037686723504,,,0.016570188324170745
nonstationary_marginal,popov_ei,True,3520,808,1,1,,0.25,,,w1_to_exact_reference,0.049004458416594524,,0.044223680686348375,
nonstationary_marginal,popov_ei,True,3520,808,1,1,,0.5,,,marginal_ecf_max_component_error,0.0054741813877738077,,,0.016570188324170745
nonstationary_marginal,popov_ei,True,3520,808,1,1,,0.5,,,marginal_ecf_rmse,0.0035734977177259704,,,0.016570188324170745
nonstationary_marginal,popov_ei,True,3520,808,1,1,,0.5,,,w1_to_exact_reference,0.05484133555682956,,0.045454478509619235,
nonstationary_marginal,popov_ei,True,3520,808,1,1,,1.5,,,marginal_ecf_max_component_error,0.0057744914058974377,,,0.016570188324170745
nonstationary_marginal,popov_ei,True,3520,808,1,1,,1.5,,,marginal_ecf_rmse,0.0043167850941198569,,,0.016570188324170745
nonstationary_marginal,popov_ei,True,3520,808,1,1,,1.5,,,w1_to_exact_reference,0.061357117014667589,,0.077548581773276809,
nonstationary_marginal,popov_ei,True,3520,808,1,1,,2.5,,,marginal_ecf_max_component_error,0.0052831862559693504,,,0.016570188324170745
nonstationary_marginal,popov_ei,True,3520,808,1,1,,2.5,,,marginal_ecf_rmse,0.002928187365116785,,,0.016570188324170745
nonstationary_marginal,popov_ei,True,3520,808,1,1,,2.5,,,w1_to_exact_reference,0.089614959023432569,,0.052505460293655125,
nonstationary_marginal,popov_ei,True,3520,909,1,1,,0.25,,,marginal_ecf_max_component_error,0.0046536849198706987,,,0.016570188324170745
nonstationary_marginal,popov_ei,True,3520,909,1,1,,0.25,,,marginal_ecf_rmse,0.0023536096878884402,,,0.016570188324170745
nonstationary_marginal,popov_ei,True,3520,909,1,1,,0.25,,,w1_to_exact_reference,0.027546849320555067,,0.028888713049068523,
nonstationary_marginal,popov_ei,True,3520,909,1,1,,0.5,,,marginal_ecf_max_component_error,0.0048707349825772061,,,0.016570188324170745
nonstationary_marginal,popov_ei,True,3520,909,1,1,,0.5,,,marginal_ecf_rmse,0.0023713396689871782,,,0.016570188324170745
nonstationary_marginal,popov_ei,True,3520,909,1,1,,0.5,,,w1_to_exact_reference,0.058064803324202677,,0.051594288681837755,
nonstationary_marginal,popov_ei,True,3520,909,1,1,,1.5,,,marginal_ecf_max_component_error,0.0049933808620245598,,,0.016570188324170745
nonstationary_marginal,popov_ei,True,3520,909,1,1,,1.5,,,marginal_ecf_rmse,0.003384241018918638,,,0.016570188324170745
nonstationary_marginal,popov_ei,True,3520,909,1,1,,1.5,,,w1_to_exact_reference,0.079910705680383443,,0.06913046039497453,
nonstationary_marginal,popov_ei,True,3520,909,1,1,,2.5,,,marginal_ecf_max_component_error,0.0068630677633466242,,,0.016570188324170745
nonstationary_marginal,popov_ei,True,3520,909,1,1,,2.5,,,marginal_ecf_rmse,0.0025101877817249323,,,0.016570188324170745
nonstationary_marginal,popov_ei,True,3520,909,1,1,,2.5,,,w1_to_exact_reference,0.097809813791099112,,0.073664561023130792,
nonstationary_marginal,popov_ei,True,3520,101,2,2,,0.25,,,marginal_ecf_max_component_error,0.0062094747830310354,,,0.016570188324170745
nonstationary_marginal,popov_ei,True,3520,101,2,2,,0.25,,,marginal_ecf_rmse,0.0037975546955788999,,,0.016570188324170745
nonstationary_marginal,popov_ei,True,3520,101,2,2,,0.25,,,w1_to_exact_reference,0.029793108555460468,,0.2240819016301244,
nonstationary_marginal,popov_ei,True,3520,101,2,2,,0.5,,,marginal_ecf_max_component_error,0.0023653067253089355,,,0.016570188324170745
nonstationary_marginal,popov_ei,True,3520,101,2,2,,0.5,,,marginal_ecf_rmse,0.0014260348903158387,,,0.016570188324170745
nonstationary_marginal,popov_ei,True,3520,101,2,2,,0.5,,,w1_to_exact_reference,0.064835182375418632,,0.19731290946548707,
nonstationary_marginal,popov_ei,True,3520,101,2,2,,1.5,,,marginal_ecf_max_component_error,0.0064597510381895259,,,0.016570188324170745
nonstationary_marginal,popov_ei,True,3520,101,2,2,,1.5,,,marginal_ecf_rmse,0.0019913330795082139,,,0.016570188324170745
nonstationary_marginal,popov_ei,True,3520,101,2,2,,1.5,,,w1_to_exact_reference,0.085902751273539968,,0.12556002938072919,
nonstationary_marginal,popov_ei,True,3520,101,2,2,,2.5,,,marginal_ecf_max_component_error,0.0065455748568991152,,,0.016570188324170745
nonstationary_marginal,popov_ei,True,3520,101,2,2,,2.5,,,marginal_ecf_rmse,0.0017271747728983648,,,0.016570188324170745
nonstationary_marginal,popov_ei,True,3520,101,2,2,,2.5,,,w1_to_exact_reference,0.048362720862958883,,0.10281262552728905,
nonstationary_marginal,popov_ei,True,3520,1010,2,2,,0.25,,,marginal_ecf_max_component_error,0.0054215904383521796,,,0.016570188324170745
nonstationary_marginal,popov_ei,True,3520,1010,2,2,,0.25,,,marginal_ecf_rmse,0.001735809948363078,,,0.016570188324170745
nonstationary_marginal,popov_ei,True,3520,1010,2,2,,0.25,,,w1_to_exact_reference,0.057230503795812883,,0.06271939248458594,
nonstationary_marginal,popov_ei,True,3520,1010,2,2,,0.5,,,marginal_ecf_max_component_error,0.004483967025450836,,,0.016570188324170745
nonstationary_marginal,popov_ei,True,3520,1010,2,2,,0.5,,,marginal_ecf_rmse,0.0014827738620163838,,,0.016570188324170745
nonstationary_marginal,popov_ei,True,3520,1010,2,2,,0.5,,,w1_to_exact_reference,0.045512290960499538,,0.059007280975855683,
nonstationary_marginal,popov_ei,True,3520,1010,2,2,,1.5,,,marginal_ecf_max_component_error,0.00445722308536004,,,0.016570188324170745
nonstationary_marginal,popov_ei,True,3520,1010,2,2,,1.5,,,marginal_ecf_rmse,0.0019207615660618317,,,0.016570188324170745
nonstationary_marginal,popov_ei,True,3520,1010,2,2,,1.5,,,w1_to_exact_reference,0.059264358695880683,,0.0536684237128872,
nonstationary_marginal,popov_ei,True,3520,1010,2,2,,2.5,,,marginal_ecf_max_component_error,0.002954962208726587,,,0.016570188324170745
nonstationary_marginal,popov_ei,True,3520,1010,2,2,,2.5,,,marginal_ecf_rmse,0.0015504532281679112,,,0.016570188324170745
nonstationary_marginal,popov_ei,True,3520,1010,2,2,,2.5,,,w1_to_exact_reference,0.12682224659612032,,0.076442307269681223,
nonstationary_marginal,popov_ei,True,3520,1111,2,2,,0.25,,,marginal_ecf_max_component_error,0.0045060340645118324,,,0.016570188324170745
nonstationary_marginal,popov_ei,True,3520,1111,2,2,,0.25,,,marginal_ecf_rmse,0.0022377440056972858,,,0.016570188324170745
nonstationary_marginal,popov_ei,True,3520,1111,2,2,,0.25,,,w1_to_exact_reference,0.047846129218593568,,0.040013349367817128,
nonstationary_marginal,popov_ei,True,3520,1111,2,2,,0.5,,,marginal_ecf_max_component_error,0.003991323801535095,,,0.016570188324170745
nonstationary_marginal,popov_ei,True,3520,1111,2,2,,0.5,,,marginal_ecf_rmse,0.0020291609604095543,,,0.016570188324170745
nonstationary_marginal,popov_ei,True,3520,1111,2,2,,0.5,,,w1_to_exact_reference,0.092058286622264188,,0.072370798097331615,
nonstationary_marginal,popov_ei,True,3520,1111,2,2,,1.5,,,marginal_ecf_max_component_error,0.0070857842284550191,,,0.016570188324170745
nonstationary_marginal,popov_ei,True,3520,1111,2,2,,1.5,,,marginal_ecf_rmse,0.0012342087920745614,,,0.016570188324170745
nonstationary_marginal,popov_ei,True,3520,1111,2,2,,1.5,,,w1_to_exact_reference,0.043256669343118337,,0.064822268433284258,
nonstationary_marginal,popov_ei,True,3520,1111,2,2,,2.5,,,marginal_ecf_max_component_error,0.0076170601685826289,,,0.016570188324170745
nonstationary_marginal,popov_ei,True,3520,1111,2,2,,2.5,,,marginal_ecf_rmse,0.005496251752128198,,,0.016570188324170745
nonstationary_marginal,popov_ei,True,3520,1111,2,2,,2.5,,,w1_to_exact_reference,0.10752269515501882,,0.10630823335931852,
nonstationary_marginal,popov_ei,True,3520,1212,2,2,,0.25,,,marginal_ecf_max_component_error,0.0045237594128902103,,,0.016570188324170745
nonstationary_marginal,popov_ei,True,3520,1212,2,2,,0.25,,,marginal_ecf_rmse,0.0024948962756656213,,,0.016570188324170745
nonstationary_marginal,popov_ei,True,3520,1212,2,2,,0.25,,,w1_to_exact_reference,0.030407479215960952,,0.035524808300348959,
nonstationary_marginal,popov_ei,True,3520,1212,2,2,,0.5,,,marginal_ecf_max_component_error,0.0073266011671216571,,,0.016570188324170745
nonstationary_marginal,popov_ei,True,3520,1212,2,2,,0.5,,,marginal_ecf_rmse,0.0023468039605361235,,,0.016570188324170745
nonstationary_marginal,popov_ei,True,3520,1212,2,2,,0.5,,,w1_to_exact_reference,0.046711545607919146,,0.054484390852387724,
nonstationary_marginal,popov_ei,True,3520,1212,2,2,,1.5,,,marginal_ecf_max_component_error,0.0070008912233993498,,,0.016570188324170745
nonstationary_marginal,popov_ei,True,3520,1212,2,2,,1.5,,,marginal_ecf_rmse,0.003821819532426279,,,0.016570188324170745
nonstationary_marginal,popov_ei,True,3520,1212,2,2,,1.5,,,w1_to_exact_reference,0.057265496542479852,,0.056361108257732086,
nonstationary_marginal,popov_ei,True,3520,1212,2,2,,2.5,,,marginal_ecf_max_component_error,0.0041473914543325684,,,0.016570188324170745
nonstationary_marginal,popov_ei,True,3520,1212,2,2,,2.5,,,marginal_ecf_rmse,0.0013901376458951265,,,0.016570188324170745
nonstationary_marginal,popov_ei,True,3520,1212,2,2,,2.5,,,w1_to_exact_reference,0.061951366563607183,,0.084637396863571246,
nonstationary_marginal,popov_ei,True,3520,202,2,2,,0.25,,,marginal_ecf_max_component_error,0.0044436451015132782,,,0.016570188324170745
nonstationary_marginal,popov_ei,True,3520,202,2,2,,0.25,,,marginal_ecf_rmse,0.002087139869532649,,,0.016570188324170745
nonstationary_marginal,popov_ei,True,3520,202,2,2,,0.25,,,w1_to_exact_reference,0.018654641121421647,,0.095305977955151111,
nonstationary_marginal,popov_ei,True,3520,202,2,2,,0.5,,,marginal_ecf_max_component_error,0.0071441284186081018,,,0.016570188324170745
nonstationary_marginal,popov_ei,True,3520,202,2,2,,0.5,,,marginal_ecf_rmse,0.00256555257384062,,,0.016570188324170745
nonstationary_marginal,popov_ei,True,3520,202,2,2,,0.5,,,w1_to_exact_reference,0.064573049554531053,,0.063327934199774977,
nonstationary_marginal,popov_ei,True,3520,202,2,2,,1.5,,,marginal_ecf_max_component_error,0.0056706216403082082,,,0.016570188324170745
nonstationary_marginal,popov_ei,True,3520,202,2,2,,1.5,,,marginal_ecf_rmse,0.0017148960680801904,,,0.016570188324170745
nonstationary_marginal,popov_ei,True,3520,202,2,2,,1.5,,,w1_to_exact_reference,0.087414126323304919,,0.11246532790025046,
nonstationary_marginal,popov_ei,True,3520,202,2,2,,2.5,,,marginal_ecf_max_component_error,0.0065372281631094608,,,0.016570188324170745
nonstationary_marginal,popov_ei,True,3520,202,2,2,,2.5,,,marginal_ecf_rmse,0.00312456850632777,,,0.016570188324170745
nonstationary_marginal,popov_ei,True,3520,202,2,2,,2.5,,,w1_to_exact_reference,0.078108653405028219,,0.11415630224720499,
nonstationary_marginal,popov_ei,True,3520,303,2,2,,0.25,,,marginal_ecf_max_component_error,0.0073300724294274944,,,0.016570188324170745
nonstationary_marginal,popov_ei,True,3520,303,2,2,,0.25,,,marginal_ecf_rmse,0.0019121492012264118,,,0.016570188324170745
nonstationary_marginal,popov_ei,True,3520,303,2,2,,0.25,,,w1_to_exact_reference,0.11272979185643646,,0.079965848907396581,
nonstationary_marginal,popov_ei,True,3520,303,2,2,,0.5,,,marginal_ecf_max_component_error,0.0040514225180309392,,,0.016570188324170745
nonstationary_marginal,popov_ei,True,3520,303,2,2,,0.5,,,marginal_ecf_rmse,0.0017756675985585377,,,0.016570188324170745
nonstationary_marginal,popov_ei,True,3520,303,2,2,,0.5,,,w1_to_exact_reference,0.046325747595763633,,0.072853857110255743,
nonstationary_marginal,popov_ei,True,3520,303,2,2,,1.5,,,marginal_ecf_max_component_error,0.0060798793005358651,,,0.016570188324170745
nonstationary_marginal,popov_ei,True,3520,303,2,2,,1.5,,,marginal_ecf_rmse,0.0039578427464292886,,,0.016570188324170745
nonstationary_marginal,popov_ei,True,3520,303,2,2,,1.5,,,w1_to_exact_reference,0.05004490726491586,,0.048996803294680355,
nonstationary_marginal,popov_ei,True,3520,303,2,2,,2.5,,,marginal_ecf_max_component_error,0.0067179121964084506,,,0.016570188324170745
nonstationary_marginal,popov_ei,True,3520,303,2,2,,2.5,,,marginal_ecf_rmse,0.0027907308893130815,,,0.016570188324170745
nonstationary_marginal,popov_ei,True,3520,303,2,2,,2.5,,,w1_to_exact_reference,0.07023661625598572,,0.081454074811570729,
nonstationary_marginal,popov_ei,True,3520,404,2,2,,0.25,,,marginal_ecf_max_component_error,0.0050258798874175947,,,0.016570188324170745
nonstationary_marginal,popov_ei,True,3520,404,2,2,,0.25,,,marginal_ecf_rmse,0.0035402314299288603,,,0.016570188324170745
nonstationary_marginal,popov_ei,True,3520,404,2,2,,0.25,,,w1_to_exact_reference,0.027874706340256416,,0.03594099029173542,
nonstationary_marginal,popov_ei,True,3520,404,2,2,,0.5,,,marginal_ecf_max_component_error,0.006087727122478237,,,0.016570188324170745
nonstationary_marginal,popov_ei,True,3520,404,2,2,,0.5,,,marginal_ecf_rmse,0.0047674810321436207,,,0.016570188324170745
nonstationary_marginal,popov_ei,True,3520,404,2,2,,0.5,,,w1_to_exact_reference,0.074651946793380441,,0.083590597241871123,
nonstationary_marginal,popov_ei,True,3520,404,2,2,,1.5,,,marginal_ecf_max_component_error,0.0074359869346861196,,,0.016570188324170745
nonstationary_marginal,popov_ei,True,3520,404,2,2,,1.5,,,marginal_ecf_rmse,0.0053730241949968916,,,0.016570188324170745
nonstationary_marginal,popov_ei,True,3520,404,2,2,,1.5,,,w1_to_exact_reference,0.09700448048216212,,0.083767538827563298,
nonstationary_marginal,popov_ei,True,3520,404,2,2,,2.5,,,marginal_ecf_max_component_error,0.0056749595024880115,,,0.016570188324170745
nonstationary_marginal,popov_ei,True,3520,404,2,2,,2.5,,,marginal_ecf_rmse,0.0019104788474793508,,,0.016570188324170745
nonstationary_marginal,popov_ei,True,3520,404,2,2,,2.5,,,w1_to_exact_reference,0.30169468970925906,,0.070632798172203234,
nonstationary_marginal,popov_ei,True,3520,505,2,2,,0.25,,,marginal_ecf_max_component_error,0.0050028821314743897,,,0.016570188324170745
nonstationary_marginal,popov_ei,True,3520,505,2,2,,0.25,,,marginal_ecf_rmse,0.0027282597427088677,,,0.016570188324170745
nonstationary_marginal,popov_ei,True,3520,505,2,2,,0.25,,,w1_to_exact_reference,0.034673694112633283,,0.024508212641625799,
nonstationary_marginal,popov_ei,True,3520,505,2,2,,0.5,,,marginal_ecf_max_component_error,0.007424368574678715,,,0.016570188324170745
nonstationary_marginal,popov_ei,True,3520,505,2,2,,0.5,,,marginal_ecf_rmse,0.0013209871745934328,,,0.016570188324170745
nonstationary_marginal,popov_ei,True,3520,505,2,2,,0.5,,,w1_to_exact_reference,0.031196764372272787,,0.064330275281409333,
nonstationary_marginal,popov_ei,True,3520,505,2,2,,1.5,,,marginal_ecf_max_component_error,0.0068724734898011446,,,0.016570188324170745
nonstationary_marginal,popov_ei,True,3520,505,2,2,,1.5,,,marginal_ecf_rmse,0.0031409504990049255,,,0.016570188324170745
nonstationary_marginal,popov_ei,True,3520,505,2,2,,1.5,,,w1_to_exact_reference,0.092563245619861026,,0.097367870599180686,
nonstationary_marginal,popov_ei,True,3520,505,2,2,,2.5,,,marginal_ecf_max_component_error,0.0055373455321634278,,,0.016570188324170745
nonstationary_marginal,popov_ei,True,3520,505,2,2,,2.5,,,marginal_ecf_rmse,0.0029367722101960904,,,0.016570188324170745
nonstationary_marginal,popov_ei,True,3520,505,2,2,,2.5,,,w1_to_exact_reference,0.082179490367133373,,0.081390941879800949,
nonstationary_marginal,popov_ei,True,3520,606,2,2,,0.25,,,marginal_ecf_max_component_error,0.0032648628016522172,,,0.016570188324170745
nonstationary_marginal,popov_ei,True,3520,606,2,2,,0.25,,,marginal_ecf_rmse,0.0016654374178302065,,,0.016570188324170745
nonstationary_marginal,popov_ei,True,3520,606,2,2,,0.25,,,w1_to_exact_reference,0.041982567773372795,,0.019251663541823387,
nonstationary_marginal,popov_ei,True,3520,606,2,2,,0.5,,,marginal_ecf_max_component_error,0.0040508223551916078,,,0.016570188324170745
nonstationary_marginal,popov_ei,True,3520,606,2,2,,0.5,,,marginal_ecf_rmse,0.0021467086062500014,,,0.016570188324170745
nonstationary_marginal,popov_ei,True,3520,606,2,2,,0.5,,,w1_to_exact_reference,0.077410665823995084,,0.024044508151434787,
nonstationary_marginal,popov_ei,True,3520,606,2,2,,1.5,,,marginal_ecf_max_component_error,0.0057508427448103271,,,0.016570188324170745
nonstationary_marginal,popov_ei,True,3520,606,2,2,,1.5,,,marginal_ecf_rmse,0.0030768235378860632,,,0.016570188324170745
nonstationary_marginal,popov_ei,True,3520,606,2,2,,1.5,,,w1_to_exact_reference,0.044642411051149231,,0.11591812132196765,
nonstationary_marginal,popov_ei,True,3520,606,2,2,,2.5,,,marginal_ecf_max_component_error,0.0059395067905648469,,,0.016570188324170745
nonstationary_marginal,popov_ei,True,3520,606,2,2,,2.5,,,marginal_ecf_rmse,0.0028618985177163263,,,0.016570188324170745
nonstationary_marginal,popov_ei,True,3520,606,2,2,,2.5,,,w1_to_exact_reference,0.05013931176280103,,0.097811784347982794,
nonstationary_marginal,popov_ei,True,3520,707,2,2,,0.25,,,marginal_ecf_max_component_error,0.0037877178504492348,,,0.016570188324170745
nonstationary_marginal,popov_ei,True,3520,707,2,2,,0.25,,,marginal_ecf_rmse,0.0018706794697334159,,,0.016570188324170745
nonstationary_marginal,popov_ei,True,3520,707,2,2,,0.25,,,w1_to_exact_reference,0.02561303824229821,,0.029091327561895912,
nonstationary_marginal,popov_ei,True,3520,707,2,2,,0.5,,,marginal_ecf_max_component_error,0.005268409837698414,,,0.016570188324170745
nonstationary_marginal,popov_ei,True,3520,707,2,2,,0.5,,,marginal_ecf_rmse,0.0023787015365952292,,,0.016570188324170745
nonstationary_marginal,popov_ei,True,3520,707,2,2,,0.5,,,w1_to_exact_reference,0.085092929782783822,,0.046995423031374675,
nonstationary_marginal,popov_ei,True,3520,707,2,2,,1.5,,,marginal_ecf_max_component_error,0.0059296326065943102,,,0.016570188324170745
nonstationary_marginal,popov_ei,True,3520,707,2,2,,1.5,,,marginal_ecf_rmse,0.00384336887223625,,,0.016570188324170745
nonstationary_marginal,popov_ei,True,3520,707,2,2,,1.5,,,w1_to_exact_reference,0.71141298793198415,,0.059355211245348205,
nonstationary_marginal,popov_ei,True,3520,707,2,2,,2.5,,,marginal_ecf_max_component_error,0.0062365673290969235,,,0.016570188324170745
nonstationary_marginal,popov_ei,True,3520,707,2,2,,2.5,,,marginal_ecf_rmse,0.004177674777339711,,,0.016570188324170745
nonstationary_marginal,popov_ei,True,3520,707,2,2,,2.5,,,w1_to_exact_reference,3.5298742183061802,,0.07797362548269611,
nonstationary_marginal,popov_ei,True,3520,808,2,2,,0.25,,,marginal_ecf_max_component_error,0.0036931079025743357,,,0.016570188324170745
nonstationary_marginal,popov_ei,True,3520,808,2,2,,0.25,,,marginal_ecf_rmse,0.0019688964189740871,,,0.016570188324170745
nonstationary_marginal,popov_ei,True,3520,808,2,2,,0.25,,,w1_to_exact_reference,0.044861570609817644,,0.044223680686348375,
nonstationary_marginal,popov_ei,True,3520,808,2,2,,0.5,,,marginal_ecf_max_component_error,0.003768469309146193,,,0.016570188324170745
nonstationary_marginal,popov_ei,True,3520,808,2,2,,0.5,,,marginal_ecf_rmse,0.0018849063443891199,,,0.016570188324170745
nonstationary_marginal,popov_ei,True,3520,808,2,2,,0.5,,,w1_to_exact_reference,0.059613862201966392,,0.045454478509619235,
nonstationary_marginal,popov_ei,True,3520,808,2,2,,1.5,,,marginal_ecf_max_component_error,0.0077862366262131388,,,0.016570188324170745
nonstationary_marginal,popov_ei,True,3520,808,2,2,,1.5,,,marginal_ecf_rmse,0.005210639729276976,,,0.016570188324170745
nonstationary_marginal,popov_ei,True,3520,808,2,2,,1.5,,,w1_to_exact_reference,0.072227022211659928,,0.077548581773276809,
nonstationary_marginal,popov_ei,True,3520,808,2,2,,2.5,,,marginal_ecf_max_component_error,0.0044496726883888017,,,0.016570188324170745
nonstationary_marginal,popov_ei,True,3520,808,2,2,,2.5,,,marginal_ecf_rmse,0.0029102836211547735,,,0.016570188324170745
nonstationary_marginal,popov_ei,True,3520,808,2,2,,2.5,,,w1_to_exact_reference,0.093080803147104638,,0.052505460293655125,
nonstationary_marginal,popov_ei,True,3520,909,2,2,,0.25,,,marginal_ecf_max_component_error,0.0048008077906358249,,,0.016570188324170745
nonstationary_marginal,popov_ei,True,3520,909,2,2,,0.25,,,marginal_ecf_rmse,0.0023157279058417133,,,0.016570188324170745
nonstationary_marginal,popov_ei,True,3520,909,2,2,,0.25,,,w1_to_exact_reference,0.022710901794748189,,0.028888713049068523,
nonstationary_marginal,popov_ei,True,3520,909,2,2,,0.5,,,marginal_ecf_max_component_error,0.0035281266337578217,,,0.016570188324170745
nonstationary_marginal,popov_ei,True,3520,909,2,2,,0.5,,,marginal_ecf_rmse,0.0017275265025810942,,,0.016570188324170745
nonstationary_marginal,popov_ei,True,3520,909,2,2,,0.5,,,w1_to_exact_reference,0.054862856803944794,,0.051594288681837755,
nonstationary_marginal,popov_ei,True,3520,909,2,2,,1.5,,,marginal_ecf_max_component_error,0.0046291667843665098,,,0.016570188324170745
nonstationary_marginal,popov_ei,True,3520,909,2,2,,1.5,,,marginal_ecf_rmse,0.0026784454432691668,,,0.016570188324170745
nonstationary_marginal,popov_ei,True,3520,909,2,2,,1.5,,,w1_to_exact_reference,0.065183367667108277,,0.06913046039497453,
nonstationary_marginal,popov_ei,True,3520,909,2,2,,2.5,,,marginal_ecf_max_component_error,0.0062463883000106191,,,0.016570188324170745
nonstationary_marginal,popov_ei,True,3520,909,2,2,,2.5,,,marginal_ecf_rmse,0.0033671179297894856,,,0.016570188324170745
nonstationary_marginal,popov_ei,True,3520,909,2,2,,2.5,,,w1_to_exact_reference,0.082625781835309692,,0.073664561023130792,
stationary,exact_transition,True,0,101,0.25,0.25,0.25,,,,joint_ecf_max_component_error_to_analytic_popov,0.0028208212453886038,,,
stationary,exact_transition,True,0,101,0.25,0.25,0.25,,,,joint_ecf_rmse_to_analytic_popov,0.0017303438075641929,,,
stationary,exact_transition,True,0,101,0.25,0.25,0.25,,,,joint_probe_abs_error_to_analytic_popov,0.0022443106384646915,0.16183484716841454,,
stationary,exact_transition,True,0,101,0.25,0.25,0.25,,,,joint_probe_real,0.16300449549521745,0.16183484716841454,0.1680271560414219,
stationary,exact_transition,True,0,101,0.25,0.25,0.25,,,,marginal_ecf_max_component_error_initial,0.0022023905958992035,,,0.0082850941620853727
stationary,exact_transition,True,0,101,0.25,0.25,0.25,,,,marginal_ecf_max_component_error_terminal,0.0027114674136246505,,,0.0082850941620853727
stationary,exact_transition,True,0,101,0.25,0.25,0.25,,,,marginal_ecf_rmse_initial,0.0013891333445437862,,,0.0082850941620853727
stationary,exact_transition,True,0,101,0.25,0.25,0.25,,,,marginal_ecf_rmse_terminal,0.0015283125056619531,,,0.0082850941620853727
stationary,exact_transition,True,0,101,0.25,0.25,0.5,,,,joint_ecf_max_component_error_to_analytic_popov,0.0034477090533582373,,,
stationary,exact_transition,True,0,101,0.25,0.25,0.5,,,,joint_ecf_rmse_to_analytic_popov,0.0016111665881095368,,,
stationary,exact_transition,True,0,101,0.25,0.25,0.5,,,,joint_probe_abs_error_to_analytic_popov,0.002789880662452109,0.16435795444931717,,
stationary,exact_transition,True,0,101,0.25,0.25,0.5,,,,joint_probe_real,0.16485612848489523,0.16435795444931717,0.17635424834318841,
stationary,exact_transition,True,0,101,0.25,0.25,0.5,,,,marginal_ecf_max_component_error_initial,0.003005191939843381,,,0.0082850941620853727
stationary,exact_transition,True,0,101,0.25,0.25,0.5,,,,marginal_ecf_max_component_error_terminal,0.0022725077040433002,,,0.0082850941620853727
stationary,exact_transition,True,0,101,0.25,0.25,0.5,,,,marginal_ecf_rmse_initial,0.0016426175468542417,,,0.0082850941620853727
stationary,exact_transition,True,0,101,0.25,0.25,0.5,,,,marginal_ecf_rmse_terminal,0.0011262564472748666,,,0.0082850941620853727
stationary,exact_transition,True,0,101,0.25,0.25,1,,,,joint_ecf_max_component_error_to_analytic_popov,0.0031626779810718158,,,
stationary,exact_transition,True,0,101,0.25,0.25,1,,,,joint_ecf_rmse_to_analytic_popov,0.0014026769632461235,,,
stationary,exact_transition,True,0,101,0.25,0.25,1,,,,joint_probe_abs_error_to_analytic_popov,0.00023609384427287591,0.16929251064426912,,
stationary,exact_transition,True,0,101,0.25,0.25,1,,,,joint_probe_real,0.16952856825347368,0.16929251064426912,0.19160609663959446,
stationary,exact_transition,True,0,101,0.25,0.25,1,,,,marginal_ecf_max_component_error_initial,0.0020537265755743339,,,0.0082850941620853727
stationary,exact_transition,True,0,101,0.25,0.25,1,,,,marginal_ecf_max_component_error_terminal,0.0040381479404924033,,,0.0082850941620853727
stationary,exact_transition,True,0,101,0.25,0.25,1,,,,marginal_ecf_rmse_initial,0.00076128283442710766,,,0.0082850941620853727
stationary,exact_transition,True,0,101,0.25,0.25,1,,,,marginal_ecf_rmse_terminal,0.0013253885538588603,,,0.0082850941620853727
stationary,exact_transition,True,0,1010,0.25,0.25,0.25,,,,joint_ecf_max_component_error_to_analytic_popov,0.0040379185140459609,,,
stationary,exact_transition,True,0,1010,0.25,0.25,0.25,,,,joint_ecf_rmse_to_analytic_popov,0.0016613248455529669,,,
stationary,exact_transition,True,0,1010,0.25,0.25,0.25,,,,joint_probe_abs_error_to_analytic_popov,0.0020954131551634463,0.16183484716841454,,
stationary,exact_transition,True,0,1010,0.25,0.25,0.25,,,,joint_probe_real,0.16177730719506414,0.16183484716841454,0.1680271560414219,
stationary,exact_transition,True,0,1010,0.25,0.25,0.25,,,,marginal_ecf_max_component_error_initial,0.0031566339893778156,,,0.0082850941620853727
stationary,exact_transition,True,0,1010,0.25,0.25,0.25,,,,marginal_ecf_max_component_error_terminal,0.0033773442275393519,,,0.0082850941620853727
stationary,exact_transition,True,0,1010,0.25,0.25,0.25,,,,marginal_ecf_rmse_initial,0.0014183998866105878,,,0.0082850941620853727
stationary,exact_transition,True,0,1010,0.25,0.25,0.25,,,,marginal_ecf_rmse_terminal,0.0011828356075444511,,,0.0082850941620853727
stationary,exact_transition,True,0,1010,0.25,0.25,0.5,,,,joint_ecf_max_component_error_to_analytic_popov,0.0036919956303533802,,,
stationary,exact_transition,True,0,1010,0.25,0.25,0.5,,,,joint_ecf_rmse_to_analytic_popov,0.0018687495914559108,,,
stationary,exact_transition,True,0,1010,0.25,0.25,0.5,,,,joint_probe_abs_error_to_analytic_popov,0.0024044066961549817,0.16435795444931717,,
stationary,exact_transition,True,0,1010,0.25,0.25,0.5,,,,joint_probe_real,0.16328878997470109,0.16435795444931717,0.17635424834318841,
stationary,exact_transition,True,0,1010,0.25,0.25,0.5,,,,marginal_ecf_max_component_error_initial,0.0032566392318920043,,,0.0082850941620853727
stationary,exact_transition,True,0,1010,0.25,0.25,0.5,,,,marginal_ecf_max_component_error_terminal,0.0034884276655500848,,,0.0082850941620853727
stationary,exact_transition,True,0,1010,0.25,0.25,0.5,,,,marginal_ecf_rmse_initial,0.0015909603788001239,,,0.0082850941620853727
stationary,exact_transition,True,0,1010,0.25,0.25,0.5,,,,marginal_ecf_rmse_terminal,0.0016366761759022972,,,0.0082850941620853727
stationary,exact_transition,True,0,1010,0.25,0.25,1,,,,joint_ecf_max_component_error_to_analytic_popov,0.0028207410370350711,,,
stationary,exact_transition,True,0,1010,0.25,0.25,1,,,,joint_ecf_rmse_to_analytic_popov,0.0012582476837649898,,,
stationary,exact_transition,True,0,1010,0.25,0.25,1,,,,joint_probe_abs_error_to_analytic_popov,0.0016352522951935714,0.16929251064426912,,
stationary,exact_transition,True,0,1010,0.25,0.25,1,,,,joint_probe_real,0.16934685626762946,0.16929251064426912,0.19160609663959446,
stationary,exact_transition,True,0,1010,0.25,0.25,1,,,,marginal_ecf_max_component_error_initial,0.001793926102917539,,,0.0082850941620853727
stationary,exact_transition,True,0,1010,0.25,0.25,1,,,,marginal_ecf_max_component_error_terminal,0.0021256715348534202,,,0.0082850941620853727
stationary,exact_transition,True,0,1010,0.25,0.25,1,,,,marginal_ecf_rmse_initial,0.0011806233977926033,,,0.0082850941620853727
stationary,exact_transition,True,0,1010,0.25,0.25,1,,,,marginal_ecf_rmse_terminal,0.00074864183710254611,,,0.0082850941620853727
stationary,exact_transition,True,0,1111,0.25,0.25,0.25,,,,joint_ecf_max_component_error_to_analytic_popov,0.0034852372321356158,,,
stationary,exact_transition,True,0,1111,0.25,0.25,0.25,,,,joint_ecf_rmse_to_analytic_popov,0.0015042120763633334,,,
stationary,exact_transition,True,0,1111,0.25,0.25,0.25,,,,joint_probe_abs_error_to_analytic_popov,0.00087470840673855893,0.16183484716841454,,
stationary,exact_transition,True,0,1111,0.25,0.25,0.25,,,,joint_probe_real,0.16096052858258225,0.16183484716841454,0.1680271560414219,
stationary,exact_transition,True,0,1111,0.25,0.25,0.25,,,,marginal_ecf_max_component_error_initial,0.0019577475015923177,,,0.0082850941620853727
stationary,exact_transition,True,0,1111,0.25,0.25,0.25,,,,marginal_ecf_max_component_error_terminal,0.0026311918672695151,,,0.0082850941620853727
stationary,exact_transition,True,0,1111,0.25,0.25,0.25,,,,marginal_ecf_rmse_initial,0.001123556069977777,,,0.0082850941620853727
stationary,exact_transition,True,0,1111,0.25,0.25,0.25,,,,marginal_ecf_rmse_terminal,0.0016079431295507552,,,0.0082850941620853727
stationary,exact_transition,True,0,1111,0.25,0.25,0.5,,,,joint_ecf_max_component_error_to_analytic_popov,0.0029697843391246039,,,
stationary,exact_transition,True,0,1111,0.25,0.25,0.5,,,,joint_ecf_rmse_to_analytic_popov,0.001125704910109769,,,
stationary,exact_transition,True,0,1111,0.25,0.25,0.5,,,,joint_probe_abs_error_to_analytic_popov,0.0011751886539508516,0.16435795444931717,,
stationary,exact_transition,True,0,1111,0.25,0.25,0.5,,,,joint_probe_real,0.16321842104578912,0.16435795444931717,0.17635424834318841,
stationary,exact_transition,True,0,1111,0.25,0.25,0.5,,,,marginal_ecf_max_component_error_initial,0.0024372875983917413,,,0.0082850941620853727
stationary,exact_transition,True,0,1111,0.25,0.25,0.5,,,,marginal_ecf_max_component_error_terminal,0.0020873324558849447,,,0.0082850941620853727
stationary,exact_transition,True,0,1111,0.25,0.25,0.5,,,,marginal_ecf_rmse_initial,0.00080137677052788913,,,0.0082850941620853727
stationary,exact_transition,True,0,1111,0.25,0.25,0.5,,,,marginal_ecf_rmse_terminal,0.00075188521786844452,,,0.0082850941620853727
stationary,exact_transition,True,0,1111,0.25,0.25,1,,,,joint_ecf_max_component_error_to_analytic_popov,0.0056948762296482004,,,
stationary,exact_transition,True,0,1111,0.25,0.25,1,,,,joint_ecf_rmse_to_analytic_popov,0.0027011007529778473,,,
stationary,exact_transition,True,0,1111,0.25,0.25,1,,,,joint_probe_abs_error_to_analytic_popov,0.0040116550852639776,0.16929251064426912,,
stationary,exact_transition,True,0,1111,0.25,0.25,1,,,,joint_probe_real,0.17167063365402888,0.16929251064426912,0.19160609663959446,
stationary,exact_transition,True,0,1111,0.25,0.25,1,,,,marginal_ecf_max_component_error_initial,0.0059705214417454149,,,0.0082850941620853727
stationary,exact_transition,True,0,1111,0.25,0.25,1,,,,marginal_ecf_max_component_error_terminal,0.0057174130979738601,,,0.0082850941620853727
stationary,exact_transition,True,0,1111,0.25,0.25,1,,,,marginal_ecf_rmse_initial,0.0023808117582235799,,,0.0082850941620853727
stationary,exact_transition,True,0,1111,0.25,0.25,1,,,,marginal_ecf_rmse_terminal,0.0015343089971934668,,,0.0082850941620853727
stationary,exact_transition,True,0,1212,0.25,0.25,0.25,,,,joint_ecf_max_component_error_to_analytic_popov,0.0024652308366037157,,,
stationary,exact_transition,True,0,1212,0.25,0.25,0.25,,,,joint_ecf_rmse_to_analytic_popov,0.0012288588795623145,,,
stationary,exact_transition,True,0,1212,0.25,0.25,0.25,,,,joint_probe_abs_error_to_analytic_popov,0.0016905693023139589,0.16183484716841454,,
stationary,exact_transition,True,0,1212,0.25,0.25,0.25,,,,joint_probe_real,0.16060839316158515,0.16183484716841454,0.1680271560414219,
stationary,exact_transition,True,0,1212,0.25,0.25,0.25,,,,marginal_ecf_max_component_error_initial,0.0019369462113535084,,,0.0082850941620853727
stationary,exact_transition,True,0,1212,0.25,0.25,0.25,,,,marginal_ecf_max_component_error_terminal,0.0025533282687031505,,,0.0082850941620853727
stationary,exact_transition,True,0,1212,0.25,0.25,0.25,,,,marginal_ecf_rmse_initial,0.00090905457729744982,,,0.0082850941620853727
stationary,exact_transition,True,0,1212,0.25,0.25,0.25,,,,marginal_ecf_rmse_terminal,0.00098936291131990878,,,0.0082850941620853727
stationary,exact_transition,True,0,1212,0.25,0.25,0.5,,,,joint_ecf_max_component_error_to_analytic_popov,0.004394884615837813,,,
stationary,exact_transition,True,0,1212,0.25,0.25,0.5,,,,joint_ecf_rmse_to_analytic_popov,0.0019398542117437035,,,
stationary,exact_transition,True,0,1212,0.25,0.25,0.5,,,,joint_probe_abs_error_to_analytic_popov,0.0021443755588573241,0.16435795444931717,,
stationary,exact_transition,True,0,1212,0.25,0.25,0.5,,,,joint_probe_real,0.16621735497935847,0.16435795444931717,0.17635424834318841,
stationary,exact_transition,True,0,1212,0.25,0.25,0.5,,,,marginal_ecf_max_component_error_initial,0.004385713551206134,,,0.0082850941620853727
stationary,exact_transition,True,0,1212,0.25,0.25,0.5,,,,marginal_ecf_max_component_error_terminal,0.0033793458972912749,,,0.0082850941620853727
stationary,exact_transition,True,0,1212,0.25,0.25,0.5,,,,marginal_ecf_rmse_initial,0.0012505676885976001,,,0.0082850941620853727
stationary,exact_transition,True,0,1212,0.25,0.25,0.5,,,,marginal_ecf_rmse_terminal,0.001823693578779212,,,0.0082850941620853727
stationary,exact_transition,True,0,1212,0.25,0.25,1,,,,joint_ecf_max_component_error_to_analytic_popov,0.0030403757559717814,,,
stationary,exact_transition,True,0,1212,0.25,0.25,1,,,,joint_ecf_rmse_to_analytic_popov,0.0012976412984211467,,,
stationary,exact_transition,True,0,1212,0.25,0.25,1,,,,joint_probe_abs_error_to_analytic_popov,0.001119502610236501,0.16929251064426912,,
stationary,exact_transition,True,0,1212,0.25,0.25,1,,,,joint_probe_real,0.16818377579483759,0.16929251064426912,0.19160609663959446,
stationary,exact_transition,True,0,1212,0.25,0.25,1,,,,marginal_ecf_max_component_error_initial,0.0029096196617934924,,,0.0082850941620853727
stationary,exact_transition,True,0,1212,0.25,0.25,1,,,,marginal_ecf_max_component_error_terminal,0.0017502752778306083,,,0.0082850941620853727
stationary,exact_transition,True,0,1212,0.25,0.25,1,,,,marginal_ecf_rmse_initial,0.00082949233364069074,,,0.0082850941620853727
stationary,exact_transition,True,0,1212,0.25,0.25,1,,,,marginal_ecf_rmse_terminal,0.00079301466908747779,,,0.0082850941620853727
stationary,exact_transition,True,0,202,0.25,0.25,0.25,,,,joint_ecf_max_component_error_to_analytic_popov,0.0035941650105627485,,,
stationary,exact_transition,True,0,202,0.25,0.25,0.25,,,,joint_ecf_rmse_to_analytic_popov,0.0012794421293600626,,,
stationary,exact_transition,True,0,202,0.25,0.25,0.25,,,,joint_probe_abs_error_to_analytic_popov,0.00038986474241740063,0.16183484716841454,,
stationary,exact_transition,True,0,202,0.25,0.25,0.25,,,,joint_probe_real,0.16219650563085827,0.16183484716841454,0.1680271560414219,
stationary,exact_transition,True,0,202,0.25,0.25,0.25,,,,marginal_ecf_max_component_error_initial,0.0030221672852306074,,,0.0082850941620853727
stationary,exact_transition,True,0,202,0.25,0.25,0.25,,,,marginal_ecf_max_component_error_terminal,0.0037191775834697241,,,0.0082850941620853727
stationary,exact_transition,True,0,202,0.25,0.25,0.25,,,,marginal_ecf_rmse_initial,0.0012992383176843379,,,0.0082850941620853727
stationary,exact_transition,True,0,202,0.25,0.25,0.25,,,,marginal_ecf_rmse_terminal,0.0012257114948099207,,,0.0082850941620853727
stationary,exact_transition,True,0,202,0.25,0.25,0.5,,,,joint_ecf_max_component_error_to_analytic_popov,0.003558759743224834,,,
stationary,exact_transition,True,0,202,0.25,0.25,0.5,,,,joint_ecf_rmse_to_analytic_popov,0.0014427085271230258,,,
stationary,exact_transition,True,0,202,0.25,0.25,0.5,,,,joint_probe_abs_error_to_analytic_popov,0.0012723128746430132,0.16435795444931717,,
stationary,exact_transition,True,0,202,0.25,0.25,0.5,,,,joint_probe_real,0.16559401928537656,0.16435795444931717,0.17635424834318841,
stationary,exact_transition,True,0,202,0.25,0.25,0.5,,,,marginal_ecf_max_component_error_initial,0.0023946340659099048,,,0.0082850941620853727
stationary,exact_transition,True,0,202,0.25,0.25,0.5,,,,marginal_ecf_max_component_error_terminal,0.0033410976964256068,,,0.0082850941620853727
stationary,exact_transition,True,0,202,0.25,0.25,0.5,,,,marginal_ecf_rmse_initial,0.0010354383851105251,,,0.0082850941620853727
stationary,exact_transition,True,0,202,0.25,0.25,0.5,,,,marginal_ecf_rmse_terminal,0.0012054075777819821,,,0.0082850941620853727
stationary,exact_transition,True,0,202,0.25,0.25,1,,,,joint_ecf_max_component_error_to_analytic_popov,0.0045324575433481331,,,
stationary,exact_transition,True,0,202,0.25,0.25,1,,,,joint_ecf_rmse_to_analytic_popov,0.0015298472833321912,,,
stationary,exact_transition,True,0,202,0.25,0.25,1,,,,joint_probe_abs_error_to_analytic_popov,0.0013284630642588146,0.16929251064426912,,
stationary,exact_transition,True,0,202,0.25,0.25,1,,,,joint_probe_real,0.17017449275718249,0.16929251064426912,0.19160609663959446,
stationary,exact_transition,True,0,202,0.25,0.25,1,,,,marginal_ecf_max_component_error_initial,0.0041049602087739855,,,0.0082850941620853727
stationary,exact_transition,True,0,202,0.25,0.25,1,,,,marginal_ecf_max_component_error_terminal,0.0020014304220038791,,,0.0082850941620853727
stationary,exact_transition,True,0,202,0.25,0.25,1,,,,marginal_ecf_rmse_initial,0.0013087879775225606,,,0.0082850941620853727
stationary,exact_transition,True,0,202,0.25,0.25,1,,,,marginal_ecf_rmse_terminal,0.0010566706721159794,,,0.0082850941620853727
stationary,exact_transition,True,0,303,0.25,0.25,0.25,,,,joint_ecf_max_component_error_to_analytic_popov,0.0033341658892214118,,,
stationary,exact_transition,True,0,303,0.25,0.25,0.25,,,,joint_ecf_rmse_to_analytic_popov,0.0013605130971329924,,,
stationary,exact_transition,True,0,303,0.25,0.25,0.25,,,,joint_probe_abs_error_to_analytic_popov,0.00115436497075424,0.16183484716841454,,
stationary,exact_transition,True,0,303,0.25,0.25,0.25,,,,joint_probe_real,0.16227848714747925,0.16183484716841454,0.1680271560414219,
stationary,exact_transition,True,0,303,0.25,0.25,0.25,,,,marginal_ecf_max_component_error_initial,0.0034830255289129996,,,0.0082850941620853727
stationary,exact_transition,True,0,303,0.25,0.25,0.25,,,,marginal_ecf_max_component_error_terminal,0.0018866795436153763,,,0.0082850941620853727
stationary,exact_transition,True,0,303,0.25,0.25,0.25,,,,marginal_ecf_rmse_initial,0.0010494358263448578,,,0.0082850941620853727
stationary,exact_transition,True,0,303,0.25,0.25,0.25,,,,marginal_ecf_rmse_terminal,0.0012179564110331076,,,0.0082850941620853727
stationary,exact_transition,True,0,303,0.25,0.25,0.5,,,,joint_ecf_max_component_error_to_analytic_popov,0.0027749118078039814,,,
stationary,exact_transition,True,0,303,0.25,0.25,0.5,,,,joint_ecf_rmse_to_analytic_popov,0.0015619870900050895,,,
stationary,exact_transition,True,0,303,0.25,0.25,0.5,,,,joint_probe_abs_error_to_analytic_popov,0.0023743577760343107,0.16435795444931717,,
stationary,exact_transition,True,0,303,0.25,0.25,0.5,,,,joint_probe_real,0.16575931703428251,0.16435795444931717,0.17635424834318841,
stationary,exact_transition,True,0,303,0.25,0.25,0.5,,,,marginal_ecf_max_component_error_initial,0.0025883464789993754,,,0.0082850941620853727
stationary,exact_transition,True,0,303,0.25,0.25,0.5,,,,marginal_ecf_max_component_error_terminal,0.0025585828846700878,,,0.0082850941620853727
stationary,exact_transition,True,0,303,0.25,0.25,0.5,,,,marginal_ecf_rmse_initial,0.0011904866849379808,,,0.0082850941620853727
stationary,exact_transition,True,0,303,0.25,0.25,0.5,,,,marginal_ecf_rmse_terminal,0.0013758326816226355,,,0.0082850941620853727
stationary,exact_transition,True,0,303,0.25,0.25,1,,,,joint_ecf_max_component_error_to_analytic_popov,0.0042692546667311921,,,
stationary,exact_transition,True,0,303,0.25,0.25,1,,,,joint_ecf_rmse_to_analytic_popov,0.0020943608981915198,,,
stationary,exact_transition,True,0,303,0.25,0.25,1,,,,joint_probe_abs_error_to_analytic_popov,0.0032124919506406535,0.16929251064426912,,
stationary,exact_transition,True,0,303,0.25,0.25,1,,,,joint_probe_real,0.1666998230322394,0.16929251064426912,0.19160609663959446,
stationary,exact_transition,True,0,303,0.25,0.25,1,,,,marginal_ecf_max_component_error_initial,0.0027935597554550849,,,0.0082850941620853727
stationary,exact_transition,True,0,303,0.25,0.25,1,,,,marginal_ecf_max_component_error_terminal,0.0034831940904168357,,,0.0082850941620853727
stationary,exact_transition,True,0,303,0.25,0.25,1,,,,marginal_ecf_rmse_initial,0.0016090311132128743,,,0.0082850941620853727
stationary,exact_transition,True,0,303,0.25,0.25,1,,,,marginal_ecf_rmse_terminal,0.0020940030067877298,,,0.0082850941620853727
stationary,exact_transition,True,0,404,0.25,0.25,0.25,,,,joint_ecf_max_component_error_to_analytic_popov,0.003373065849651248,,,
stationary,exact_transition,True,0,404,0.25,0.25,0.25,,,,joint_ecf_rmse_to_analytic_popov,0.0011965202075353868,,,
stationary,exact_transition,True,0,404,0.25,0.25,0.25,,,,joint_probe_abs_error_to_analytic_popov,0.0011399948538041661,0.16183484716841454,,
stationary,exact_transition,True,0,404,0.25,0.25,0.25,,,,joint_probe_real,0.1615641541035128,0.16183484716841454,0.1680271560414219,
stationary,exact_transition,True,0,404,0.25,0.25,0.25,,,,marginal_ecf_max_component_error_initial,0.0027313453913363657,,,0.0082850941620853727
stationary,exact_transition,True,0,404,0.25,0.25,0.25,,,,marginal_ecf_max_component_error_terminal,0.0018872628803069287,,,0.0082850941620853727
stationary,exact_transition,True,0,404,0.25,0.25,0.25,,,,marginal_ecf_rmse_initial,0.0011194289667076844,,,0.0082850941620853727
stationary,exact_transition,True,0,404,0.25,0.25,0.25,,,,marginal_ecf_rmse_terminal,0.00096584044570557155,,,0.0082850941620853727
stationary,exact_transition,True,0,404,0.25,0.25,0.5,,,,joint_ecf_max_component_error_to_analytic_popov,0.0033698255042612139,,,
stationary,exact_transition,True,0,404,0.25,0.25,0.5,,,,joint_ecf_rmse_to_analytic_popov,0.0016705879129536455,,,
stationary,exact_transition,True,0,404,0.25,0.25,0.5,,,,joint_probe_abs_error_to_analytic_popov,0.0011228098761350736,0.16435795444931717,,
stationary,exact_transition,True,0,404,0.25,0.25,0.5,,,,joint_probe_real,0.164148183863778,0.16435795444931717,0.17635424834318841,
stationary,exact_transition,True,0,404,0.25,0.25,0.5,,,,marginal_ecf_max_component_error_initial,0.003138274483934219,,,0.0082850941620853727
stationary,exact_transition,True,0,404,0.25,0.25,0.5,,,,marginal_ecf_max_component_error_terminal,0.0032318326287126688,,,0.0082850941620853727
stationary,exact_transition,True,0,404,0.25,0.25,0.5,,,,marginal_ecf_rmse_initial,0.0015388508439078323,,,0.0082850941620853727
stationary,exact_transition,True,0,404,0.25,0.25,0.5,,,,marginal_ecf_rmse_terminal,0.0014611583806190089,,,0.0082850941620853727
stationary,exact_transition,True,0,404,0.25,0.25,1,,,,joint_ecf_max_component_error_to_analytic_popov,0.003645239190528051,,,
stationary,exact_transition,True,0,404,0.25,0.25,1,,,,joint_ecf_rmse_to_analytic_popov,0.0017700990429689821,,,
stationary,exact_transition,True,0,404,0.25,0.25,1,,,,joint_probe_abs_error_to_analytic_popov,0.0016561332907775832,0.16929251064426912,,
stationary,exact_transition,True,0,404,0.25,0.25,1,,,,joint_probe_real,0.16763752318442365,0.16929251064426912,0.19160609663959446,
stationary,exact_transition,True,0,404,0.25,0.25,1,,,,marginal_ecf_max_component_error_initial,0.0037073874505057103,,,0.0082850941620853727
stationary,exact_transition,True,0,404,0.25,0.25,1,,,,marginal_ecf_max_component_error_terminal,0.0025793595688796125,,,0.0082850941620853727
stationary,exact_transition,True,0,404,0.25,0.25,1,,,,marginal_ecf_rmse_initial,0.0016436623816355337,,,0.0082850941620853727
stationary,exact_transition,True,0,404,0.25,0.25,1,,,,marginal_ecf_rmse_terminal,0.0012515659415334361,,,0.0082850941620853727
stationary,exact_transition,True,0,505,0.25,0.25,0.25,,,,joint_ecf_max_component_error_to_analytic_popov,0.0028720339364502199,,,
stationary,exact_transition,True,0,505,0.25,0.25,0.25,,,,joint_ecf_rmse_to_analytic_popov,0.0015101993139207603,,,
stationary,exact_transition,True,0,505,0.25,0.25,0.25,,,,joint_probe_abs_error_to_analytic_popov,0.0015749630396053478,0.16183484716841454,,
stationary,exact_transition,True,0,505,0.25,0.25,0.25,,,,joint_probe_real,0.16201144481200766,0.16183484716841454,0.1680271560414219,
stationary,exact_transition,True,0,505,0.25,0.25,0.25,,,,marginal_ecf_max_component_error_initial,0.0025343593949752777,,,0.0082850941620853727
stationary,exact_transition,True,0,505,0.25,0.25,0.25,,,,marginal_ecf_max_component_error_terminal,0.0031007178415211512,,,0.0082850941620853727
stationary,exact_transition,True,0,505,0.25,0.25,0.25,,,,marginal_ecf_rmse_initial,0.00095296722197574864,,,0.0082850941620853727
stationary,exact_transition,True,0,505,0.25,0.25,0.25,,,,marginal_ecf_rmse_terminal,0.0013388407726410956,,,0.0082850941620853727
stationary,exact_transition,True,0,505,0.25,0.25,0.5,,,,joint_ecf_max_component_error_to_analytic_popov,0.0031816138012750648,,,
stationary,exact_transition,True,0,505,0.25,0.25,0.5,,,,joint_ecf_rmse_to_analytic_popov,0.0016153948278404269,,,
stationary,exact_transition,True,0,505,0.25,0.25,0.5,,,,joint_probe_abs_error_to_analytic_popov,0.0021169535038275638,0.16435795444931717,,
stationary,exact_transition,True,0,505,0.25,0.25,0.5,,,,joint_probe_real,0.16436775676826201,0.16435795444931717,0.17635424834318841,
stationary,exact_transition,True,0,505,0.25,0.25,0.5,,,,marginal_ecf_max_component_error_initial,0.0034722850616113431,,,0.0082850941620853727
stationary,exact_transition,True,0,505,0.25,0.25,0.5,,,,marginal_ecf_max_component_error_terminal,0.0029981901433875861,,,0.0082850941620853727
stationary,exact_transition,True,0,505,0.25,0.25,0.5,,,,marginal_ecf_rmse_initial,0.0012697533045825018,,,0.0082850941620853727
stationary,exact_transition,True,0,505,0.25,0.25,0.5,,,,marginal_ecf_rmse_terminal,0.0013506943433540151,,,0.0082850941620853727
stationary,exact_transition,True,0,505,0.25,0.25,1,,,,joint_ecf_max_component_error_to_analytic_popov,0.0039438523352103684,,,
stationary,exact_transition,True,0,505,0.25,0.25,1,,,,joint_ecf_rmse_to_analytic_popov,0.0028378560034996825,,,
stationary,exact_transition,True,0,505,0.25,0.25,1,,,,joint_probe_abs_error_to_analytic_popov,0.0026680080776387448,0.16929251064426912,,
stationary,exact_transition,True,0,505,0.25,0.25,1,,,,joint_probe_real,0.16761744219830832,0.16929251064426912,0.19160609663959446,
stationary,exact_transition,True,0,505,0.25,0.25,1,,,,marginal_ecf_max_component_error_initial,0.0038504986660517389,,,0.0082850941620853727
stationary,exact_transition,True,0,505,0.25,0.25,1,,,,marginal_ecf_max_component_error_terminal,0.0037981424761801938,,,0.0082850941620853727
stationary,exact_transition,True,0,505,0.25,0.25,1,,,,marginal_ecf_rmse_initial,0.0029702918392566684,,,0.0082850941620853727
stationary,exact_transition,True,0,505,0.25,0.25,1,,,,marginal_ecf_rmse_terminal,0.0030216872512787113,,,0.0082850941620853727
stationary,exact_transition,True,0,606,0.25,0.25,0.25,,,,joint_ecf_max_component_error_to_analytic_popov,0.0022305725748639677,,,
stationary,exact_transition,True,0,606,0.25,0.25,0.25,,,,joint_ecf_rmse_to_analytic_popov,0.0011077523380539555,,,
stationary,exact_transition,True,0,606,0.25,0.25,0.25,,,,joint_probe_abs_error_to_analytic_popov,0.0011930863893459842,0.16183484716841454,,
stationary,exact_transition,True,0,606,0.25,0.25,0.25,,,,joint_probe_real,0.16302666536904889,0.16183484716841454,0.1680271560414219,
stationary,exact_transition,True,0,606,0.25,0.25,0.25,,,,marginal_ecf_max_component_error_initial,0.0022173975229119753,,,0.0082850941620853727
stationary,exact_transition,True,0,606,0.25,0.25,0.25,,,,marginal_ecf_max_component_error_terminal,0.0028890475315519397,,,0.0082850941620853727
stationary,exact_transition,True,0,606,0.25,0.25,0.25,,,,marginal_ecf_rmse_initial,0.00085837947416218135,,,0.0082850941620853727
stationary,exact_transition,True,0,606,0.25,0.25,0.25,,,,marginal_ecf_rmse_terminal,0.00096290358642986981,,,0.0082850941620853727
stationary,exact_transition,True,0,606,0.25,0.25,0.5,,,,joint_ecf_max_component_error_to_analytic_popov,0.0029591064581950821,,,
stationary,exact_transition,True,0,606,0.25,0.25,0.5,,,,joint_ecf_rmse_to_analytic_popov,0.0013251384813783257,,,
stationary,exact_transition,True,0,606,0.25,0.25,0.5,,,,joint_probe_abs_error_to_analytic_popov,0.0022123830283048629,0.16435795444931717,,
stationary,exact_transition,True,0,606,0.25,0.25,0.5,,,,joint_probe_real,0.16656992387071054,0.16435795444931717,0.17635424834318841,
stationary,exact_transition,True,0,606,0.25,0.25,0.5,,,,marginal_ecf_max_component_error_initial,0.0025221206458356208,,,0.0082850941620853727
stationary,exact_transition,True,0,606,0.25,0.25,0.5,,,,marginal_ecf_max_component_error_terminal,0.0033212544806775265,,,0.0082850941620853727
stationary,exact_transition,True,0,606,0.25,0.25,0.5,,,,marginal_ecf_rmse_initial,0.00083585551780834312,,,0.0082850941620853727
stationary,exact_transition,True,0,606,0.25,0.25,0.5,,,,marginal_ecf_rmse_terminal,0.0013300346900545483,,,0.0082850941620853727
stationary,exact_transition,True,0,606,0.25,0.25,1,,,,joint_ecf_max_component_error_to_analytic_popov,0.0033346983100817074,,,
stationary,exact_transition,True,0,606,0.25,0.25,1,,,,joint_ecf_rmse_to_analytic_popov,0.0021493651280840497,,,
stationary,exact_transition,True,0,606,0.25,0.25,1,,,,joint_probe_abs_error_to_analytic_popov,0.0024065243741955779,0.16929251064426912,,
stationary,exact_transition,True,0,606,0.25,0.25,1,,,,joint_probe_real,0.16694067960477105,0.16929251064426912,0.19160609663959446,
stationary,exact_transition,True,0,606,0.25,0.25,1,,,,marginal_ecf_max_component_error_initial,0.0025837730187839858,,,0.0082850941620853727
stationary,exact_transition,True,0,606,0.25,0.25,1,,,,marginal_ecf_max_component_error_terminal,0.0032474760353547738,,,0.0082850941620853727
stationary,exact_transition,True,0,606,0.25,0.25,1,,,,marginal_ecf_rmse_initial,0.0017381457176713837,,,0.0082850941620853727
stationary,exact_transition,True,0,606,0.25,0.25,1,,,,marginal_ecf_rmse_terminal,0.0020730927591633909,,,0.0082850941620853727
stationary,exact_transition,True,0,707,0.25,0.25,0.25,,,,joint_ecf_max_component_error_to_analytic_popov,0.0022648247350436986,,,
stationary,exact_transition,True,0,707,0.25,0.25,0.25,,,,joint_ecf_rmse_to_analytic_popov,0.0010096131706041009,,,
stationary,exact_transition,True,0,707,0.25,0.25,0.25,,,,joint_probe_abs_error_to_analytic_popov,0.0011620296877474534,0.16183484716841454,,
stationary,exact_transition,True,0,707,0.25,0.25,0.25,,,,joint_probe_real,0.16120625169595756,0.16183484716841454,0.1680271560414219,
stationary,exact_transition,True,0,707,0.25,0.25,0.25,,,,marginal_ecf_max_component_error_initial,0.0025854671307548268,,,0.0082850941620853727
stationary,exact_transition,True,0,707,0.25,0.25,0.25,,,,marginal_ecf_max_component_error_terminal,0.0023139366537422521,,,0.0082850941620853727
stationary,exact_transition,True,0,707,0.25,0.25,0.25,,,,marginal_ecf_rmse_initial,0.00090156702137935178,,,0.0082850941620853727
stationary,exact_transition,True,0,707,0.25,0.25,0.25,,,,marginal_ecf_rmse_terminal,0.0011091919455885292,,,0.0082850941620853727
stationary,exact_transition,True,0,707,0.25,0.25,0.5,,,,joint_ecf_max_component_error_to_analytic_popov,0.0027517836209114376,,,
stationary,exact_transition,True,0,707,0.25,0.25,0.5,,,,joint_ecf_rmse_to_analytic_popov,0.00097726420578516521,,,
stationary,exact_transition,True,0,707,0.25,0.25,0.5,,,,joint_probe_abs_error_to_analytic_popov,0.001254076628077274,0.16435795444931717,,
stationary,exact_transition,True,0,707,0.25,0.25,0.5,,,,joint_probe_real,0.16404464544985067,0.16435795444931717,0.17635424834318841,
stationary,exact_transition,True,0,707,0.25,0.25,0.5,,,,marginal_ecf_max_component_error_initial,0.0031294231219936783,,,0.0082850941620853727
stationary,exact_transition,True,0,707,0.25,0.25,0.5,,,,marginal_ecf_max_component_error_terminal,0.0022678094127442836,,,0.0082850941620853727
stationary,exact_transition,True,0,707,0.25,0.25,0.5,,,,marginal_ecf_rmse_initial,0.00061919392273619288,,,0.0082850941620853727
stationary,exact_transition,True,0,707,0.25,0.25,0.5,,,,marginal_ecf_rmse_terminal,0.00089153497543739224,,,0.0082850941620853727
stationary,exact_transition,True,0,707,0.25,0.25,1,,,,joint_ecf_max_component_error_to_analytic_popov,0.0030809491291427181,,,
stationary,exact_transition,True,0,707,0.25,0.25,1,,,,joint_ecf_rmse_to_analytic_popov,0.0013597912503168609,,,
stationary,exact_transition,True,0,707,0.25,0.25,1,,,,joint_probe_abs_error_to_analytic_popov,0.0010635730722846695,0.16929251064426912,,
stationary,exact_transition,True,0,707,0.25,0.25,1,,,,joint_probe_real,0.16911964504326923,0.16929251064426912,0.19160609663959446,
stationary,exact_transition,True,0,707,0.25,0.25,1,,,,marginal_ecf_max_component_error_initial,0.0021347221407150875,,,0.0082850941620853727
stationary,exact_transition,True,0,707,0.25,0.25,1,,,,marginal_ecf_max_component_error_terminal,0.0023810407032309293,,,0.0082850941620853727
stationary,exact_transition,True,0,707,0.25,0.25,1,,,,marginal_ecf_rmse_initial,0.001309037602614651,,,0.0082850941620853727
stationary,exact_transition,True,0,707,0.25,0.25,1,,,,marginal_ecf_rmse_terminal,0.0011771448223580508,,,0.0082850941620853727
stationary,exact_transition,True,0,808,0.25,0.25,0.25,,,,joint_ecf_max_component_error_to_analytic_popov,0.0035080467872275478,,,
stationary,exact_transition,True,0,808,0.25,0.25,0.25,,,,joint_ecf_rmse_to_analytic_popov,0.0023539731887197201,,,
stationary,exact_transition,True,0,808,0.25,0.25,0.25,,,,joint_probe_abs_error_to_analytic_popov,0.0033433727325304185,0.16183484716841454,,
stationary,exact_transition,True,0,808,0.25,0.25,0.25,,,,joint_probe_real,0.15870447479476005,0.16183484716841454,0.1680271560414219,
stationary,exact_transition,True,0,808,0.25,0.25,0.25,,,,marginal_ecf_max_component_error_initial,0.0029240380668896504,,,0.0082850941620853727
stationary,exact_transition,True,0,808,0.25,0.25,0.25,,,,marginal_ecf_max_component_error_terminal,0.003651008055939345,,,0.0082850941620853727
stationary,exact_transition,True,0,808,0.25,0.25,0.25,,,,marginal_ecf_rmse_initial,0.0020334119050524372,,,0.0082850941620853727
stationary,exact_transition,True,0,808,0.25,0.25,0.25,,,,marginal_ecf_rmse_terminal,0.0023513370866083965,,,0.0082850941620853727
stationary,exact_transition,True,0,808,0.25,0.25,0.5,,,,joint_ecf_max_component_error_to_analytic_popov,0.0041819971751680656,,,
stationary,exact_transition,True,0,808,0.25,0.25,0.5,,,,joint_ecf_rmse_to_analytic_popov,0.0020049431206609529,,,
stationary,exact_transition,True,0,808,0.25,0.25,0.5,,,,joint_probe_abs_error_to_analytic_popov,0.0033054445057407729,0.16435795444931717,,
stationary,exact_transition,True,0,808,0.25,0.25,0.5,,,,joint_probe_real,0.16462665031316168,0.16435795444931717,0.17635424834318841,
stationary,exact_transition,True,0,808,0.25,0.25,0.5,,,,marginal_ecf_max_component_error_initial,0.0039452396502400334,,,0.0082850941620853727
stationary,exact_transition,True,0,808,0.25,0.25,0.5,,,,marginal_ecf_max_component_error_terminal,0.002583856522964321,,,0.0082850941620853727
stationary,exact_transition,True,0,808,0.25,0.25,0.5,,,,marginal_ecf_rmse_initial,0.0020165747044968191,,,0.0082850941620853727
stationary,exact_transition,True,0,808,0.25,0.25,0.5,,,,marginal_ecf_rmse_terminal,0.0016297709013482801,,,0.0082850941620853727
stationary,exact_transition,True,0,808,0.25,0.25,1,,,,joint_ecf_max_component_error_to_analytic_popov,0.0042463481382674084,,,
stationary,exact_transition,True,0,808,0.25,0.25,1,,,,joint_ecf_rmse_to_analytic_popov,0.0019728024343485156,,,
stationary,exact_transition,True,0,808,0.25,0.25,1,,,,joint_probe_abs_error_to_analytic_popov,0.0006023710601079904,0.16929251064426912,,
stationary,exact_transition,True,0,808,0.25,0.25,1,,,,joint_probe_real,0.16915147306599987,0.16929251064426912,0.19160609663959446,
stationary,exact_transition,True,0,808,0.25,0.25,1,,,,marginal_ecf_max_component_error_initial,0.0022404112717172575,,,0.0082850941620853727
stationary,exact_transition,True,0,808,0.25,0.25,1,,,,marginal_ecf_max_component_error_terminal,0.0031023176264527996,,,0.0082850941620853727
stationary,exact_transition,True,0,808,0.25,0.25,1,,,,marginal_ecf_rmse_initial,0.0016922621930122112,,,0.0082850941620853727
stationary,exact_transition,True,0,808,0.25,0.25,1,,,,marginal_ecf_rmse_terminal,0.0020274861349349133,,,0.0082850941620853727
stationary,exact_transition,True,0,909,0.25,0.25,0.25,,,,joint_ecf_max_component_error_to_analytic_popov,0.0038662535359333672,,,
stationary,exact_transition,True,0,909,0.25,0.25,0.25,,,,joint_ecf_rmse_to_analytic_popov,0.0017590125589013119,,,
stationary,exact_transition,True,0,909,0.25,0.25,0.25,,,,joint_probe_abs_error_to_analytic_popov,0.0025870957696678873,0.16183484716841454,,
stationary,exact_transition,True,0,909,0.25,0.25,0.25,,,,joint_probe_real,0.15967225509118832,0.16183484716841454,0.1680271560414219,
stationary,exact_transition,True,0,909,0.25,0.25,0.25,,,,marginal_ecf_max_component_error_initial,0.0032352071139191696,,,0.0082850941620853727
stationary,exact_transition,True,0,909,0.25,0.25,0.25,,,,marginal_ecf_max_component_error_terminal,0.0038734184704542346,,,0.0082850941620853727
stationary,exact_transition,True,0,909,0.25,0.25,0.25,,,,marginal_ecf_rmse_initial,0.0013548313926164957,,,0.0082850941620853727
stationary,exact_transition,True,0,909,0.25,0.25,0.25,,,,marginal_ecf_rmse_terminal,0.0015232567677720163,,,0.0082850941620853727
stationary,exact_transition,True,0,909,0.25,0.25,0.5,,,,joint_ecf_max_component_error_to_analytic_popov,0.0028499974229546097,,,
stationary,exact_transition,True,0,909,0.25,0.25,0.5,,,,joint_ecf_rmse_to_analytic_popov,0.0011719129479794493,,,
stationary,exact_transition,True,0,909,0.25,0.25,0.5,,,,joint_probe_abs_error_to_analytic_popov,0.0013093948302890202,0.16435795444931717,,
stationary,exact_transition,True,0,909,0.25,0.25,0.5,,,,joint_probe_real,0.16521586185205495,0.16435795444931717,0.17635424834318841,
stationary,exact_transition,True,0,909,0.25,0.25,0.5,,,,marginal_ecf_max_component_error_initial,0.0026796067380596505,,,0.0082850941620853727
stationary,exact_transition,True,0,909,0.25,0.25,0.5,,,,marginal_ecf_max_component_error_terminal,0.0029915013133633333,,,0.0082850941620853727
stationary,exact_transition,True,0,909,0.25,0.25,0.5,,,,marginal_ecf_rmse_initial,0.00090485941425244207,,,0.0082850941620853727
stationary,exact_transition,True,0,909,0.25,0.25,0.5,,,,marginal_ecf_rmse_terminal,0.00077005209596545967,,,0.0082850941620853727
stationary,exact_transition,True,0,909,0.25,0.25,1,,,,joint_ecf_max_component_error_to_analytic_popov,0.0031387652636446,,,
stationary,exact_transition,True,0,909,0.25,0.25,1,,,,joint_ecf_rmse_to_analytic_popov,0.0014785380102342897,,,
stationary,exact_transition,True,0,909,0.25,0.25,1,,,,joint_probe_abs_error_to_analytic_popov,0.0014226104135085403,0.16929251064426912,,
stationary,exact_transition,True,0,909,0.25,0.25,1,,,,joint_probe_real,0.1703679472161847,0.16929251064426912,0.19160609663959446,
stationary,exact_transition,True,0,909,0.25,0.25,1,,,,marginal_ecf_max_component_error_initial,0.0030080459747465209,,,0.0082850941620853727
stationary,exact_transition,True,0,909,0.25,0.25,1,,,,marginal_ecf_max_component_error_terminal,0.0029849509980187285,,,0.0082850941620853727
stationary,exact_transition,True,0,909,0.25,0.25,1,,,,marginal_ecf_rmse_initial,0.0014450352208133278,,,0.0082850941620853727
stationary,exact_transition,True,0,909,0.25,0.25,1,,,,marginal_ecf_rmse_terminal,0.0012867006578749104,,,0.0082850941620853727
stationary,exact_transition,True,0,101,0.5,0.5,0.25,,,,joint_ecf_max_component_error_to_analytic_popov,0.002879090544280284,,,
stationary,exact_transition,True,0,101,0.5,0.5,0.25,,,,joint_ecf_rmse_to_analytic_popov,0.0017041822221204712,,,
stationary,exact_transition,True,0,101,0.5,0.5,0.25,,,,joint_probe_abs_error_to_analytic_popov,0.0024234551797492265,0.16435795444931717,,
stationary,exact_transition,True,0,101,0.5,0.5,0.25,,,,joint_probe_real,0.16581777631121605,0.16435795444931717,0.1680271560414219,
stationary,exact_transition,True,0,101,0.5,0.5,0.25,,,,marginal_ecf_max_component_error_initial,0.0022023905958992035,,,0.0082850941620853727
stationary,exact_transition,True,0,101,0.5,0.5,0.25,,,,marginal_ecf_max_component_error_terminal,0.0025933385154873262,,,0.0082850941620853727
stationary,exact_transition,True,0,101,0.5,0.5,0.25,,,,marginal_ecf_rmse_initial,0.0013891333445437862,,,0.0082850941620853727
stationary,exact_transition,True,0,101,0.5,0.5,0.25,,,,marginal_ecf_rmse_terminal,0.001485042267589858,,,0.0082850941620853727
stationary,exact_transition,True,0,101,0.5,0.5,0.5,,,,joint_ecf_max_component_error_to_analytic_popov,0.0033309960002374352,,,
stationary,exact_transition,True,0,101,0.5,0.5,0.5,,,,joint_ecf_rmse_to_analytic_popov,0.0015556312447665356,,,
stationary,exact_transition,True,0,101,0.5,0.5,0.5,,,,joint_probe_abs_error_to_analytic_popov,0.0028773783326681542,0.16929251064426912,,
stationary,exact_transition,True,0,101,0.5,0.5,0.5,,,,joint_probe_real,0.16997238724949826,0.16929251064426912,0.17635424834318841,
stationary,exact_transition,True,0,101,0.5,0.5,0.5,,,,marginal_ecf_max_component_error_initial,0.003005191939843381,,,0.0082850941620853727
stationary,exact_transition,True,0,101,0.5,0.5,0.5,,,,marginal_ecf_max_component_error_terminal,0.0023430938483858113,,,0.0082850941620853727
stationary,exact_transition,True,0,101,0.5,0.5,0.5,,,,marginal_ecf_rmse_initial,0.0016426175468542417,,,0.0082850941620853727
stationary,exact_transition,True,0,101,0.5,0.5,0.5,,,,marginal_ecf_rmse_terminal,0.00078832576351157925,,,0.0082850941620853727
stationary,exact_transition,True,0,101,0.5,0.5,1,,,,joint_ecf_max_component_error_to_analytic_popov,0.0036710020750863851,,,
stationary,exact_transition,True,0,101,0.5,0.5,1,,,,joint_ecf_rmse_to_analytic_popov,0.0014095351624316746,,,
stationary,exact_transition,True,0,101,0.5,0.5,1,,,,joint_probe_abs_error_to_analytic_popov,0.00039823769064543528,0.17869078267745503,,
stationary,exact_transition,True,0,101,0.5,0.5,1,,,,joint_probe_real,0.17878739061140597,0.17869078267745503,0.19160609663959446,
stationary,exact_transition,True,0,101,0.5,0.5,1,,,,marginal_ecf_max_component_error_initial,0.0020537265755743339,,,0.0082850941620853727
stationary,exact_transition,True,0,101,0.5,0.5,1,,,,marginal_ecf_max_component_error_terminal,0.0025098171423253773,,,0.0082850941620853727
stationary,exact_transition,True,0,101,0.5,0.5,1,,,,marginal_ecf_rmse_initial,0.00076128283442710766,,,0.0082850941620853727
stationary,exact_transition,True,0,101,0.5,0.5,1,,,,marginal_ecf_rmse_terminal,0.0013971991415704127,,,0.0082850941620853727
stationary,exact_transition,True,0,1010,0.5,0.5,0.25,,,,joint_ecf_max_component_error_to_analytic_popov,0.003947218141817318,,,
stationary,exact_transition,True,0,1010,0.5,0.5,0.25,,,,joint_ecf_rmse_to_analytic_popov,0.0017167229577440871,,,
stationary,exact_transition,True,0,1010,0.5,0.5,0.25,,,,joint_probe_abs_error_to_analytic_popov,0.0022682054130964665,0.16435795444931717,,
stationary,exact_transition,True,0,1010,0.5,0.5,0.25,,,,joint_probe_real,0.16398892858404726,0.16435795444931717,0.1680271560414219,
stationary,exact_transition,True,0,1010,0.5,0.5,0.25,,,,marginal_ecf_max_component_error_initial,0.0031566339893778156,,,0.0082850941620853727
stationary,exact_transition,True,0,1010,0.5,0.5,0.25,,,,marginal_ecf_max_component_error_terminal,0.0030739894137517126,,,0.0082850941620853727
stationary,exact_transition,True,0,1010,0.5,0.5,0.25,,,,marginal_ecf_rmse_initial,0.0014183998866105878,,,0.0082850941620853727
stationary,exact_transition,True,0,1010,0.5,0.5,0.25,,,,marginal_ecf_rmse_terminal,0.0012655496962366286,,,0.0082850941620853727
stationary,exact_transition,True,0,1010,0.5,0.5,0.5,,,,joint_ecf_max_component_error_to_analytic_popov,0.0037046879391378512,,,
stationary,exact_transition,True,0,1010,0.5,0.5,0.5,,,,joint_ecf_rmse_to_analytic_popov,0.0018519827334005476,,,
stationary,exact_transition,True,0,1010,0.5,0.5,0.5,,,,joint_probe_abs_error_to_analytic_popov,0.0019931401735524654,0.16929251064426912,,
stationary,exact_transition,True,0,1010,0.5,0.5,0.5,,,,joint_probe_real,0.16879890684792087,0.16929251064426912,0.17635424834318841,
stationary,exact_transition,True,0,1010,0.5,0.5,0.5,,,,marginal_ecf_max_component_error_initial,0.0032566392318920043,,,0.0082850941620853727
stationary,exact_transition,True,0,1010,0.5,0.5,0.5,,,,marginal_ecf_max_component_error_terminal,0.0039915287638246037,,,0.0082850941620853727
stationary,exact_transition,True,0,1010,0.5,0.5,0.5,,,,marginal_ecf_rmse_initial,0.0015909603788001239,,,0.0082850941620853727
stationary,exact_transition,True,0,1010,0.5,0.5,0.5,,,,marginal_ecf_rmse_terminal,0.0013515311867003112,,,0.0082850941620853727
stationary,exact_transition,True,0,1010,0.5,0.5,1,,,,joint_ecf_max_component_error_to_analytic_popov,0.0033394984276777172,,,
stationary,exact_transition,True,0,1010,0.5,0.5,1,,,,joint_ecf_rmse_to_analytic_popov,0.0014209951156082263,,,
stationary,exact_transition,True,0,1010,0.5,0.5,1,,,,joint_probe_abs_error_to_analytic_popov,0.0012291330178594501,0.17869078267745503,,
stationary,exact_transition,True,0,1010,0.5,0.5,1,,,,joint_probe_real,0.17859648440491754,0.17869078267745503,0.19160609663959446,
stationary,exact_transition,True,0,1010,0.5,0.5,1,,,,marginal_ecf_max_component_error_initial,0.001793926102917539,,,0.0082850941620853727
stationary,exact_transition,True,0,1010,0.5,0.5,1,,,,marginal_ecf_max_component_error_terminal,0.0030137665178112381,,,0.0082850941620853727
stationary,exact_transition,True,0,1010,0.5,0.5,1,,,,marginal_ecf_rmse_initial,0.0011806233977926033,,,0.0082850941620853727
stationary,exact_transition,True,0,1010,0.5,0.5,1,,,,marginal_ecf_rmse_terminal,0.0013199848213154813,,,0.0082850941620853727
stationary,exact_transition,True,0,1111,0.5,0.5,0.25,,,,joint_ecf_max_component_error_to_analytic_popov,0.0035843460051736883,,,
stationary,exact_transition,True,0,1111,0.5,0.5,0.25,,,,joint_ecf_rmse_to_analytic_popov,0.0016245786595335816,,,
stationary,exact_transition,True,0,1111,0.5,0.5,0.25,,,,joint_probe_abs_error_to_analytic_popov,0.00084618935466997385,0.16435795444931717,,
stationary,exact_transition,True,0,1111,0.5,0.5,0.25,,,,joint_probe_real,0.16360214367219822,0.16435795444931717,0.1680271560414219,
stationary,exact_transition,True,0,1111,0.5,0.5,0.25,,,,marginal_ecf_max_component_error_initial,0.0019577475015923177,,,0.0082850941620853727
stationary,exact_transition,True,0,1111,0.5,0.5,0.25,,,,marginal_ecf_max_component_error_terminal,0.002983369155507818,,,0.0082850941620853727
stationary,exact_transition,True,0,1111,0.5,0.5,0.25,,,,marginal_ecf_rmse_initial,0.001123556069977777,,,0.0082850941620853727
stationary,exact_transition,True,0,1111,0.5,0.5,0.25,,,,marginal_ecf_rmse_terminal,0.0016951074461735438,,,0.0082850941620853727
stationary,exact_transition,True,0,1111,0.5,0.5,0.5,,,,joint_ecf_max_component_error_to_analytic_popov,0.0028831861036275734,,,
stationary,exact_transition,True,0,1111,0.5,0.5,0.5,,,,joint_ecf_rmse_to_analytic_popov,0.0011439661495551367,,,
stationary,exact_transition,True,0,1111,0.5,0.5,0.5,,,,joint_probe_abs_error_to_analytic_popov,0.00088872275663075609,0.16929251064426912,,
stationary,exact_transition,True,0,1111,0.5,0.5,0.5,,,,joint_probe_real,0.16840991351396506,0.16929251064426912,0.17635424834318841,
stationary,exact_transition,True,0,1111,0.5,0.5,0.5,,,,marginal_ecf_max_component_error_initial,0.0024372875983917413,,,0.0082850941620853727
stationary,exact_transition,True,0,1111,0.5,0.5,0.5,,,,marginal_ecf_max_component_error_terminal,0.0024515020672605759,,,0.0082850941620853727
stationary,exact_transition,True,0,1111,0.5,0.5,0.5,,,,marginal_ecf_rmse_initial,0.00080137677052788913,,,0.0082850941620853727
stationary,exact_transition,True,0,1111,0.5,0.5,0.5,,,,marginal_ecf_rmse_terminal,0.00090057327918717327,,,0.0082850941620853727
stationary,exact_transition,True,0,1111,0.5,0.5,1,,,,joint_ecf_max_component_error_to_analytic_popov,0.0057979419455297231,,,
stationary,exact_transition,True,0,1111,0.5,0.5,1,,,,joint_ecf_rmse_to_analytic_popov,0.0024249870012392825,,,
stationary,exact_transition,True,0,1111,0.5,0.5,1,,,,joint_probe_abs_error_to_analytic_popov,0.0037888280907508762,0.17869078267745503,,
stationary,exact_transition,True,0,1111,0.5,0.5,1,,,,joint_probe_real,0.18070912584373963,0.17869078267745503,0.19160609663959446,
stationary,exact_transition,True,0,1111,0.5,0.5,1,,,,marginal_ecf_max_component_error_initial,0.0059705214417454149,,,0.0082850941620853727
stationary,exact_transition,True,0,1111,0.5,0.5,1,,,,marginal_ecf_max_component_error_terminal,0.0047753306455551757,,,0.0082850941620853727
stationary,exact_transition,True,0,1111,0.5,0.5,1,,,,marginal_ecf_rmse_initial,0.0023808117582235799,,,0.0082850941620853727
stationary,exact_transition,True,0,1111,0.5,0.5,1,,,,marginal_ecf_rmse_terminal,0.0012237639222125176,,,0.0082850941620853727
stationary,exact_transition,True,0,1212,0.5,0.5,0.25,,,,joint_ecf_max_component_error_to_analytic_popov,0.0029071236226497488,,,
stationary,exact_transition,True,0,1212,0.5,0.5,0.25,,,,joint_ecf_rmse_to_analytic_popov,0.0013316078485449872,,,
stationary,exact_transition,True,0,1212,0.5,0.5,0.25,,,,joint_probe_abs_error_to_analytic_popov,0.0018078658723602644,0.16435795444931717,,
stationary,exact_transition,True,0,1212,0.5,0.5,0.25,,,,joint_probe_real,0.16307473359104413,0.16435795444931717,0.1680271560414219,
stationary,exact_transition,True,0,1212,0.5,0.5,0.25,,,,marginal_ecf_max_component_error_initial,0.0019369462113535084,,,0.0082850941620853727
stationary,exact_transition,True,0,1212,0.5,0.5,0.25,,,,marginal_ecf_max_component_error_terminal,0.0024241280239520879,,,0.0082850941620853727
stationary,exact_transition,True,0,1212,0.5,0.5,0.25,,,,marginal_ecf_rmse_initial,0.00090905457729744982,,,0.0082850941620853727
stationary,exact_transition,True,0,1212,0.5,0.5,0.25,,,,marginal_ecf_rmse_terminal,0.00094213612653757186,,,0.0082850941620853727
stationary,exact_transition,True,0,1212,0.5,0.5,0.5,,,,joint_ecf_max_component_error_to_analytic_popov,0.0042018029978437253,,,
stationary,exact_transition,True,0,1212,0.5,0.5,0.5,,,,joint_ecf_rmse_to_analytic_popov,0.0019353813056215982,,,
stationary,exact_transition,True,0,1212,0.5,0.5,0.5,,,,joint_probe_abs_error_to_analytic_popov,0.0022478185174720821,0.16929251064426912,,
stationary,exact_transition,True,0,1212,0.5,0.5,0.5,,,,joint_probe_real,0.1711313304921043,0.16929251064426912,0.17635424834318841,
stationary,exact_transition,True,0,1212,0.5,0.5,0.5,,,,marginal_ecf_max_component_error_initial,0.004385713551206134,,,0.0082850941620853727
stationary,exact_transition,True,0,1212,0.5,0.5,0.5,,,,marginal_ecf_max_component_error_terminal,0.003904625441264159,,,0.0082850941620853727
stationary,exact_transition,True,0,1212,0.5,0.5,0.5,,,,marginal_ecf_rmse_initial,0.0012505676885976001,,,0.0082850941620853727
stationary,exact_transition,True,0,1212,0.5,0.5,0.5,,,,marginal_ecf_rmse_terminal,0.0017915645659901736,,,0.0082850941620853727
stationary,exact_transition,True,0,1212,0.5,0.5,1,,,,joint_ecf_max_component_error_to_analytic_popov,0.0039361780277814076,,,
stationary,exact_transition,True,0,1212,0.5,0.5,1,,,,joint_ecf_rmse_to_analytic_popov,0.0012253934287633373,,,
stationary,exact_transition,True,0,1212,0.5,0.5,1,,,,joint_probe_abs_error_to_analytic_popov,0.0011069824484333077,0.17869078267745503,,
stationary,exact_transition,True,0,1212,0.5,0.5,1,,,,joint_probe_real,0.17759003821402897,0.17869078267745503,0.19160609663959446,
stationary,exact_transition,True,0,1212,0.5,0.5,1,,,,marginal_ecf_max_component_error_initial,0.0029096196617934924,,,0.0082850941620853727
stationary,exact_transition,True,0,1212,0.5,0.5,1,,,,marginal_ecf_max_component_error_terminal,0.0039808535303946357,,,0.0082850941620853727
stationary,exact_transition,True,0,1212,0.5,0.5,1,,,,marginal_ecf_rmse_initial,0.00082949233364069074,,,0.0082850941620853727
stationary,exact_transition,True,0,1212,0.5,0.5,1,,,,marginal_ecf_rmse_terminal,0.00079435627005947952,,,0.0082850941620853727
stationary,exact_transition,True,0,202,0.5,0.5,0.25,,,,joint_ecf_max_component_error_to_analytic_popov,0.003530881109380117,,,
stationary,exact_transition,True,0,202,0.5,0.5,0.25,,,,joint_ecf_rmse_to_analytic_popov,0.0012180921883442541,,,
stationary,exact_transition,True,0,202,0.5,0.5,0.25,,,,joint_probe_abs_error_to_analytic_popov,0.00038811214619426099,0.16435795444931717,,
stationary,exact_transition,True,0,202,0.5,0.5,0.25,,,,joint_probe_real,0.16471684946931045,0.16435795444931717,0.1680271560414219,
stationary,exact_transition,True,0,202,0.5,0.5,0.25,,,,marginal_ecf_max_component_error_initial,0.0030221672852306074,,,0.0082850941620853727
stationary,exact_transition,True,0,202,0.5,0.5,0.25,,,,marginal_ecf_max_component_error_terminal,0.0030846037222601957,,,0.0082850941620853727
stationary,exact_transition,True,0,202,0.5,0.5,0.25,,,,marginal_ecf_rmse_initial,0.0012992383176843379,,,0.0082850941620853727
stationary,exact_transition,True,0,202,0.5,0.5,0.25,,,,marginal_ecf_rmse_terminal,0.0010242448326823611,,,0.0082850941620853727
stationary,exact_transition,True,0,202,0.5,0.5,0.5,,,,joint_ecf_max_component_error_to_analytic_popov,0.0037123872076669645,,,
stationary,exact_transition,True,0,202,0.5,0.5,0.5,,,,joint_ecf_rmse_to_analytic_popov,0.0015975762073813294,,,
stationary,exact_transition,True,0,202,0.5,0.5,0.5,,,,joint_probe_abs_error_to_analytic_popov,0.0014940494780084712,0.16929251064426912,,
stationary,exact_transition,True,0,202,0.5,0.5,0.5,,,,joint_probe_real,0.17067224983812437,0.16929251064426912,0.17635424834318841,
stationary,exact_transition,True,0,202,0.5,0.5,0.5,,,,marginal_ecf_max_component_error_initial,0.0023946340659099048,,,0.0082850941620853727
stationary,exact_transition,True,0,202,0.5,0.5,0.5,,,,marginal_ecf_max_component_error_terminal,0.0029912294134986795,,,0.0082850941620853727
stationary,exact_transition,True,0,202,0.5,0.5,0.5,,,,marginal_ecf_rmse_initial,0.0010354383851105251,,,0.0082850941620853727
stationary,exact_transition,True,0,202,0.5,0.5,0.5,,,,marginal_ecf_rmse_terminal,0.0014045622073238808,,,0.0082850941620853727
stationary,exact_transition,True,0,202,0.5,0.5,1,,,,joint_ecf_max_component_error_to_analytic_popov,0.0042956795178983563,,,
stationary,exact_transition,True,0,202,0.5,0.5,1,,,,joint_ecf_rmse_to_analytic_popov,0.001445921604026139,,,
stationary,exact_transition,True,0,202,0.5,0.5,1,,,,joint_probe_abs_error_to_analytic_popov,0.00092637105763602816,0.17869078267745503,,
stationary,exact_transition,True,0,202,0.5,0.5,1,,,,joint_probe_real,0.17952425541415418,0.17869078267745503,0.19160609663959446,
stationary,exact_transition,True,0,202,0.5,0.5,1,,,,marginal_ecf_max_component_error_initial,0.0041049602087739855,,,0.0082850941620853727
stationary,exact_transition,True,0,202,0.5,0.5,1,,,,marginal_ecf_max_component_error_terminal,0.00180599667234355,,,0.0082850941620853727
stationary,exact_transition,True,0,202,0.5,0.5,1,,,,marginal_ecf_rmse_initial,0.0013087879775225606,,,0.0082850941620853727
stationary,exact_transition,True,0,202,0.5,0.5,1,,,,marginal_ecf_rmse_terminal,0.00096411014836545155,,,0.0082850941620853727
stationary,exact_transition,True,0,303,0.5,0.5,0.25,,,,joint_ecf_max_component_error_to_analytic_popov,0.0027700321864219902,,,
stationary,exact_transition,True,0,303,0.5,0.5,0.25,,,,joint_ecf_rmse_to_analytic_popov,0.0012824765098402603,,,
stationary,exact_transition,True,0,303,0.5,0.5,0.25,,,,joint_probe_abs_error_to_analytic_popov,0.0010855133701283576,0.16435795444931717,,
stationary,exact_transition,True,0,303,0.5,0.5,0.25,,,,joint_probe_real,0.16483426439987561,0.16435795444931717,0.1680271560414219,
stationary,exact_transition,True,0,303,0.5,0.5,0.25,,,,marginal_ecf_max_component_error_initial,0.0034830255289129996,,,0.0082850941620853727
stationary,exact_transition,True,0,303,0.5,0.5,0.25,,,,marginal_ecf_max_component_error_terminal,0.0024471671250056513,,,0.0082850941620853727
stationary,exact_transition,True,0,303,0.5,0.5,0.25,,,,marginal_ecf_rmse_initial,0.0010494358263448578,,,0.0082850941620853727
stationary,exact_transition,True,0,303,0.5,0.5,0.25,,,,marginal_ecf_rmse_terminal,0.0012773137696926707,,,0.0082850941620853727
stationary,exact_transition,True,0,303,0.5,0.5,0.5,,,,joint_ecf_max_component_error_to_analytic_popov,0.0028220998409980644,,,
stationary,exact_transition,True,0,303,0.5,0.5,0.5,,,,joint_ecf_rmse_to_analytic_popov,0.0015790174676922871,,,
stationary,exact_transition,True,0,303,0.5,0.5,0.5,,,,joint_probe_abs_error_to_analytic_popov,0.0021049016127873419,0.16929251064426912,,
stationary,exact_transition,True,0,303,0.5,0.5,0.5,,,,joint_probe_real,0.17037781639248228,0.16929251064426912,0.17635424834318841,
stationary,exact_transition,True,0,303,0.5,0.5,0.5,,,,marginal_ecf_max_component_error_initial,0.0025883464789993754,,,0.0082850941620853727
stationary,exact_transition,True,0,303,0.5,0.5,0.5,,,,marginal_ecf_max_component_error_terminal,0.0022522667732322267,,,0.0082850941620853727
stationary,exact_transition,True,0,303,0.5,0.5,0.5,,,,marginal_ecf_rmse_initial,0.0011904866849379808,,,0.0082850941620853727
stationary,exact_transition,True,0,303,0.5,0.5,0.5,,,,marginal_ecf_rmse_terminal,0.0012456726237588301,,,0.0082850941620853727
stationary,exact_transition,True,0,303,0.5,0.5,1,,,,joint_ecf_max_component_error_to_analytic_popov,0.0040013218916525629,,,
stationary,exact_transition,True,0,303,0.5,0.5,1,,,,joint_ecf_rmse_to_analytic_popov,0.0021936850872600693,,,
stationary,exact_transition,True,0,303,0.5,0.5,1,,,,joint_probe_abs_error_to_analytic_popov,0.0035851003500546909,0.17869078267745503,,
stationary,exact_transition,True,0,303,0.5,0.5,1,,,,joint_probe_real,0.17561229938800962,0.17869078267745503,0.19160609663959446,
stationary,exact_transition,True,0,303,0.5,0.5,1,,,,marginal_ecf_max_component_error_initial,0.0027935597554550849,,,0.0082850941620853727
stationary,exact_transition,True,0,303,0.5,0.5,1,,,,marginal_ecf_max_component_error_terminal,0.002981036832585493,,,0.0082850941620853727
stationary,exact_transition,True,0,303,0.5,0.5,1,,,,marginal_ecf_rmse_initial,0.0016090311132128743,,,0.0082850941620853727
stationary,exact_transition,True,0,303,0.5,0.5,1,,,,marginal_ecf_rmse_terminal,0.0023043096439564906,,,0.0082850941620853727
stationary,exact_transition,True,0,404,0.5,0.5,0.25,,,,joint_ecf_max_component_error_to_analytic_popov,0.0042506210689201192,,,
stationary,exact_transition,True,0,404,0.5,0.5,0.25,,,,joint_ecf_rmse_to_analytic_popov,0.0012836710408859679,,,
stationary,exact_transition,True,0,404,0.5,0.5,0.25,,,,joint_probe_abs_error_to_analytic_popov,0.00098426752862456712,0.16435795444931717,,
stationary,exact_transition,True,0,404,0.5,0.5,0.25,,,,joint_probe_real,0.16407256269286291,0.16435795444931717,0.1680271560414219,
stationary,exact_transition,True,0,404,0.5,0.5,0.25,,,,marginal_ecf_max_component_error_initial,0.0027313453913363657,,,0.0082850941620853727
stationary,exact_transition,True,0,404,0.5,0.5,0.25,,,,marginal_ecf_max_component_error_terminal,0.0026335105211187228,,,0.0082850941620853727
stationary,exact_transition,True,0,404,0.5,0.5,0.25,,,,marginal_ecf_rmse_initial,0.0011194289667076844,,,0.0082850941620853727
stationary,exact_transition,True,0,404,0.5,0.5,0.25,,,,marginal_ecf_rmse_terminal,0.0010614541763042252,,,0.0082850941620853727
stationary,exact_transition,True,0,404,0.5,0.5,0.5,,,,joint_ecf_max_component_error_to_analytic_popov,0.0034389251124155038,,,
stationary,exact_transition,True,0,404,0.5,0.5,0.5,,,,joint_ecf_rmse_to_analytic_popov,0.0017037281350843125,,,
stationary,exact_transition,True,0,404,0.5,0.5,0.5,,,,joint_probe_abs_error_to_analytic_popov,0.0013573753295784293,0.16929251064426912,,
stationary,exact_transition,True,0,404,0.5,0.5,0.5,,,,joint_probe_real,0.16886381391276362,0.16929251064426912,0.17635424834318841,
stationary,exact_transition,True,0,404,0.5,0.5,0.5,,,,marginal_ecf_max_component_error_initial,0.003138274483934219,,,0.0082850941620853727
stationary,exact_transition,True,0,404,0.5,0.5,0.5,,,,marginal_ecf_max_component_error_terminal,0.0029651997781115925,,,0.0082850941620853727
stationary,exact_transition,True,0,404,0.5,0.5,0.5,,,,marginal_ecf_rmse_initial,0.0015388508439078323,,,0.0082850941620853727
stationary,exact_transition,True,0,404,0.5,0.5,0.5,,,,marginal_ecf_rmse_terminal,0.0014357376441120353,,,0.0082850941620853727
stationary,exact_transition,True,0,404,0.5,0.5,1,,,,joint_ecf_max_component_error_to_analytic_popov,0.0036796604841725792,,,
stationary,exact_transition,True,0,404,0.5,0.5,1,,,,joint_ecf_rmse_to_analytic_popov,0.0016897417618672945,,,
stationary,exact_transition,True,0,404,0.5,0.5,1,,,,joint_probe_abs_error_to_analytic_popov,0.001738591141421933,0.17869078267745503,,
stationary,exact_transition,True,0,404,0.5,0.5,1,,,,joint_probe_real,0.17695444305023186,0.17869078267745503,0.19160609663959446,
stationary,exact_transition,True,0,404,0.5,0.5,1,,,,marginal_ecf_max_component_error_initial,0.0037073874505057103,,,0.0082850941620853727
stationary,exact_transition,True,0,404,0.5,0.5,1,,,,marginal_ecf_max_component_error_terminal,0.0025274272873472437,,,0.0082850941620853727
stationary,exact_transition,True,0,404,0.5,0.5,1,,,,marginal_ecf_rmse_initial,0.0016436623816355337,,,0.0082850941620853727
stationary,exact_transition,True,0,404,0.5,0.5,1,,,,marginal_ecf_rmse_terminal,0.0011212928808455667,,,0.0082850941620853727
stationary,exact_transition,True,0,505,0.5,0.5,0.25,,,,joint_ecf_max_component_error_to_analytic_popov,0.0029764451504314497,,,
stationary,exact_transition,True,0,505,0.5,0.5,0.25,,,,joint_ecf_rmse_to_analytic_popov,0.0014843560519420505,,,
stationary,exact_transition,True,0,505,0.5,0.5,0.25,,,,joint_probe_abs_error_to_analytic_popov,0.0019217737342682208,0.16435795444931717,,
stationary,exact_transition,True,0,505,0.5,0.5,0.25,,,,joint_probe_real,0.16473585051038103,0.16435795444931717,0.1680271560414219,
stationary,exact_transition,True,0,505,0.5,0.5,0.25,,,,marginal_ecf_max_component_error_initial,0.0025343593949752777,,,0.0082850941620853727
stationary,exact_transition,True,0,505,0.5,0.5,0.25,,,,marginal_ecf_max_component_error_terminal,0.0022302838005000256,,,0.0082850941620853727
stationary,exact_transition,True,0,505,0.5,0.5,0.25,,,,marginal_ecf_rmse_initial,0.00095296722197574864,,,0.0082850941620853727
stationary,exact_transition,True,0,505,0.5,0.5,0.25,,,,marginal_ecf_rmse_terminal,0.0012156704226344048,,,0.0082850941620853727
stationary,exact_transition,True,0,505,0.5,0.5,0.5,,,,joint_ecf_max_component_error_to_analytic_popov,0.0033857695809539129,,,
stationary,exact_transition,True,0,505,0.5,0.5,0.5,,,,joint_ecf_rmse_to_analytic_popov,0.0016083213877710291,,,
stationary,exact_transition,True,0,505,0.5,0.5,0.5,,,,joint_probe_abs_error_to_analytic_popov,0.0021073080669184808,0.16929251064426912,,
stationary,exact_transition,True,0,505,0.5,0.5,0.5,,,,joint_probe_real,0.16959931419624738,0.16929251064426912,0.17635424834318841,
stationary,exact_transition,True,0,505,0.5,0.5,0.5,,,,marginal_ecf_max_component_error_initial,0.0034722850616113431,,,0.0082850941620853727
stationary,exact_transition,True,0,505,0.5,0.5,0.5,,,,marginal_ecf_max_component_error_terminal,0.003097079236791314,,,0.0082850941620853727
stationary,exact_transition,True,0,505,0.5,0.5,0.5,,,,marginal_ecf_rmse_initial,0.0012697533045825018,,,0.0082850941620853727
stationary,exact_transition,True,0,505,0.5,0.5,0.5,,,,marginal_ecf_rmse_terminal,0.0012836998228056475,,,0.0082850941620853727
stationary,exact_transition,True,0,505,0.5,0.5,1,,,,joint_ecf_max_component_error_to_analytic_popov,0.0042258083815896992,,,
stationary,exact_transition,True,0,505,0.5,0.5,1,,,,joint_ecf_rmse_to_analytic_popov,0.0027105353462978229,,,
stationary,exact_transition,True,0,505,0.5,0.5,1,,,,joint_probe_abs_error_to_analytic_popov,0.0031746129856281666,0.17869078267745503,,
stationary,exact_transition,True,0,505,0.5,0.5,1,,,,joint_probe_real,0.17675723626120488,0.17869078267745503,0.19160609663959446,
stationary,exact_transition,True,0,505,0.5,0.5,1,,,,marginal_ecf_max_component_error_initial,0.0038504986660517389,,,0.0082850941620853727
stationary,exact_transition,True,0,505,0.5,0.5,1,,,,marginal_ecf_max_component_error_terminal,0.0030534390326546522,,,0.0082850941620853727
stationary,exact_transition,True,0,505,0.5,0.5,1,,,,marginal_ecf_rmse_initial,0.0029702918392566684,,,0.0082850941620853727
stationary,exact_transition,True,0,505,0.5,0.5,1,,,,marginal_ecf_rmse_terminal,0.002294482636681893,,,0.0082850941620853727
stationary,exact_transition,True,0,606,0.5,0.5,0.25,,,,joint_ecf_max_component_error_to_analytic_popov,0.0027222090875465019,,,
stationary,exact_transition,True,0,606,0.5,0.5,0.25,,,,joint_ecf_rmse_to_analytic_popov,0.0011416264248284027,,,
stationary,exact_transition,True,0,606,0.5,0.5,0.25,,,,joint_probe_abs_error_to_analytic_popov,0.0012943956705050916,0.16435795444931717,,
stationary,exact_transition,True,0,606,0.5,0.5,0.25,,,,joint_probe_real,0.1656465722243067,0.16435795444931717,0.1680271560414219,
stationary,exact_transition,True,0,606,0.5,0.5,0.25,,,,marginal_ecf_max_component_error_initial,0.0022173975229119753,,,0.0082850941620853727
stationary,exact_transition,True,0,606,0.5,0.5,0.25,,,,marginal_ecf_max_component_error_terminal,0.0021451627865794213,,,0.0082850941620853727
stationary,exact_transition,True,0,606,0.5,0.5,0.25,,,,marginal_ecf_rmse_initial,0.00085837947416218135,,,0.0082850941620853727
stationary,exact_transition,True,0,606,0.5,0.5,0.25,,,,marginal_ecf_rmse_terminal,0.00077872366282931394,,,0.0082850941620853727
stationary,exact_transition,True,0,606,0.5,0.5,0.5,,,,joint_ecf_max_component_error_to_analytic_popov,0.003246097413444865,,,
stationary,exact_transition,True,0,606,0.5,0.5,0.5,,,,joint_ecf_rmse_to_analytic_popov,0.0013609288716246463,,,
stationary,exact_transition,True,0,606,0.5,0.5,0.5,,,,joint_probe_abs_error_to_analytic_popov,0.002397606220401909,0.16929251064426912,,
stationary,exact_transition,True,0,606,0.5,0.5,0.5,,,,joint_probe_real,0.17168951622568732,0.16929251064426912,0.17635424834318841,
stationary,exact_transition,True,0,606,0.5,0.5,0.5,,,,marginal_ecf_max_component_error_initial,0.0025221206458356208,,,0.0082850941620853727
stationary,exact_transition,True,0,606,0.5,0.5,0.5,,,,marginal_ecf_max_component_error_terminal,0.0026929860227475344,,,0.0082850941620853727
stationary,exact_transition,True,0,606,0.5,0.5,0.5,,,,marginal_ecf_rmse_initial,0.00083585551780834312,,,0.0082850941620853727
stationary,exact_transition,True,0,606,0.5,0.5,0.5,,,,marginal_ecf_rmse_terminal,0.0014480121972015145,,,0.0082850941620853727
stationary,exact_transition,True,0,606,0.5,0.5,1,,,,joint_ecf_max_component_error_to_analytic_popov,0.0034062642803859844,,,
stationary,exact_transition,True,0,606,0.5,0.5,1,,,,joint_ecf_rmse_to_analytic_popov,0.0021409238485118904,,,
stationary,exact_transition,True,0,606,0.5,0.5,1,,,,joint_probe_abs_error_to_analytic_popov,0.0025698924207778902,0.17869078267745503,,
stationary,exact_transition,True,0,606,0.5,0.5,1,,,,joint_probe_real,0.17612243980411979,0.17869078267745503,0.19160609663959446,
stationary,exact_transition,True,0,606,0.5,0.5,1,,,,marginal_ecf_max_component_error_initial,0.0025837730187839858,,,0.0082850941620853727
stationary,exact_transition,True,0,606,0.5,0.5,1,,,,marginal_ecf_max_component_error_terminal,0.0027860260446306295,,,0.0082850941620853727
stationary,exact_transition,True,0,606,0.5,0.5,1,,,,marginal_ecf_rmse_initial,0.0017381457176713837,,,0.0082850941620853727
stationary,exact_transition,True,0,606,0.5,0.5,1,,,,marginal_ecf_rmse_terminal,0.0018319910996331852,,,0.0082850941620853727
stationary,exact_transition,True,0,707,0.5,0.5,0.25,,,,joint_ecf_max_component_error_to_analytic_popov,0.0025530646638293399,,,
stationary,exact_transition,True,0,707,0.5,0.5,0.25,,,,joint_ecf_rmse_to_analytic_popov,0.0011056039530533133,,,
stationary,exact_transition,True,0,707,0.5,0.5,0.25,,,,joint_probe_abs_error_to_analytic_popov,0.0013035060393815807,0.16435795444931717,,
stationary,exact_transition,True,0,707,0.5,0.5,0.25,,,,joint_probe_real,0.16381982179616575,0.16435795444931717,0.1680271560414219,
stationary,exact_transition,True,0,707,0.5,0.5,0.25,,,,marginal_ecf_max_component_error_initial,0.0025854671307548268,,,0.0082850941620853727
stationary,exact_transition,True,0,707,0.5,0.5,0.25,,,,marginal_ecf_max_component_error_terminal,0.0020983965940595001,,,0.0082850941620853727
stationary,exact_transition,True,0,707,0.5,0.5,0.25,,,,marginal_ecf_rmse_initial,0.00090156702137935178,,,0.0082850941620853727
stationary,exact_transition,True,0,707,0.5,0.5,0.25,,,,marginal_ecf_rmse_terminal,0.0011974224797102338,,,0.0082850941620853727
stationary,exact_transition,True,0,707,0.5,0.5,0.5,,,,joint_ecf_max_component_error_to_analytic_popov,0.0029171453104046294,,,
stationary,exact_transition,True,0,707,0.5,0.5,0.5,,,,joint_ecf_rmse_to_analytic_popov,0.0011861391160640014,,,
stationary,exact_transition,True,0,707,0.5,0.5,0.5,,,,joint_probe_abs_error_to_analytic_popov,0.0010235164209320951,0.16929251064426912,,
stationary,exact_transition,True,0,707,0.5,0.5,0.5,,,,joint_probe_real,0.16899376807748592,0.16929251064426912,0.17635424834318841,
stationary,exact_transition,True,0,707,0.5,0.5,0.5,,,,marginal_ecf_max_component_error_initial,0.0031294231219936783,,,0.0082850941620853727
stationary,exact_transition,True,0,707,0.5,0.5,0.5,,,,marginal_ecf_max_component_error_terminal,0.0030649203345879603,,,0.0082850941620853727
stationary,exact_transition,True,0,707,0.5,0.5,0.5,,,,marginal_ecf_rmse_initial,0.00061919392273619288,,,0.0082850941620853727
stationary,exact_transition,True,0,707,0.5,0.5,0.5,,,,marginal_ecf_rmse_terminal,0.0011359342465657965,,,0.0082850941620853727
stationary,exact_transition,True,0,707,0.5,0.5,1,,,,joint_ecf_max_component_error_to_analytic_popov,0.0038686235214840303,,,
stationary,exact_transition,True,0,707,0.5,0.5,1,,,,joint_ecf_rmse_to_analytic_popov,0.0013870348795389372,,,
stationary,exact_transition,True,0,707,0.5,0.5,1,,,,joint_probe_abs_error_to_analytic_popov,0.001084321130486302,0.17869078267745503,,
stationary,exact_transition,True,0,707,0.5,0.5,1,,,,joint_probe_real,0.17875666264747203,0.17869078267745503,0.19160609663959446,
stationary,exact_transition,True,0,707,0.5,0.5,1,,,,marginal_ecf_max_component_error_initial,0.0021347221407150875,,,0.0082850941620853727
stationary,exact_transition,True,0,707,0.5,0.5,1,,,,marginal_ecf_max_component_error_terminal,0.002188369583849898,,,0.0082850941620853727
stationary,exact_transition,True,0,707,0.5,0.5,1,,,,marginal_ecf_rmse_initial,0.001309037602614651,,,0.0082850941620853727
stationary,exact_transition,True,0,707,0.5,0.5,1,,,,marginal_ecf_rmse_terminal,0.0010900506236806748,,,0.0082850941620853727
stationary,exact_transition,True,0,808,0.5,0.5,0.25,,,,joint_ecf_max_component_error_to_analytic_popov,0.0039558056965508081,,,
stationary,exact_transition,True,0,808,0.5,0.5,0.25,,,,joint_ecf_rmse_to_analytic_popov,0.0024938278520569967,,,
stationary,exact_transition,True,0,808,0.5,0.5,0.25,,,,joint_probe_abs_error_to_analytic_popov,0.0033305247692633536,0.16435795444931717,,
stationary,exact_transition,True,0,808,0.5,0.5,0.25,,,,joint_probe_real,0.16124034256640038,0.16435795444931717,0.1680271560414219,
stationary,exact_transition,True,0,808,0.5,0.5,0.25,,,,marginal_ecf_max_component_error_initial,0.0029240380668896504,,,0.0082850941620853727
stationary,exact_transition,True,0,808,0.5,0.5,0.25,,,,marginal_ecf_max_component_error_terminal,0.0035057175305999119,,,0.0082850941620853727
stationary,exact_transition,True,0,808,0.5,0.5,0.25,,,,marginal_ecf_rmse_initial,0.0020334119050524372,,,0.0082850941620853727
stationary,exact_transition,True,0,808,0.5,0.5,0.25,,,,marginal_ecf_rmse_terminal,0.0024694922168611148,,,0.0082850941620853727
stationary,exact_transition,True,0,808,0.5,0.5,0.5,,,,joint_ecf_max_component_error_to_analytic_popov,0.0040347674694504194,,,
stationary,exact_transition,True,0,808,0.5,0.5,0.5,,,,joint_ecf_rmse_to_analytic_popov,0.0018419313583217304,,,
stationary,exact_transition,True,0,808,0.5,0.5,0.5,,,,joint_probe_abs_error_to_analytic_popov,0.0027556563442482866,0.16929251064426912,,
stationary,exact_transition,True,0,808,0.5,0.5,0.5,,,,joint_probe_real,0.16906825551102883,0.16929251064426912,0.17635424834318841,
stationary,exact_transition,True,0,808,0.5,0.5,0.5,,,,marginal_ecf_max_component_error_initial,0.0039452396502400334,,,0.0082850941620853727
stationary,exact_transition,True,0,808,0.5,0.5,0.5,,,,marginal_ecf_max_component_error_terminal,0.0029275931347103753,,,0.0082850941620853727
stationary,exact_transition,True,0,808,0.5,0.5,0.5,,,,marginal_ecf_rmse_initial,0.0020165747044968191,,,0.0082850941620853727
stationary,exact_transition,True,0,808,0.5,0.5,0.5,,,,marginal_ecf_rmse_terminal,0.0013796233742077858,,,0.0082850941620853727
stationary,exact_transition,True,0,808,0.5,0.5,1,,,,joint_ecf_max_component_error_to_analytic_popov,0.0050617621104181582,,,
stationary,exact_transition,True,0,808,0.5,0.5,1,,,,joint_ecf_rmse_to_analytic_popov,0.0022387821762803314,,,
stationary,exact_transition,True,0,808,0.5,0.5,1,,,,joint_probe_abs_error_to_analytic_popov,0.0015547684903629768,0.17869078267745503,,
stationary,exact_transition,True,0,808,0.5,0.5,1,,,,joint_probe_real,0.17840727585126381,0.17869078267745503,0.19160609663959446,
stationary,exact_transition,True,0,808,0.5,0.5,1,,,,marginal_ecf_max_component_error_initial,0.0022404112717172575,,,0.0082850941620853727
stationary,exact_transition,True,0,808,0.5,0.5,1,,,,marginal_ecf_max_component_error_terminal,0.0033679688023812884,,,0.0082850941620853727
stationary,exact_transition,True,0,808,0.5,0.5,1,,,,marginal_ecf_rmse_initial,0.0016922621930122112,,,0.0082850941620853727
stationary,exact_transition,True,0,808,0.5,0.5,1,,,,marginal_ecf_rmse_terminal,0.0022509826308553253,,,0.0082850941620853727
stationary,exact_transition,True,0,909,0.5,0.5,0.25,,,,joint_ecf_max_component_error_to_analytic_popov,0.0040654883440531314,,,
stationary,exact_transition,True,0,909,0.5,0.5,0.25,,,,joint_ecf_rmse_to_analytic_popov,0.0019064733384318547,,,
stationary,exact_transition,True,0,909,0.5,0.5,0.25,,,,joint_probe_abs_error_to_analytic_popov,0.0025713622490310269,0.16435795444931717,,
stationary,exact_transition,True,0,909,0.5,0.5,0.25,,,,joint_probe_real,0.16217967470220254,0.16435795444931717,0.1680271560414219,
stationary,exact_transition,True,0,909,0.5,0.5,0.25,,,,marginal_ecf_max_component_error_initial,0.0032352071139191696,,,0.0082850941620853727
stationary,exact_transition,True,0,909,0.5,0.5,0.25,,,,marginal_ecf_max_component_error_terminal,0.0039319923972512411,,,0.0082850941620853727
stationary,exact_transition,True,0,909,0.5,0.5,0.25,,,,marginal_ecf_rmse_initial,0.0013548313926164957,,,0.0082850941620853727
stationary,exact_transition,True,0,909,0.5,0.5,0.25,,,,marginal_ecf_rmse_terminal,0.0015845329473120429,,,0.0082850941620853727
stationary,exact_transition,True,0,909,0.5,0.5,0.5,,,,joint_ecf_max_component_error_to_analytic_popov,0.0036621437388434297,,,
stationary,exact_transition,True,0,909,0.5,0.5,0.5,,,,joint_ecf_rmse_to_analytic_popov,0.0011604623515609532,,,
stationary,exact_transition,True,0,909,0.5,0.5,0.5,,,,joint_probe_abs_error_to_analytic_popov,0.00099571874425080403,0.16929251064426912,,
stationary,exact_transition,True,0,909,0.5,0.5,0.5,,,,joint_probe_real,0.16997923183521071,0.16929251064426912,0.17635424834318841,
stationary,exact_transition,True,0,909,0.5,0.5,0.5,,,,marginal_ecf_max_component_error_initial,0.0026796067380596505,,,0.0082850941620853727
stationary,exact_transition,True,0,909,0.5,0.5,0.5,,,,marginal_ecf_max_component_error_terminal,0.0029927084406820678,,,0.0082850941620853727
stationary,exact_transition,True,0,909,0.5,0.5,0.5,,,,marginal_ecf_rmse_initial,0.00090485941425244207,,,0.0082850941620853727
stationary,exact_transition,True,0,909,0.5,0.5,0.5,,,,marginal_ecf_rmse_terminal,0.0010126447844635491,,,0.0082850941620853727
stationary,exact_transition,True,0,909,0.5,0.5,1,,,,joint_ecf_max_component_error_to_analytic_popov,0.0030838997021041094,,,
stationary,exact_transition,True,0,909,0.5,0.5,1,,,,joint_ecf_rmse_to_analytic_popov,0.0014344255000984106,,,
stationary,exact_transition,True,0,909,0.5,0.5,1,,,,joint_probe_abs_error_to_analytic_popov,0.0014745892026401849,0.17869078267745503,,
stationary,exact_transition,True,0,909,0.5,0.5,1,,,,joint_probe_real,0.179883615518656,0.17869078267745503,0.19160609663959446,
stationary,exact_transition,True,0,909,0.5,0.5,1,,,,marginal_ecf_max_component_error_initial,0.0030080459747465209,,,0.0082850941620853727
stationary,exact_transition,True,0,909,0.5,0.5,1,,,,marginal_ecf_max_component_error_terminal,0.0025966622325701086,,,0.0082850941620853727
stationary,exact_transition,True,0,909,0.5,0.5,1,,,,marginal_ecf_rmse_initial,0.0014450352208133278,,,0.0082850941620853727
stationary,exact_transition,True,0,909,0.5,0.5,1,,,,marginal_ecf_rmse_terminal,0.0014417289182262136,,,0.0082850941620853727
stationary,exact_transition,True,0,101,1,1,0.25,,,,joint_ecf_max_component_error_to_analytic_popov,0.0032645490483547588,,,
stationary,exact_transition,True,0,101,1,1,0.25,,,,joint_ecf_rmse_to_analytic_popov,0.0016068926219743836,,,
stationary,exact_transition,True,0,101,1,1,0.25,,,,joint_probe_abs_error_to_analytic_popov,0.0024265688733100073,0.16929251064426912,,
stationary,exact_transition,True,0,101,1,1,0.25,,,,joint_probe_real,0.17115675979454459,0.16929251064426912,0.1680271560414219,
stationary,exact_transition,True,0,101,1,1,0.25,,,,marginal_ecf_max_component_error_initial,0.0022023905958992035,,,0.0082850941620853727
stationary,exact_transition,True,0,101,1,1,0.25,,,,marginal_ecf_max_component_error_terminal,0.0025267803159529181,,,0.0082850941620853727
stationary,exact_transition,True,0,101,1,1,0.25,,,,marginal_ecf_rmse_initial,0.0013891333445437862,,,0.0082850941620853727
stationary,exact_transition,True,0,101,1,1,0.25,,,,marginal_ecf_rmse_terminal,0.0010143158178540625,,,0.0082850941620853727
stationary,exact_transition,True,0,101,1,1,0.5,,,,joint_ecf_max_component_error_to_analytic_popov,0.0036101442085653898,,,
stationary,exact_transition,True,0,101,1,1,0.5,,,,joint_ecf_rmse_to_analytic_popov,0.0015321290480141249,,,
stationary,exact_transition,True,0,101,1,1,0.5,,,,joint_probe_abs_error_to_analytic_popov,0.0024189801502559494,0.17869078267745503,,
stationary,exact_transition,True,0,101,1,1,0.5,,,,joint_probe_real,0.17928658200431688,0.17869078267745503,0.17635424834318841,
stationary,exact_transition,True,0,101,1,1,0.5,,,,marginal_ecf_max_component_error_initial,0.003005191939843381,,,0.0082850941620853727
stationary,exact_transition,True,0,101,1,1,0.5,,,,marginal_ecf_max_component_error_terminal,0.0045074604972342941,,,0.0082850941620853727
stationary,exact_transition,True,0,101,1,1,0.5,,,,marginal_ecf_rmse_initial,0.0016426175468542417,,,0.0082850941620853727
stationary,exact_transition,True,0,101,1,1,0.5,,,,marginal_ecf_rmse_terminal,0.00058316687978300587,,,0.0082850941620853727
stationary,exact_transition,True,0,101,1,1,1,,,,joint_ecf_max_component_error_to_analytic_popov,0.0040210047927554176,,,
stationary,exact_transition,True,0,101,1,1,1,,,,joint_ecf_rmse_to_analytic_popov,0.0013645361413541063,,,
stationary,exact_transition,True,0,101,1,1,1,,,,joint_probe_abs_error_to_analytic_popov,0.0007396317455480412,0.19548013212285276,,
stationary,exact_transition,True,0,101,1,1,1,,,,joint_probe_real,0.19544050708166416,0.19548013212285276,0.19160609663959446,
stationary,exact_transition,True,0,101,1,1,1,,,,marginal_ecf_max_component_error_initial,0.0020537265755743339,,,0.0082850941620853727
stationary,exact_transition,True,0,101,1,1,1,,,,marginal_ecf_max_component_error_terminal,0.0033662643097073204,,,0.0082850941620853727
stationary,exact_transition,True,0,101,1,1,1,,,,marginal_ecf_rmse_initial,0.00076128283442710766,,,0.0082850941620853727
stationary,exact_transition,True,0,101,1,1,1,,,,marginal_ecf_rmse_terminal,0.0012529514853823059,,,0.0082850941620853727
stationary,exact_transition,True,0,1010,1,1,0.25,,,,joint_ecf_max_component_error_to_analytic_popov,0.0034279371301967178,,,
stationary,exact_transition,True,0,1010,1,1,0.25,,,,joint_ecf_rmse_to_analytic_popov,0.0016774275419424581,,,
stationary,exact_transition,True,0,1010,1,1,0.25,,,,joint_probe_abs_error_to_analytic_popov,0.0021158988819158548,0.16929251064426912,,
stationary,exact_transition,True,0,1010,1,1,0.25,,,,joint_probe_real,0.16919289590387143,0.16929251064426912,0.1680271560414219,
stationary,exact_transition,True,0,1010,1,1,0.25,,,,marginal_ecf_max_component_error_initial,0.0031566339893778156,,,0.0082850941620853727
stationary,exact_transition,True,0,1010,1,1,0.25,,,,marginal_ecf_max_component_error_terminal,0.0040991759171040204,,,0.0082850941620853727
stationary,exact_transition,True,0,1010,1,1,0.25,,,,marginal_ecf_rmse_initial,0.0014183998866105878,,,0.0082850941620853727
stationary,exact_transition,True,0,1010,1,1,0.25,,,,marginal_ecf_rmse_terminal,0.0012654725377843499,,,0.0082850941620853727
stationary,exact_transition,True,0,1010,1,1,0.5,,,,joint_ecf_max_component_error_to_analytic_popov,0.0043883146230187485,,,
stationary,exact_transition,True,0,1010,1,1,0.5,,,,joint_ecf_rmse_to_analytic_popov,0.0018015328782772424,,,
stationary,exact_transition,True,0,1010,1,1,0.5,,,,joint_probe_abs_error_to_analytic_popov,0.0021126354488901732,0.17869078267745503,,
stationary,exact_transition,True,0,1010,1,1,0.5,,,,joint_probe_real,0.17869974143866385,0.17869078267745503,0.17635424834318841,
stationary,exact_transition,True,0,1010,1,1,0.5,,,,marginal_ecf_max_component_error_initial,0.0032566392318920043,,,0.0082850941620853727
stationary,exact_transition,True,0,1010,1,1,0.5,,,,marginal_ecf_max_component_error_terminal,0.0031484997685274048,,,0.0082850941620853727
stationary,exact_transition,True,0,1010,1,1,0.5,,,,marginal_ecf_rmse_initial,0.0015909603788001239,,,0.0082850941620853727
stationary,exact_transition,True,0,1010,1,1,0.5,,,,marginal_ecf_rmse_terminal,0.0010337160227903424,,,0.0082850941620853727
stationary,exact_transition,True,0,1010,1,1,1,,,,joint_ecf_max_component_error_to_analytic_popov,0.0030260134495979814,,,
stationary,exact_transition,True,0,1010,1,1,1,,,,joint_ecf_rmse_to_analytic_popov,0.0015455701799562923,,,
stationary,exact_transition,True,0,1010,1,1,1,,,,joint_probe_abs_error_to_analytic_popov,0.0012797641525048682,0.19548013212285276,,
stationary,exact_transition,True,0,1010,1,1,1,,,,joint_probe_real,0.195142846712417,0.19548013212285276,0.19160609663959446,
stationary,exact_transition,True,0,1010,1,1,1,,,,marginal_ecf_max_component_error_initial,0.001793926102917539,,,0.0082850941620853727
stationary,exact_transition,True,0,1010,1,1,1,,,,marginal_ecf_max_component_error_terminal,0.0028481688792534599,,,0.0082850941620853727
stationary,exact_transition,True,0,1010,1,1,1,,,,marginal_ecf_rmse_initial,0.0011806233977926033,,,0.0082850941620853727
stationary,exact_transition,True,0,1010,1,1,1,,,,marginal_ecf_rmse_terminal,0.0014106080318690511,,,0.0082850941620853727
stationary,exact_transition,True,0,1111,1,1,0.25,,,,joint_ecf_max_component_error_to_analytic_popov,0.0033001167363498861,,,
stationary,exact_transition,True,0,1111,1,1,0.25,,,,joint_ecf_rmse_to_analytic_popov,0.0017562077064372877,,,
stationary,exact_transition,True,0,1111,1,1,0.25,,,,joint_probe_abs_error_to_analytic_popov,0.00136936108747748,0.16929251064426912,,
stationary,exact_transition,True,0,1111,1,1,0.25,,,,joint_probe_real,0.16804782997321713,0.16929251064426912,0.1680271560414219,
stationary,exact_transition,True,0,1111,1,1,0.25,,,,marginal_ecf_max_component_error_initial,0.0019577475015923177,,,0.0082850941620853727
stationary,exact_transition,True,0,1111,1,1,0.25,,,,marginal_ecf_max_component_error_terminal,0.0031759035703028174,,,0.0082850941620853727
stationary,exact_transition,True,0,1111,1,1,0.25,,,,marginal_ecf_rmse_initial,0.001123556069977777,,,0.0082850941620853727
stationary,exact_transition,True,0,1111,1,1,0.25,,,,marginal_ecf_rmse_terminal,0.0019150951022039908,,,0.0082850941620853727
stationary,exact_transition,True,0,1111,1,1,0.5,,,,joint_ecf_max_component_error_to_analytic_popov,0.0028197006560144581,,,
stationary,exact_transition,True,0,1111,1,1,0.5,,,,joint_ecf_rmse_to_analytic_popov,0.0013124076338147,,,
stationary,exact_transition,True,0,1111,1,1,0.5,,,,joint_probe_abs_error_to_analytic_popov,0.00024574772248960091,0.17869078267745503,,
stationary,exact_transition,True,0,1111,1,1,0.5,,,,joint_probe_real,0.17846573573661118,0.17869078267745503,0.17635424834318841,
stationary,exact_transition,True,0,1111,1,1,0.5,,,,marginal_ecf_max_component_error_initial,0.0024372875983917413,,,0.0082850941620853727
stationary,exact_transition,True,0,1111,1,1,0.5,,,,marginal_ecf_max_component_error_terminal,0.0024568250397131249,,,0.0082850941620853727
stationary,exact_transition,True,0,1111,1,1,0.5,,,,marginal_ecf_rmse_initial,0.00080137677052788913,,,0.0082850941620853727
stationary,exact_transition,True,0,1111,1,1,0.5,,,,marginal_ecf_rmse_terminal,0.0013320887459538711,,,0.0082850941620853727
stationary,exact_transition,True,0,1111,1,1,1,,,,joint_ecf_max_component_error_to_analytic_popov,0.0059905642298723125,,,
stationary,exact_transition,True,0,1111,1,1,1,,,,joint_ecf_rmse_to_analytic_popov,0.002219513452036307,,,
stationary,exact_transition,True,0,1111,1,1,1,,,,joint_probe_abs_error_to_analytic_popov,0.0030880521805316174,0.19548013212285276,,
stationary,exact_transition,True,0,1111,1,1,1,,,,joint_probe_real,0.19732626575917908,0.19548013212285276,0.19160609663959446,
stationary,exact_transition,True,0,1111,1,1,1,,,,marginal_ecf_max_component_error_initial,0.0059705214417454149,,,0.0082850941620853727
stationary,exact_transition,True,0,1111,1,1,1,,,,marginal_ecf_max_component_error_terminal,0.0018764353349756408,,,0.0082850941620853727
stationary,exact_transition,True,0,1111,1,1,1,,,,marginal_ecf_rmse_initial,0.0023808117582235799,,,0.0082850941620853727
stationary,exact_transition,True,0,1111,1,1,1,,,,marginal_ecf_rmse_terminal,0.00094917634426754528,,,0.0082850941620853727
stationary,exact_transition,True,0,1212,1,1,0.25,,,,joint_ecf_max_component_error_to_analytic_popov,0.0031273297840687425,,,
stationary,exact_transition,True,0,1212,1,1,0.25,,,,joint_ecf_rmse_to_analytic_popov,0.0013625567092013819,,,
stationary,exact_transition,True,0,1212,1,1,0.25,,,,joint_probe_abs_error_to_analytic_popov,0.0010540302057767436,0.16929251064426912,,
stationary,exact_transition,True,0,1212,1,1,0.25,,,,joint_probe_real,0.16835241805154527,0.16929251064426912,0.1680271560414219,
stationary,exact_transition,True,0,1212,1,1,0.25,,,,marginal_ecf_max_component_error_initial,0.0019369462113535084,,,0.0082850941620853727
stationary,exact_transition,True,0,1212,1,1,0.25,,,,marginal_ecf_max_component_error_terminal,0.0027885741284517651,,,0.0082850941620853727
stationary,exact_transition,True,0,1212,1,1,0.25,,,,marginal_ecf_rmse_initial,0.00090905457729744982,,,0.0082850941620853727
stationary,exact_transition,True,0,1212,1,1,0.25,,,,marginal_ecf_rmse_terminal,0.00091458905627861409,,,0.0082850941620853727
stationary,exact_transition,True,0,1212,1,1,0.5,,,,joint_ecf_max_component_error_to_analytic_popov,0.0041990459875396076,,,
stationary,exact_transition,True,0,1212,1,1,0.5,,,,joint_ecf_rmse_to_analytic_popov,0.0019249509833046885,,,
stationary,exact_transition,True,0,1212,1,1,0.5,,,,joint_probe_abs_error_to_analytic_popov,0.0027902122407881592,0.17869078267745503,,
stationary,exact_transition,True,0,1212,1,1,0.5,,,,joint_probe_real,0.18125670835927021,0.17869078267745503,0.17635424834318841,
stationary,exact_transition,True,0,1212,1,1,0.5,,,,marginal_ecf_max_component_error_initial,0.004385713551206134,,,0.0082850941620853727
stationary,exact_transition,True,0,1212,1,1,0.5,,,,marginal_ecf_max_component_error_terminal,0.0041217549977543427,,,0.0082850941620853727
stationary,exact_transition,True,0,1212,1,1,0.5,,,,marginal_ecf_rmse_initial,0.0012505676885976001,,,0.0082850941620853727
stationary,exact_transition,True,0,1212,1,1,0.5,,,,marginal_ecf_rmse_terminal,0.0017923229233193711,,,0.0082850941620853727
stationary,exact_transition,True,0,1212,1,1,1,,,,joint_ecf_max_component_error_to_analytic_popov,0.0050039989034049775,,,
stationary,exact_transition,True,0,1212,1,1,1,,,,joint_ecf_rmse_to_analytic_popov,0.0013679484671575116,,,
stationary,exact_transition,True,0,1212,1,1,1,,,,joint_probe_abs_error_to_analytic_popov,0.00056456878469730864,0.19548013212285276,,
stationary,exact_transition,True,0,1212,1,1,1,,,,joint_probe_real,0.19516561035015587,0.19548013212285276,0.19160609663959446,
stationary,exact_transition,True,0,1212,1,1,1,,,,marginal_ecf_max_component_error_initial,0.0029096196617934924,,,0.0082850941620853727
stationary,exact_transition,True,0,1212,1,1,1,,,,marginal_ecf_max_component_error_terminal,0.005650119056451651,,,0.0082850941620853727
stationary,exact_transition,True,0,1212,1,1,1,,,,marginal_ecf_rmse_initial,0.00082949233364069074,,,0.0082850941620853727
stationary,exact_transition,True,0,1212,1,1,1,,,,marginal_ecf_rmse_terminal,0.00095842686133974374,,,0.0082850941620853727
stationary,exact_transition,True,0,202,1,1,0.25,,,,joint_ecf_max_component_error_to_analytic_popov,0.0035091301137181166,,,
stationary,exact_transition,True,0,202,1,1,0.25,,,,joint_ecf_rmse_to_analytic_popov,0.0011920591043681247,,,
stationary,exact_transition,True,0,202,1,1,0.25,,,,joint_probe_abs_error_to_analytic_popov,0.00055062445711005217,0.16929251064426912,,
stationary,exact_transition,True,0,202,1,1,0.25,,,,joint_probe_real,0.16979041147688922,0.16929251064426912,0.1680271560414219,
stationary,exact_transition,True,0,202,1,1,0.25,,,,marginal_ecf_max_component_error_initial,0.0030221672852306074,,,0.0082850941620853727
stationary,exact_transition,True,0,202,1,1,0.25,,,,marginal_ecf_max_component_error_terminal,0.0027815984951968268,,,0.0082850941620853727
stationary,exact_transition,True,0,202,1,1,0.25,,,,marginal_ecf_rmse_initial,0.0012992383176843379,,,0.0082850941620853727
stationary,exact_transition,True,0,202,1,1,0.25,,,,marginal_ecf_rmse_terminal,0.00095520354950124687,,,0.0082850941620853727
stationary,exact_transition,True,0,202,1,1,0.5,,,,joint_ecf_max_component_error_to_analytic_popov,0.0037489545902217704,,,
stationary,exact_transition,True,0,202,1,1,0.5,,,,joint_ecf_rmse_to_analytic_popov,0.0016736965548384646,,,
stationary,exact_transition,True,0,202,1,1,0.5,,,,joint_probe_abs_error_to_analytic_popov,0.0013382490778375967,0.17869078267745503,,
stationary,exact_transition,True,0,202,1,1,0.5,,,,joint_probe_real,0.17978041187342858,0.17869078267745503,0.17635424834318841,
stationary,exact_transition,True,0,202,1,1,0.5,,,,marginal_ecf_max_component_error_initial,0.0023946340659099048,,,0.0082850941620853727
stationary,exact_transition,True,0,202,1,1,0.5,,,,marginal_ecf_max_component_error_terminal,0.0037310348371411384,,,0.0082850941620853727
stationary,exact_transition,True,0,202,1,1,0.5,,,,marginal_ecf_rmse_initial,0.0010354383851105251,,,0.0082850941620853727
stationary,exact_transition,True,0,202,1,1,0.5,,,,marginal_ecf_rmse_terminal,0.0017625397701142415,,,0.0082850941620853727
stationary,exact_transition,True,0,202,1,1,1,,,,joint_ecf_max_component_error_to_analytic_popov,0.0040429305476838689,,,
stationary,exact_transition,True,0,202,1,1,1,,,,joint_ecf_rmse_to_analytic_popov,0.0014568593608098161,,,
stationary,exact_transition,True,0,202,1,1,1,,,,joint_probe_abs_error_to_analytic_popov,0.00075653963457398155,0.19548013212285276,,
stationary,exact_transition,True,0,202,1,1,1,,,,joint_probe_real,0.19623636809756242,0.19548013212285276,0.19160609663959446,
stationary,exact_transition,True,0,202,1,1,1,,,,marginal_ecf_max_component_error_initial,0.0041049602087739855,,,0.0082850941620853727
stationary,exact_transition,True,0,202,1,1,1,,,,marginal_ecf_max_component_error_terminal,0.0026846956870193442,,,0.0082850941620853727
stationary,exact_transition,True,0,202,1,1,1,,,,marginal_ecf_rmse_initial,0.0013087879775225606,,,0.0082850941620853727
stationary,exact_transition,True,0,202,1,1,1,,,,marginal_ecf_rmse_terminal,0.0009107650598032689,,,0.0082850941620853727
stationary,exact_transition,True,0,303,1,1,0.25,,,,joint_ecf_max_component_error_to_analytic_popov,0.0024848730359945202,,,
stationary,exact_transition,True,0,303,1,1,0.25,,,,joint_ecf_rmse_to_analytic_popov,0.0012432947977591932,,,
stationary,exact_transition,True,0,303,1,1,0.25,,,,joint_probe_abs_error_to_analytic_popov,0.0010419909518772569,0.16929251064426912,,
stationary,exact_transition,True,0,303,1,1,0.25,,,,joint_probe_real,0.16969435869746177,0.16929251064426912,0.1680271560414219,
stationary,exact_transition,True,0,303,1,1,0.25,,,,marginal_ecf_max_component_error_initial,0.0034830255289129996,,,0.0082850941620853727
stationary,exact_transition,True,0,303,1,1,0.25,,,,marginal_ecf_max_component_error_terminal,0.0027155868823964375,,,0.0082850941620853727
stationary,exact_transition,True,0,303,1,1,0.25,,,,marginal_ecf_rmse_initial,0.0010494358263448578,,,0.0082850941620853727
stationary,exact_transition,True,0,303,1,1,0.25,,,,marginal_ecf_rmse_terminal,0.0013188721019661328,,,0.0082850941620853727
stationary,exact_transition,True,0,303,1,1,0.5,,,,joint_ecf_max_component_error_to_analytic_popov,0.0027468480984690485,,,
stationary,exact_transition,True,0,303,1,1,0.5,,,,joint_ecf_rmse_to_analytic_popov,0.0015148675806868916,,,
stationary,exact_transition,True,0,303,1,1,0.5,,,,joint_probe_abs_error_to_analytic_popov,0.00213222111752731,0.17869078267745503,,
stationary,exact_transition,True,0,303,1,1,0.5,,,,joint_probe_real,0.17998999115002989,0.17869078267745503,0.17635424834318841,
stationary,exact_transition,True,0,303,1,1,0.5,,,,marginal_ecf_max_component_error_initial,0.0025883464789993754,,,0.0082850941620853727
stationary,exact_transition,True,0,303,1,1,0.5,,,,marginal_ecf_max_component_error_terminal,0.0026188778398090794,,,0.0082850941620853727
stationary,exact_transition,True,0,303,1,1,0.5,,,,marginal_ecf_rmse_initial,0.0011904866849379808,,,0.0082850941620853727
stationary,exact_transition,True,0,303,1,1,0.5,,,,marginal_ecf_rmse_terminal,0.00086046408623151533,,,0.0082850941620853727
stationary,exact_transition,True,0,303,1,1,1,,,,joint_ecf_max_component_error_to_analytic_popov,0.0040682424838218417,,,
stationary,exact_transition,True,0,303,1,1,1,,,,joint_ecf_rmse_to_analytic_popov,0.0022415108101114358,,,
stationary,exact_transition,True,0,303,1,1,1,,,,joint_probe_abs_error_to_analytic_popov,0.003751894384746652,0.19548013212285276,,
stationary,exact_transition,True,0,303,1,1,1,,,,joint_probe_real,0.19248438346509741,0.19548013212285276,0.19160609663959446,
stationary,exact_transition,True,0,303,1,1,1,,,,marginal_ecf_max_component_error_initial,0.0027935597554550849,,,0.0082850941620853727
stationary,exact_transition,True,0,303,1,1,1,,,,marginal_ecf_max_component_error_terminal,0.0042571702585675253,,,0.0082850941620853727
stationary,exact_transition,True,0,303,1,1,1,,,,marginal_ecf_rmse_initial,0.0016090311132128743,,,0.0082850941620853727
stationary,exact_transition,True,0,303,1,1,1,,,,marginal_ecf_rmse_terminal,0.0026534916185528565,,,0.0082850941620853727
stationary,exact_transition,True,0,404,1,1,0.25,,,,joint_ecf_max_component_error_to_analytic_popov,0.0043454451903085197,,,
stationary,exact_transition,True,0,404,1,1,0.25,,,,joint_ecf_rmse_to_analytic_popov,0.0014514338143834134,,,
stationary,exact_transition,True,0,404,1,1,0.25,,,,joint_probe_abs_error_to_analytic_popov,0.00079330909372776217,0.16929251064426912,,
stationary,exact_transition,True,0,404,1,1,0.25,,,,joint_probe_real,0.16924838901283953,0.16929251064426912,0.1680271560414219,
stationary,exact_transition,True,0,404,1,1,0.25,,,,marginal_ecf_max_component_error_initial,0.0027313453913363657,,,0.0082850941620853727
stationary,exact_transition,True,0,404,1,1,0.25,,,,marginal_ecf_max_component_error_terminal,0.0029492068641355038,,,0.0082850941620853727
stationary,exact_transition,True,0,404,1,1,0.25,,,,marginal_ecf_rmse_initial,0.0011194289667076844,,,0.0082850941620853727
stationary,exact_transition,True,0,404,1,1,0.25,,,,marginal_ecf_rmse_terminal,0.00099194414888578459,,,0.0082850941620853727
stationary,exact_transition,True,0,404,1,1,0.5,,,,joint_ecf_max_component_error_to_analytic_popov,0.003401544229960426,,,
stationary,exact_transition,True,0,404,1,1,0.5,,,,joint_ecf_rmse_to_analytic_popov,0.0017700286243610096,,,
stationary,exact_transition,True,0,404,1,1,0.5,,,,joint_probe_abs_error_to_analytic_popov,0.0015229779035529924,0.17869078267745503,,
stationary,exact_transition,True,0,404,1,1,0.5,,,,joint_probe_real,0.17842843082494492,0.17869078267745503,0.17635424834318841,
stationary,exact_transition,True,0,404,1,1,0.5,,,,marginal_ecf_max_component_error_initial,0.003138274483934219,,,0.0082850941620853727
stationary,exact_transition,True,0,404,1,1,0.5,,,,marginal_ecf_max_component_error_terminal,0.0023683501849444096,,,0.0082850941620853727
stationary,exact_transition,True,0,404,1,1,0.5,,,,marginal_ecf_rmse_initial,0.0015388508439078323,,,0.0082850941620853727
stationary,exact_transition,True,0,404,1,1,0.5,,,,marginal_ecf_rmse_terminal,0.0013831832237828621,,,0.0082850941620853727
stationary,exact_transition,True,0,404,1,1,1,,,,joint_ecf_max_component_error_to_analytic_popov,0.004020443999497989,,,
stationary,exact_transition,True,0,404,1,1,1,,,,joint_ecf_rmse_to_analytic_popov,0.0016946417922204674,,,
stationary,exact_transition,True,0,404,1,1,1,,,,joint_probe_abs_error_to_analytic_popov,0.0020613683068419907,0.19548013212285276,,
stationary,exact_transition,True,0,404,1,1,1,,,,joint_probe_real,0.19378427506449519,0.19548013212285276,0.19160609663959446,
stationary,exact_transition,True,0,404,1,1,1,,,,marginal_ecf_max_component_error_initial,0.0037073874505057103,,,0.0082850941620853727
stationary,exact_transition,True,0,404,1,1,1,,,,marginal_ecf_max_component_error_terminal,0.0028626050450011944,,,0.0082850941620853727
stationary,exact_transition,True,0,404,1,1,1,,,,marginal_ecf_rmse_initial,0.0016436623816355337,,,0.0082850941620853727
stationary,exact_transition,True,0,404,1,1,1,,,,marginal_ecf_rmse_terminal,0.0010257272931646359,,,0.0082850941620853727
stationary,exact_transition,True,0,505,1,1,0.25,,,,joint_ecf_max_component_error_to_analytic_popov,0.0030607852458124896,,,
stationary,exact_transition,True,0,505,1,1,0.25,,,,joint_ecf_rmse_to_analytic_popov,0.0014469901422137167,,,
stationary,exact_transition,True,0,505,1,1,0.25,,,,joint_probe_abs_error_to_analytic_popov,0.0023341616996525954,0.16929251064426912,,
stationary,exact_transition,True,0,505,1,1,0.25,,,,joint_probe_real,0.16962789949137963,0.16929251064426912,0.1680271560414219,
stationary,exact_transition,True,0,505,1,1,0.25,,,,marginal_ecf_max_component_error_initial,0.0025343593949752777,,,0.0082850941620853727
stationary,exact_transition,True,0,505,1,1,0.25,,,,marginal_ecf_max_component_error_terminal,0.0026298037011340848,,,0.0082850941620853727
stationary,exact_transition,True,0,505,1,1,0.25,,,,marginal_ecf_rmse_initial,0.00095296722197574864,,,0.0082850941620853727
stationary,exact_transition,True,0,505,1,1,0.25,,,,marginal_ecf_rmse_terminal,0.0011200581766272397,,,0.0082850941620853727
stationary,exact_transition,True,0,505,1,1,0.5,,,,joint_ecf_max_component_error_to_analytic_popov,0.0035618141587568449,,,
stationary,exact_transition,True,0,505,1,1,0.5,,,,joint_ecf_rmse_to_analytic_popov,0.0016302982541371088,,,
stationary,exact_transition,True,0,505,1,1,0.5,,,,joint_probe_abs_error_to_analytic_popov,0.0018524473966924076,0.17869078267745503,,
stationary,exact_transition,True,0,505,1,1,0.5,,,,joint_probe_real,0.17865560228695682,0.17869078267745503,0.17635424834318841,
stationary,exact_transition,True,0,505,1,1,0.5,,,,marginal_ecf_max_component_error_initial,0.0034722850616113431,,,0.0082850941620853727
stationary,exact_transition,True,0,505,1,1,0.5,,,,marginal_ecf_max_component_error_terminal,0.0026138560912108044,,,0.0082850941620853727
stationary,exact_transition,True,0,505,1,1,0.5,,,,marginal_ecf_rmse_initial,0.0012697533045825018,,,0.0082850941620853727
stationary,exact_transition,True,0,505,1,1,0.5,,,,marginal_ecf_rmse_terminal,0.001174736523288042,,,0.0082850941620853727
stationary,exact_transition,True,0,505,1,1,1,,,,joint_ecf_max_component_error_to_analytic_popov,0.0039438523352103684,,,
stationary,exact_transition,True,0,505,1,1,1,,,,joint_ecf_rmse_to_analytic_popov,0.002510202350252099,,,
stationary,exact_transition,True,0,505,1,1,1,,,,joint_probe_abs_error_to_analytic_popov,0.0034665006810162295,0.19548013212285276,,
stationary,exact_transition,True,0,505,1,1,1,,,,joint_probe_real,0.19366932229645975,0.19548013212285276,0.19160609663959446,
stationary,exact_transition,True,0,505,1,1,1,,,,marginal_ecf_max_component_error_initial,0.0038504986660517389,,,0.0082850941620853727
stationary,exact_transition,True,0,505,1,1,1,,,,marginal_ecf_max_component_error_terminal,0.0029854443477680668,,,0.0082850941620853727
stationary,exact_transition,True,0,505,1,1,1,,,,marginal_ecf_rmse_initial,0.0029702918392566684,,,0.0082850941620853727
stationary,exact_transition,True,0,505,1,1,1,,,,marginal_ecf_rmse_terminal,0.0012710666290565197,,,0.0082850941620853727
stationary,exact_transition,True,0,606,1,1,0.25,,,,joint_ecf_max_component_error_to_analytic_popov,0.0032912758875084241,,,
stationary,exact_transition,True,0,606,1,1,0.25,,,,joint_ecf_rmse_to_analytic_popov,0.0011164270290473493,,,
stationary,exact_transition,True,0,606,1,1,0.25,,,,joint_probe_abs_error_to_analytic_popov,0.0012510245919388468,0.16929251064426912,,
stationary,exact_transition,True,0,606,1,1,0.25,,,,joint_probe_real,0.17053037153683312,0.16929251064426912,0.1680271560414219,
stationary,exact_transition,True,0,606,1,1,0.25,,,,marginal_ecf_max_component_error_initial,0.0022173975229119753,,,0.0082850941620853727
stationary,exact_transition,True,0,606,1,1,0.25,,,,marginal_ecf_max_component_error_terminal,0.0017607543941790134,,,0.0082850941620853727
stationary,exact_transition,True,0,606,1,1,0.25,,,,marginal_ecf_rmse_initial,0.00085837947416218135,,,0.0082850941620853727
stationary,exact_transition,True,0,606,1,1,0.25,,,,marginal_ecf_rmse_terminal,0.00069000898587137064,,,0.0082850941620853727
stationary,exact_transition,True,0,606,1,1,0.5,,,,joint_ecf_max_component_error_to_analytic_popov,0.0032417472007410936,,,
stationary,exact_transition,True,0,606,1,1,0.5,,,,joint_ecf_rmse_to_analytic_popov,0.0014561463180372027,,,
stationary,exact_transition,True,0,606,1,1,0.5,,,,joint_probe_abs_error_to_analytic_popov,0.0026917404512831651,0.17869078267745503,,
stationary,exact_transition,True,0,606,1,1,0.5,,,,joint_probe_real,0.18137878061949594,0.17869078267745503,0.17635424834318841,
stationary,exact_transition,True,0,606,1,1,0.5,,,,marginal_ecf_max_component_error_initial,0.0025221206458356208,,,0.0082850941620853727
stationary,exact_transition,True,0,606,1,1,0.5,,,,marginal_ecf_max_component_error_terminal,0.0035029734370000953,,,0.0082850941620853727
stationary,exact_transition,True,0,606,1,1,0.5,,,,marginal_ecf_rmse_initial,0.00083585551780834312,,,0.0082850941620853727
stationary,exact_transition,True,0,606,1,1,0.5,,,,marginal_ecf_rmse_terminal,0.001569792162371197,,,0.0082850941620853727
stationary,exact_transition,True,0,606,1,1,1,,,,joint_ecf_max_component_error_to_analytic_popov,0.0031728199230683664,,,
stationary,exact_transition,True,0,606,1,1,1,,,,joint_ecf_rmse_to_analytic_popov,0.00203720246114067,,,
stationary,exact_transition,True,0,606,1,1,1,,,,joint_probe_abs_error_to_analytic_popov,0.0029638646935758492,0.19548013212285276,,
stationary,exact_transition,True,0,606,1,1,1,,,,joint_probe_real,0.19251640337325426,0.19548013212285276,0.19160609663959446,
stationary,exact_transition,True,0,606,1,1,1,,,,marginal_ecf_max_component_error_initial,0.0025837730187839858,,,0.0082850941620853727
stationary,exact_transition,True,0,606,1,1,1,,,,marginal_ecf_max_component_error_terminal,0.0027197854275855492,,,0.0082850941620853727
stationary,exact_transition,True,0,606,1,1,1,,,,marginal_ecf_rmse_initial,0.0017381457176713837,,,0.0082850941620853727
stationary,exact_transition,True,0,606,1,1,1,,,,marginal_ecf_rmse_terminal,0.0014824142108823474,,,0.0082850941620853727
stationary,exact_transition,True,0,707,1,1,0.25,,,,joint_ecf_max_component_error_to_analytic_popov,0.0028807040462162743,,,
stationary,exact_transition,True,0,707,1,1,0.25,,,,joint_ecf_rmse_to_analytic_popov,0.0012259383557050542,,,
stationary,exact_transition,True,0,707,1,1,0.25,,,,joint_probe_abs_error_to_analytic_popov,0.0014326404822132758,0.16929251064426912,,
stationary,exact_transition,True,0,707,1,1,0.25,,,,joint_probe_real,0.16922233227236474,0.16929251064426912,0.1680271560414219,
stationary,exact_transition,True,0,707,1,1,0.25,,,,marginal_ecf_max_component_error_initial,0.0025854671307548268,,,0.0082850941620853727
stationary,exact_transition,True,0,707,1,1,0.25,,,,marginal_ecf_max_component_error_terminal,0.0029001550082489573,,,0.0082850941620853727
stationary,exact_transition,True,0,707,1,1,0.25,,,,marginal_ecf_rmse_initial,0.00090156702137935178,,,0.0082850941620853727
stationary,exact_transition,True,0,707,1,1,0.25,,,,marginal_ecf_rmse_terminal,0.0012446538976631555,,,0.0082850941620853727
stationary,exact_transition,True,0,707,1,1,0.5,,,,joint_ecf_max_component_error_to_analytic_popov,0.0034674277459748291,,,
stationary,exact_transition,True,0,707,1,1,0.5,,,,joint_ecf_rmse_to_analytic_popov,0.0013983092192803475,,,
stationary,exact_transition,True,0,707,1,1,0.5,,,,joint_probe_abs_error_to_analytic_popov,0.00044188750028343346,0.17869078267745503,,
stationary,exact_transition,True,0,707,1,1,0.5,,,,joint_probe_real,0.17854928608951784,0.17869078267745503,0.17635424834318841,
stationary,exact_transition,True,0,707,1,1,0.5,,,,marginal_ecf_max_component_error_initial,0.0031294231219936783,,,0.0082850941620853727
stationary,exact_transition,True,0,707,1,1,0.5,,,,marginal_ecf_max_component_error_terminal,0.0028884273369569891,,,0.0082850941620853727
stationary,exact_transition,True,0,707,1,1,0.5,,,,marginal_ecf_rmse_initial,0.00061919392273619288,,,0.0082850941620853727
stationary,exact_transition,True,0,707,1,1,0.5,,,,marginal_ecf_rmse_terminal,0.0014681408956602052,,,0.0082850941620853727
stationary,exact_transition,True,0,707,1,1,1,,,,joint_ecf_max_component_error_to_analytic_popov,0.0033433082934044242,,,
stationary,exact_transition,True,0,707,1,1,1,,,,joint_ecf_rmse_to_analytic_popov,0.0014647473159893217,,,
stationary,exact_transition,True,0,707,1,1,1,,,,joint_probe_abs_error_to_analytic_popov,0.0017223153229412342,0.19548013212285276,,
stationary,exact_transition,True,0,707,1,1,1,,,,joint_probe_real,0.19593938612400844,0.19548013212285276,0.19160609663959446,
stationary,exact_transition,True,0,707,1,1,1,,,,marginal_ecf_max_component_error_initial,0.0021347221407150875,,,0.0082850941620853727
stationary,exact_transition,True,0,707,1,1,1,,,,marginal_ecf_max_component_error_terminal,0.0025623926701209832,,,0.0082850941620853727
stationary,exact_transition,True,0,707,1,1,1,,,,marginal_ecf_rmse_initial,0.001309037602614651,,,0.0082850941620853727
stationary,exact_transition,True,0,707,1,1,1,,,,marginal_ecf_rmse_terminal,0.0011671043728927655,,,0.0082850941620853727
stationary,exact_transition,True,0,808,1,1,0.25,,,,joint_ecf_max_component_error_to_analytic_popov,0.0043211000814956484,,,
stationary,exact_transition,True,0,808,1,1,0.25,,,,joint_ecf_rmse_to_analytic_popov,0.0026754885860203149,,,
stationary,exact_transition,True,0,808,1,1,0.25,,,,joint_probe_abs_error_to_analytic_popov,0.0036076815900106564,0.16929251064426912,,
stationary,exact_transition,True,0,808,1,1,0.25,,,,joint_probe_real,0.16594371735426094,0.16929251064426912,0.1680271560414219,
stationary,exact_transition,True,0,808,1,1,0.25,,,,marginal_ecf_max_component_error_initial,0.0029240380668896504,,,0.0082850941620853727
stationary,exact_transition,True,0,808,1,1,0.25,,,,marginal_ecf_max_component_error_terminal,0.0043189447304894327,,,0.0082850941620853727
stationary,exact_transition,True,0,808,1,1,0.25,,,,marginal_ecf_rmse_initial,0.0020334119050524372,,,0.0082850941620853727
stationary,exact_transition,True,0,808,1,1,0.25,,,,marginal_ecf_rmse_terminal,0.0026642423264089886,,,0.0082850941620853727
stationary,exact_transition,True,0,808,1,1,0.5,,,,joint_ecf_max_component_error_to_analytic_popov,0.0041321120168029682,,,
stationary,exact_transition,True,0,808,1,1,0.5,,,,joint_ecf_rmse_to_analytic_popov,0.0017537570172157597,,,
stationary,exact_transition,True,0,808,1,1,0.5,,,,joint_probe_abs_error_to_analytic_popov,0.0022734783899848437,0.17869078267745503,,
stationary,exact_transition,True,0,808,1,1,0.5,,,,joint_probe_real,0.17843496153706298,0.17869078267745503,0.17635424834318841,
stationary,exact_transition,True,0,808,1,1,0.5,,,,marginal_ecf_max_component_error_initial,0.0039452396502400334,,,0.0082850941620853727
stationary,exact_transition,True,0,808,1,1,0.5,,,,marginal_ecf_max_component_error_terminal,0.0030684067101009625,,,0.0082850941620853727
stationary,exact_transition,True,0,808,1,1,0.5,,,,marginal_ecf_rmse_initial,0.0020165747044968191,,,0.0082850941620853727
stationary,exact_transition,True,0,808,1,1,0.5,,,,marginal_ecf_rmse_terminal,0.0010515320094251245,,,0.0082850941620853727
stationary,exact_transition,True,0,808,1,1,1,,,,joint_ecf_max_component_error_to_analytic_popov,0.0052321278301711988,,,
stationary,exact_transition,True,0,808,1,1,1,,,,joint_ecf_rmse_to_analytic_popov,0.002608623510301947,,,
stationary,exact_transition,True,0,808,1,1,1,,,,joint_probe_abs_error_to_analytic_popov,0.0025867087773888795,0.19548013212285276,,
stationary,exact_transition,True,0,808,1,1,1,,,,joint_probe_real,0.19422378640926591,0.19548013212285276,0.19160609663959446,
stationary,exact_transition,True,0,808,1,1,1,,,,marginal_ecf_max_component_error_initial,0.0022404112717172575,,,0.0082850941620853727
stationary,exact_transition,True,0,808,1,1,1,,,,marginal_ecf_max_component_error_terminal,0.0037074579365904414,,,0.0082850941620853727
stationary,exact_transition,True,0,808,1,1,1,,,,marginal_ecf_rmse_initial,0.0016922621930122112,,,0.0082850941620853727
stationary,exact_transition,True,0,808,1,1,1,,,,marginal_ecf_rmse_terminal,0.0025579226124491285,,,0.0082850941620853727
stationary,exact_transition,True,0,909,1,1,0.25,,,,joint_ecf_max_component_error_to_analytic_popov,0.0043653758719030822,,,
stationary,exact_transition,True,0,909,1,1,0.25,,,,joint_ecf_rmse_to_analytic_popov,0.0021720360062455991,,,
stationary,exact_transition,True,0,909,1,1,0.25,,,,joint_probe_abs_error_to_analytic_popov,0.002847244791906677,0.16929251064426912,,
stationary,exact_transition,True,0,909,1,1,0.25,,,,joint_probe_real,0.16684051523394178,0.16929251064426912,0.1680271560414219,
stationary,exact_transition,True,0,909,1,1,0.25,,,,marginal_ecf_max_component_error_initial,0.0032352071139191696,,,0.0082850941620853727
stationary,exact_transition,True,0,909,1,1,0.25,,,,marginal_ecf_max_component_error_terminal,0.0037301377797509389,,,0.0082850941620853727
stationary,exact_transition,True,0,909,1,1,0.25,,,,marginal_ecf_rmse_initial,0.0013548313926164957,,,0.0082850941620853727
stationary,exact_transition,True,0,909,1,1,0.25,,,,marginal_ecf_rmse_terminal,0.001880472098072207,,,0.0082850941620853727
stationary,exact_transition,True,0,909,1,1,0.5,,,,joint_ecf_max_component_error_to_analytic_popov,0.0033633084538270308,,,
stationary,exact_transition,True,0,909,1,1,0.5,,,,joint_ecf_rmse_to_analytic_popov,0.0011721307000724466,,,
stationary,exact_transition,True,0,909,1,1,0.5,,,,joint_probe_abs_error_to_analytic_popov,0.00076475264146279992,0.17869078267745503,,
stationary,exact_transition,True,0,909,1,1,0.5,,,,joint_probe_real,0.17867841638994567,0.17869078267745503,0.17635424834318841,
stationary,exact_transition,True,0,909,1,1,0.5,,,,marginal_ecf_max_component_error_initial,0.0026796067380596505,,,0.0082850941620853727
stationary,exact_transition,True,0,909,1,1,0.5,,,,marginal_ecf_max_component_error_terminal,0.0029288142276324655,,,0.0082850941620853727
stationary,exact_transition,True,0,909,1,1,0.5,,,,marginal_ecf_rmse_initial,0.00090485941425244207,,,0.0082850941620853727
stationary,exact_transition,True,0,909,1,1,0.5,,,,marginal_ecf_rmse_terminal,0.00099983448257033396,,,0.0082850941620853727
stationary,exact_transition,True,0,909,1,1,1,,,,joint_ecf_max_component_error_to_analytic_popov,0.0038210145118442338,,,
stationary,exact_transition,True,0,909,1,1,1,,,,joint_ecf_rmse_to_analytic_popov,0.0014230500356940204,,,
stationary,exact_transition,True,0,909,1,1,1,,,,joint_probe_abs_error_to_analytic_popov,0.0015908189665460779,0.19548013212285276,,
stationary,exact_transition,True,0,909,1,1,1,,,,joint_probe_real,0.19608439137387002,0.19548013212285276,0.19160609663959446,
stationary,exact_transition,True,0,909,1,1,1,,,,marginal_ecf_max_component_error_initial,0.0030080459747465209,,,0.0082850941620853727
stationary,exact_transition,True,0,909,1,1,1,,,,marginal_ecf_max_component_error_terminal,0.0020510462388476647,,,0.0082850941620853727
stationary,exact_transition,True,0,909,1,1,1,,,,marginal_ecf_rmse_initial,0.0014450352208133278,,,0.0082850941620853727
stationary,exact_transition,True,0,909,1,1,1,,,,marginal_ecf_rmse_terminal,0.0015263089677707009,,,0.0082850941620853727
stationary,exact_transition,True,0,101,2,2,0.25,,,,joint_ecf_max_component_error_to_analytic_popov,0.0041783069584166773,,,
stationary,exact_transition,True,0,101,2,2,0.25,,,,joint_ecf_rmse_to_analytic_popov,0.0015657498178067173,,,
stationary,exact_transition,True,0,101,2,2,0.25,,,,joint_probe_abs_error_to_analytic_popov,0.0026657708978617312,0.17869078267745503,,
stationary,exact_transition,True,0,101,2,2,0.25,,,,joint_probe_real,0.18099228885769225,0.17869078267745503,0.1680271560414219,
stationary,exact_transition,True,0,101,2,2,0.25,,,,marginal_ecf_max_component_error_initial,0.0022023905958992035,,,0.0082850941620853727
stationary,exact_transition,True,0,101,2,2,0.25,,,,marginal_ecf_max_component_error_terminal,0.0026549797116332463,,,0.0082850941620853727
stationary,exact_transition,True,0,101,2,2,0.25,,,,marginal_ecf_rmse_initial,0.0013891333445437862,,,0.0082850941620853727
stationary,exact_transition,True,0,101,2,2,0.25,,,,marginal_ecf_rmse_terminal,0.0010260712805018799,,,0.0082850941620853727
stationary,exact_transition,True,0,101,2,2,0.5,,,,joint_ecf_max_component_error_to_analytic_popov,0.0044366336361099301,,,
stationary,exact_transition,True,0,101,2,2,0.5,,,,joint_ecf_rmse_to_analytic_popov,0.0016507411688603513,,,
stationary,exact_transition,True,0,101,2,2,0.5,,,,joint_probe_abs_error_to_analytic_popov,0.0014690058244207027,0.19548013212285276,,
stationary,exact_transition,True,0,101,2,2,0.5,,,,joint_probe_real,0.19591124968613521,0.19548013212285276,0.17635424834318841,
stationary,exact_transition,True,0,101,2,2,0.5,,,,marginal_ecf_max_component_error_initial,0.003005191939843381,,,0.0082850941620853727
stationary,exact_transition,True,0,101,2,2,0.5,,,,marginal_ecf_max_component_error_terminal,0.0031699241514467121,,,0.0082850941620853727
stationary,exact_transition,True,0,101,2,2,0.5,,,,marginal_ecf_rmse_initial,0.0016426175468542417,,,0.0082850941620853727
stationary,exact_transition,True,0,101,2,2,0.5,,,,marginal_ecf_rmse_terminal,0.0008471580712454326,,,0.0082850941620853727
stationary,exact_transition,True,0,101,2,2,1,,,,joint_ecf_max_component_error_to_analytic_popov,0.0038767744304092212,,,
stationary,exact_transition,True,0,101,2,2,1,,,,joint_ecf_rmse_to_analytic_popov,0.0014419336831499262,,,
stationary,exact_transition,True,0,101,2,2,1,,,,joint_probe_abs_error_to_analytic_popov,0.00089266763326631101,0.22095844700718614,,
stationary,exact_transition,True,0,101,2,2,1,,,,joint_probe_real,0.22071252827310217,0.22095844700718614,0.19160609663959446,
stationary,exact_transition,True,0,101,2,2,1,,,,marginal_ecf_max_component_error_initial,0.0020537265755743339,,,0.0082850941620853727
stationary,exact_transition,True,0,101,2,2,1,,,,marginal_ecf_max_component_error_terminal,0.0041604654524977974,,,0.0082850941620853727
stationary,exact_transition,True,0,101,2,2,1,,,,marginal_ecf_rmse_initial,0.00076128283442710766,,,0.0082850941620853727
stationary,exact_transition,True,0,101,2,2,1,,,,marginal_ecf_rmse_terminal,0.0011343301149576571,,,0.0082850941620853727
stationary,exact_transition,True,0,1010,2,2,0.25,,,,joint_ecf_max_component_error_to_analytic_popov,0.0039367103206700386,,,
stationary,exact_transition,True,0,1010,2,2,0.25,,,,joint_ecf_rmse_to_analytic_popov,0.0015902315777573271,,,
stationary,exact_transition,True,0,1010,2,2,0.25,,,,joint_probe_abs_error_to_analytic_popov,0.0018314181920749181,0.17869078267745503,,
stationary,exact_transition,True,0,1010,2,2,0.25,,,,joint_probe_real,0.17910493406928829,0.17869078267745503,0.1680271560414219,
stationary,exact_transition,True,0,1010,2,2,0.25,,,,marginal_ecf_max_component_error_initial,0.0031566339893778156,,,0.0082850941620853727
stationary,exact_transition,True,0,1010,2,2,0.25,,,,marginal_ecf_max_component_error_terminal,0.0025201806091281909,,,0.0082850941620853727
stationary,exact_transition,True,0,1010,2,2,0.25,,,,marginal_ecf_rmse_initial,0.0014183998866105878,,,0.0082850941620853727
stationary,exact_transition,True,0,1010,2,2,0.25,,,,marginal_ecf_rmse_terminal,0.0013126259310957968,,,0.0082850941620853727
stationary,exact_transition,True,0,1010,2,2,0.5,,,,joint_ecf_max_component_error_to_analytic_popov,0.0049517985461631064,,,
stationary,exact_transition,True,0,1010,2,2,0.5,,,,joint_ecf_rmse_to_analytic_popov,0.0017947339047475477,,,
stationary,exact_transition,True,0,1010,2,2,0.5,,,,joint_probe_abs_error_to_analytic_popov,0.0025216742605122383,0.19548013212285276,,
stationary,exact_transition,True,0,1010,2,2,0.5,,,,joint_probe_real,0.19561751275401154,0.19548013212285276,0.17635424834318841,
stationary,exact_transition,True,0,1010,2,2,0.5,,,,marginal_ecf_max_component_error_initial,0.0032566392318920043,,,0.0082850941620853727
stationary,exact_transition,True,0,1010,2,2,0.5,,,,marginal_ecf_max_component_error_terminal,0.0036147377120542036,,,0.0082850941620853727
stationary,exact_transition,True,0,1010,2,2,0.5,,,,marginal_ecf_rmse_initial,0.0015909603788001239,,,0.0082850941620853727
stationary,exact_transition,True,0,1010,2,2,0.5,,,,marginal_ecf_rmse_terminal,0.0013009099640845507,,,0.0082850941620853727
stationary,exact_transition,True,0,1010,2,2,1,,,,joint_ecf_max_component_error_to_analytic_popov,0.0032547160568177969,,,
stationary,exact_transition,True,0,1010,2,2,1,,,,joint_ecf_rmse_to_analytic_popov,0.0017666778591536615,,,
stationary,exact_transition,True,0,1010,2,2,1,,,,joint_probe_abs_error_to_analytic_popov,0.00075879327524850206,0.22095844700718614,,
stationary,exact_transition,True,0,1010,2,2,1,,,,joint_probe_real,0.22027591659492465,0.22095844700718614,0.19160609663959446,
stationary,exact_transition,True,0,1010,2,2,1,,,,marginal_ecf_max_component_error_initial,0.001793926102917539,,,0.0082850941620853727
stationary,exact_transition,True,0,1010,2,2,1,,,,marginal_ecf_max_component_error_terminal,0.0019657584674671693,,,0.0082850941620853727
stationary,exact_transition,True,0,1010,2,2,1,,,,marginal_ecf_rmse_initial,0.0011806233977926033,,,0.0082850941620853727
stationary,exact_transition,True,0,1010,2,2,1,,,,marginal_ecf_rmse_terminal,0.0013909640845637258,,,0.0082850941620853727
stationary,exact_transition,True,0,1111,2,2,0.25,,,,joint_ecf_max_component_error_to_analytic_popov,0.0031626958128800693,,,
stationary,exact_transition,True,0,1111,2,2,0.25,,,,joint_ecf_rmse_to_analytic_popov,0.0017904102893546749,,,
stationary,exact_transition,True,0,1111,2,2,0.25,,,,joint_probe_abs_error_to_analytic_popov,0.0013836148129831071,0.17869078267745503,,
stationary,exact_transition,True,0,1111,2,2,0.25,,,,joint_probe_real,0.17732305950753868,0.17869078267745503,0.1680271560414219,
stationary,exact_transition,True,0,1111,2,2,0.25,,,,marginal_ecf_max_component_error_initial,0.0019577475015923177,,,0.0082850941620853727
stationary,exact_transition,True,0,1111,2,2,0.25,,,,marginal_ecf_max_component_error_terminal,0.0035253259204656743,,,0.0082850941620853727
stationary,exact_transition,True,0,1111,2,2,0.25,,,,marginal_ecf_rmse_initial,0.001123556069977777,,,0.0082850941620853727
stationary,exact_transition,True,0,1111,2,2,0.25,,,,marginal_ecf_rmse_terminal,0.0021625675072563734,,,0.0082850941620853727
stationary,exact_transition,True,0,1111,2,2,0.5,,,,joint_ecf_max_component_error_to_analytic_popov,0.0028735218285499374,,,
stationary,exact_transition,True,0,1111,2,2,0.5,,,,joint_ecf_rmse_to_analytic_popov,0.0013788247354967905,,,
stationary,exact_transition,True,0,1111,2,2,0.5,,,,joint_probe_abs_error_to_analytic_popov,0.00053578919645484594,0.19548013212285276,,
stationary,exact_transition,True,0,1111,2,2,0.5,,,,joint_probe_real,0.19568296531865911,0.19548013212285276,0.17635424834318841,
stationary,exact_transition,True,0,1111,2,2,0.5,,,,marginal_ecf_max_component_error_initial,0.0024372875983917413,,,0.0082850941620853727
stationary,exact_transition,True,0,1111,2,2,0.5,,,,marginal_ecf_max_component_error_terminal,0.0031870128764082983,,,0.0082850941620853727
stationary,exact_transition,True,0,1111,2,2,0.5,,,,marginal_ecf_rmse_initial,0.00080137677052788913,,,0.0082850941620853727
stationary,exact_transition,True,0,1111,2,2,0.5,,,,marginal_ecf_rmse_terminal,0.0016548051737501389,,,0.0082850941620853727
stationary,exact_transition,True,0,1111,2,2,1,,,,joint_ecf_max_component_error_to_analytic_popov,0.0059116245898347842,,,
stationary,exact_transition,True,0,1111,2,2,1,,,,joint_ecf_rmse_to_analytic_popov,0.0020204616157705056,,,
stationary,exact_transition,True,0,1111,2,2,1,,,,joint_probe_abs_error_to_analytic_popov,0.0018847272820790182,0.22095844700718614,,
stationary,exact_transition,True,0,1111,2,2,1,,,,joint_probe_real,0.22174784928124605,0.22095844700718614,0.19160609663959446,
stationary,exact_transition,True,0,1111,2,2,1,,,,marginal_ecf_max_component_error_initial,0.0059705214417454149,,,0.0082850941620853727
stationary,exact_transition,True,0,1111,2,2,1,,,,marginal_ecf_max_component_error_terminal,0.0022982489839248115,,,0.0082850941620853727
stationary,exact_transition,True,0,1111,2,2,1,,,,marginal_ecf_rmse_initial,0.0023808117582235799,,,0.0082850941620853727
stationary,exact_transition,True,0,1111,2,2,1,,,,marginal_ecf_rmse_terminal,0.00091316472641311504,,,0.0082850941620853727
stationary,exact_transition,True,0,1212,2,2,0.25,,,,joint_ecf_max_component_error_to_analytic_popov,0.0031643653042858085,,,
stationary,exact_transition,True,0,1212,2,2,0.25,,,,joint_ecf_rmse_to_analytic_popov,0.0013425917231297234,,,
stationary,exact_transition,True,0,1212,2,2,0.25,,,,joint_probe_abs_error_to_analytic_popov,0.00091402701851096206,0.17869078267745503,,
stationary,exact_transition,True,0,1212,2,2,0.25,,,,joint_probe_real,0.17778013230180212,0.17869078267745503,0.1680271560414219,
stationary,exact_transition,True,0,1212,2,2,0.25,,,,marginal_ecf_max_component_error_initial,0.0019369462113535084,,,0.0082850941620853727
stationary,exact_transition,True,0,1212,2,2,0.25,,,,marginal_ecf_max_component_error_terminal,0.0030233377236321252,,,0.0082850941620853727
stationary,exact_transition,True,0,1212,2,2,0.25,,,,marginal_ecf_rmse_initial,0.00090905457729744982,,,0.0082850941620853727
stationary,exact_transition,True,0,1212,2,2,0.25,,,,marginal_ecf_rmse_terminal,0.00082967930650908184,,,0.0082850941620853727
stationary,exact_transition,True,0,1212,2,2,0.5,,,,joint_ecf_max_component_error_to_analytic_popov,0.0043379115320172912,,,
stationary,exact_transition,True,0,1212,2,2,0.5,,,,joint_ecf_rmse_to_analytic_popov,0.0019784604900947083,,,
stationary,exact_transition,True,0,1212,2,2,0.5,,,,joint_probe_abs_error_to_analytic_popov,0.0035111102018261686,0.19548013212285276,,
stationary,exact_transition,True,0,1212,2,2,0.5,,,,joint_probe_real,0.19895258565336391,0.19548013212285276,0.17635424834318841,
stationary,exact_transition,True,0,1212,2,2,0.5,,,,marginal_ecf_max_component_error_initial,0.004385713551206134,,,0.0082850941620853727
stationary,exact_transition,True,0,1212,2,2,0.5,,,,marginal_ecf_max_component_error_terminal,0.0039347030456364715,,,0.0082850941620853727
stationary,exact_transition,True,0,1212,2,2,0.5,,,,marginal_ecf_rmse_initial,0.0012505676885976001,,,0.0082850941620853727
stationary,exact_transition,True,0,1212,2,2,0.5,,,,marginal_ecf_rmse_terminal,0.0016750648954002479,,,0.0082850941620853727
stationary,exact_transition,True,0,1212,2,2,1,,,,joint_ecf_max_component_error_to_analytic_popov,0.0054091638011356802,,,
stationary,exact_transition,True,0,1212,2,2,1,,,,joint_ecf_rmse_to_analytic_popov,0.0013813088679531477,,,
stationary,exact_transition,True,0,1212,2,2,1,,,,joint_probe_abs_error_to_analytic_popov,0.00096926448100070114,0.22095844700718614,,
stationary,exact_transition,True,0,1212,2,2,1,,,,joint_probe_real,0.22086037757066826,0.22095844700718614,0.19160609663959446,
stationary,exact_transition,True,0,1212,2,2,1,,,,marginal_ecf_max_component_error_initial,0.0029096196617934924,,,0.0082850941620853727
stationary,exact_transition,True,0,1212,2,2,1,,,,marginal_ecf_max_component_error_terminal,0.0036636083865692415,,,0.0082850941620853727
stationary,exact_transition,True,0,1212,2,2,1,,,,marginal_ecf_rmse_initial,0.00082949233364069074,,,0.0082850941620853727
stationary,exact_transition,True,0,1212,2,2,1,,,,marginal_ecf_rmse_terminal,0.00087357855036821711,,,0.0082850941620853727
stationary,exact_transition,True,0,202,2,2,0.25,,,,joint_ecf_max_component_error_to_analytic_popov,0.0033378043152807041,,,
stationary,exact_transition,True,0,202,2,2,0.25,,,,joint_ecf_rmse_to_analytic_popov,0.0012760595469141977,,,
stationary,exact_transition,True,0,202,2,2,0.25,,,,joint_probe_abs_error_to_analytic_popov,0.00051362707615642688,0.17869078267745503,,
stationary,exact_transition,True,0,202,2,2,0.25,,,,joint_probe_real,0.17919292195195616,0.17869078267745503,0.1680271560414219,
stationary,exact_transition,True,0,202,2,2,0.25,,,,marginal_ecf_max_component_error_initial,0.0030221672852306074,,,0.0082850941620853727
stationary,exact_transition,True,0,202,2,2,0.25,,,,marginal_ecf_max_component_error_terminal,0.0026650509380938873,,,0.0082850941620853727
stationary,exact_transition,True,0,202,2,2,0.25,,,,marginal_ecf_rmse_initial,0.0012992383176843379,,,0.0082850941620853727
stationary,exact_transition,True,0,202,2,2,0.25,,,,marginal_ecf_rmse_terminal,0.00099050695962179624,,,0.0082850941620853727
stationary,exact_transition,True,0,202,2,2,0.5,,,,joint_ecf_max_component_error_to_analytic_popov,0.003945732260400495,,,
stationary,exact_transition,True,0,202,2,2,0.5,,,,joint_ecf_rmse_to_analytic_popov,0.0016577603537993142,,,
stationary,exact_transition,True,0,202,2,2,0.5,,,,joint_probe_abs_error_to_analytic_popov,0.0010322652435691051,0.19548013212285276,,
stationary,exact_transition,True,0,202,2,2,0.5,,,,joint_probe_real,0.19580122462661725,0.19548013212285276,0.17635424834318841,
stationary,exact_transition,True,0,202,2,2,0.5,,,,marginal_ecf_max_component_error_initial,0.0023946340659099048,,,0.0082850941620853727
stationary,exact_transition,True,0,202,2,2,0.5,,,,marginal_ecf_max_component_error_terminal,0.0031567679993124076,,,0.0082850941620853727
stationary,exact_transition,True,0,202,2,2,0.5,,,,marginal_ecf_rmse_initial,0.0010354383851105251,,,0.0082850941620853727
stationary,exact_transition,True,0,202,2,2,0.5,,,,marginal_ecf_rmse_terminal,0.0017369334328614062,,,0.0082850941620853727
stationary,exact_transition,True,0,202,2,2,1,,,,joint_ecf_max_component_error_to_analytic_popov,0.0036226220975811387,,,
stationary,exact_transition,True,0,202,2,2,1,,,,joint_ecf_rmse_to_analytic_popov,0.0014083684304044852,,,
stationary,exact_transition,True,0,202,2,2,1,,,,joint_probe_abs_error_to_analytic_popov,0.0013554572777299773,0.22095844700718614,,
stationary,exact_transition,True,0,202,2,2,1,,,,joint_probe_real,0.22231340994874596,0.22095844700718614,0.19160609663959446,
stationary,exact_transition,True,0,202,2,2,1,,,,marginal_ecf_max_component_error_initial,0.0041049602087739855,,,0.0082850941620853727
stationary,exact_transition,True,0,202,2,2,1,,,,marginal_ecf_max_component_error_terminal,0.002737283571270835,,,0.0082850941620853727
stationary,exact_transition,True,0,202,2,2,1,,,,marginal_ecf_rmse_initial,0.0013087879775225606,,,0.0082850941620853727
stationary,exact_transition,True,0,202,2,2,1,,,,marginal_ecf_rmse_terminal,0.0012627163010051495,,,0.0082850941620853727
stationary,exact_transition,True,0,303,2,2,0.25,,,,joint_ecf_max_component_error_to_analytic_popov,0.0031845131483642952,,,
stationary,exact_transition,True,0,303,2,2,0.25,,,,joint_ecf_rmse_to_analytic_popov,0.0012163148326956872,,,
stationary,exact_transition,True,0,303,2,2,0.25,,,,joint_probe_abs_error_to_analytic_popov,0.00054349965675286652,0.17869078267745503,,
stationary,exact_transition,True,0,303,2,2,0.25,,,,joint_probe_real,0.17919950111386365,0.17869078267745503,0.1680271560414219,
stationary,exact_transition,True,0,303,2,2,0.25,,,,marginal_ecf_max_component_error_initial,0.0034830255289129996,,,0.0082850941620853727
stationary,exact_transition,True,0,303,2,2,0.25,,,,marginal_ecf_max_component_error_terminal,0.0018983402562803174,,,0.0082850941620853727
stationary,exact_transition,True,0,303,2,2,0.25,,,,marginal_ecf_rmse_initial,0.0010494358263448578,,,0.0082850941620853727
stationary,exact_transition,True,0,303,2,2,0.25,,,,marginal_ecf_rmse_terminal,0.0010896270754508467,,,0.0082850941620853727
stationary,exact_transition,True,0,303,2,2,0.5,,,,joint_ecf_max_component_error_to_analytic_popov,0.0027599126829096934,,,
stationary,exact_transition,True,0,303,2,2,0.5,,,,joint_ecf_rmse_to_analytic_popov,0.0014998455244243278,,,
stationary,exact_transition,True,0,303,2,2,0.5,,,,joint_probe_abs_error_to_analytic_popov,0.002240585376084341,0.19548013212285276,,
stationary,exact_transition,True,0,303,2,2,0.5,,,,joint_probe_real,0.19624175945045524,0.19548013212285276,0.17635424834318841,
stationary,exact_transition,True,0,303,2,2,0.5,,,,marginal_ecf_max_component_error_initial,0.0025883464789993754,,,0.0082850941620853727
stationary,exact_transition,True,0,303,2,2,0.5,,,,marginal_ecf_max_component_error_terminal,0.0019481445019416972,,,0.0082850941620853727
stationary,exact_transition,True,0,303,2,2,0.5,,,,marginal_ecf_rmse_initial,0.0011904866849379808,,,0.0082850941620853727
stationary,exact_transition,True,0,303,2,2,0.5,,,,marginal_ecf_rmse_terminal,0.00090748332150790217,,,0.0082850941620853727
stationary,exact_transition,True,0,303,2,2,1,,,,joint_ecf_max_component_error_to_analytic_popov,0.0038185334536319717,,,
stationary,exact_transition,True,0,303,2,2,1,,,,joint_ecf_rmse_to_analytic_popov,0.0022254737617220469,,,
stationary,exact_transition,True,0,303,2,2,1,,,,joint_probe_abs_error_to_analytic_popov,0.0031352268374717192,0.22095844700718614,,
stationary,exact_transition,True,0,303,2,2,1,,,,joint_probe_real,0.21859100898962394,0.22095844700718614,0.19160609663959446,
stationary,exact_transition,True,0,303,2,2,1,,,,marginal_ecf_max_component_error_initial,0.0027935597554550849,,,0.0082850941620853727
stationary,exact_transition,True,0,303,2,2,1,,,,marginal_ecf_max_component_error_terminal,0.003219385513462506,,,0.0082850941620853727
stationary,exact_transition,True,0,303,2,2,1,,,,marginal_ecf_rmse_initial,0.0016090311132128743,,,0.0082850941620853727
stationary,exact_transition,True,0,303,2,2,1,,,,marginal_ecf_rmse_terminal,0.0017787579077284835,,,0.0082850941620853727
stationary,exact_transition,True,0,404,2,2,0.25,,,,joint_ecf_max_component_error_to_analytic_popov,0.0038664507708725312,,,
stationary,exact_transition,True,0,404,2,2,0.25,,,,joint_ecf_rmse_to_analytic_popov,0.0017162349896427706,,,
stationary,exact_transition,True,0,404,2,2,0.25,,,,joint_probe_abs_error_to_analytic_popov,0.00098921757437837486,0.17869078267745503,,
stationary,exact_transition,True,0,404,2,2,0.25,,,,joint_probe_real,0.17897254507512339,0.17869078267745503,0.1680271560414219,
stationary,exact_transition,True,0,404,2,2,0.25,,,,marginal_ecf_max_component_error_initial,0.0027313453913363657,,,0.0082850941620853727
stationary,exact_transition,True,0,404,2,2,0.25,,,,marginal_ecf_max_component_error_terminal,0.0026207028860702939,,,0.0082850941620853727
stationary,exact_transition,True,0,404,2,2,0.25,,,,marginal_ecf_rmse_initial,0.0011194289667076844,,,0.0082850941620853727
stationary,exact_transition,True,0,404,2,2,0.25,,,,marginal_ecf_rmse_terminal,0.00099703109107506004,,,0.0082850941620853727
stationary,exact_transition,True,0,404,2,2,0.5,,,,joint_ecf_max_component_error_to_analytic_popov,0.0032926863236997783,,,
stationary,exact_transition,True,0,404,2,2,0.5,,,,joint_ecf_rmse_to_analytic_popov,0.0018026798742573325,,,
stationary,exact_transition,True,0,404,2,2,0.5,,,,joint_probe_abs_error_to_analytic_popov,0.0016465363549451413,0.19548013212285276,,
stationary,exact_transition,True,0,404,2,2,0.5,,,,joint_probe_real,0.19485813740054969,0.19548013212285276,0.17635424834318841,
stationary,exact_transition,True,0,404,2,2,0.5,,,,marginal_ecf_max_component_error_initial,0.003138274483934219,,,0.0082850941620853727
stationary,exact_transition,True,0,404,2,2,0.5,,,,marginal_ecf_max_component_error_terminal,0.0027679894453242824,,,0.0082850941620853727
stationary,exact_transition,True,0,404,2,2,0.5,,,,marginal_ecf_rmse_initial,0.0015388508439078323,,,0.0082850941620853727
stationary,exact_transition,True,0,404,2,2,0.5,,,,marginal_ecf_rmse_terminal,0.0015994613808020318,,,0.0082850941620853727
stationary,exact_transition,True,0,404,2,2,1,,,,joint_ecf_max_component_error_to_analytic_popov,0.0038719098127761526,,,
stationary,exact_transition,True,0,404,2,2,1,,,,joint_ecf_rmse_to_analytic_popov,0.0017591136911159248,,,
stationary,exact_transition,True,0,404,2,2,1,,,,joint_probe_abs_error_to_analytic_popov,0.0019946026269676443,0.22095844700718614,,
stationary,exact_transition,True,0,404,2,2,1,,,,joint_probe_real,0.21964439763549423,0.22095844700718614,0.19160609663959446,
stationary,exact_transition,True,0,404,2,2,1,,,,marginal_ecf_max_component_error_initial,0.0037073874505057103,,,0.0082850941620853727
stationary,exact_transition,True,0,404,2,2,1,,,,marginal_ecf_max_component_error_terminal,0.0028551003217803309,,,0.0082850941620853727
stationary,exact_transition,True,0,404,2,2,1,,,,marginal_ecf_rmse_initial,0.0016436623816355337,,,0.0082850941620853727
stationary,exact_transition,True,0,404,2,2,1,,,,marginal_ecf_rmse_terminal,0.0010208915734562301,,,0.0082850941620853727
stationary,exact_transition,True,0,505,2,2,0.25,,,,joint_ecf_max_component_error_to_analytic_popov,0.0025933258494506158,,,
stationary,exact_transition,True,0,505,2,2,0.25,,,,joint_ecf_rmse_to_analytic_popov,0.0014832222666718937,,,
stationary,exact_transition,True,0,505,2,2,0.25,,,,joint_probe_abs_error_to_analytic_popov,0.0014322693726684815,0.17869078267745503,,
stationary,exact_transition,True,0,505,2,2,0.25,,,,joint_probe_real,0.17894425520545446,0.17869078267745503,0.1680271560414219,
stationary,exact_transition,True,0,505,2,2,0.25,,,,marginal_ecf_max_component_error_initial,0.0025343593949752777,,,0.0082850941620853727
stationary,exact_transition,True,0,505,2,2,0.25,,,,marginal_ecf_max_component_error_terminal,0.0019973524469621418,,,0.0082850941620853727
stationary,exact_transition,True,0,505,2,2,0.25,,,,marginal_ecf_rmse_initial,0.00095296722197574864,,,0.0082850941620853727
stationary,exact_transition,True,0,505,2,2,0.25,,,,marginal_ecf_rmse_terminal,0.0008169781913875357,,,0.0082850941620853727
stationary,exact_transition,True,0,505,2,2,0.5,,,,joint_ecf_max_component_error_to_analytic_popov,0.0038566740618244172,,,
stationary,exact_transition,True,0,505,2,2,0.5,,,,joint_ecf_rmse_to_analytic_popov,0.0015900312978007047,,,
stationary,exact_transition,True,0,505,2,2,0.5,,,,joint_probe_abs_error_to_analytic_popov,0.001784332968543001,0.19548013212285276,,
stationary,exact_transition,True,0,505,2,2,0.5,,,,joint_probe_real,0.19533405237133761,0.19548013212285276,0.17635424834318841,
stationary,exact_transition,True,0,505,2,2,0.5,,,,marginal_ecf_max_component_error_initial,0.0034722850616113431,,,0.0082850941620853727
stationary,exact_transition,True,0,505,2,2,0.5,,,,marginal_ecf_max_component_error_terminal,0.0038762177869325065,,,0.0082850941620853727
stationary,exact_transition,True,0,505,2,2,0.5,,,,marginal_ecf_rmse_initial,0.0012697533045825018,,,0.0082850941620853727
stationary,exact_transition,True,0,505,2,2,0.5,,,,marginal_ecf_rmse_terminal,0.0015175013368002792,,,0.0082850941620853727
stationary,exact_transition,True,0,505,2,2,1,,,,joint_ecf_max_component_error_to_analytic_popov,0.0039438523352103684,,,
stationary,exact_transition,True,0,505,2,2,1,,,,joint_ecf_rmse_to_analytic_popov,0.002341820442944325,,,
stationary,exact_transition,True,0,505,2,2,1,,,,joint_probe_abs_error_to_analytic_popov,0.0037163199654566765,0.22095844700718614,,
stationary,exact_transition,True,0,505,2,2,1,,,,joint_probe_real,0.21975207285546869,0.22095844700718614,0.19160609663959446,
stationary,exact_transition,True,0,505,2,2,1,,,,marginal_ecf_max_component_error_initial,0.0038504986660517389,,,0.0082850941620853727
stationary,exact_transition,True,0,505,2,2,1,,,,marginal_ecf_max_component_error_terminal,0.0025794678236557888,,,0.0082850941620853727
stationary,exact_transition,True,0,505,2,2,1,,,,marginal_ecf_rmse_initial,0.0029702918392566684,,,0.0082850941620853727
stationary,exact_transition,True,0,505,2,2,1,,,,marginal_ecf_rmse_terminal,0.001463954958718465,,,0.0082850941620853727
stationary,exact_transition,True,0,606,2,2,0.25,,,,joint_ecf_max_component_error_to_analytic_popov,0.0036261464218344391,,,
stationary,exact_transition,True,0,606,2,2,0.25,,,,joint_ecf_rmse_to_analytic_popov,0.0012322603569537135,,,
stationary,exact_transition,True,0,606,2,2,0.25,,,,joint_probe_abs_error_to_analytic_popov,0.0016264470307137482,0.17869078267745503,,
stationary,exact_transition,True,0,606,2,2,0.25,,,,joint_probe_real,0.18019490441262395,0.17869078267745503,0.1680271560414219,
stationary,exact_transition,True,0,606,2,2,0.25,,,,marginal_ecf_max_component_error_initial,0.0022173975229119753,,,0.0082850941620853727
stationary,exact_transition,True,0,606,2,2,0.25,,,,marginal_ecf_max_component_error_terminal,0.0033300494065917619,,,0.0082850941620853727
stationary,exact_transition,True,0,606,2,2,0.25,,,,marginal_ecf_rmse_initial,0.00085837947416218135,,,0.0082850941620853727
stationary,exact_transition,True,0,606,2,2,0.25,,,,marginal_ecf_rmse_terminal,0.0012310614131915408,,,0.0082850941620853727
stationary,exact_transition,True,0,606,2,2,0.5,,,,joint_ecf_max_component_error_to_analytic_popov,0.0033617284541025937,,,
stationary,exact_transition,True,0,606,2,2,0.5,,,,joint_ecf_rmse_to_analytic_popov,0.001440987047538091,,,
stationary,exact_transition,True,0,606,2,2,0.5,,,,joint_probe_abs_error_to_analytic_popov,0.0028677577976822825,0.19548013212285276,,
stationary,exact_transition,True,0,606,2,2,0.5,,,,joint_probe_real,0.198181267922515,0.19548013212285276,0.17635424834318841,
stationary,exact_transition,True,0,606,2,2,0.5,,,,marginal_ecf_max_component_error_initial,0.0025221206458356208,,,0.0082850941620853727
stationary,exact_transition,True,0,606,2,2,0.5,,,,marginal_ecf_max_component_error_terminal,0.0021975997720688552,,,0.0082850941620853727
stationary,exact_transition,True,0,606,2,2,0.5,,,,marginal_ecf_rmse_initial,0.00083585551780834312,,,0.0082850941620853727
stationary,exact_transition,True,0,606,2,2,0.5,,,,marginal_ecf_rmse_terminal,0.0010136679262940445,,,0.0082850941620853727
stationary,exact_transition,True,0,606,2,2,1,,,,joint_ecf_max_component_error_to_analytic_popov,0.0032105825424203951,,,
stationary,exact_transition,True,0,606,2,2,1,,,,joint_ecf_rmse_to_analytic_popov,0.0020924588506380523,,,
stationary,exact_transition,True,0,606,2,2,1,,,,joint_probe_abs_error_to_analytic_popov,0.0032428892935563673,0.22095844700718614,,
stationary,exact_transition,True,0,606,2,2,1,,,,joint_probe_real,0.21771666130974798,0.22095844700718614,0.19160609663959446,
stationary,exact_transition,True,0,606,2,2,1,,,,marginal_ecf_max_component_error_initial,0.0025837730187839858,,,0.0082850941620853727
stationary,exact_transition,True,0,606,2,2,1,,,,marginal_ecf_max_component_error_terminal,0.0029544404629962741,,,0.0082850941620853727
stationary,exact_transition,True,0,606,2,2,1,,,,marginal_ecf_rmse_initial,0.0017381457176713837,,,0.0082850941620853727
stationary,exact_transition,True,0,606,2,2,1,,,,marginal_ecf_rmse_terminal,0.0015559355089150384,,,0.0082850941620853727
stationary,exact_transition,True,0,707,2,2,0.25,,,,joint_ecf_max_component_error_to_analytic_popov,0.0044295802346838798,,,
stationary,exact_transition,True,0,707,2,2,0.25,,,,joint_ecf_rmse_to_analytic_popov,0.0013823909626269775,,,
stationary,exact_transition,True,0,707,2,2,0.25,,,,joint_probe_abs_error_to_analytic_popov,0.00099193918043890216,0.17869078267745503,,
stationary,exact_transition,True,0,707,2,2,0.25,,,,joint_probe_real,0.17847390806924276,0.17869078267745503,0.1680271560414219,
stationary,exact_transition,True,0,707,2,2,0.25,,,,marginal_ecf_max_component_error_initial,0.0025854671307548268,,,0.0082850941620853727
stationary,exact_transition,True,0,707,2,2,0.25,,,,marginal_ecf_max_component_error_terminal,0.0040875777604927697,,,0.0082850941620853727
stationary,exact_transition,True,0,707,2,2,0.25,,,,marginal_ecf_rmse_initial,0.00090156702137935178,,,0.0082850941620853727
stationary,exact_transition,True,0,707,2,2,0.25,,,,marginal_ecf_rmse_terminal,0.0012028687812796111,,,0.0082850941620853727
stationary,exact_transition,True,0,707,2,2,0.5,,,,joint_ecf_max_component_error_to_analytic_popov,0.003319671409598299,,,
stationary,exact_transition,True,0,707,2,2,0.5,,,,joint_ecf_rmse_to_analytic_popov,0.0016610844593360477,,,
stationary,exact_transition,True,0,707,2,2,0.5,,,,joint_probe_abs_error_to_analytic_popov,0.0012580174869499675,0.19548013212285276,,
stationary,exact_transition,True,0,707,2,2,0.5,,,,joint_probe_real,0.19424245920217362,0.19548013212285276,0.17635424834318841,
stationary,exact_transition,True,0,707,2,2,0.5,,,,marginal_ecf_max_component_error_initial,0.0031294231219936783,,,0.0082850941620853727
stationary,exact_transition,True,0,707,2,2,0.5,,,,marginal_ecf_max_component_error_terminal,0.00307417755670646,,,0.0082850941620853727
stationary,exact_transition,True,0,707,2,2,0.5,,,,marginal_ecf_rmse_initial,0.00061919392273619288,,,0.0082850941620853727
stationary,exact_transition,True,0,707,2,2,0.5,,,,marginal_ecf_rmse_terminal,0.002053841939201306,,,0.0082850941620853727
stationary,exact_transition,True,0,707,2,2,1,,,,joint_ecf_max_component_error_to_analytic_popov,0.0033955110958501108,,,
stationary,exact_transition,True,0,707,2,2,1,,,,joint_ecf_rmse_to_analytic_popov,0.0016773623093337066,,,
stationary,exact_transition,True,0,707,2,2,1,,,,joint_probe_abs_error_to_analytic_popov,0.00090243942021562878,0.22095844700718614,,
stationary,exact_transition,True,0,707,2,2,1,,,,joint_probe_real,0.22141697159349688,0.22095844700718614,0.19160609663959446,
stationary,exact_transition,True,0,707,2,2,1,,,,marginal_ecf_max_component_error_initial,0.0021347221407150875,,,0.0082850941620853727
stationary,exact_transition,True,0,707,2,2,1,,,,marginal_ecf_max_component_error_terminal,0.00309232876297522,,,0.0082850941620853727
stationary,exact_transition,True,0,707,2,2,1,,,,marginal_ecf_rmse_initial,0.001309037602614651,,,0.0082850941620853727
stationary,exact_transition,True,0,707,2,2,1,,,,marginal_ecf_rmse_terminal,0.0012038973190967781,,,0.0082850941620853727
stationary,exact_transition,True,0,808,2,2,0.25,,,,joint_ecf_max_component_error_to_analytic_popov,0.0042002498776747286,,,
stationary,exact_transition,True,0,808,2,2,0.25,,,,joint_ecf_rmse_to_analytic_popov,0.0028337198377248992,,,
stationary,exact_transition,True,0,808,2,2,0.25,,,,joint_probe_abs_error_to_analytic_popov,0.0034971345659125575,0.17869078267745503,,
stationary,exact_transition,True,0,808,2,2,0.25,,,,joint_probe_real,0.17550414481260296,0.17869078267745503,0.1680271560414219,
stationary,exact_transition,True,0,808,2,2,0.25,,,,marginal_ecf_max_component_error_initial,0.0029240380668896504,,,0.0082850941620853727
stationary,exact_transition,True,0,808,2,2,0.25,,,,marginal_ecf_max_component_error_terminal,0.0034452260071858674,,,0.0082850941620853727
stationary,exact_transition,True,0,808,2,2,0.25,,,,marginal_ecf_rmse_initial,0.0020334119050524372,,,0.0082850941620853727
stationary,exact_transition,True,0,808,2,2,0.25,,,,marginal_ecf_rmse_terminal,0.0029293322472229927,,,0.0082850941620853727
stationary,exact_transition,True,0,808,2,2,0.5,,,,joint_ecf_max_component_error_to_analytic_popov,0.0045068498078561642,,,
stationary,exact_transition,True,0,808,2,2,0.5,,,,joint_ecf_rmse_to_analytic_popov,0.0017414063821765667,,,
stationary,exact_transition,True,0,808,2,2,0.5,,,,joint_probe_abs_error_to_analytic_popov,0.0020535886090154738,0.19548013212285276,,
stationary,exact_transition,True,0,808,2,2,0.5,,,,joint_probe_real,0.19500888942439959,0.19548013212285276,0.17635424834318841,
stationary,exact_transition,True,0,808,2,2,0.5,,,,marginal_ecf_max_component_error_initial,0.0039452396502400334,,,0.0082850941620853727
stationary,exact_transition,True,0,808,2,2,0.5,,,,marginal_ecf_max_component_error_terminal,0.0038858116622749383,,,0.0082850941620853727
stationary,exact_transition,True,0,808,2,2,0.5,,,,marginal_ecf_rmse_initial,0.0020165747044968191,,,0.0082850941620853727
stationary,exact_transition,True,0,808,2,2,0.5,,,,marginal_ecf_rmse_terminal,0.00080498906172538835,,,0.0082850941620853727
stationary,exact_transition,True,0,808,2,2,1,,,,joint_ecf_max_component_error_to_analytic_popov,0.0048402125580506022,,,
stationary,exact_transition,True,0,808,2,2,1,,,,joint_ecf_rmse_to_analytic_popov,0.0029141658359878998,,,
stationary,exact_transition,True,0,808,2,2,1,,,,joint_probe_abs_error_to_analytic_popov,0.0023536464453634974,0.22095844700718614,,
stationary,exact_transition,True,0,808,2,2,1,,,,joint_probe_real,0.21929685421785952,0.22095844700718614,0.19160609663959446,
stationary,exact_transition,True,0,808,2,2,1,,,,marginal_ecf_max_component_error_initial,0.0022404112717172575,,,0.0082850941620853727
stationary,exact_transition,True,0,808,2,2,1,,,,marginal_ecf_max_component_error_terminal,0.0035939803284330551,,,0.0082850941620853727
stationary,exact_transition,True,0,808,2,2,1,,,,marginal_ecf_rmse_initial,0.0016922621930122112,,,0.0082850941620853727
stationary,exact_transition,True,0,808,2,2,1,,,,marginal_ecf_rmse_terminal,0.0027710893977225836,,,0.0082850941620853727
stationary,exact_transition,True,0,909,2,2,0.25,,,,joint_ecf_max_component_error_to_analytic_popov,0.0042526732475683844,,,
stationary,exact_transition,True,0,909,2,2,0.25,,,,joint_ecf_rmse_to_analytic_popov,0.0024012976345717586,,,
stationary,exact_transition,True,0,909,2,2,0.25,,,,joint_probe_abs_error_to_analytic_popov,0.0028371586737345527,0.17869078267745503,,
stationary,exact_transition,True,0,909,2,2,0.25,,,,joint_probe_real,0.17610658081933989,0.17869078267745503,0.1680271560414219,
stationary,exact_transition,True,0,909,2,2,0.25,,,,marginal_ecf_max_component_error_initial,0.0032352071139191696,,,0.0082850941620853727
stationary,exact_transition,True,0,909,2,2,0.25,,,,marginal_ecf_max_component_error_terminal,0.0031117076125508625,,,0.0082850941620853727
stationary,exact_transition,True,0,909,2,2,0.25,,,,marginal_ecf_rmse_initial,0.0013548313926164957,,,0.0082850941620853727
stationary,exact_transition,True,0,909,2,2,0.25,,,,marginal_ecf_rmse_terminal,0.002182525993462288,,,0.0082850941620853727
stationary,exact_transition,True,0,909,2,2,0.5,,,,joint_ecf_max_component_error_to_analytic_popov,0.0035731603465855026,,,
stationary,exact_transition,True,0,909,2,2,0.5,,,,joint_ecf_rmse_to_analytic_popov,0.0012265364337021233,,,
stationary,exact_transition,True,0,909,2,2,0.5,,,,joint_probe_abs_error_to_analytic_popov,0.00063495417807239035,0.19548013212285276,,
stationary,exact_transition,True,0,909,2,2,0.5,,,,joint_probe_real,0.19535127834183022,0.19548013212285276,0.17635424834318841,
stationary,exact_transition,True,0,909,2,2,0.5,,,,marginal_ecf_max_component_error_initial,0.0026796067380596505,,,0.0082850941620853727
stationary,exact_transition,True,0,909,2,2,0.5,,,,marginal_ecf_max_component_error_terminal,0.0023830458922840456,,,0.0082850941620853727
stationary,exact_transition,True,0,909,2,2,0.5,,,,marginal_ecf_rmse_initial,0.00090485941425244207,,,0.0082850941620853727
stationary,exact_transition,True,0,909,2,2,0.5,,,,marginal_ecf_rmse_terminal,0.00122155703894453,,,0.0082850941620853727
stationary,exact_transition,True,0,909,2,2,1,,,,joint_ecf_max_component_error_to_analytic_popov,0.0026153315902105456,,,
stationary,exact_transition,True,0,909,2,2,1,,,,joint_ecf_rmse_to_analytic_popov,0.0014338015766460794,,,
stationary,exact_transition,True,0,909,2,2,1,,,,joint_probe_abs_error_to_analytic_popov,0.0017081948489415665,0.22095844700718614,,
stationary,exact_transition,True,0,909,2,2,1,,,,joint_probe_real,0.22113254724052639,0.22095844700718614,0.19160609663959446,
stationary,exact_transition,True,0,909,2,2,1,,,,marginal_ecf_max_component_error_initial,0.0030080459747465209,,,0.0082850941620853727
stationary,exact_transition,True,0,909,2,2,1,,,,marginal_ecf_max_component_error_terminal,0.0024836513067519328,,,0.0082850941620853727
stationary,exact_transition,True,0,909,2,2,1,,,,marginal_ecf_rmse_initial,0.0014450352208133278,,,0.0082850941620853727
stationary,exact_transition,True,0,909,2,2,1,,,,marginal_ecf_rmse_terminal,0.0015614781624268598,,,0.0082850941620853727
